1779088224150790	204	176
1779088224160108	204	227
1779088224160110	204	239
1779088224160111	204	246
1779088224160111	204	250
1779088224160112	204	257
1779088224160113	204	258
1779088224160114	204	260
1779088224160114	204	262
1779088224160115	204	279
1779088224170476	204	218
1779088224170477	204	233
1779088224170477	204	235
1779088224170478	204	237
1779088224170479	204	241
1779088224170479	204	245
1779088224170480	204	246
1779088224170480	204	248
1779088224170481	204	253
1779088224170481	204	256
1779088224170482	204	273
1779088224179844	204	148
1779088224179845	204	160
1779088224179846	204	167
1779088224179846	204	174
1779088224179847	204	179
1779088224179847	204	181
1779088224179848	204	183
1779088224179848	204	189
1779088224179849	204	204
1779088224190142	204	200
1779088224190143	204	218
1779088224190144	204	222
1779088224190145	204	232
1779088224190145	204	234
1779088224190146	204	241
1779088224190146	204	248
1779088224190147	204	251
1779088224190147	204	253
1779088224190148	204	270
1779088224200591	204	215
1779088224200593	204	247
1779088224200594	204	250
1779088224200594	204	253
1779088224200595	204	259
1779088224200596	204	261
1779088224200596	204	263
1779088224200597	204	265
1779088224200598	204	281
1779088224200598	204	283
1779088224200600	204	284
1779088224209976	204	162
1779088224209978	204	176
1779088224209978	204	182
1779088224209979	204	184
1779088224209979	204	186
1779088224209979	204	190
1779088224209980	204	191
1779088224209980	204	193
1779088224209981	204	206
1779088224220276	204	174
1779088224220277	204	188
1779088224220278	204	190
1779088224220278	204	194
1779088224220279	204	195
1779088224220282	204	194
1779088224220282	204	197
1779088224220283	204	198
1779088224220283	204	200
1779088224220284	204	204
1779088224220284	204	214
1779088224230578	204	125
1779088224230580	204	135
1779088224230580	204	139
1779088224230580	204	140
1779088224230581	204	141
1779088224230581	204	146
1779088224230582	204	149
1779088224230582	204	151
1779088224230583	204	154
1779088224230583	204	164
1779088224239833	204	177
1779088224239834	204	192
1779088224239835	204	196
1779088224239835	204	201
1779088224239836	204	202
1779088224239836	204	209
1779088224239837	204	213
1779088224239837	204	214
1779088224239838	204	215
1779088224250113	204	213
1779088224250115	204	230
1779088224250116	204	242
1779088224250117	204	250
1779088224250118	204	252
1779088224250119	204	270
1779088224250119	204	278
1779088224250120	204	280
1779088224250121	204	292
1779088224250132	204	303
1779088224260540	204	197
1779088224260542	204	216
1779088224260543	204	219
1779088224260543	204	221
1779088224260544	204	224
1779088224260545	204	232
1779088224260546	204	240
1779088224260546	204	242
1779088224260547	204	249
1779088224260548	204	255
1779088224260548	204	277
1779088224269938	204	213
1779088224269939	204	236
1779088224269940	204	239
1779088224269941	204	242
1779088224269941	204	248
1779088224269942	204	255
1779088224269943	204	269
1779088224269943	204	272
1779088224269944	204	292
1779088224280329	204	208
1779088224280331	204	230
1779088224280332	204	237
1779088224280333	204	243
1779088224280334	204	245
1779088224280335	204	252
1779088224280335	204	260
1779088224280336	204	265
1779088224280337	204	271
1779088224280338	204	298
1779088224280339	204	310
1779088224289731	204	117
1779088224289732	204	126
1779088224289733	204	128
1779088224289733	204	132
1779088224289734	204	133
1779088224289734	204	137
1779088224289735	204	140
1779088224289735	204	142
1779088224289736	204	153
1779088224299969	204	145
1779088224299970	204	159
1779088224299970	204	163
1779088224299971	204	169
1779088224299971	204	174
1779088224299972	204	177
1779088224299972	204	189
1779088224299973	204	191
1779088224299973	204	192
1779088224299974	204	193
1779088224310247	204	139
1779088224310248	204	153
1779088224310248	204	158
1779088224310248	204	163
1779088224310249	204	168
1779088224310250	204	173
1779088224310250	204	177
1779088224310250	204	180
1779088224310251	204	184
1779088224310251	204	189
1779088224310252	204	202
1779088224320530	204	130
1779088224320531	204	142
1779088224320532	204	146
1779088224320532	204	161
1779088224320533	204	164
1779088224320533	204	168
1779088224320534	204	169
1779088224320534	204	180
1779088224320535	204	181
1779088224320535	204	182
1779088224329800	204	145
1779088224329800	204	160
1779088224329801	204	163
1779088224329801	204	172
1779088224329802	204	175
1779088224329802	204	181
1779088224329802	204	188
1779088224329803	204	195
1779088224329803	204	215
1779088224340099	204	119
1779088224340100	204	134
1779088224340101	204	141
1779088224340101	204	144
1779088224340102	204	149
1779088224340102	204	155
1779088224340102	204	161
1779088224340103	204	163
1779088224340103	204	165
1779088224340104	204	180
1779088224350369	204	168
1779088224350371	204	179
1779088224350371	204	185
1779088224350372	204	191
1779088224350372	204	196
1779088224350373	204	199
1779088224350373	204	205
1779088224350374	204	207
1779088224350374	204	214
1779088224350375	204	233
1779088224350375	204	236
1779088224360696	204	177
1779088224360697	204	192
1779088224360698	204	195
1779088224360699	204	201
1779088224360700	204	209
1779088224360701	204	211
1779088224360702	204	218
1779088224360702	204	245
1779088224360703	204	247
1779088224360704	204	250
1779088224370031	204	110
1779088224370032	204	124
1779088224370032	204	130
1779088224370033	204	136
1779088224370033	204	142
1779088224370035	204	143
1779088224370035	204	150
1779088224370036	204	165
1779088224370036	204	167
1779088224380293	204	176
1779088224380294	204	192
1779088224380295	204	194
1779088224380295	204	202
1779088224380296	204	204
1779088224380296	204	206
1779088224380297	204	208
1779088224380297	204	214
1779088224380298	204	220
1779088224380298	204	226
1779088224380299	204	240
1779088224390619	204	123
1779088224390620	204	131
1779088224390620	204	134
1779088224390621	204	146
1779088224390621	204	148
1779088224390622	204	154
1779088224390622	204	160
1779088224390623	204	165
1779088224390623	204	181
1779088224390624	204	183
1779088224399891	204	164
1779088224399892	204	183
1779088224399893	204	190
1779088224399893	204	198
1779088224399894	204	216
1779088224399894	204	219
1779088224399895	204	225
1779088224399895	204	232
1779088224399896	204	249
1779088224410231	204	179
1779088224410232	204	196
1779088224410233	204	202
1779088224410234	204	207
1779088224410234	204	213
1779088224410235	204	219
1779088224410235	204	226
1779088224410235	204	229
1779088224410236	204	248
1779088224410236	204	251
1779088224410237	204	253
1779088224420569	204	122
1779088224420570	204	136
1779088224420571	204	138
1779088224420571	204	140
1779088224420572	204	147
1779088224420572	204	149
1779088224420572	204	151
1779088224420573	204	158
1779088224420573	204	165
1779088224420574	204	179
1779088224429835	204	182
1779088224429836	204	197
1779088224429837	204	199
1779088224429837	204	205
1779088224429838	204	208
1779088224429838	204	215
1779088224429839	204	217
1779088224429839	204	220
1779088224429840	204	251
1779088224440189	204	222
1779088224440191	204	248
1779088224440192	204	256
1779088224440192	204	258
1779088224440193	204	261
1779088224440194	204	268
1779088224440194	204	275
1779088224440195	204	277
1779088224440196	204	284
1779088224440196	204	304
1779088224450597	204	210
1779088224450599	204	232
1779088224450599	204	239
1779088224450600	204	245
1779088224450600	204	254
1779088224450601	204	257
1779088224450601	204	265
1779088224450602	204	267
1779088224450602	204	270
1779088224450603	204	276
1779088224450604	204	297
1779088224459994	204	192
1779088224459996	204	211
1779088224459997	204	219
1779088224459997	204	225
1779088224459998	204	231
1779088224459998	204	247
1779088224459999	204	250
1779088224459999	204	252
1779088224459999	204	255
1779088224470333	204	187
1779088224470334	204	209
1779088224470335	204	217
1779088224470335	204	232
1779088224470336	204	239
1779088224470336	204	242
1779088224470336	204	250
1779088224470337	204	261
1779088224470337	204	264
1779088224470338	204	270
1779088224470339	204	273
1779088224480699	204	210
1779088224480701	204	239
1779088224480701	204	254
1779088224480702	204	256
1779088224480702	204	264
1779088224480703	204	280
1779088224480703	204	287
1779088224480704	204	318
1779088224480704	204	325
1779088224480705	204	327
1779088224490115	204	178
1779088224490116	204	198
1779088224490117	204	201
1779088224490117	204	203
1779088224490118	204	205
1779088224490118	204	211
1779088224490119	204	222
1779088224490119	204	228
1779088224490120	204	231
1779088224500434	204	202
1779088224500435	204	213
1779088224500436	204	221
1779088224500436	204	233
1779088224500437	204	241
1779088224500437	204	243
1779088224500438	204	258
1779088224500438	204	265
1779088224500439	204	285
1779088224500439	204	293
1779088224500440	204	295
1779088224509820	204	186
1779088224509821	204	201
1779088224509821	204	218
1779088224509822	204	224
1779088224509822	204	235
1779088224509823	204	241
1779088224509823	204	277
1779088224509824	204	281
1779088224509824	204	284
1779088224520182	204	143
1779088224520183	204	159
1779088224520184	204	166
1779088224520184	204	178
1779088224520185	204	188
1779088224520185	204	191
1779088224520186	204	204
1779088224520186	204	208
1779088224520187	204	215
1779088224520187	204	229
1779088224530506	204	157
1779088224530507	204	177
1779088224530507	204	181
1779088224530508	204	188
1779088224530508	204	195
1779088224530509	204	198
1779088224530509	204	206
1779088224530510	204	209
1779088224530510	204	217
1779088224530511	204	223
1779088224530511	204	242
1779088224539840	204	162
1779088224539841	204	182
1779088224539841	204	189
1779088224539842	204	195
1779088224539842	204	201
1779088224539843	204	203
1779088224539844	204	216
1779088224539844	204	219
1779088224539845	204	220
1779088224550149	204	150
1779088224550150	204	169
1779088224550151	204	178
1779088224550151	204	185
1779088224550152	204	187
1779088224550152	204	189
1779088224550153	204	191
1779088224550153	204	197
1779088224550154	204	199
1779088224550154	204	215
1779088224560459	204	168
1779088224560460	204	188
1779088224560461	204	197
1779088224560461	204	213
1779088224560462	204	216
1779088224560462	204	219
1779088224560463	204	221
1779088224560463	204	224
1779088224560464	204	226
1779088224560464	204	234
1779088224560465	204	237
1779088224569783	204	166
1779088224569784	204	189
1779088224569785	204	198
1779088224569785	204	206
1779088224569786	204	208
1779088224569787	204	216
1779088224569787	204	222
1779088224569787	204	240
1779088224569788	204	243
1779088224580109	204	146
1779088224580110	204	168
1779088224580111	204	185
1779088224580111	204	194
1779088224580112	204	197
1779088224580112	204	199
1779088224580112	204	206
1779088224580113	204	213
1779088224580113	204	217
1779088224580114	204	228
1779088224590420	204	141
1779088224590421	204	155
1779088224590421	204	163
1779088224590422	204	171
1779088224590422	204	174
1779088224590423	204	180
1779088224590423	204	187
1779088224590424	204	195
1779088224590424	204	200
1779088224590425	204	215
1779088224590425	204	218
1779088224599722	204	115
1779088224599723	204	131
1779088224599723	204	138
1779088224599724	204	145
1779088224599724	204	160
1779088224599725	204	163
1779088224599725	204	169
1779088224599726	204	175
1779088224599726	204	188
1779088224610012	204	161
1779088224610014	204	174
1779088224610014	204	183
1779088224610015	204	189
1779088224610015	204	196
1779088224610015	204	202
1779088224610016	204	208
1779088224610016	204	214
1779088224610017	204	216
1779088224610017	204	230
1779088224620341	204	203
1779088224620342	204	221
1779088224620343	204	227
1779088224620343	204	233
1779088224620344	204	240
1779088224620344	204	242
1779088224620345	204	248
1779088224620345	204	273
1779088224620346	204	276
1779088224620346	204	278
1779088224620347	204	280
1779088224629719	204	185
1779088224629721	204	199
1779088224629722	204	214
1779088224629722	204	224
1779088224629723	204	228
1779088224629723	204	248
1779088224629724	204	253
1779088224629724	204	272
1779088224629725	204	277
1779088224640083	204	191
1779088224640084	204	201
1779088224640085	204	206
1779088224640085	204	207
1779088224640086	204	217
1779088224640086	204	219
1779088224640087	204	224
1779088224640087	204	225
1779088224640087	204	233
1779088224640088	204	237
1779088224650400	204	174
1779088224650401	204	193
1779088224650402	204	203
1779088224650402	204	207
1779088224650403	204	209
1779088224650403	204	213
1779088224650404	204	218
1779088224650404	204	225
1779088224650405	204	229
1779088224650405	204	231
1779088224650406	204	254
1779088224659731	204	160
1779088224659732	204	170
1779088224659732	204	179
1779088224659733	204	184
1779088224659733	204	216
1779088224659734	204	221
1779088224659734	204	223
1779088224659735	204	235
1779088224659735	204	237
1779088224670049	204	190
1779088224670051	204	200
1779088224670051	204	205
1779088224670052	204	208
1779088224670052	204	221
1779088224670053	204	225
1779088224670054	204	226
1779088224670054	204	232
1779088224670055	204	236
1779088224670055	204	259
1779088224680390	204	164
1779088224680391	204	179
1779088224680392	204	192
1779088224680392	204	196
1779088224680393	204	198
1779088224680393	204	204
1779088224680393	204	219
1779088224680394	204	226
1779088224680394	204	239
1779088224680395	204	242
1779088224680396	204	245
1779088224689725	204	175
1779088224689726	204	184
1779088224689727	204	189
1779088224689727	204	193
1779088224689728	204	212
1779088224689728	204	219
1779088224689729	204	220
1779088224689729	204	248
1779088224689730	204	250
1779088224700070	204	210
1779088224700072	204	222
1779088224700072	204	227
1779088224700073	204	228
1779088224700073	204	238
1779088224700074	204	240
1779088224700075	204	244
1779088224700075	204	252
1779088224700076	204	255
1779088224700077	204	278
1779088224710432	204	163
1779088224710432	204	174
1779088224710433	204	183
1779088224710433	204	191
1779088224710434	204	193
1779088224710434	204	194
1779088224710435	204	204
1779088224710435	204	205
1779088224710436	204	209
1779088224710436	204	211
1779088224710437	204	234
1779088224719754	204	153
1779088224719756	204	178
1779088224719756	204	183
1779088224719757	204	186
1779088224719757	204	187
1779088224719758	204	191
1779088224719758	204	192
1779088224719759	204	196
1779088224719759	204	204
1779088224730062	204	184
1779088224730064	204	202
1779088224730065	204	204
1779088224730066	204	209
1779088224730066	204	211
1779088224730067	204	212
1779088224730068	204	214
1779088224730069	204	219
1779088224730081	204	212
1779088224730082	204	231
1779088224740405	204	131
1779088224740406	204	144
1779088224740406	204	149
1779088224740407	204	152
1779088224740407	204	155
1779088224740408	204	157
1779088224740408	204	160
1779088224740409	204	170
1779088224740409	204	171
1779088224740410	204	175
1779088224740410	204	183
1779088224750674	204	141
1779088224750676	204	156
1779088224750676	204	158
1779088224750677	204	162
1779088224750677	204	166
1779088224750678	204	167
1779088224750678	204	171
1779088224750679	204	174
1779088224750679	204	175
1779088224750680	204	187
1779088224759941	204	104
1779088224759941	204	114
1779088224759942	204	115
1779088224759943	204	119
1779088224759943	204	128
1779088224759943	204	130
1779088224759944	204	134
1779088224759944	204	138
1779088224759945	204	146
1779088224770175	204	138
1779088224770177	204	151
1779088224770177	204	156
1779088224770178	204	160
1779088224770178	204	162
1779088224770179	204	163
1779088224770179	204	164
1779088224770180	204	168
1779088224770180	204	170
1779088224770181	204	182
1779088224780453	204	139
1779088224780454	204	152
1779088224780455	204	156
1779088224780455	204	160
1779088224780456	204	163
1779088224780456	204	167
1779088224780457	204	171
1779088224780457	204	184
1779088224780458	204	188
1779088224780458	204	189
1779088224780459	204	196
1779088224789730	204	96
1779088224789730	204	105
1779088224789731	204	109
1779088224789731	204	120
1779088224789732	204	122
1779088224789732	204	124
1779088224789733	204	127
1779088224789733	204	128
1779088224789734	204	136
1779088224799954	204	151
1779088224799955	204	165
1779088224799955	204	167
1779088224799956	204	171
1779088224799956	204	172
1779088224799957	204	176
1779088224799957	204	179
1779088224799958	204	187
1779088224799958	204	189
1779088224799959	204	190
1779088224810242	204	168
1779088224810244	204	181
1779088224810245	204	188
1779088224810245	204	190
1779088224810246	204	196
1779088224810247	204	208
1779088224810248	204	220
1779088224810248	204	226
1779088224810249	204	232
1779088224810250	204	238
1779088224810251	204	260
1779088224820595	204	128
1779088224820597	204	138
1779088224820597	204	142
1779088224820598	204	143
1779088224820598	204	144
1779088224820599	204	148
1779088224820599	204	151
1779088224820600	204	158
1779088224820600	204	160
1779088224820601	204	161
1779088224829844	204	146
1779088224829845	204	159
1779088224829846	204	163
1779088224829846	204	164
1779088224829847	204	168
1779088224829847	204	171
1779088224829848	204	174
1779088224829848	204	187
1779088224829849	204	189
1779088224840114	204	101
1779088224840115	204	111
1779088224840116	204	116
1779088224840117	204	127
1779088224840117	204	131
1779088224840118	204	132
1779088224840118	204	133
1779088224840119	204	137
1779088224840119	204	144
1779088224840119	204	145
1779088224850350	204	142
1779088224850351	204	155
1779088224850352	204	159
1779088224850352	204	163
1779088224850353	204	167
1779088224850353	204	182
1779088224850354	204	184
1779088224850354	204	185
1779088224850355	204	186
1779088224850355	204	190
1779088224850356	204	192
1779088224860635	204	180
1779088224860636	204	190
1779088224860636	204	191
1779088224860637	204	192
1779088224860637	204	197
1779088224860638	204	200
1779088224860638	204	204
1779088224860639	204	211
1779088224860639	204	213
1779088224860640	204	216
1779088224869939	204	173
1779088224869940	204	180
1779088224869940	204	184
1779088224869941	204	187
1779088224869941	204	189
1779088224869942	204	192
1779088224869942	204	203
1779088224869943	204	207
1779088224869943	204	215
1779088224880239	204	182
1779088224880240	204	194
1779088224880240	204	195
1779088224880241	204	201
1779088224880241	204	205
1779088224880242	204	207
1779088224880242	204	219
1779088224880243	204	226
1779088224880243	204	227
1779088224880244	204	247
1779088224880244	204	249
1779088224890569	204	159
1779088224890570	204	175
1779088224890571	204	177
1779088224890571	204	178
1779088224890571	204	182
1779088224890572	204	184
1779088224890573	204	184
1779088224890573	204	191
1779088224890573	204	195
1779088224890574	204	214
1779088224899860	204	170
1779088224899861	204	180
1779088224899861	204	181
1779088224899862	204	182
1779088224899862	204	184
1779088224899863	204	185
1779088224899863	204	186
1779088224899864	204	193
1779088224899864	204	195
1779088224910103	204	178
1779088224910104	204	192
1779088224910105	204	194
1779088224910105	204	198
1779088224910106	204	211
1779088224910106	204	216
1779088224910107	204	224
1779088224910107	204	231
1779088224910108	204	235
1779088224910108	204	237
1779088224920417	204	169
1779088224920418	204	179
1779088224920419	204	187
1779088224920419	204	195
1779088224920420	204	196
1779088224920420	204	206
1779088224920421	204	219
1779088224920421	204	220
1779088224920422	204	237
1779088224920422	204	240
1779088224920423	204	244
1779088224929744	204	155
1779088224929745	204	167
1779088224929745	204	171
1779088224929746	204	193
1779088224929746	204	198
1779088224929747	204	205
1779088224929747	204	207
1779088224929748	204	214
1779088224929748	204	216
1779088224940063	204	204
1779088224940065	204	222
1779088224940065	204	227
1779088224940066	204	229
1779088224940066	204	234
1779088224940067	204	237
1779088224940068	204	239
1779088224940068	204	243
1779088224940069	204	253
1779088224940069	204	260
1779088224950408	204	157
1779088224950409	204	168
1779088224950410	204	177
1779088224950410	204	181
1779088224950410	204	183
1779088224950411	204	184
1779088224950411	204	208
1779088224950412	204	210
1779088224950412	204	215
1779088224950413	204	218
1779088224950413	204	220
1779088224959720	204	178
1779088224959721	204	190
1779088224959722	204	195
1779088224959722	204	197
1779088224959723	204	201
1779088224959723	204	217
1779088224959724	204	228
1779088224959724	204	233
1779088224959725	204	243
1779088224970056	204	198
1779088224970058	204	213
1779088224970059	204	215
1779088224970059	204	223
1779088224970060	204	229
1779088224970061	204	237
1779088224970061	204	242
1779088224970062	204	245
1779088224970063	204	247
1779088224970064	204	267
1779088224980427	204	188
1779088224980428	204	202
1779088224980428	204	203
1779088224980429	204	211
1779088224980429	204	217
1779088224980430	204	248
1779088224980430	204	250
1779088224980431	204	252
1779088224980431	204	253
1779088224980432	204	255
1779088224980432	204	259
1779088224989773	204	195
1779088224989775	204	211
1779088224989775	204	216
1779088224989776	204	217
1779088224989776	204	232
1779088224989777	204	236
1779088224989777	204	238
1779088224989778	204	239
1779088224989778	204	247
1779088225000103	204	136
1779088225000104	204	149
1779088225000105	204	151
1779088225000105	204	152
1779088225000106	204	156
1779088225000106	204	160
1779088225000107	204	163
1779088225000107	204	167
1779088225000108	204	177
1779088225000108	204	181
1779088225010369	204	133
1779088225010370	204	146
1779088225010371	204	151
1779088225010371	204	152
1779088225010372	204	156
1779088225010372	204	157
1779088225010373	204	160
1779088225010373	204	164
1779088225010374	204	167
1779088225010374	204	168
1779088225010375	204	184
1779088225020645	204	128
1779088225020646	204	141
1779088225020647	204	145
1779088225020648	204	150
1779088225020648	204	153
1779088225020648	204	157
1779088225020649	204	159
1779088225020649	204	162
1779088225020650	204	163
1779088225020650	204	175
1779088225029905	204	115
1779088225029906	204	127
1779088225029907	204	129
1779088225029907	204	130
1779088225029908	204	131
1779088225029909	204	136
1779088225029909	204	139
1779088225029909	204	142
1779088225029910	204	152
1779088225040147	204	137
1779088225040148	204	151
1779088225040148	204	153
1779088225040149	204	157
1779088225040149	204	161
1779088225040149	204	163
1779088225040150	204	164
1779088225040150	204	166
1779088225040151	204	175
1779088225040151	204	177
1779088225050425	204	152
1779088225050427	204	170
1779088225050428	204	172
1779088225050429	204	177
1779088225050429	204	183
1779088225050430	204	185
1779088225050431	204	191
1779088225050432	204	193
1779088225050433	204	195
1779088225050433	204	214
1779088225050434	204	216
1779088225059737	204	180
1779088225059738	204	208
1779088225059739	204	219
1779088225059739	204	221
1779088225059740	204	226
1779088225059740	204	233
1779088225059741	204	235
1779088225059741	204	236
1779088225059742	204	240
1779088225070066	204	160
1779088225070068	204	171
1779088225070068	204	175
1779088225070080	204	168
1779088225070080	204	170
1779088225070081	204	170
1779088225070081	204	174
1779088225070082	204	175
1779088225070082	204	178
1779088225070083	204	189
1779088225080346	204	107
1779088225080347	204	115
1779088225080348	204	117
1779088225080348	204	118
1779088225080349	204	122
1779088225080349	204	123
1779088225080350	204	127
1779088225080350	204	130
1779088225080351	204	134
1779088225080351	204	137
1779088225080352	204	146
1779088225090574	204	181
1779088225090576	204	195
1779088225090576	204	197
1779088225090577	204	203
1779088225090577	204	207
1779088225090578	204	211
1779088225090578	204	221
1779088225090578	204	223
1779088225090579	204	227
1779088225090580	204	228
1779088225099896	204	172
1779088225099897	204	184
1779088225099898	204	190
1779088225099898	204	194
1779088225099898	204	198
1779088225099899	204	202
1779088225099899	204	203
1779088225099900	204	205
1779088225099900	204	214
1779088225110194	204	126
1779088225110195	204	138
1779088225110195	204	142
1779088225110196	204	144
1779088225110196	204	148
1779088225110197	204	150
1779088225110197	204	153
1779088225110198	204	155
1779088225110198	204	158
1779088225110199	204	159
1779088225110199	204	171
1779088225120455	204	145
1779088225120456	204	162
1779088225120457	204	166
1779088225120458	204	167
1779088225120458	204	171
1779088225120459	204	174
1779088225120459	204	175
1779088225120460	204	179
1779088225120460	204	188
1779088225120461	204	189
1779088225129737	204	211
1779088225129739	204	228
1779088225129739	204	231
1779088225129740	204	296
1779088225129740	204	309
1779088225129741	204	312
1779088225129742	204	318
1779088225129743	204	346
1779088225129743	204	350
1779088225140189	204	194
1779088225140191	204	207
1779088225140191	204	209
1779088225140192	204	214
1779088225140192	204	222
1779088225140193	204	227
1779088225140193	204	231
1779088225140194	204	232
1779088225140194	204	236
1779088225140195	204	241
1779088225140195	204	256
1779088225150539	204	195
1779088225150540	204	209
1779088225150541	204	214
1779088225150541	204	224
1779088225150542	204	228
1779088225150542	204	257
1779088225150542	204	259
1779088225150543	204	261
1779088225150543	204	265
1779088225150544	204	268
1779088225159889	204	179
1779088225159890	204	186
1779088225159890	204	190
1779088225159891	204	199
1779088225159891	204	202
1779088225159892	204	204
1779088225159892	204	205
1779088225159893	204	215
1779088225159893	204	220
1779088225170197	204	207
1779088225170198	204	221
1779088225170198	204	234
1779088225170199	204	236
1779088225170199	204	241
1779088225170200	204	242
1779088225170200	204	244
1779088225170201	204	253
1779088225170201	204	254
1779088225170202	204	257
1779088225170202	204	263
1779088225180553	204	221
1779088225180554	204	235
1779088225180555	204	237
1779088225180555	204	247
1779088225180555	204	251
1779088225180556	204	259
1779088225180556	204	267
1779088225180557	204	299
1779088225180557	204	302
1779088225180558	204	305
1779088225189951	204	181
1779088225189952	204	192
1779088225189952	204	204
1779088225189953	204	208
1779088225189953	204	214
1779088225189954	204	221
1779088225189954	204	243
1779088225189955	204	248
1779088225189955	204	250
1779088225200285	204	194
1779088225200287	204	207
1779088225200287	204	209
1779088225200288	204	216
1779088225200288	204	218
1779088225200288	204	235
1779088225200289	204	237
1779088225200289	204	239
1779088225200290	204	240
1779088225200290	204	242
1779088225200291	204	253
1779088225210638	204	198
1779088225210640	204	213
1779088225210640	204	222
1779088225210641	204	225
1779088225210642	204	227
1779088225210643	204	234
1779088225210643	204	236
1779088225210644	204	243
1779088225210645	204	249
1779088225210646	204	269
1779088225219994	204	139
1779088225219995	204	152
1779088225219996	204	155
1779088225219996	204	161
1779088225219997	204	174
1779088225219997	204	180
1779088225219998	204	195
1779088225219998	204	198
1779088225219999	204	200
1779088225230280	204	158
1779088225230282	204	175
1779088225230282	204	183
1779088225230282	204	189
1779088225230283	204	192
1779088225230283	204	200
1779088225230283	204	203
1779088225230284	204	210
1779088225230284	204	213
1779088225230285	204	219
1779088225230285	204	238
1779088225240603	204	123
1779088225240604	204	135
1779088225240604	204	147
1779088225240605	204	150
1779088225240605	204	152
1779088225240606	204	158
1779088225240606	204	164
1779088225240607	204	169
1779088225240607	204	182
1779088225240608	204	185
1779088225249880	204	182
1779088225249881	204	216
1779088225249881	204	225
1779088225249882	204	232
1779088225249882	204	239
1779088225249883	204	244
1779088225249884	204	247
1779088225249884	204	249
1779088225249885	204	266
1779088225260241	204	158
1779088225260242	204	174
1779088225260243	204	176
1779088225260244	204	180
1779088225260244	204	184
1779088225260244	204	186
1779088225260245	204	191
1779088225260245	204	200
1779088225260246	204	204
1779088225260246	204	215
1779088225260247	204	219
1779088225270537	204	114
1779088225270538	204	125
1779088225270539	204	129
1779088225270539	204	139
1779088225270540	204	141
1779088225270540	204	145
1779088225270541	204	146
1779088225270541	204	147
1779088225270542	204	148
1779088225270542	204	149
1779088225279773	204	151
1779088225279774	204	176
1779088225279775	204	177
1779088225279775	204	185
1779088225279776	204	186
1779088225279776	204	188
1779088225279776	204	189
1779088225279777	204	192
1779088225279777	204	193
1779088225290054	204	199
1779088225290056	204	221
1779088225290057	204	246
1779088225290057	204	249
1779088225290058	204	251
1779088225290058	204	253
1779088225290059	204	256
1779088225290060	204	258
1779088225290061	204	266
1779088225290061	204	268
1779088225300414	204	133
1779088225300415	204	147
1779088225300416	204	153
1779088225300416	204	155
1779088225300417	204	160
1779088225300417	204	163
1779088225300418	204	169
1779088225300418	204	185
1779088225300419	204	188
1779088225300419	204	194
1779088225300420	204	210
1779088225309717	204	156
1779088225309718	204	169
1779088225309718	204	176
1779088225309719	204	179
1779088225309719	204	185
1779088225309720	204	191
1779088225309720	204	193
1779088225309721	204	200
1779088225309721	204	230
1779088225320028	204	152
1779088225320029	204	160
1779088225320029	204	167
1779088225320030	204	174
1779088225320030	204	185
1779088225320031	204	191
1779088225320031	204	193
1779088225320032	204	207
1779088225320032	204	209
1779088225320033	204	221
1779088225330335	204	154
1779088225330337	204	172
1779088225330337	204	175
1779088225330338	204	181
1779088225330338	204	188
1779088225330339	204	195
1779088225330339	204	202
1779088225330340	204	221
1779088225330340	204	224
1779088225330341	204	227
1779088225330341	204	229
1779088225340652	204	162
1779088225340653	204	177
1779088225340653	204	180
1779088225340654	204	192
1779088225340654	204	199
1779088225340655	204	201
1779088225340655	204	203
1779088225340656	204	205
1779088225340656	204	208
1779088225340657	204	210
1779088225349956	204	137
1779088225349958	204	176
1779088225349958	204	178
1779088225349959	204	180
1779088225349959	204	181
1779088225349960	204	185
1779088225349960	204	186
1779088225349960	204	187
1779088225349961	204	188
1779088225360228	204	139
1779088225360229	204	151
1779088225360230	204	155
1779088225360231	204	163
1779088225360231	204	167
1779088225360232	204	201
1779088225360232	204	203
1779088225360232	204	205
1779088225360233	204	206
1779088225360233	204	207
1779088225360234	204	208
1779088225370522	204	140
1779088225370524	204	152
1779088225370525	204	155
1779088225370525	204	156
1779088225370526	204	160
1779088225370527	204	168
1779088225370528	204	169
1779088225370529	204	172
1779088225370530	204	191
1779088225370531	204	194
1779088225379803	204	108
1779088225379804	204	120
1779088225379805	204	135
1779088225379805	204	138
1779088225379806	204	147
1779088225379806	204	149
1779088225379807	204	152
1779088225379807	204	178
1779088225379808	204	180
1779088225390064	204	149
1779088225390065	204	157
1779088225390066	204	162
1779088225390066	204	167
1779088225390066	204	170
1779088225390067	204	182
1779088225390067	204	186
1779088225390068	204	188
1779088225390068	204	195
1779088225390081	204	197
1779088225400345	204	130
1779088225400346	204	142
1779088225400347	204	149
1779088225400347	204	150
1779088225400348	204	152
1779088225400348	204	156
1779088225400349	204	157
1779088225400349	204	184
1779088225400350	204	186
1779088225400350	204	187
1779088225400351	204	188
1779088225410620	204	135
1779088225410621	204	148
1779088225410622	204	152
1779088225410622	204	155
1779088225410623	204	156
1779088225410623	204	168
1779088225410624	204	173
1779088225410624	204	174
1779088225410624	204	180
1779088225410625	204	184
1779088225419890	204	147
1779088225419891	204	161
1779088225419892	204	166
1779088225419892	204	168
1779088225419892	204	173
1779088225419893	204	177
1779088225419893	204	181
1779088225419894	204	191
1779088225419894	204	202
1779088225430171	204	101
1779088225430172	204	117
1779088225430172	204	118
1779088225430173	204	122
1779088225430173	204	124
1779088225430174	204	125
1779088225430174	204	131
1779088225430175	204	135
1779088225430175	204	155
1779088225430176	204	157
1779088225440413	204	149
1779088225440414	204	159
1779088225440414	204	160
1779088225440415	204	164
1779088225440415	204	168
1779088225440416	204	169
1779088225440416	204	173
1779088225440417	204	182
1779088225440417	204	187
1779088225440418	204	194
1779088225440419	204	198
1779088225450692	204	149
1779088225450693	204	162
1779088225450693	204	167
1779088225450694	204	168
1779088225450694	204	172
1779088225450695	204	176
1779088225450695	204	181
1779088225450696	204	182
1779088225450696	204	184
1779088225450697	204	196
1779088225459977	204	154
1779088225459978	204	168
1779088225459979	204	172
1779088225459979	204	176
1779088225459980	204	177
1779088225459980	204	180
1779088225459980	204	184
1779088225459981	204	185
1779088225459981	204	193
1779088225470253	204	149
1779088225470255	204	169
1779088225470255	204	173
1779088225470256	204	177
1779088225470256	204	179
1779088225470257	204	182
1779088225470257	204	187
1779088225470258	204	190
1779088225470258	204	193
1779088225470259	204	197
1779088225470259	204	208
1779088225480545	204	141
1779088225480547	204	155
1779088225480547	204	157
1779088225480548	204	160
1779088225480548	204	165
1779088225480549	204	168
1779088225480549	204	171
1779088225480550	204	175
1779088225480550	204	184
1779088225480551	204	188
1779088225489813	204	150
1779088225489814	204	162
1779088225489815	204	166
1779088225489815	204	170
1779088225489816	204	179
1779088225489816	204	183
1779088225489817	204	184
1779088225489818	204	187
1779088225489818	204	195
1779088225500089	204	150
1779088225500090	204	161
1779088225500090	204	171
1779088225500091	204	175
1779088225500091	204	176
1779088225500092	204	177
1779088225500092	204	181
1779088225500093	204	184
1779088225500093	204	192
1779088225500094	204	196
1779088225510379	204	163
1779088225510381	204	182
1779088225510382	204	186
1779088225510382	204	192
1779088225510383	204	195
1779088225510384	204	201
1779088225510385	204	208
1779088225510385	204	210
1779088225510386	204	212
1779088225510387	204	218
1779088225510388	204	235
1779088225519710	204	150
1779088225519711	204	165
1779088225519712	204	169
1779088225519712	204	173
1779088225519713	204	177
1779088225519714	204	180
1779088225519714	204	188
1779088225519714	204	190
1779088225519715	204	191
1779088225529987	204	193
1779088225529988	204	208
1779088225529989	204	223
1779088225529990	204	230
1779088225529991	204	236
1779088225529991	204	238
1779088225529992	204	243
1779088225529993	204	249
1779088225529993	204	254
1779088225529994	204	272
1779088225540345	204	140
1779088225540346	204	156
1779088225540347	204	171
1779088225540347	204	174
1779088225540348	204	176
1779088225540348	204	183
1779088225540349	204	190
1779088225540349	204	192
1779088225540350	204	198
1779088225540350	204	205
1779088225540351	204	217
1779088225550651	204	152
1779088225550652	204	175
1779088225550653	204	182
1779088225550654	204	188
1779088225550654	204	205
1779088225550655	204	207
1779088225550655	204	209
1779088225550655	204	210
1779088225550656	204	211
1779088225550657	204	213
1779088225559950	204	114
1779088225559951	204	132
1779088225559951	204	139
1779088225559952	204	142
1779088225559952	204	149
1779088225559953	204	165
1779088225559953	204	173
1779088225559954	204	187
1779088225559954	204	191
1779088225570224	204	153
1779088225570225	204	172
1779088225570225	204	179
1779088225570226	204	182
1779088225570226	204	184
1779088225570227	204	191
1779088225570227	204	197
1779088225570228	204	204
1779088225570228	204	210
1779088225570229	204	225
1779088225570229	204	228
1779088225580544	204	157
1779088225580546	204	171
1779088225580546	204	180
1779088225580547	204	187
1779088225580547	204	194
1779088225580548	204	197
1779088225580548	204	204
1779088225580549	204	211
1779088225580549	204	217
1779088225580550	204	230
1779088225589860	204	126
1779088225589861	204	143
1779088225589862	204	151
1779088225589862	204	154
1779088225589863	204	156
1779088225589863	204	162
1779088225589864	204	167
1779088225589864	204	183
1779088225589865	204	185
1779088225600127	204	177
1779088225600128	204	195
1779088225600129	204	202
1779088225600129	204	209
1779088225600130	204	216
1779088225600130	204	218
1779088225600131	204	224
1779088225600131	204	226
1779088225600132	204	228
1779088225600132	204	244
1779088225610460	204	185
1779088225610462	204	204
1779088225610463	204	212
1779088225610463	204	219
1779088225610464	204	221
1779088225610465	204	223
1779088225610466	204	229
1779088225610466	204	231
1779088225610467	204	236
1779088225610468	204	238
1779088225610469	204	252
1779088225619806	204	149
1779088225619807	204	185
1779088225619808	204	195
1779088225619808	204	202
1779088225619809	204	205
1779088225619809	204	208
1779088225619809	204	211
1779088225619810	204	215
1779088225619810	204	226
1779088225630105	204	152
1779088225630106	204	174
1779088225630107	204	177
1779088225630108	204	184
1779088225630108	204	197
1779088225630109	204	213
1779088225630109	204	221
1779088225630110	204	228
1779088225630110	204	244
1779088225630111	204	246
1779088225640441	204	153
1779088225640442	204	172
1779088225640443	204	180
1779088225640443	204	183
1779088225640444	204	185
1779088225640445	204	191
1779088225640445	204	193
1779088225640446	204	195
1779088225640446	204	202
1779088225640447	204	208
1779088225640447	204	221
1779088225649747	204	130
1779088225649748	204	143
1779088225649748	204	151
1779088225649749	204	158
1779088225649749	204	164
1779088225649750	204	170
1779088225649750	204	172
1779088225649751	204	174
1779088225649751	204	199
1779088225660026	204	136
1779088225660027	204	149
1779088225660028	204	157
1779088225660028	204	164
1779088225660029	204	167
1779088225660029	204	173
1779088225660030	204	179
1779088225660030	204	186
1779088225660031	204	192
1779088225660031	204	206
1779088225670315	204	130
1779088225670316	204	147
1779088225670316	204	155
1779088225670317	204	162
1779088225670317	204	168
1779088225670318	204	175
1779088225670318	204	177
1779088225670319	204	184
1779088225670319	204	188
1779088225670320	204	194
1779088225670320	204	212
1779088225680616	204	145
1779088225680617	204	163
1779088225680618	204	172
1779088225680618	204	174
1779088225680619	204	180
1779088225680619	204	183
1779088225680620	204	199
1779088225680620	204	201
1779088225680621	204	203
1779088225680621	204	204
1779088225689899	204	133
1779088225689900	204	149
1779088225689901	204	156
1779088225689901	204	163
1779088225689902	204	182
1779088225689903	204	202
1779088225689903	204	210
1779088225689903	204	218
1779088225689904	204	233
1779088225700222	204	150
1779088225700223	204	168
1779088225700224	204	171
1779088225700224	204	174
1779088225700225	204	180
1779088225700225	204	187
1779088225700226	204	194
1779088225700226	204	200
1779088225700227	204	207
1779088225700227	204	209
1779088225700228	204	223
1779088225710533	204	139
1779088225710534	204	157
1779088225710535	204	164
1779088225710535	204	171
1779088225710536	204	173
1779088225710536	204	175
1779088225710537	204	181
1779088225710537	204	196
1779088225710538	204	199
1779088225710538	204	200
1779088225719815	204	141
1779088225719816	204	158
1779088225719816	204	164
1779088225719817	204	172
1779088225719817	204	178
1779088225719818	204	185
1779088225719818	204	191
1779088225719819	204	197
1779088225719819	204	210
1779088225730118	204	139
1779088225730119	204	157
1779088225730119	204	165
1779088225730120	204	168
1779088225730120	204	170
1779088225730121	204	177
1779088225730121	204	183
1779088225730122	204	197
1779088225730122	204	203
1779088225730123	204	217
1779088225740418	204	144
1779088225740419	204	162
1779088225740419	204	169
1779088225740420	204	176
1779088225740420	204	182
1779088225740420	204	197
1779088225740421	204	200
1779088225740421	204	202
1779088225740422	204	208
1779088225740422	204	221
1779088225740423	204	223
1779088225749721	204	115
1779088225749722	204	132
1779088225749723	204	139
1779088225749723	204	142
1779088225749724	204	148
1779088225749724	204	150
1779088225749725	204	152
1779088225749725	204	154
1779088225749726	204	169
1779088225759973	204	142
1779088225759974	204	159
1779088225759975	204	166
1779088225759975	204	173
1779088225759976	204	179
1779088225759976	204	186
1779088225759976	204	199
1779088225759977	204	202
1779088225759977	204	209
1779088225759978	204	211
1779088225770275	204	161
1779088225770277	204	179
1779088225770277	204	183
1779088225770278	204	185
1779088225770279	204	192
1779088225770279	204	198
1779088225770280	204	205
1779088225770280	204	210
1779088225770281	204	216
1779088225770281	204	219
1779088225770282	204	234
1779088225780597	204	145
1779088225780599	204	165
1779088225780599	204	173
1779088225780600	204	180
1779088225780600	204	188
1779088225780601	204	196
1779088225780601	204	199
1779088225780602	204	201
1779088225780602	204	217
1779088225780603	204	219
1779088225789905	204	141
1779088225789907	204	161
1779088225789907	204	182
1779088225789908	204	186
1779088225789908	204	188
1779088225789909	204	195
1779088225789909	204	197
1779088225789910	204	202
1779088225789910	204	228
1779088225800216	204	141
1779088225800217	204	160
1779088225800218	204	163
1779088225800218	204	169
1779088225800219	204	172
1779088225800219	204	178
1779088225800220	204	184
1779088225800220	204	186
1779088225800221	204	188
1779088225800221	204	200
1779088225800222	204	202
1779088225810505	204	142
1779088225810506	204	160
1779088225810506	204	167
1779088225810507	204	170
1779088225810507	204	177
1779088225810508	204	183
1779088225810508	204	189
1779088225810509	204	191
1779088225810509	204	205
1779088225810510	204	207
1779088225819793	204	132
1779088225819794	204	161
1779088225819795	204	163
1779088225819795	204	170
1779088225819796	204	185
1779088225819796	204	191
1779088225819797	204	193
1779088225819797	204	195
1779088225819798	204	207
1779088225830105	204	178
1779088225830106	204	199
1779088225830107	204	202
1779088225830107	204	209
1779088225830108	204	211
1779088225830108	204	217
1779088225830109	204	220
1779088225830109	204	227
1779088225830110	204	249
1779088225830111	204	260
1779088225840468	204	183
1779088225840470	204	199
1779088225840470	204	206
1779088225840471	204	208
1779088225840471	204	213
1779088225840472	204	220
1779088225840472	204	225
1779088225840473	204	230
1779088225840474	204	236
1779088225840474	204	253
1779088225840475	204	256
1779088225849823	204	188
1779088225849824	204	212
1779088225849824	204	215
1779088225849825	204	222
1779088225849825	204	225
1779088225849825	204	230
1779088225849826	204	236
1779088225849826	204	272
1779088225849826	204	280
1779088225860205	204	166
1779088225860207	204	178
1779088225860208	204	183
1779088225860208	204	186
1779088225860209	204	187
1779088225860210	204	190
1779088225860210	204	194
1779088225860210	204	198
1779088225860211	204	201
1779088225860211	204	202
1779088225860212	204	212
1779088225870510	204	154
1779088225870512	204	165
1779088225870512	204	170
1779088225870513	204	173
1779088225870513	204	176
1779088225870514	204	178
1779088225870515	204	181
1779088225870515	204	183
1779088225870516	204	184
1779088225870516	204	196
1779088225879790	204	112
1779088225879791	204	121
1779088225879792	204	125
1779088225879792	204	129
1779088225879793	204	130
1779088225879793	204	152
1779088225879794	204	156
1779088225879794	204	157
1779088225879795	204	164
1779088225890042	204	145
1779088225890043	204	158
1779088225890044	204	161
1779088225890044	204	165
1779088225890045	204	169
1779088225890045	204	171
1779088225890046	204	172
1779088225890047	204	173
1779088225890047	204	177
1779088225890048	204	187
1779088225900327	204	171
1779088225900329	204	190
1779088225900330	204	198
1779088225900330	204	205
1779088225900331	204	212
1779088225900331	204	219
1779088225900332	204	222
1779088225900332	204	228
1779088225900333	204	231
1779088225900333	204	236
1779088225900334	204	252
1779088225910670	204	130
1779088225910671	204	150
1779088225910672	204	158
1779088225910672	204	166
1779088225910672	204	174
1779088225910673	204	177
1779088225910673	204	184
1779088225910674	204	187
1779088225910674	204	189
1779088225910674	204	205
1779088225919967	204	159
1779088225919968	204	180
1779088225919969	204	184
1779088225919969	204	191
1779088225919970	204	198
1779088225919970	204	203
1779088225919971	204	209
1779088225919971	204	211
1779088225919971	204	225
1779088225930283	204	201
1779088225930285	204	221
1779088225930286	204	224
1779088225930286	204	231
1779088225930287	204	237
1779088225930288	204	239
1779088225930288	204	245
1779088225930289	204	247
1779088225930290	204	253
1779088225930291	204	259
1779088225930292	204	286
1779088225940670	204	159
1779088225940672	204	170
1779088225940673	204	173
1779088225940673	204	183
1779088225940674	204	185
1779088225940674	204	188
1779088225940675	204	196
1779088225940675	204	197
1779088225940676	204	198
1779088225940676	204	201
1779088225949959	204	156
1779088225949960	204	169
1779088225949961	204	173
1779088225949961	204	185
1779088225949961	204	186
1779088225949962	204	190
1779088225949962	204	194
1779088225949963	204	195
1779088225949963	204	202
1779088225960237	204	168
1779088225960237	204	181
1779088225960238	204	184
1779088225960238	204	206
1779088225960239	204	213
1779088225960239	204	219
1779088225960240	204	227
1779088225960240	204	234
1779088225960241	204	241
1779088225960241	204	259
1779088225960242	204	261
1779088225970588	204	182
1779088225970589	204	198
1779088225970590	204	207
1779088225970591	204	214
1779088225970591	204	219
1779088225970592	204	225
1779088225970592	204	227
1779088225970593	204	242
1779088225970593	204	243
1779088225970594	204	244
1779088225979917	204	155
1779088225979918	204	173
1779088225979918	204	177
1779088225979919	204	192
1779088225979919	204	200
1779088225979920	204	203
1779088225979920	204	205
1779088225979921	204	208
1779088225979921	204	210
1779088225990210	204	136
1779088225990211	204	154
1779088225990212	204	162
1779088225990212	204	166
1779088225990213	204	172
1779088225990213	204	181
1779088225990214	204	188
1779088225990214	204	191
1779088225990215	204	208
1779088225990215	204	211
1779088225990216	204	214
1779088226000522	204	195
1779088226000523	204	216
1779088226000524	204	226
1779088226000525	204	234
1779088226000525	204	237
1779088226000526	204	244
1779088226000527	204	247
1779088226000527	204	253
1779088226000528	204	271
1779088226000528	204	273
1779088226009881	204	150
1779088226009883	204	171
1779088226009883	204	178
1779088226009884	204	181
1779088226009884	204	197
1779088226009885	204	204
1779088226009885	204	218
1779088226009886	204	220
1779088226009886	204	222
1779088226020195	204	167
1779088226020196	204	188
1779088226020197	204	195
1779088226020197	204	203
1779088226020198	204	205
1779088226020198	204	212
1779088226020199	204	218
1779088226020199	204	226
1779088226020200	204	244
1779088226020200	204	252
1779088226020201	204	266
1779088226030552	204	151
1779088226030554	204	175
1779088226030554	204	183
1779088226030555	204	185
1779088226030555	204	187
1779088226030556	204	193
1779088226030556	204	195
1779088226030557	204	197
1779088226030557	204	213
1779088226030558	204	214
1779088226039844	204	128
1779088226039845	204	144
1779088226039846	204	147
1779088226039846	204	161
1779088226039847	204	167
1779088226039847	204	174
1779088226039848	204	177
1779088226039848	204	182
1779088226039849	204	195
1779088226050097	204	143
1779088226050098	204	162
1779088226050099	204	165
1779088226050100	204	171
1779088226050100	204	173
1779088226050101	204	178
1779088226050102	204	180
1779088226050102	204	182
1779088226050103	204	197
1779088226050103	204	199
1779088226060399	204	193
1779088226060401	204	212
1779088226060402	204	218
1779088226060403	204	225
1779088226060403	204	227
1779088226060404	204	234
1779088226060404	204	238
1779088226060405	204	239
1779088226060406	204	243
1779088226060406	204	249
1779088226060407	204	267
1779088226069757	204	101
1779088226069758	204	113
1779088226069758	204	117
1779088226069759	204	120
1779088226069759	204	124
1779088226069760	204	128
1779088226069760	204	131
1779088226069761	204	133
1779088226069761	204	148
1779088226079989	204	128
1779088226079990	204	140
1779088226079991	204	145
1779088226079991	204	148
1779088226079992	204	150
1779088226079992	204	153
1779088226079993	204	154
1779088226079993	204	158
1779088226079994	204	160
1779088226079994	204	173
1779088226090244	204	173
1779088226090245	204	199
1779088226090245	204	203
1779088226090246	204	208
1779088226090246	204	214
1779088226090247	204	216
1779088226090247	204	222
1779088226090248	204	228
1779088226090248	204	231
1779088226090249	204	236
1779088226090249	204	263
1779088226100608	204	162
1779088226100610	204	178
1779088226100611	204	185
1779088226100611	204	187
1779088226100612	204	192
1779088226100612	204	195
1779088226100613	204	200
1779088226100613	204	214
1779088226100614	204	216
1779088226100614	204	218
1779088226109941	204	177
1779088226109943	204	190
1779088226109943	204	192
1779088226109944	204	196
1779088226109944	204	202
1779088226109945	204	204
1779088226109946	204	210
1779088226109946	204	215
1779088226109947	204	233
1779088226120277	204	158
1779088226120278	204	175
1779088226120279	204	180
1779088226120279	204	184
1779088226120280	204	188
1779088226120281	204	190
1779088226120281	204	196
1779088226120282	204	211
1779088226120283	204	219
1779088226120283	204	230
1779088226120284	204	232
1779088226130603	204	143
1779088226130604	204	157
1779088226130605	204	158
1779088226130605	204	162
1779088226130606	204	166
1779088226130607	204	170
1779088226130607	204	171
1779088226130608	204	174
1779088226130608	204	180
1779088226130609	204	196
1779088226139881	204	130
1779088226139882	204	141
1779088226139883	204	145
1779088226139884	204	149
1779088226139884	204	155
1779088226139884	204	165
1779088226139885	204	167
1779088226139885	204	169
1779088226139886	204	181
1779088226150145	204	107
1779088226150146	204	115
1779088226150146	204	116
1779088226150147	204	120
1779088226150147	204	121
1779088226150148	204	122
1779088226150148	204	127
1779088226150149	204	129
1779088226150149	204	135
1779088226150150	204	149
1779088226160380	204	161
1779088226160381	204	173
1779088226160382	204	181
1779088226160382	204	183
1779088226160383	204	186
1779088226160383	204	211
1779088226160384	204	213
1779088226160384	204	214
1779088226160385	204	215
1779088226160385	204	220
1779088226160386	204	222
1779088226170684	204	180
1779088226170685	204	195
1779088226170685	204	204
1779088226170686	204	209
1779088226170686	204	215
1779088226170687	204	220
1779088226170687	204	227
1779088226170688	204	232
1779088226170688	204	235
1779088226170689	204	267
1779088226180049	204	136
1779088226180050	204	151
1779088226180051	204	157
1779088226180051	204	163
1779088226180052	204	169
1779088226180052	204	175
1779088226180053	204	181
1779088226180053	204	187
1779088226180054	204	205
1779088226190347	204	161
1779088226190348	204	176
1779088226190348	204	185
1779088226190349	204	187
1779088226190349	204	194
1779088226190350	204	197
1779088226190350	204	204
1779088226190351	204	211
1779088226190351	204	229
1779088226190352	204	232
1779088226190352	204	234
1779088226200669	204	117
1779088226200670	204	131
1779088226200670	204	134
1779088226200671	204	142
1779088226200671	204	148
1779088226200672	204	155
1779088226200672	204	170
1779088226200672	204	173
1779088226200673	204	176
1779088226200673	204	179
1779088226209944	204	165
1779088226209945	204	175
1779088226209946	204	181
1779088226209946	204	183
1779088226209947	204	185
1779088226209947	204	191
1779088226209948	204	197
1779088226209948	204	203
1779088226209949	204	219
1779088226220254	204	202
1779088226220255	204	211
1779088226220256	204	219
1779088226220256	204	226
1779088226220257	204	233
1779088226220257	204	236
1779088226220258	204	243
1779088226220258	204	245
1779088226220259	204	252
1779088226220259	204	268
1779088226220260	204	270
1779088226230606	204	136
1779088226230607	204	144
1779088226230607	204	150
1779088226230608	204	153
1779088226230608	204	159
1779088226230609	204	165
1779088226230609	204	171
1779088226230610	204	176
1779088226230610	204	191
1779088226230611	204	193
1779088226239881	204	141
1779088226239882	204	155
1779088226239883	204	161
1779088226239883	204	167
1779088226239884	204	172
1779088226239884	204	179
1779088226239885	204	181
1779088226239885	204	195
1779088226239886	204	204
1779088226250168	204	119
1779088226250169	204	131
1779088226250169	204	137
1779088226250170	204	140
1779088226250170	204	146
1779088226250171	204	153
1779088226250171	204	156
1779088226250172	204	162
1779088226250172	204	165
1779088226250173	204	183
1779088226260439	204	156
1779088226260440	204	166
1779088226260440	204	169
1779088226260441	204	175
1779088226260441	204	177
1779088226260442	204	183
1779088226260443	204	190
1779088226260443	204	195
1779088226260443	204	197
1779088226260444	204	203
1779088226260445	204	217
1779088226269742	204	153
1779088226269743	204	168
1779088226269744	204	171
1779088226269744	204	177
1779088226269745	204	182
1779088226269745	204	199
1779088226269745	204	201
1779088226269746	204	207
1779088226269746	204	225
1779088226280054	204	147
1779088226280055	204	162
1779088226280055	204	169
1779088226280056	204	176
1779088226280056	204	178
1779088226280057	204	185
1779088226280057	204	192
1779088226280058	204	208
1779088226280058	204	211
1779088226280059	204	214
1779088226290370	204	149
1779088226290371	204	166
1779088226290372	204	172
1779088226290372	204	177
1779088226290373	204	183
1779088226290373	204	189
1779088226290374	204	194
1779088226290374	204	201
1779088226290375	204	204
1779088226290375	204	223
1779088226290376	204	226
1779088226300685	204	192
1779088226300686	204	207
1779088226300687	204	215
1779088226300687	204	231
1779088226300687	204	235
1779088226300688	204	242
1779088226300688	204	261
1779088226300688	204	268
1779088226300689	204	282
1779088226300689	204	285
1779088226310054	204	115
1779088226310055	204	126
1779088226310056	204	129
1779088226310056	204	135
1779088226310057	204	138
1779088226310057	204	144
1779088226310058	204	150
1779088226310058	204	155
1779088226310059	204	170
1779088226320312	204	158
1779088226320313	204	168
1779088226320314	204	170
1779088226320314	204	177
1779088226320315	204	182
1779088226320315	204	188
1779088226320316	204	190
1779088226320316	204	196
1779088226320317	204	202
1779088226320317	204	204
1779088226320318	204	218
1779088226330615	204	166
1779088226330616	204	187
1779088226330617	204	190
1779088226330618	204	192
1779088226330618	204	194
1779088226330619	204	200
1779088226330620	204	206
1779088226330620	204	212
1779088226330621	204	226
1779088226330622	204	229
1779088226339940	204	129
1779088226339941	204	142
1779088226339941	204	150
1779088226339942	204	158
1779088226339942	204	165
1779088226339943	204	168
1779088226339943	204	175
1779088226339944	204	190
1779088226339944	204	193
1779088226350226	204	172
1779088226350227	204	191
1779088226350228	204	194
1779088226350228	204	203
1779088226350229	204	209
1779088226350229	204	216
1779088226350229	204	222
1779088226350230	204	225
1779088226350230	204	232
1779088226350231	204	238
1779088226350231	204	257
1779088226360570	204	108
1779088226360571	204	120
1779088226360571	204	123
1779088226360572	204	128
1779088226360572	204	134
1779088226360573	204	136
1779088226360573	204	143
1779088226360574	204	148
1779088226360574	204	154
1779088226360575	204	168
1779088226369827	204	164
1779088226369828	204	180
1779088226369829	204	183
1779088226369829	204	188
1779088226369830	204	190
1779088226369830	204	195
1779088226369831	204	197
1779088226369831	204	200
1779088226369832	204	215
1779088226380130	204	204
1779088226380131	204	215
1779088226380132	204	224
1779088226380132	204	231
1779088226380133	204	233
1779088226380133	204	236
1779088226380134	204	239
1779088226380134	204	241
1779088226380135	204	248
1779088226380135	204	265
1779088226390478	204	133
1779088226390479	204	144
1779088226390479	204	147
1779088226390480	204	153
1779088226390480	204	155
1779088226390481	204	157
1779088226390481	204	164
1779088226390481	204	169
1779088226390482	204	172
1779088226390482	204	174
1779088226390483	204	188
1779088226399754	204	144
1779088226399755	204	158
1779088226399755	204	161
1779088226399756	204	166
1779088226399756	204	168
1779088226399757	204	184
1779088226399757	204	198
1779088226399758	204	200
1779088226399758	204	203
1779088226410038	204	136
1779088226410039	204	150
1779088226410040	204	157
1779088226410040	204	164
1779088226410041	204	166
1779088226410041	204	169
1779088226410042	204	176
1779088226410042	204	179
1779088226410042	204	185
1779088226410043	204	203
1779088226420330	204	160
1779088226420331	204	171
1779088226420332	204	177
1779088226420332	204	182
1779088226420333	204	184
1779088226420333	204	186
1779088226420334	204	193
1779088226420334	204	195
1779088226420335	204	211
1779088226420335	204	214
1779088226420336	204	216
1779088226430638	204	150
1779088226430639	204	164
1779088226430640	204	171
1779088226430640	204	173
1779088226430641	204	174
1779088226430641	204	181
1779088226430642	204	187
1779088226430642	204	189
1779088226430642	204	194
1779088226430643	204	211
1779088226439942	204	105
1779088226439943	204	118
1779088226439944	204	121
1779088226439944	204	126
1779088226439945	204	132
1779088226439945	204	134
1779088226439946	204	140
1779088226439946	204	154
1779088226439947	204	156
1779088226450184	204	140
1779088226450185	204	153
1779088226450186	204	159
1779088226450186	204	176
1779088226450186	204	190
1779088226450187	204	196
1779088226450187	204	202
1779088226450188	204	204
1779088226450188	204	211
1779088226450189	204	230
1779088226460506	204	200
1779088226460508	204	217
1779088226460508	204	234
1779088226460509	204	237
1779088226460509	204	244
1779088226460510	204	247
1779088226460510	204	254
1779088226460511	204	257
1779088226460511	204	259
1779088226460512	204	262
1779088226460512	204	275
1779088226469867	204	144
1779088226469868	204	160
1779088226469868	204	167
1779088226469869	204	173
1779088226469869	204	176
1779088226469870	204	179
1779088226469870	204	182
1779088226469870	204	198
1779088226469871	204	220
1779088226480184	204	186
1779088226480185	204	199
1779088226480186	204	202
1779088226480186	204	208
1779088226480187	204	210
1779088226480187	204	212
1779088226480188	204	214
1779088226480188	204	219
1779088226480189	204	221
1779088226480189	204	234
1779088226490502	204	111
1779088226490503	204	122
1779088226490504	204	128
1779088226490504	204	134
1779088226490505	204	141
1779088226490505	204	147
1779088226490506	204	162
1779088226490506	204	165
1779088226490507	204	168
1779088226490507	204	170
1779088226490508	204	173
1779088226499768	204	144
1779088226499769	204	159
1779088226499770	204	172
1779088226499770	204	178
1779088226499770	204	184
1779088226499771	204	186
1779088226499772	204	192
1779088226499772	204	206
1779088226499773	204	208
1779088226510067	204	185
1779088226510068	204	196
1779088226510068	204	203
1779088226510069	204	209
1779088226510078	204	203
1779088226510079	204	210
1779088226510079	204	212
1779088226510079	204	230
1779088226510080	204	233
1779088226510080	204	236
1779088226520400	204	121
1779088226520401	204	136
1779088226520402	204	138
1779088226520402	204	140
1779088226520403	204	142
1779088226520403	204	143
1779088226520404	204	146
1779088226520404	204	152
1779088226520405	204	164
1779088226520405	204	167
1779088226520406	204	169
1779088226530662	204	158
1779088226530663	204	169
1779088226530664	204	171
1779088226530664	204	173
1779088226530665	204	179
1779088226530665	204	184
1779088226530666	204	190
1779088226530666	204	196
1779088226530666	204	202
1779088226530667	204	217
1779088226539969	204	173
1779088226539970	204	189
1779088226539970	204	196
1779088226539971	204	203
1779088226539971	204	210
1779088226539972	204	228
1779088226539972	204	231
1779088226539973	204	238
1779088226539973	204	252
1779088226550303	204	137
1779088226550304	204	149
1779088226550305	204	156
1779088226550305	204	163
1779088226550306	204	171
1779088226550306	204	173
1779088226550306	204	187
1779088226550307	204	195
1779088226550307	204	201
1779088226550308	204	218
1779088226550309	204	220
1779088226560611	204	134
1779088226560612	204	148
1779088226560613	204	155
1779088226560613	204	157
1779088226560614	204	163
1779088226560614	204	170
1779088226560615	204	173
1779088226560615	204	179
1779088226560616	204	195
1779088226560616	204	198
1779088226569893	204	119
1779088226569893	204	132
1779088226569894	204	134
1779088226569894	204	140
1779088226569895	204	147
1779088226569895	204	149
1779088226569896	204	155
1779088226569896	204	170
1779088226569897	204	193
1779088226580173	204	148
1779088226580174	204	161
1779088226580175	204	164
1779088226580175	204	170
1779088226580176	204	176
1779088226580176	204	179
1779088226580176	204	181
1779088226580177	204	183
1779088226580177	204	195
1779088226580178	204	198
1779088226590456	204	154
1779088226590457	204	170
1779088226590458	204	177
1779088226590458	204	179
1779088226590459	204	185
1779088226590459	204	191
1779088226590459	204	197
1779088226590460	204	203
1779088226590460	204	205
1779088226590461	204	223
1779088226590461	204	226
1779088226599765	204	106
1779088226599766	204	119
1779088226599766	204	125
1779088226599767	204	127
1779088226599767	204	133
1779088226599768	204	139
1779088226599768	204	145
1779088226599769	204	159
1779088226599769	204	161
1779088226610030	204	174
1779088226610031	204	193
1779088226610031	204	199
1779088226610032	204	205
1779088226610032	204	208
1779088226610033	204	210
1779088226610033	204	217
1779088226610034	204	237
1779088226610034	204	255
1779088226610035	204	258
1779088226620380	204	206
1779088226620382	204	217
1779088226620382	204	219
1779088226620383	204	224
1779088226620384	204	237
1779088226620385	204	244
1779088226620385	204	247
1779088226620386	204	249
1779088226620387	204	251
1779088226620388	204	254
1779088226620389	204	266
1779088226629736	204	135
1779088226629737	204	149
1779088226629738	204	154
1779088226629738	204	160
1779088226629739	204	162
1779088226629739	204	168
1779088226629740	204	170
1779088226629740	204	176
1779088226629741	204	203
1779088226640025	204	150
1779088226640027	204	167
1779088226640027	204	173
1779088226640028	204	178
1779088226640028	204	184
1779088226640029	204	187
1779088226640029	204	193
1779088226640030	204	199
1779088226640030	204	201
1779088226640031	204	216
1779088226650319	204	117
1779088226650320	204	128
1779088226650320	204	131
1779088226650321	204	138
1779088226650321	204	144
1779088226650322	204	150
1779088226650322	204	152
1779088226650323	204	158
1779088226650323	204	169
1779088226650324	204	185
1779088226650324	204	187
1779088226660591	204	145
1779088226660592	204	159
1779088226660593	204	166
1779088226660593	204	168
1779088226660594	204	173
1779088226660594	204	175
1779088226660595	204	181
1779088226660595	204	196
1779088226660596	204	199
1779088226660596	204	201
1779088226669877	204	158
1779088226669878	204	173
1779088226669878	204	177
1779088226669879	204	183
1779088226669879	204	203
1779088226669880	204	213
1779088226669880	204	220
1779088226669881	204	227
1779088226669881	204	245
1779088226680208	204	117
1779088226680209	204	126
1779088226680210	204	133
1779088226680210	204	139
1779088226680211	204	144
1779088226680211	204	151
1779088226680212	204	153
1779088226680212	204	155
1779088226680213	204	157
1779088226680213	204	162
1779088226680214	204	176
1779088226690472	204	146
1779088226690474	204	161
1779088226690474	204	163
1779088226690475	204	165
1779088226690475	204	173
1779088226690476	204	178
1779088226690476	204	184
1779088226690477	204	186
1779088226690477	204	192
1779088226690478	204	209
1779088226699781	204	186
1779088226699782	204	215
1779088226699783	204	219
1779088226699783	204	228
1779088226699784	204	236
1779088226699784	204	242
1779088226699785	204	248
1779088226699785	204	265
1779088226699786	204	268
1779088226710134	204	134
1779088226710135	204	150
1779088226710136	204	156
1779088226710136	204	158
1779088226710137	204	161
1779088226710137	204	163
1779088226710138	204	169
1779088226710138	204	175
1779088226710139	204	191
1779088226710139	204	193
1779088226720418	204	146
1779088226720419	204	161
1779088226720420	204	167
1779088226720420	204	172
1779088226720421	204	178
1779088226720421	204	184
1779088226720422	204	190
1779088226720422	204	196
1779088226720423	204	201
1779088226720423	204	207
1779088226720424	204	221
1779088226729722	204	96
1779088226729723	204	108
1779088226729724	204	111
1779088226729724	204	116
1779088226729725	204	123
1779088226729725	204	125
1779088226729726	204	131
1779088226729726	204	137
1779088226729727	204	152
1779088226739967	204	144
1779088226739968	204	160
1779088226739969	204	163
1779088226739969	204	169
1779088226739970	204	172
1779088226739971	204	178
1779088226739971	204	185
1779088226739972	204	187
1779088226739972	204	194
1779088226739973	204	210
1779088226750264	204	134
1779088226750265	204	143
1779088226750265	204	150
1779088226750266	204	156
1779088226750266	204	158
1779088226750267	204	164
1779088226750268	204	166
1779088226750268	204	168
1779088226750268	204	170
1779088226750269	204	176
1779088226750270	204	191
1779088226760546	204	102
1779088226760547	204	110
1779088226760547	204	117
1779088226760548	204	123
1779088226760548	204	129
1779088226760549	204	135
1779088226760549	204	142
1779088226760549	204	147
1779088226760550	204	154
1779088226760550	204	168
1779088226769801	204	150
1779088226769802	204	165
1779088226769802	204	171
1779088226769803	204	177
1779088226769804	204	179
1779088226769804	204	196
1779088226769805	204	198
1779088226769805	204	201
1779088226769805	204	204
1779088226780092	204	121
1779088226780093	204	135
1779088226780094	204	155
1779088226780094	204	161
1779088226780095	204	167
1779088226780095	204	169
1779088226780096	204	171
1779088226780096	204	186
1779088226780097	204	188
1779088226780097	204	190
1779088226790366	204	105
1779088226790367	204	112
1779088226790367	204	119
1779088226790368	204	125
1779088226790368	204	131
1779088226790369	204	137
1779088226790369	204	143
1779088226790369	204	145
1779088226790370	204	147
1779088226790370	204	149
1779088226790371	204	164
1779088226800617	204	139
1779088226800618	204	151
1779088226800618	204	158
1779088226800619	204	161
1779088226800619	204	166
1779088226800620	204	168
1779088226800620	204	174
1779088226800621	204	176
1779088226800621	204	182
1779088226800622	204	196
1779088226809895	204	111
1779088226809896	204	124
1779088226809897	204	130
1779088226809897	204	136
1779088226809898	204	143
1779088226809898	204	145
1779088226809899	204	151
1779088226809899	204	157
1779088226809900	204	188
1779088226820173	204	140
1779088226820175	204	149
1779088226820175	204	156
1779088226820176	204	161
1779088226820176	204	167
1779088226820177	204	173
1779088226820177	204	175
1779088226820178	204	181
1779088226820178	204	196
1779088226820179	204	199
1779088226830466	204	141
1779088226830467	204	159
1779088226830468	204	166
1779088226830468	204	168
1779088226830469	204	175
1779088226830469	204	177
1779088226830470	204	180
1779088226830470	204	183
1779088226830471	204	185
1779088226830471	204	192
1779088226830472	204	210
1779088226839761	204	96
1779088226839762	204	108
1779088226839762	204	114
1779088226839763	204	120
1779088226839763	204	127
1779088226839764	204	129
1779088226839764	204	135
1779088226839764	204	137
1779088226839765	204	151
1779088226849996	204	144
1779088226849997	204	159
1779088226849998	204	165
1779088226849998	204	170
1779088226849999	204	172
1779088226849999	204	189
1779088226850000	204	191
1779088226850000	204	194
1779088226850001	204	197
1779088226850001	204	199
1779088226860285	204	145
1779088226860286	204	161
1779088226860287	204	166
1779088226860288	204	176
1779088226860288	204	183
1779088226860288	204	185
1779088226860289	204	187
1779088226860289	204	193
1779088226860290	204	195
1779088226860290	204	197
1779088226860291	204	212
1779088226870580	204	113
1779088226870581	204	125
1779088226870582	204	131
1779088226870582	204	133
1779088226870583	204	135
1779088226870584	204	141
1779088226870584	204	143
1779088226870584	204	146
1779088226870585	204	152
1779088226870585	204	167
1779088226879837	204	143
1779088226879839	204	157
1779088226879839	204	163
1779088226879840	204	166
1779088226879840	204	172
1779088226879841	204	175
1779088226879841	204	177
1779088226879841	204	182
1779088226879842	204	197
1779088226890117	204	96
1779088226890118	204	108
1779088226890119	204	114
1779088226890119	204	120
1779088226890119	204	123
1779088226890120	204	129
1779088226890121	204	131
1779088226890121	204	133
1779088226890121	204	135
1779088226890122	204	150
1779088226900353	204	138
1779088226900354	204	151
1779088226900355	204	157
1779088226900355	204	162
1779088226900356	204	169
1779088226900356	204	171
1779088226900357	204	177
1779088226900357	204	182
1779088226900357	204	196
1779088226900358	204	198
1779088226900359	204	200
1779088226910642	204	130
1779088226910643	204	144
1779088226910644	204	150
1779088226910644	204	156
1779088226910645	204	158
1779088226910645	204	160
1779088226910646	204	167
1779088226910646	204	173
1779088226910647	204	175
1779088226910647	204	193
1779088226919923	204	136
1779088226919924	204	150
1779088226919925	204	157
1779088226919925	204	163
1779088226919926	204	169
1779088226919926	204	175
1779088226919927	204	177
1779088226919927	204	183
1779088226919928	204	196
1779088226930205	204	148
1779088226930206	204	159
1779088226930206	204	168
1779088226930207	204	174
1779088226930207	204	182
1779088226930207	204	184
1779088226930208	204	191
1779088226930209	204	198
1779088226930209	204	205
1779088226930209	204	208
1779088226930210	204	226
1779088226940517	204	133
1779088226940518	204	146
1779088226940518	204	148
1779088226940519	204	153
1779088226940519	204	160
1779088226940520	204	180
1779088226940520	204	183
1779088226940521	204	185
1779088226940521	204	190
1779088226940522	204	203
1779088226949801	204	104
1779088226949802	204	111
1779088226949803	204	118
1779088226949803	204	124
1779088226949804	204	143
1779088226949804	204	149
1779088226949805	204	154
1779088226949805	204	169
1779088226949806	204	171
1779088226960055	204	130
1779088226960056	204	143
1779088226960056	204	149
1779088226960057	204	155
1779088226960057	204	157
1779088226960058	204	170
1779088226960058	204	177
1779088226960059	204	179
1779088226960059	204	196
1779088226960060	204	199
1779088226970340	204	115
1779088226970341	204	124
1779088226970342	204	130
1779088226970342	204	136
1779088226970342	204	142
1779088226970343	204	144
1779088226970343	204	150
1779088226970344	204	156
1779088226970344	204	161
1779088226970345	204	177
1779088226970345	204	179
1779088226980608	204	131
1779088226980609	204	146
1779088226980610	204	149
1779088226980610	204	154
1779088226980611	204	159
1779088226980611	204	162
1779088226980612	204	168
1779088226980612	204	182
1779088226980612	204	184
1779088226980613	204	186
1779088226989880	204	134
1779088226989881	204	148
1779088226989882	204	151
1779088226989882	204	153
1779088226989883	204	159
1779088226989883	204	162
1779088226989883	204	169
1779088226989884	204	176
1779088226989884	204	210
1779088227000178	204	106
1779088227000179	204	120
1779088227000180	204	125
1779088227000180	204	131
1779088227000181	204	138
1779088227000181	204	144
1779088227000182	204	146
1779088227000182	204	148
1779088227000183	204	151
1779088227000183	204	166
1779088227010432	204	126
1779088227010433	204	140
1779088227010433	204	143
1779088227010434	204	149
1779088227010434	204	154
1779088227010435	204	156
1779088227010436	204	162
1779088227010436	204	168
1779088227010437	204	173
1779088227010437	204	179
1779088227010438	204	195
1779088227019714	204	174
1779088227019716	204	195
1779088227019717	204	198
1779088227019718	204	204
1779088227019718	204	209
1779088227019719	204	212
1779088227019720	204	223
1779088227019720	204	247
1779088227019721	204	249
1779088227030053	204	146
1779088227030055	204	154
1779088227030055	204	156
1779088227030056	204	157
1779088227030056	204	161
1779088227030057	204	163
1779088227030057	204	166
1779088227030058	204	167
1779088227030058	204	171
1779088227030059	204	181
1779088227040322	204	136
1779088227040323	204	149
1779088227040324	204	150
1779088227040324	204	152
1779088227040325	204	156
1779088227040325	204	158
1779088227040326	204	162
1779088227040326	204	166
1779088227040326	204	168
1779088227040327	204	171
1779088227040328	204	181
1779088227050586	204	113
1779088227050587	204	122
1779088227050588	204	127
1779088227050588	204	128
1779088227050589	204	131
1779088227050589	204	132
1779088227050590	204	136
1779088227050590	204	137
1779088227050590	204	140
1779088227050591	204	150
1779088227059818	204	134
1779088227059819	204	145
1779088227059819	204	149
1779088227059820	204	151
1779088227059820	204	152
1779088227059820	204	153
1779088227059821	204	154
1779088227059821	204	164
1779088227059822	204	171
1779088227070083	204	132
1779088227070084	204	141
1779088227070084	204	143
1779088227070085	204	144
1779088227070085	204	148
1779088227070086	204	151
1779088227070086	204	155
1779088227070087	204	156
1779088227070087	204	159
1779088227070088	204	169
1779088227080329	204	108
1779088227080330	204	118
1779088227080330	204	119
1779088227080331	204	123
1779088227080331	204	132
1779088227080332	204	134
1779088227080332	204	137
1779088227080333	204	141
1779088227080333	204	148
1779088227080334	204	152
1779088227080334	204	153
1779088227090563	204	126
1779088227090564	204	138
1779088227090565	204	142
1779088227090565	204	146
1779088227090566	204	149
1779088227090566	204	153
1779088227090567	204	154
1779088227090567	204	158
1779088227090568	204	159
1779088227090568	204	169
1779088227099816	204	148
1779088227099817	204	164
1779088227099818	204	166
1779088227099819	204	171
1779088227099820	204	173
1779088227099820	204	179
1779088227099821	204	194
1779088227099822	204	197
1779088227099823	204	199
1779088227110125	204	149
1779088227110126	204	162
1779088227110127	204	163
1779088227110127	204	167
1779088227110128	204	171
1779088227110128	204	175
1779088227110129	204	179
1779088227110129	204	191
1779088227110130	204	193
1779088227110130	204	194
1779088227120406	204	149
1779088227120407	204	161
1779088227120408	204	162
1779088227120408	204	166
1779088227120409	204	173
1779088227120410	204	174
1779088227120410	204	175
1779088227120411	204	179
1779088227120411	204	180
1779088227120412	204	187
1779088227120412	204	188
1779088227130673	204	102
1779088227130673	204	112
1779088227130674	204	116
1779088227130674	204	117
1779088227130675	204	127
1779088227130675	204	128
1779088227130676	204	130
1779088227130676	204	133
1779088227130677	204	140
1779088227130677	204	141
1779088227139901	204	142
1779088227139902	204	155
1779088227139903	204	159
1779088227139903	204	162
1779088227139904	204	164
1779088227139904	204	165
1779088227139905	204	168
1779088227139905	204	172
1779088227139906	204	179
1779088227150164	204	119
1779088227150165	204	128
1779088227150166	204	130
1779088227150166	204	136
1779088227150167	204	140
1779088227150167	204	142
1779088227150168	204	143
1779088227150168	204	145
1779088227150169	204	148
1779088227150170	204	159
1779088227160407	204	111
1779088227160408	204	123
1779088227160408	204	125
1779088227160409	204	126
1779088227160409	204	130
1779088227160410	204	133
1779088227160410	204	137
1779088227160411	204	138
1779088227160411	204	139
1779088227160412	204	148
1779088227160412	204	155
1779088227170643	204	128
1779088227170644	204	139
1779088227170645	204	143
1779088227170645	204	144
1779088227170646	204	145
1779088227170646	204	149
1779088227170647	204	153
1779088227170647	204	154
1779088227170648	204	155
1779088227170648	204	165
1779088227179905	204	168
1779088227179906	204	188
1779088227179907	204	195
1779088227179908	204	197
1779088227179909	204	203
1779088227179910	204	204
1779088227179911	204	210
1779088227179911	204	230
1779088227179912	204	233
1779088227190229	204	129
1779088227190230	204	143
1779088227190231	204	147
1779088227190231	204	148
1779088227190232	204	152
1779088227190232	204	153
1779088227190233	204	156
1779088227190233	204	158
1779088227190234	204	161
1779088227190234	204	166
1779088227190235	204	182
1779088227200500	204	122
1779088227200501	204	135
1779088227200501	204	136
1779088227200502	204	137
1779088227200502	204	141
1779088227200503	204	146
1779088227200503	204	158
1779088227200504	204	161
1779088227200504	204	163
1779088227200505	204	165
1779088227209741	204	95
1779088227209742	204	110
1779088227209742	204	112
1779088227209743	204	116
1779088227209743	204	117
1779088227209744	204	118
1779088227209744	204	124
1779088227209745	204	126
1779088227209745	204	138
1779088227219967	204	142
1779088227219969	204	155
1779088227219969	204	156
1779088227219969	204	160
1779088227219970	204	161
1779088227219970	204	165
1779088227219971	204	168
1779088227219971	204	177
1779088227219972	204	183
1779088227219972	204	185
1779088227230236	204	141
1779088227230238	204	151
1779088227230238	204	155
1779088227230239	204	159
1779088227230239	204	162
1779088227230239	204	166
1779088227230240	204	170
1779088227230240	204	173
1779088227230241	204	175
1779088227230241	204	179
1779088227230242	204	195
1779088227240512	204	98
1779088227240513	204	104
1779088227240514	204	108
1779088227240514	204	112
1779088227240515	204	113
1779088227240515	204	117
1779088227240516	204	126
1779088227240516	204	130
1779088227240517	204	134
1779088227240517	204	144
1779088227249742	204	126
1779088227249743	204	138
1779088227249744	204	142
1779088227249744	204	146
1779088227249745	204	149
1779088227249745	204	153
1779088227249746	204	156
1779088227249746	204	160
1779088227249747	204	175
1779088227260008	204	199
1779088227260010	204	213
1779088227260010	204	221
1779088227260011	204	224
1779088227260012	204	230
1779088227260013	204	232
1779088227260013	204	246
1779088227260014	204	248
1779088227260015	204	250
1779088227260016	204	251
1779088227270343	204	126
1779088227270344	204	138
1779088227270345	204	139
1779088227270346	204	145
1779088227270346	204	158
1779088227270346	204	162
1779088227270347	204	163
1779088227270347	204	165
1779088227270348	204	166
1779088227270348	204	176
1779088227270349	204	178
1779088227280606	204	136
1779088227280608	204	147
1779088227280608	204	151
1779088227280609	204	152
1779088227280609	204	155
1779088227280610	204	160
1779088227280610	204	164
1779088227280610	204	167
1779088227280611	204	171
1779088227280611	204	183
1779088227289883	204	139
1779088227289884	204	153
1779088227289885	204	155
1779088227289885	204	158
1779088227289886	204	162
1779088227289886	204	166
1779088227289887	204	168
1779088227289887	204	174
1779088227289888	204	203
1779088227300176	204	127
1779088227300177	204	136
1779088227300177	204	137
1779088227300178	204	141
1779088227300178	204	145
1779088227300179	204	148
1779088227300179	204	161
1779088227300180	204	164
1779088227300180	204	166
1779088227300181	204	168
1779088227310428	204	143
1779088227310430	204	152
1779088227310430	204	157
1779088227310431	204	161
1779088227310431	204	164
1779088227310432	204	168
1779088227310432	204	169
1779088227310433	204	172
1779088227310433	204	177
1779088227310434	204	194
1779088227310434	204	196
1779088227319707	204	93
1779088227319708	204	104
1779088227319709	204	107
1779088227319709	204	112
1779088227319710	204	123
1779088227319710	204	127
1779088227319711	204	128
1779088227319712	204	131
1779088227319712	204	143
1779088227329944	204	146
1779088227329945	204	157
1779088227329946	204	194
1779088227329946	204	197
1779088227329947	204	200
1779088227329947	204	204
1779088227329948	204	205
1779088227329948	204	206
1779088227329949	204	210
1779088227329949	204	223
1779088227340255	204	183
1779088227340256	204	206
1779088227340257	204	208
1779088227340258	204	211
1779088227340258	204	218
1779088227340259	204	223
1779088227340260	204	228
1779088227340261	204	230
1779088227340261	204	232
1779088227340262	204	237
1779088227340263	204	263
1779088227350613	204	160
1779088227350615	204	171
1779088227350615	204	176
1779088227350616	204	177
1779088227350616	204	181
1779088227350617	204	185
1779088227350617	204	189
1779088227350618	204	192
1779088227350619	204	193
1779088227350619	204	205
1779088227359906	204	140
1779088227359907	204	155
1779088227359908	204	159
1779088227359908	204	163
1779088227359909	204	164
1779088227359910	204	168
1779088227359910	204	171
1779088227359911	204	174
1779088227359911	204	182
1779088227370163	204	93
1779088227370164	204	102
1779088227370165	204	104
1779088227370165	204	107
1779088227370166	204	117
1779088227370166	204	125
1779088227370167	204	128
1779088227370167	204	132
1779088227370168	204	139
1779088227370168	204	141
1779088227380388	204	143
1779088227380389	204	156
1779088227380389	204	158
1779088227380390	204	159
1779088227380390	204	163
1779088227380391	204	164
1779088227380391	204	168
1779088227380392	204	169
1779088227380392	204	176
1779088227380393	204	178
1779088227380394	204	178
1779088227390658	204	143
1779088227390659	204	158
1779088227390660	204	160
1779088227390660	204	163
1779088227390661	204	167
1779088227390661	204	170
1779088227390662	204	171
1779088227390663	204	183
1779088227390663	204	184
1779088227390664	204	185
1779088227399923	204	120
1779088227399924	204	132
1779088227399924	204	139
1779088227399925	204	143
1779088227399925	204	144
1779088227399926	204	148
1779088227399926	204	151
1779088227399927	204	163
1779088227399927	204	165
1779088227410176	204	142
1779088227410178	204	156
1779088227410178	204	160
1779088227410179	204	164
1779088227410179	204	165
1779088227410180	204	168
1779088227410180	204	172
1779088227410181	204	176
1779088227410181	204	187
1779088227410182	204	189
1779088227420462	204	214
1779088227420464	204	225
1779088227420465	204	232
1779088227420466	204	238
1779088227420466	204	244
1779088227420467	204	249
1779088227420468	204	251
1779088227420468	204	257
1779088227420469	204	262
1779088227420470	204	264
1779088227420471	204	279
1779088227429833	204	125
1779088227429835	204	141
1779088227429835	204	145
1779088227429836	204	147
1779088227429836	204	150
1779088227429837	204	151
1779088227429837	204	155
1779088227429838	204	179
1779088227429838	204	181
1779088227440105	204	153
1779088227440106	204	164
1779088227440107	204	168
1779088227440107	204	171
1779088227440108	204	175
1779088227440108	204	178
1779088227440109	204	189
1779088227440109	204	190
1779088227440110	204	194
1779088227440110	204	195
1779088227450380	204	100
1779088227450380	204	110
1779088227450381	204	112
1779088227450381	204	115
1779088227450382	204	125
1779088227450382	204	126
1779088227450383	204	128
1779088227450383	204	131
1779088227450384	204	138
1779088227450384	204	140
1779088227450385	204	141
1779088227460604	204	147
1779088227460606	204	161
1779088227460606	204	165
1779088227460607	204	166
1779088227460607	204	167
1779088227460608	204	171
1779088227460608	204	175
1779088227460609	204	186
1779088227460609	204	191
1779088227460610	204	199
1779088227469901	204	184
1779088227469903	204	202
1779088227469904	204	208
1779088227469904	204	214
1779088227469905	204	220
1779088227469906	204	222
1779088227469907	204	232
1779088227469907	204	238
1779088227469908	204	260
1779088227480251	204	124
1779088227480252	204	136
1779088227480253	204	141
1779088227480253	204	143
1779088227480254	204	144
1779088227480254	204	145
1779088227480255	204	150
1779088227480255	204	154
1779088227480256	204	155
1779088227480256	204	156
1779088227480257	204	165
1779088227490502	204	137
1779088227490503	204	151
1779088227490504	204	154
1779088227490504	204	159
1779088227490505	204	160
1779088227490505	204	163
1779088227490506	204	167
1779088227490506	204	168
1779088227490507	204	169
1779088227490507	204	180
1779088227499758	204	100
1779088227499759	204	114
1779088227499760	204	120
1779088227499760	204	126
1779088227499761	204	132
1779088227499761	204	138
1779088227499762	204	140
1779088227499762	204	157
1779088227499763	204	160
1779088227510011	204	160
1779088227510012	204	175
1779088227510012	204	179
1779088227510013	204	180
1779088227510013	204	184
1779088227510014	204	185
1779088227510014	204	188
1779088227510015	204	192
1779088227510015	204	203
1779088227510016	204	205
1779088227520303	204	158
1779088227520304	204	173
1779088227520305	204	175
1779088227520305	204	179
1779088227520306	204	182
1779088227520306	204	186
1779088227520306	204	187
1779088227520307	204	191
1779088227520307	204	192
1779088227520308	204	196
1779088227520309	204	206
1779088227530591	204	114
1779088227530592	204	128
1779088227530592	204	132
1779088227530593	204	136
1779088227530593	204	140
1779088227530594	204	143
1779088227530594	204	144
1779088227530595	204	148
1779088227530595	204	159
1779088227530596	204	160
1779088227539836	204	137
1779088227539837	204	152
1779088227539837	204	157
1779088227539838	204	159
1779088227539838	204	160
1779088227539838	204	164
1779088227539839	204	166
1779088227539839	204	167
1779088227539840	204	176
1779088227550111	204	155
1779088227550113	204	174
1779088227550114	204	180
1779088227550115	204	183
1779088227550116	204	190
1779088227550116	204	192
1779088227550117	204	195
1779088227550118	204	197
1779088227550118	204	199
1779088227550119	204	221
1779088227560424	204	134
1779088227560425	204	144
1779088227560426	204	148
1779088227560426	204	150
1779088227560427	204	151
1779088227560427	204	154
1779088227560428	204	158
1779088227560428	204	159
1779088227560428	204	163
1779088227560429	204	164
1779088227560429	204	171
1779088227570679	204	196
1779088227570681	204	217
1779088227570681	204	221
1779088227570682	204	223
1779088227570682	204	225
1779088227570683	204	226
1779088227570683	204	246
1779088227570684	204	248
1779088227570684	204	265
1779088227570685	204	281
1779088227580064	204	182
1779088227580065	204	198
1779088227580066	204	199
1779088227580067	204	200
1779088227580068	204	204
1779088227580069	204	208
1779088227580069	204	213
1779088227580070	204	219
1779088227580071	204	235
1779088227590392	204	147
1779088227590393	204	159
1779088227590394	204	163
1779088227590394	204	166
1779088227590395	204	170
1779088227590395	204	174
1779088227590396	204	177
1779088227590396	204	186
1779088227590397	204	190
1779088227590397	204	191
1779088227590398	204	200
1779088227600687	204	128
1779088227600688	204	139
1779088227600689	204	144
1779088227600689	204	148
1779088227600690	204	150
1779088227600690	204	151
1779088227600691	204	160
1779088227600691	204	161
1779088227600692	204	163
1779088227600692	204	164
1779088227609930	204	107
1779088227609931	204	117
1779088227609932	204	119
1779088227609932	204	122
1779088227609933	204	126
1779088227609933	204	130
1779088227609934	204	131
1779088227609934	204	153
1779088227609935	204	157
1779088227620172	204	138
1779088227620173	204	152
1779088227620174	204	156
1779088227620174	204	159
1779088227620175	204	168
1779088227620175	204	169
1779088227620176	204	173
1779088227620177	204	174
1779088227620177	204	175
1779088227620178	204	182
1779088227630439	204	159
1779088227630440	204	170
1779088227630441	204	175
1779088227630441	204	178
1779088227630442	204	181
1779088227630442	204	185
1779088227630443	204	186
1779088227630443	204	197
1779088227630444	204	199
1779088227630444	204	200
1779088227630445	204	201
1779088227639729	204	145
1779088227639731	204	156
1779088227639732	204	166
1779088227639733	204	169
1779088227639733	204	176
1779088227639734	204	178
1779088227639735	204	181
1779088227639735	204	183
1779088227639736	204	194
1779088227650021	204	170
1779088227650023	204	184
1779088227650023	204	188
1779088227650024	204	190
1779088227650024	204	193
1779088227650025	204	197
1779088227650025	204	198
1779088227650026	204	204
1779088227650026	204	221
1779088227650027	204	224
1779088227660331	204	160
1779088227660333	204	174
1779088227660334	204	187
1779088227660334	204	190
1779088227660335	204	196
1779088227660336	204	208
1779088227660336	204	210
1779088227660337	204	213
1779088227660338	204	220
1779088227660338	204	226
1779088227660339	204	239
1779088227670655	204	114
1779088227670656	204	126
1779088227670656	204	130
1779088227670657	204	131
1779088227670657	204	135
1779088227670658	204	138
1779088227670658	204	140
1779088227670659	204	143
1779088227670659	204	153
1779088227670659	204	155
1779088227679888	204	127
1779088227679889	204	143
1779088227679890	204	146
1779088227679890	204	150
1779088227679891	204	151
1779088227679892	204	155
1779088227679892	204	158
1779088227679892	204	161
1779088227679893	204	170
1779088227690135	204	97
1779088227690136	204	104
1779088227690137	204	109
1779088227690137	204	110
1779088227690138	204	113
1779088227690138	204	117
1779088227690138	204	118
1779088227690139	204	119
1779088227690139	204	122
1779088227690140	204	132
1779088227700352	204	143
1779088227700353	204	154
1779088227700353	204	159
1779088227700354	204	163
1779088227700354	204	166
1779088227700354	204	168
1779088227700354	204	171
1779088227700355	204	175
1779088227700355	204	186
1779088227700356	204	187
1779088227700356	204	191
1779088227710622	204	120
1779088227710623	204	130
1779088227710623	204	134
1779088227710624	204	138
1779088227710624	204	139
1779088227710625	204	144
1779088227710625	204	154
1779088227710626	204	155
1779088227710626	204	157
1779088227710627	204	160
1779088227719860	204	119
1779088227719861	204	131
1779088227719862	204	135
1779088227719862	204	136
1779088227719863	204	140
1779088227719863	204	143
1779088227719864	204	144
1779088227719864	204	152
1779088227719865	204	153
1779088227730092	204	124
1779088227730094	204	136
1779088227730094	204	140
1779088227730095	204	142
1779088227730095	204	145
1779088227730096	204	149
1779088227730096	204	152
1779088227730096	204	153
1779088227730097	204	164
1779088227730097	204	165
1779088227740342	204	159
1779088227740343	204	180
1779088227740344	204	183
1779088227740345	204	185
1779088227740345	204	191
1779088227740346	204	197
1779088227740347	204	202
1779088227740348	204	208
1779088227740348	204	214
1779088227740349	204	242
1779088227740350	204	244
1779088227750673	204	127
1779088227750675	204	134
1779088227750675	204	139
1779088227750676	204	140
1779088227750676	204	144
1779088227750677	204	145
1779088227750677	204	150
1779088227750678	204	161
1779088227750678	204	164
1779088227750679	204	171
1779088227759928	204	135
1779088227759929	204	145
1779088227759930	204	149
1779088227759930	204	150
1779088227759930	204	165
1779088227759931	204	167
1779088227759931	204	168
1779088227759932	204	171
1779088227759933	204	179
1779088227770185	204	127
1779088227770186	204	142
1779088227770186	204	144
1779088227770187	204	147
1779088227770187	204	149
1779088227770188	204	156
1779088227770189	204	157
1779088227770189	204	161
1779088227770190	204	175
1779088227770190	204	179
1779088227770191	204	200
1779088227780472	204	135
1779088227780473	204	147
1779088227780474	204	149
1779088227780474	204	152
1779088227780474	204	161
1779088227780475	204	168
1779088227780475	204	169
1779088227780476	204	173
1779088227780476	204	184
1779088227780477	204	189
1779088227789745	204	124
1779088227789746	204	136
1779088227789746	204	140
1779088227789747	204	151
1779088227789747	204	155
1779088227789748	204	156
1779088227789748	204	157
1779088227789749	204	158
1779088227789749	204	165
1779088227799986	204	104
1779088227799987	204	113
1779088227799988	204	115
1779088227799988	204	116
1779088227799989	204	117
1779088227799989	204	118
1779088227799990	204	125
1779088227799990	204	131
1779088227799991	204	132
1779088227799991	204	153
1779088227810224	204	132
1779088227810225	204	145
1779088227810226	204	149
1779088227810226	204	150
1779088227810227	204	153
1779088227810227	204	157
1779088227810228	204	158
1779088227810228	204	167
1779088227810229	204	170
1779088227810229	204	171
1779088227810230	204	173
1779088227820479	204	158
1779088227820480	204	175
1779088227820480	204	183
1779088227820481	204	192
1779088227820481	204	198
1779088227820481	204	205
1779088227820482	204	211
1779088227820482	204	217
1779088227820483	204	223
1779088227820483	204	244
1779088227829813	204	156
1779088227829815	204	180
1779088227829815	204	188
1779088227829815	204	192
1779088227829816	204	194
1779088227829816	204	197
1779088227829816	204	212
1779088227829817	204	214
1779088227829817	204	216
1779088227840113	204	148
1779088227840114	204	166
1779088227840114	204	173
1779088227840115	204	176
1779088227840115	204	183
1779088227840116	204	185
1779088227840116	204	191
1779088227840117	204	204
1779088227840117	204	208
1779088227840118	204	209
1779088227850400	204	128
1779088227850401	204	147
1779088227850402	204	151
1779088227850402	204	154
1779088227850403	204	157
1779088227850403	204	159
1779088227850403	204	166
1779088227850404	204	183
1779088227850404	204	186
1779088227850405	204	189
1779088227850406	204	191
1779088227860682	204	160
1779088227860683	204	178
1779088227860684	204	186
1779088227860685	204	194
1779088227860685	204	201
1779088227860686	204	203
1779088227860686	204	210
1779088227860687	204	212
1779088227860687	204	218
1779088227860688	204	231
1779088227869999	204	162
1779088227870000	204	181
1779088227870000	204	185
1779088227870001	204	191
1779088227870001	204	198
1779088227870002	204	205
1779088227870002	204	211
1779088227870003	204	216
1779088227870003	204	231
1779088227880321	204	169
1779088227880322	204	192
1779088227880323	204	196
1779088227880324	204	199
1779088227880324	204	207
1779088227880324	204	214
1779088227880325	204	217
1779088227880326	204	232
1779088227880326	204	240
1779088227880327	204	254
1779088227880327	204	255
1779088227890675	204	153
1779088227890676	204	174
1779088227890677	204	181
1779088227890677	204	188
1779088227890678	204	195
1779088227890678	204	202
1779088227890679	204	209
1779088227890679	204	216
1779088227890680	204	236
1779088227890680	204	239
1779088227899995	204	123
1779088227899996	204	142
1779088227899996	204	146
1779088227899997	204	149
1779088227899997	204	156
1779088227899998	204	163
1779088227899998	204	179
1779088227899999	204	184
1779088227899999	204	185
1779088227910270	204	154
1779088227910271	204	174
1779088227910272	204	182
1779088227910272	204	184
1779088227910273	204	191
1779088227910273	204	198
1779088227910274	204	201
1779088227910274	204	208
1779088227910274	204	211
1779088227910275	204	217
1779088227910276	204	235
1779088227920614	204	177
1779088227920616	204	193
1779088227920617	204	200
1779088227920617	204	207
1779088227920618	204	214
1779088227920619	204	234
1779088227920620	204	237
1779088227920620	204	239
1779088227920621	204	254
1779088227920622	204	256
1779088227929970	204	130
1779088227929972	204	143
1779088227929972	204	147
1779088227929973	204	149
1779088227929973	204	150
1779088227929974	204	153
1779088227929974	204	157
1779088227929974	204	160
1779088227929975	204	172
1779088227940239	204	145
1779088227940240	204	160
1779088227940241	204	162
1779088227940241	204	164
1779088227940242	204	168
1779088227940242	204	169
1779088227940243	204	170
1779088227940243	204	174
1779088227940244	204	179
1779088227940244	204	180
1779088227940245	204	191
1779088227950513	204	100
1779088227950514	204	111
1779088227950515	204	112
1779088227950515	204	117
1779088227950516	204	120
1779088227950516	204	124
1779088227950517	204	125
1779088227950517	204	126
1779088227950518	204	137
1779088227950518	204	139
1779088227959746	204	144
1779088227959748	204	159
1779088227959748	204	160
1779088227959749	204	164
1779088227959749	204	167
1779088227959750	204	171
1779088227959750	204	174
1779088227959751	204	178
1779088227959751	204	196
1779088227970041	204	155
1779088227970043	204	169
1779088227970044	204	173
1779088227970044	204	174
1779088227970045	204	178
1779088227970045	204	181
1779088227970046	204	182
1779088227970046	204	183
1779088227970047	204	184
1779088227970047	204	195
1779088227980317	204	113
1779088227980318	204	123
1779088227980319	204	127
1779088227980319	204	131
1779088227980319	204	135
1779088227980320	204	141
1779088227980320	204	143
1779088227980321	204	146
1779088227980321	204	147
1779088227980322	204	161
1779088227980322	204	162
1779088227990567	204	132
1779088227990568	204	145
1779088227990569	204	149
1779088227990569	204	151
1779088227990570	204	155
1779088227990570	204	168
1779088227990571	204	170
1779088227990571	204	171
1779088227990572	204	173
1779088227990572	204	174
1779088227999835	204	186
1779088227999837	204	203
1779088227999838	204	206
1779088227999838	204	208
1779088227999839	204	215
1779088227999840	204	217
1779088227999840	204	224
1779088227999841	204	239
1779088227999842	204	242
1779088228010162	204	129
1779088228010162	204	138
1779088228010163	204	142
1779088228010163	204	143
1779088228010164	204	148
1779088228010164	204	157
1779088228010165	204	159
1779088228010165	204	162
1779088228010165	204	166
1779088228010166	204	173
1779088228020416	204	140
1779088228020417	204	152
1779088228020417	204	163
1779088228020418	204	164
1779088228020418	204	166
1779088228020419	204	170
1779088228020419	204	172
1779088228020420	204	176
1779088228020420	204	180
1779088228020421	204	184
1779088228020421	204	192
1779088228030686	204	101
1779088228030687	204	109
1779088228030688	204	113
1779088228030688	204	116
1779088228030688	204	120
1779088228030689	204	121
1779088228030689	204	125
1779088228030690	204	129
1779088228030690	204	130
1779088228030691	204	139
1779088228039910	204	157
1779088228039912	204	168
1779088228039912	204	169
1779088228039913	204	173
1779088228039913	204	177
1779088228039913	204	181
1779088228039914	204	182
1779088228039915	204	185
1779088228039915	204	194
1779088228050189	204	152
1779088228050190	204	165
1779088228050190	204	170
1779088228050190	204	172
1779088228050191	204	176
1779088228050191	204	178
1779088228050191	204	182
1779088228050192	204	183
1779088228050192	204	185
1779088228050193	204	189
1779088228050193	204	201
1779088228060471	204	120
1779088228060472	204	132
1779088228060473	204	136
1779088228060473	204	139
1779088228060473	204	143
1779088228060474	204	146
1779088228060474	204	155
1779088228060475	204	158
1779088228060475	204	159
1779088228060476	204	161
1779088228069712	204	135
1779088228069713	204	146
1779088228069714	204	149
1779088228069714	204	153
1779088228069715	204	155
1779088228069715	204	158
1779088228069716	204	169
1779088228069716	204	172
1779088228069717	204	173
1779088228079968	204	180
1779088228079970	204	201
1779088228079970	204	208
1779088228079971	204	214
1779088228079972	204	217
1779088228079973	204	224
1779088228079973	204	226
1779088228079974	204	230
1779088228079975	204	234
1779088228079975	204	256
1779088228090314	204	118
1779088228090316	204	129
1779088228090316	204	138
1779088228090317	204	150
1779088228090317	204	155
1779088228090318	204	158
1779088228090318	204	161
1779088228090319	204	162
1779088228090319	204	166
1779088228090320	204	167
1779088228090320	204	178
1779088228100579	204	142
1779088228100580	204	155
1779088228100581	204	159
1779088228100581	204	160
1779088228100582	204	163
1779088228100582	204	167
1779088228100583	204	170
1779088228100583	204	174
1779088228100584	204	175
1779088228100584	204	183
1779088228109845	204	124
1779088228109846	204	137
1779088228109847	204	141
1779088228109847	204	145
1779088228109848	204	149
1779088228109848	204	152
1779088228109849	204	156
1779088228109849	204	159
1779088228109850	204	170
1779088228120103	204	141
1779088228120104	204	155
1779088228120105	204	160
1779088228120106	204	161
1779088228120106	204	165
1779088228120107	204	169
1779088228120107	204	173
1779088228120107	204	177
1779088228120108	204	188
1779088228120108	204	190
1779088228130382	204	154
1779088228130383	204	168
1779088228130384	204	172
1779088228130385	204	176
1779088228130385	204	180
1779088228130385	204	182
1779088228130386	204	185
1779088228130386	204	188
1779088228130387	204	189
1779088228130387	204	191
1779088228130388	204	202
1779088228140664	204	110
1779088228140665	204	120
1779088228140665	204	123
1779088228140666	204	131
1779088228140666	204	134
1779088228140667	204	136
1779088228140667	204	144
1779088228140667	204	148
1779088228140668	204	152
1779088228140668	204	158
1779088228149901	204	132
1779088228149902	204	143
1779088228149902	204	147
1779088228149903	204	148
1779088228149903	204	152
1779088228149904	204	156
1779088228149905	204	159
1779088228149905	204	160
1779088228149906	204	189
1779088228160190	204	126
1779088228160191	204	139
1779088228160192	204	143
1779088228160192	204	145
1779088228160193	204	146
1779088228160193	204	147
1779088228160194	204	150
1779088228160194	204	154
1779088228160195	204	163
1779088228160195	204	166
1779088228160196	204	173
1779088228170440	204	96
1779088228170441	204	106
1779088228170441	204	110
1779088228170442	204	113
1779088228170442	204	115
1779088228170443	204	124
1779088228170443	204	128
1779088228170444	204	129
1779088228170444	204	130
1779088228170445	204	131
1779088228180656	204	146
1779088228180657	204	158
1779088228180658	204	162
1779088228180658	204	171
1779088228180659	204	176
1779088228180660	204	182
1779088228180660	204	183
1779088228180660	204	185
1779088228180661	204	188
1779088228180661	204	190
1779088228189929	204	128
1779088228189930	204	138
1779088228189931	204	155
1779088228189931	204	170
1779088228189932	204	177
1779088228189933	204	183
1779088228189933	204	188
1779088228189934	204	200
1779088228189934	204	201
1779088228200214	204	136
1779088228200215	204	148
1779088228200216	204	149
1779088228200216	204	159
1779088228200217	204	160
1779088228200217	204	164
1779088228200218	204	170
1779088228200218	204	173
1779088228200218	204	198
1779088228200219	204	200
1779088228200219	204	202
1779088228210500	204	137
1779088228210501	204	151
1779088228210501	204	156
1779088228210502	204	158
1779088228210502	204	162
1779088228210503	204	166
1779088228210503	204	171
1779088228210504	204	172
1779088228210504	204	174
1779088228210505	204	186
1779088228219770	204	108
1779088228219771	204	120
1779088228219772	204	127
1779088228219772	204	131
1779088228219773	204	132
1779088228219773	204	133
1779088228219774	204	134
1779088228219774	204	136
1779088228219775	204	137
1779088228229988	204	146
1779088228229990	204	155
1779088228229990	204	157
1779088228229991	204	158
1779088228229991	204	162
1779088228229992	204	164
1779088228229992	204	174
1779088228229992	204	175
1779088228229993	204	177
1779088228229993	204	178
1779088228240247	204	151
1779088228240249	204	161
1779088228240250	204	162
1779088228240250	204	163
1779088228240251	204	167
1779088228240252	204	170
1779088228240253	204	176
1779088228240253	204	180
1779088228240254	204	197
1779088228240255	204	200
1779088228240256	204	201
1779088228250528	204	115
1779088228250529	204	129
1779088228250530	204	135
1779088228250530	204	142
1779088228250531	204	149
1779088228250531	204	151
1779088228250532	204	175
1779088228250532	204	179
1779088228250533	204	182
1779088228250533	204	193
1779088228259806	204	173
1779088228259808	204	188
1779088228259808	204	190
1779088228259809	204	194
1779088228259809	204	197
1779088228259810	204	207
1779088228259810	204	209
1779088228259810	204	213
1779088228259811	204	221
1779088228270103	204	99
1779088228270104	204	109
1779088228270105	204	119
1779088228270105	204	120
1779088228270106	204	124
1779088228270106	204	131
1779088228270107	204	138
1779088228270107	204	140
1779088228270108	204	158
1779088228270108	204	160
1779088228280349	204	162
1779088228280350	204	175
1779088228280351	204	179
1779088228280351	204	180
1779088228280352	204	189
1779088228280352	204	194
1779088228280353	204	200
1779088228280353	204	204
1779088228280354	204	234
1779088228280354	204	237
1779088228280355	204	238
1779088228290672	204	139
1779088228290673	204	151
1779088228290674	204	155
1779088228290674	204	158
1779088228290675	204	166
1779088228290675	204	167
1779088228290676	204	176
1779088228290676	204	177
1779088228290677	204	188
1779088228290677	204	189
1779088228299949	204	101
1779088228299950	204	111
1779088228299950	204	118
1779088228299951	204	124
1779088228299951	204	126
1779088228299952	204	127
1779088228299952	204	128
1779088228299953	204	135
1779088228299953	204	141
1779088228310172	204	139
1779088228310173	204	152
1779088228310173	204	156
1779088228310174	204	157
1779088228310174	204	158
1779088228310175	204	162
1779088228310175	204	163
1779088228310176	204	165
1779088228310176	204	176
1779088228310177	204	181
1779088228320441	204	150
1779088228320442	204	160
1779088228320443	204	164
1779088228320443	204	165
1779088228320444	204	169
1779088228320444	204	170
1779088228320445	204	174
1779088228320445	204	177
1779088228320446	204	178
1779088228320446	204	182
1779088228320447	204	190
1779088228329713	204	104
1779088228329714	204	115
1779088228329714	204	117
1779088228329715	204	119
1779088228329715	204	120
1779088228329715	204	122
1779088228329716	204	126
1779088228329716	204	128
1779088228329716	204	139
1779088228339932	204	142
1779088228339933	204	150
1779088228339934	204	152
1779088228339934	204	155
1779088228339935	204	159
1779088228339935	204	160
1779088228339936	204	170
1779088228339936	204	174
1779088228339937	204	180
1779088228339937	204	184
1779088228350199	204	168
1779088228350200	204	179
1779088228350200	204	180
1779088228350201	204	182
1779088228350201	204	183
1779088228350202	204	184
1779088228350202	204	190
1779088228350203	204	192
1779088228350203	204	196
1779088228350204	204	200
1779088228350205	204	212
1779088228360495	204	131
1779088228360496	204	143
1779088228360497	204	146
1779088228360497	204	148
1779088228360498	204	151
1779088228360498	204	153
1779088228360499	204	159
1779088228360499	204	161
1779088228360500	204	164
1779088228360500	204	166
1779088228369740	204	111
1779088228369741	204	122
1779088228369742	204	126
1779088228369742	204	129
1779088228369743	204	138
1779088228369743	204	142
1779088228369744	204	160
1779088228369744	204	162
1779088228369745	204	166
1779088228379984	204	106
1779088228379985	204	113
1779088228379985	204	114
1779088228379986	204	118
1779088228379986	204	126
1779088228379987	204	128
1779088228379987	204	129
1779088228379987	204	132
1779088228379988	204	139
1779088228379989	204	140
1779088228390210	204	148
1779088228390211	204	158
1779088228390212	204	163
1779088228390212	204	167
1779088228390213	204	168
1779088228390213	204	172
1779088228390214	204	173
1779088228390214	204	174
1779088228390215	204	178
1779088228390215	204	187
1779088228390216	204	199
1779088228400501	204	165
1779088228400502	204	183
1779088228400503	204	190
1779088228400503	204	192
1779088228400504	204	198
1779088228400504	204	204
1779088228400505	204	206
1779088228400505	204	212
1779088228400506	204	214
1779088228400506	204	228
1779088228409811	204	97
1779088228409812	204	109
1779088228409813	204	111
1779088228409813	204	118
1779088228409814	204	125
1779088228409814	204	141
1779088228409815	204	144
1779088228409815	204	158
1779088228409816	204	160
1779088228420063	204	137
1779088228420064	204	164
1779088228420064	204	167
1779088228420065	204	173
1779088228420065	204	179
1779088228420066	204	186
1779088228420067	204	193
1779088228420067	204	208
1779088228420067	204	211
1779088228420068	204	214
1779088228430361	204	118
1779088228430362	204	130
1779088228430362	204	137
1779088228430363	204	139
1779088228430363	204	145
1779088228430364	204	148
1779088228430364	204	150
1779088228430365	204	152
1779088228430365	204	158
1779088228430366	204	164
1779088228430367	204	178
1779088228440633	204	159
1779088228440634	204	178
1779088228440635	204	181
1779088228440635	204	183
1779088228440636	204	189
1779088228440636	204	195
1779088228440637	204	197
1779088228440637	204	199
1779088228440638	204	205
1779088228440638	204	218
1779088228449949	204	188
1779088228449950	204	204
1779088228449951	204	207
1779088228449951	204	212
1779088228449952	204	214
1779088228449952	204	220
1779088228449953	204	226
1779088228449953	204	233
1779088228449954	204	252
1779088228460286	204	124
1779088228460287	204	136
1779088228460288	204	139
1779088228460288	204	145
1779088228460289	204	152
1779088228460289	204	154
1779088228460290	204	161
1779088228460290	204	166
1779088228460291	204	180
1779088228460291	204	182
1779088228460292	204	184
1779088228470557	204	151
1779088228470559	204	167
1779088228470559	204	170
1779088228470560	204	176
1779088228470560	204	182
1779088228470561	204	190
1779088228470561	204	193
1779088228470562	204	195
1779088228470562	204	198
1779088228470563	204	215
1779088228479874	204	184
1779088228479876	204	199
1779088228479876	204	205
1779088228479877	204	207
1779088228479878	204	213
1779088228479879	204	215
1779088228479879	204	222
1779088228479880	204	236
1779088228479881	204	242
1779088228490203	204	126
1779088228490204	204	136
1779088228490205	204	139
1779088228490205	204	145
1779088228490206	204	151
1779088228490206	204	156
1779088228490207	204	162
1779088228490207	204	164
1779088228490208	204	167
1779088228490208	204	169
1779088228490209	204	183
1779088228500488	204	149
1779088228500490	204	167
1779088228500490	204	174
1779088228500491	204	175
1779088228500491	204	177
1779088228500492	204	183
1779088228500492	204	185
1779088228500493	204	192
1779088228500493	204	209
1779088228500494	204	212
1779088228509784	204	96
1779088228509785	204	107
1779088228509786	204	114
1779088228509786	204	116
1779088228509787	204	123
1779088228509787	204	129
1779088228509788	204	135
1779088228509788	204	137
1779088228509789	204	164
1779088228520036	204	145
1779088228520037	204	160
1779088228520038	204	162
1779088228520038	204	167
1779088228520039	204	173
1779088228520039	204	179
1779088228520040	204	182
1779088228520040	204	184
1779088228520041	204	189
1779088228520041	204	202
1779088228530321	204	132
1779088228530322	204	141
1779088228530323	204	148
1779088228530323	204	150
1779088228530324	204	156
1779088228530324	204	158
1779088228530325	204	163
1779088228530325	204	178
1779088228530326	204	181
1779088228530326	204	183
1779088228530327	204	185
1779088228540592	204	108
1779088228540593	204	117
1779088228540594	204	119
1779088228540594	204	121
1779088228540595	204	128
1779088228540595	204	131
1779088228540595	204	137
1779088228540596	204	139
1779088228540596	204	145
1779088228540597	204	157
1779088228549837	204	144
1779088228549838	204	154
1779088228549838	204	162
1779088228549839	204	168
1779088228549839	204	171
1779088228549840	204	177
1779088228549840	204	180
1779088228549841	204	187
1779088228549841	204	205
1779088228560133	204	217
1779088228560134	204	234
1779088228560135	204	237
1779088228560135	204	244
1779088228560136	204	251
1779088228560136	204	254
1779088228560137	204	261
1779088228560137	204	264
1779088228560138	204	270
1779088228560138	204	289
1779088228570522	204	140
1779088228570524	204	158
1779088228570524	204	166
1779088228570525	204	172
1779088228570525	204	178
1779088228570526	204	181
1779088228570526	204	183
1779088228570527	204	190
1779088228570527	204	197
1779088228570528	204	216
1779088228570528	204	219
1779088228579841	204	135
1779088228579843	204	151
1779088228579843	204	157
1779088228579844	204	159
1779088228579844	204	178
1779088228579845	204	181
1779088228579845	204	186
1779088228579846	204	192
1779088228579846	204	212
1779088228590146	204	132
1779088228590148	204	147
1779088228590148	204	149
1779088228590149	204	155
1779088228590149	204	161
1779088228590150	204	168
1779088228590150	204	175
1779088228590151	204	178
1779088228590151	204	196
1779088228590152	204	199
1779088228600436	204	149
1779088228600437	204	164
1779088228600438	204	170
1779088228600438	204	175
1779088228600439	204	184
1779088228600439	204	190
1779088228600440	204	192
1779088228600440	204	195
1779088228600441	204	197
1779088228600442	204	211
1779088228600442	204	214
1779088228609759	204	160
1779088228609760	204	175
1779088228609761	204	177
1779088228609762	204	196
1779088228609762	204	198
1779088228609763	204	201
1779088228609764	204	207
1779088228609765	204	214
1779088228609766	204	236
1779088228620083	204	125
1779088228620084	204	134
1779088228620085	204	139
1779088228620086	204	142
1779088228620086	204	147
1779088228620087	204	156
1779088228620087	204	162
1779088228620087	204	164
1779088228620088	204	182
1779088228620089	204	186
1779088228630353	204	143
1779088228630354	204	156
1779088228630355	204	160
1779088228630356	204	163
1779088228630356	204	165
1779088228630356	204	166
1779088228630357	204	175
1779088228630357	204	179
1779088228630358	204	181
1779088228630358	204	182
1779088228630359	204	193
1779088228640635	204	185
1779088228640636	204	195
1779088228640637	204	196
1779088228640638	204	200
1779088228640639	204	203
1779088228640639	204	214
1779088228640641	204	215
1779088228640641	204	216
1779088228640642	204	220
1779088228640643	204	228
1779088228649963	204	160
1779088228649965	204	175
1779088228649965	204	177
1779088228649966	204	180
1779088228649966	204	182
1779088228649967	204	182
1779088228649968	204	186
1779088228649968	204	198
1779088228649969	204	199
1779088228660243	204	141
1779088228660244	204	153
1779088228660245	204	156
1779088228660245	204	163
1779088228660246	204	165
1779088228660246	204	168
1779088228660247	204	188
1779088228660247	204	195
1779088228660248	204	196
1779088228660248	204	213
1779088228660249	204	215
1779088228670532	204	100
1779088228670533	204	106
1779088228670533	204	110
1779088228670534	204	114
1779088228670534	204	115
1779088228670535	204	123
1779088228670535	204	127
1779088228670536	204	128
1779088228670536	204	150
1779088228670537	204	152
1779088228679763	204	129
1779088228679764	204	138
1779088228679764	204	140
1779088228679765	204	145
1779088228679765	204	148
1779088228679766	204	152
1779088228679766	204	158
1779088228679767	204	162
1779088228679767	204	163
1779088228690006	204	143
1779088228690007	204	155
1779088228690008	204	159
1779088228690008	204	160
1779088228690009	204	171
1779088228690009	204	172
1779088228690010	204	176
1779088228690010	204	183
1779088228690011	204	186
1779088228690011	204	205
1779088228700289	204	108
1779088228700289	204	115
1779088228700290	204	119
1779088228700290	204	127
1779088228700291	204	133
1779088228700291	204	135
1779088228700292	204	141
1779088228700292	204	142
1779088228700293	204	148
1779088228700293	204	152
1779088228700294	204	172
1779088228710546	204	140
1779088228710547	204	154
1779088228710547	204	157
1779088228710548	204	161
1779088228710548	204	164
1779088228710549	204	173
1779088228710549	204	177
1779088228710550	204	178
1779088228710550	204	198
1779088228710551	204	200
1779088228719844	204	221
1779088228719846	204	231
1779088228719847	204	240
1779088228719848	204	246
1779088228719849	204	248
1779088228719850	204	250
1779088228719850	204	253
1779088228719851	204	255
1779088228719852	204	270
1779088228730206	204	149
1779088228730207	204	164
1779088228730208	204	172
1779088228730208	204	179
1779088228730209	204	186
1779088228730210	204	188
1779088228730210	204	193
1779088228730211	204	195
1779088228730211	204	198
1779088228730212	204	212
1779088228730212	204	214
1779088228740510	204	167
1779088228740511	204	181
1779088228740512	204	185
1779088228740512	204	192
1779088228740513	204	195
1779088228740513	204	201
1779088228740514	204	207
1779088228740514	204	209
1779088228740515	204	226
1779088228740515	204	239
1779088228749830	204	130
1779088228749831	204	149
1779088228749831	204	152
1779088228749832	204	159
1779088228749832	204	166
1779088228749833	204	183
1779088228749833	204	187
1779088228749834	204	194
1779088228749834	204	208
1779088228760127	204	141
1779088228760128	204	161
1779088228760129	204	164
1779088228760129	204	171
1779088228760130	204	185
1779088228760130	204	188
1779088228760130	204	194
1779088228760131	204	196
1779088228760131	204	199
1779088228760132	204	200
1779088228770412	204	156
1779088228770414	204	176
1779088228770414	204	183
1779088228770415	204	190
1779088228770415	204	196
1779088228770416	204	203
1779088228770416	204	209
1779088228770417	204	216
1779088228770417	204	222
1779088228770418	204	239
1779088228770418	204	243
1779088228779737	204	119
1779088228779738	204	136
1779088228779739	204	139
1779088228779739	204	145
1779088228779740	204	152
1779088228779740	204	155
1779088228779741	204	157
1779088228779741	204	159
1779088228779742	204	172
1779088228789999	204	163
1779088228790001	204	184
1779088228790001	204	188
1779088228790002	204	191
1779088228790002	204	198
1779088228790002	204	207
1779088228790003	204	213
1779088228790003	204	216
1779088228790004	204	222
1779088228790004	204	239
1779088228800329	204	206
1779088228800330	204	288
1779088228800331	204	304
1779088228800332	204	309
1779088228800332	204	315
1779088228800333	204	321
1779088228800334	204	327
1779088228800335	204	333
1779088228800336	204	334
1779088228800336	204	348
1779088228800337	204	372
1779088228809790	204	123
1779088228809791	204	136
1779088228809792	204	137
1779088228809792	204	141
1779088228809793	204	144
1779088228809793	204	158
1779088228809794	204	159
1779088228809794	204	160
1779088228809795	204	172
1779088228820045	204	137
1779088228820046	204	150
1779088228820046	204	151
1779088228820047	204	155
1779088228820047	204	156
1779088228820048	204	158
1779088228820048	204	159
1779088228820049	204	160
1779088228820049	204	164
1779088228820050	204	172
1779088228830302	204	128
1779088228830302	204	141
1779088228830303	204	143
1779088228830303	204	145
1779088228830304	204	149
1779088228830304	204	153
1779088228830304	204	157
1779088228830305	204	159
1779088228830305	204	160
1779088228830306	204	164
1779088228830306	204	175
1779088228840560	204	131
1779088228840561	204	142
1779088228840562	204	146
1779088228840562	204	149
1779088228840563	204	153
1779088228840563	204	154
1779088228840564	204	156
1779088228840564	204	159
1779088228840565	204	160
1779088228840565	204	168
1779088228849816	204	118
1779088228849817	204	136
1779088228849818	204	140
1779088228849818	204	144
1779088228849819	204	147
1779088228849820	204	158
1779088228849820	204	162
1779088228849821	204	163
1779088228849821	204	164
1779088228860063	204	126
1779088228860064	204	138
1779088228860064	204	142
1779088228860065	204	146
1779088228860065	204	148
1779088228860066	204	155
1779088228860066	204	160
1779088228860066	204	161
1779088228860067	204	163
1779088228860067	204	164
1779088228870309	204	138
1779088228870310	204	150
1779088228870311	204	154
1779088228870311	204	155
1779088228870312	204	159
1779088228870312	204	162
1779088228870313	204	163
1779088228870313	204	167
1779088228870314	204	177
1779088228870314	204	179
1779088228870315	204	180
1779088228880572	204	188
1779088228880573	204	265
1779088228880574	204	282
1779088228880574	204	284
1779088228880575	204	287
1779088228880575	204	291
1779088228880576	204	295
1779088228880577	204	299
1779088228880577	204	301
1779088228880578	204	327
1779088228889993	204	153
1779088228889995	204	167
1779088228889996	204	171
1779088228889997	204	172
1779088228889997	204	173
1779088228889997	204	174
1779088228889998	204	177
1779088228889998	204	188
1779088228889999	204	190
1779088228900274	204	145
1779088228900275	204	158
1779088228900276	204	162
1779088228900276	204	166
1779088228900277	204	170
1779088228900277	204	173
1779088228900278	204	176
1779088228900278	204	180
1779088228900279	204	190
1779088228900279	204	194
1779088228900280	204	202
1779088228910559	204	98
1779088228910560	204	118
1779088228910561	204	122
1779088228910561	204	123
1779088228910561	204	124
1779088228910562	204	128
1779088228910563	204	131
1779088228910563	204	134
1779088228910563	204	144
1779088228910564	204	145
1779088228919792	204	129
1779088228919793	204	140
1779088228919794	204	142
1779088228919795	204	146
1779088228919795	204	161
1779088228919795	204	164
1779088228919796	204	165
1779088228919796	204	175
1779088228919797	204	176
1779088228930063	204	190
1779088228930065	204	207
1779088228930066	204	208
1779088228930066	204	213
1779088228930067	204	227
1779088228930067	204	228
1779088228930068	204	233
1779088228930068	204	242
1779088228930069	204	243
1779088228930077	204	240
1779088228940396	204	134
1779088228940397	204	145
1779088228940398	204	149
1779088228940398	204	153
1779088228940399	204	163
1779088228940399	204	168
1779088228940400	204	172
1779088228940400	204	173
1779088228940401	204	177
1779088228940401	204	182
1779088228940402	204	190
1779088228950672	204	137
1779088228950673	204	149
1779088228950674	204	160
1779088228950674	204	163
1779088228950675	204	170
1779088228950675	204	175
1779088228950676	204	189
1779088228950676	204	193
1779088228950677	204	213
1779088228950677	204	217
1779088228959968	204	141
1779088228959969	204	154
1779088228959970	204	158
1779088228959970	204	160
1779088228959970	204	161
1779088228959971	204	168
1779088228959972	204	172
1779088228959972	204	173
1779088228959972	204	186
1779088228970246	204	161
1779088228970247	204	176
1779088228970247	204	180
1779088228970248	204	181
1779088228970248	204	182
1779088228970249	204	183
1779088228970250	204	186
1779088228970250	204	188
1779088228970251	204	191
1779088228970251	204	192
1779088228970252	204	202
1779088228980534	204	146
1779088228980535	204	157
1779088228980536	204	166
1779088228980536	204	170
1779088228980536	204	174
1779088228980537	204	182
1779088228980537	204	186
1779088228980538	204	187
1779088228980538	204	191
1779088228980539	204	198
1779088228989811	204	94
1779088228989812	204	104
1779088228989813	204	105
1779088228989813	204	107
1779088228989814	204	111
1779088228989814	204	114
1779088228989814	204	118
1779088228989815	204	136
1779088228989815	204	138
1779088229000046	204	152
1779088229000048	204	168
1779088229000048	204	171
1779088229000049	204	173
1779088229000049	204	176
1779088229000050	204	186
1779088229000050	204	189
1779088229000051	204	190
1779088229000051	204	191
1779088229000052	204	198
1779088229010336	204	197
1779088229010338	204	219
1779088229010338	204	224
1779088229010339	204	234
1779088229010339	204	236
1779088229010340	204	240
1779088229010340	204	242
1779088229010341	204	246
1779088229010341	204	250
1779088229010342	204	260
1779088229010342	204	263
1779088229020686	204	162
1779088229020687	204	174
1779088229020688	204	185
1779088229020688	204	187
1779088229020689	204	188
1779088229020689	204	193
1779088229020690	204	194
1779088229020690	204	195
1779088229020691	204	197
1779088229020691	204	198
1779088229029981	204	183
1779088229029982	204	200
1779088229029983	204	206
1779088229029983	204	210
1779088229029984	204	211
1779088229029984	204	214
1779088229029985	204	226
1779088229029985	204	227
1779088229029986	204	228
1779088229040294	204	195
1779088229040296	204	204
1779088229040296	204	205
1779088229040297	204	205
1779088229040298	204	209
1779088229040299	204	213
1779088229040299	204	224
1779088229040300	204	231
1779088229040301	204	237
1779088229040301	204	244
1779088229040302	204	257
1779088229050643	204	158
1779088229050644	204	170
1779088229050645	204	174
1779088229050645	204	177
1779088229050646	204	181
1779088229050646	204	185
1779088229050647	204	192
1779088229050647	204	196
1779088229050647	204	197
1779088229050648	204	198
1779088229059931	204	184
1779088229059932	204	197
1779088229059933	204	202
1779088229059933	204	209
1779088229059934	204	211
1779088229059934	204	215
1779088229059935	204	222
1779088229059935	204	226
1779088229059936	204	227
1779088229070246	204	125
1779088229070247	204	135
1779088229070248	204	140
1779088229070248	204	143
1779088229070249	204	147
1779088229070249	204	148
1779088229070250	204	159
1779088229070250	204	160
1779088229070251	204	164
1779088229070251	204	167
1779088229070252	204	176
1779088229080513	204	175
1779088229080515	204	189
1779088229080515	204	190
1779088229080516	204	196
1779088229080516	204	199
1779088229080516	204	200
1779088229080517	204	204
1779088229080518	204	207
1779088229080518	204	208
1779088229080519	204	216
1779088229089818	204	179
1779088229089819	204	192
1779088229089820	204	196
1779088229089820	204	207
1779088229089821	204	212
1779088229089821	204	218
1779088229089822	204	222
1779088229089822	204	223
1779088229089823	204	236
1779088229100137	204	169
1779088229100138	204	181
1779088229100138	204	185
1779088229100139	204	187
1779088229100139	204	191
1779088229100140	204	192
1779088229100140	204	201
1779088229100141	204	205
1779088229100141	204	206
1779088229100141	204	213
1779088229110446	204	226
1779088229110447	204	242
1779088229110448	204	248
1779088229110448	204	249
1779088229110449	204	251
1779088229110449	204	255
1779088229110450	204	271
1779088229110450	204	276
1779088229110451	204	277
1779088229110451	204	290
1779088229110452	204	291
1779088229119822	204	143
1779088229119823	204	156
1779088229119823	204	160
1779088229119824	204	161
1779088229119824	204	164
1779088229119825	204	166
1779088229119825	204	167
1779088229119826	204	170
1779088229119826	204	178
1779088229130100	204	187
1779088229130102	204	202
1779088229130102	204	206
1779088229130103	204	207
1779088229130103	204	211
1779088229130104	204	215
1779088229130104	204	216
1779088229130105	204	227
1779088229130105	204	229
1779088229130106	204	230
1779088229140420	204	171
1779088229140421	204	187
1779088229140422	204	189
1779088229140422	204	192
1779088229140423	204	194
1779088229140423	204	197
1779088229140424	204	198
1779088229140424	204	200
1779088229140425	204	201
1779088229140425	204	204
1779088229140426	204	212
1779088229149727	204	149
1779088229149729	204	166
1779088229149729	204	169
1779088229149730	204	170
1779088229149730	204	171
1779088229149731	204	175
1779088229149732	204	180
1779088229149732	204	181
1779088229149733	204	193
1779088229160007	204	129
1779088229160008	204	141
1779088229160008	204	142
1779088229160009	204	146
1779088229160009	204	155
1779088229160010	204	156
1779088229160010	204	160
1779088229160011	204	161
1779088229160011	204	165
1779088229160012	204	172
1779088229170264	204	149
1779088229170265	204	162
1779088229170265	204	166
1779088229170266	204	170
1779088229170266	204	175
1779088229170267	204	178
1779088229170267	204	182
1779088229170268	204	194
1779088229170268	204	196
1779088229170269	204	197
1779088229170269	204	201
1779088229180547	204	147
1779088229180548	204	156
1779088229180548	204	160
1779088229180549	204	161
1779088229180549	204	165
1779088229180550	204	166
1779088229180550	204	169
1779088229180551	204	173
1779088229180551	204	176
1779088229180552	204	184
1779088229189819	204	167
1779088229189820	204	182
1779088229189821	204	186
1779088229189821	204	187
1779088229189822	204	190
1779088229189822	204	194
1779088229189823	204	195
1779088229189823	204	197
1779088229189824	204	207
1779088229200105	204	115
1779088229200105	204	125
1779088229200106	204	129
1779088229200106	204	133
1779088229200107	204	137
1779088229200107	204	138
1779088229200108	204	144
1779088229200108	204	148
1779088229200109	204	150
1779088229200109	204	151
1779088229210339	204	172
1779088229210340	204	183
1779088229210340	204	188
1779088229210341	204	190
1779088229210341	204	194
1779088229210342	204	198
1779088229210342	204	202
1779088229210343	204	206
1779088229210343	204	217
1779088229210344	204	221
1779088229210344	204	232
1779088229220659	204	171
1779088229220661	204	184
1779088229220661	204	192
1779088229220662	204	193
1779088229220662	204	195
1779088229220663	204	198
1779088229220663	204	200
1779088229220664	204	201
1779088229220664	204	202
1779088229220664	204	209
1779088229229957	204	98
1779088229229958	204	108
1779088229229959	204	126
1779088229229959	204	130
1779088229229959	204	134
1779088229229960	204	135
1779088229229960	204	139
1779088229229961	204	142
1779088229229961	204	152
1779088229240274	204	195
1779088229240275	204	212
1779088229240276	204	214
1779088229240277	204	218
1779088229240277	204	219
1779088229240278	204	220
1779088229240279	204	221
1779088229240279	204	225
1779088229240280	204	229
1779088229240281	204	238
1779088229240282	204	240
1779088229250608	204	198
1779088229250609	204	215
1779088229250610	204	220
1779088229250610	204	222
1779088229250611	204	226
1779088229250611	204	239
1779088229250611	204	244
1779088229250612	204	245
1779088229250612	204	247
1779088229250613	204	248
1779088229259963	204	179
1779088229259965	204	203
1779088229259966	204	211
1779088229259966	204	214
1779088229259966	204	221
1779088229259967	204	223
1779088229259968	204	229
1779088229259968	204	231
1779088229259969	204	247
1779088229270309	204	189
1779088229270310	204	206
1779088229270311	204	207
1779088229270312	204	208
1779088229270312	204	212
1779088229270313	204	216
1779088229270313	204	217
1779088229270314	204	220
1779088229270315	204	221
1779088229270315	204	225
1779088229270316	204	239
1779088229280648	204	204
1779088229280650	204	220
1779088229280651	204	227
1779088229280652	204	234
1779088229280652	204	236
1779088229280653	204	238
1779088229280654	204	244
1779088229280655	204	249
1779088229280655	204	252
1779088229280656	204	269
1779088229290009	204	180
1779088229290010	204	195
1779088229290011	204	200
1779088229290011	204	201
1779088229290012	204	206
1779088229290012	204	210
1779088229290013	204	222
1779088229290013	204	224
1779088229290014	204	225
1779088229300328	204	217
1779088229300329	204	233
1779088229300330	204	235
1779088229300330	204	239
1779088229300331	204	241
1779088229300331	204	246
1779088229300332	204	250
1779088229300332	204	251
1779088229300333	204	255
1779088229300334	204	265
1779088229300334	204	266
1779088229310687	204	179
1779088229310688	204	194
1779088229310689	204	198
1779088229310689	204	201
1779088229310690	204	205
1779088229310690	204	209
1779088229310691	204	210
1779088229310691	204	214
1779088229310692	204	216
1779088229310692	204	228
1779088229320023	204	269
1779088229320025	204	286
1779088229320026	204	291
1779088229320026	204	295
1779088229320027	204	297
1779088229320028	204	298
1779088229320028	204	302
1779088229320029	204	312
1779088229320029	204	313
1779088229330444	204	261
1779088229330445	204	279
1779088229330446	204	281
1779088229330446	204	295
1779088229330447	204	300
1779088229330447	204	302
1779088229330447	204	304
1779088229330448	204	309
1779088229330448	204	317
1779088229330448	204	326
1779088229330449	204	327
1779088229339862	204	198
1779088229339863	204	208
1779088229339863	204	213
1779088229339864	204	216
1779088229339864	204	218
1779088229339865	204	222
1779088229339865	204	225
1779088229339866	204	227
1779088229339866	204	235
1779088229350194	204	221
1779088229350196	204	244
1779088229350197	204	248
1779088229350197	204	250
1779088229350198	204	254
1779088229350198	204	258
1779088229350199	204	262
1779088229350199	204	263
1779088229350200	204	277
1779088229350200	204	279
1779088229360568	204	246
1779088229360569	204	264
1779088229360570	204	274
1779088229360570	204	281
1779088229360571	204	288
1779088229360571	204	296
1779088229360571	204	300
1779088229360572	204	302
1779088229360572	204	306
1779088229360573	204	308
1779088229360574	204	324
1779088229370003	204	237
1779088229370005	204	251
1779088229370005	204	255
1779088229370006	204	256
1779088229370006	204	260
1779088229370007	204	261
1779088229370007	204	262
1779088229370008	204	264
1779088229370008	204	277
1779088229380370	204	179
1779088229380371	204	192
1779088229380372	204	194
1779088229380372	204	197
1779088229380373	204	199
1779088229380373	204	200
1779088229380373	204	204
1779088229380374	204	212
1779088229380374	204	215
1779088229380375	204	216
1779088229380376	204	217
1779088229390668	204	114
1779088229390669	204	124
1779088229390670	204	127
1779088229390670	204	131
1779088229390671	204	135
1779088229390671	204	143
1779088229390672	204	144
1779088229390672	204	148
1779088229390672	204	149
1779088229390673	204	150
1779088229399912	204	211
1779088229399913	204	226
1779088229399913	204	229
1779088229399914	204	244
1779088229399914	204	248
1779088229399915	204	250
1779088229399915	204	251
1779088229399916	204	255
1779088229399916	204	265
1779088229410272	204	220
1779088229410273	204	237
1779088229410274	204	241
1779088229410274	204	252
1779088229410275	204	254
1779088229410275	204	257
1779088229410276	204	259
1779088229410276	204	266
1779088229410277	204	270
1779088229410277	204	293
1779088229410278	204	295
1779088229420651	204	158
1779088229420652	204	168
1779088229420653	204	178
1779088229420653	204	182
1779088229420654	204	185
1779088229420654	204	187
1779088229420655	204	188
1779088229420655	204	189
1779088229420656	204	198
1779088229420656	204	199
1779088229429934	204	197
1779088229429935	204	218
1779088229429936	204	222
1779088229429936	204	227
1779088229429937	204	228
1779088229429937	204	232
1779088229429937	204	236
1779088229429938	204	237
1779088229429938	204	250
1779088229440267	204	122
1779088229440268	204	133
1779088229440269	204	137
1779088229440269	204	138
1779088229440270	204	142
1779088229440270	204	145
1779088229440271	204	148
1779088229440271	204	157
1779088229440271	204	159
1779088229440272	204	162
1779088229440273	204	169
1779088229450522	204	146
1779088229450523	204	160
1779088229450524	204	161
1779088229450524	204	163
1779088229450525	204	166
1779088229450525	204	169
1779088229450526	204	173
1779088229450526	204	177
1779088229450527	204	180
1779088229450527	204	191
1779088229459799	204	172
1779088229459800	204	184
1779088229459801	204	185
1779088229459801	204	189
1779088229459802	204	193
1779088229459802	204	195
1779088229459803	204	196
1779088229459803	204	205
1779088229459803	204	206
1779088229470086	204	104
1779088229470087	204	114
1779088229470087	204	115
1779088229470088	204	119
1779088229470089	204	123
1779088229470090	204	126
1779088229470090	204	129
1779088229470091	204	137
1779088229470091	204	141
1779088229470092	204	148
1779088229480321	204	155
1779088229480322	204	169
1779088229480323	204	174
1779088229480323	204	177
1779088229480324	204	180
1779088229480324	204	182
1779088229480325	204	185
1779088229480325	204	189
1779088229480326	204	192
1779088229480326	204	193
1779088229480327	204	202
1779088229490609	204	186
1779088229490610	204	199
1779088229490611	204	210
1779088229490611	204	212
1779088229490612	204	216
1779088229490612	204	223
1779088229490613	204	231
1779088229490613	204	233
1779088229490613	204	240
1779088229490614	204	244
1779088229499934	204	151
1779088229499935	204	159
1779088229499935	204	164
1779088229499936	204	167
1779088229499936	204	171
1779088229499937	204	178
1779088229499937	204	182
1779088229499938	204	184
1779088229499938	204	185
1779088229510205	204	162
1779088229510206	204	178
1779088229510207	204	182
1779088229510207	204	185
1779088229510208	204	189
1779088229510208	204	191
1779088229510209	204	195
1779088229510209	204	196
1779088229510210	204	197
1779088229510210	204	208
1779088229510211	204	209
1779088229520502	204	172
1779088229520504	204	188
1779088229520504	204	190
1779088229520505	204	193
1779088229520505	204	202
1779088229520506	204	206
1779088229520506	204	207
1779088229520507	204	210
1779088229520507	204	218
1779088229520508	204	219
1779088229529809	204	176
1779088229529811	204	189
1779088229529811	204	193
1779088229529812	204	197
1779088229529812	204	200
1779088229529813	204	203
1779088229529813	204	207
1779088229529814	204	210
1779088229529814	204	222
1779088229540120	204	213
1779088229540122	204	228
1779088229540122	204	233
1779088229540123	204	237
1779088229540123	204	242
1779088229540124	204	243
1779088229540124	204	247
1779088229540125	204	249
1779088229540125	204	259
1779088229540126	204	261
1779088229550462	204	120
1779088229550463	204	133
1779088229550464	204	135
1779088229550464	204	138
1779088229550465	204	142
1779088229550465	204	145
1779088229550465	204	149
1779088229550466	204	152
1779088229550466	204	154
1779088229550467	204	155
1779088229550468	204	165
1779088229559710	204	154
1779088229559711	204	168
1779088229559711	204	170
1779088229559712	204	174
1779088229559712	204	176
1779088229559713	204	177
1779088229559713	204	181
1779088229559714	204	197
1779088229559714	204	207
1779088229570008	204	199
1779088229570009	204	217
1779088229570010	204	220
1779088229570011	204	226
1779088229570012	204	232
1779088229570012	204	235
1779088229570013	204	241
1779088229570014	204	244
1779088229570015	204	246
1779088229570015	204	266
1779088229580371	204	153
1779088229580372	204	167
1779088229580373	204	171
1779088229580374	204	172
1779088229580374	204	177
1779088229580375	204	178
1779088229580375	204	182
1779088229580375	204	185
1779088229580376	204	188
1779088229580376	204	198
1779088229580377	204	200
1779088229590662	204	176
1779088229590663	204	196
1779088229590664	204	201
1779088229590664	204	202
1779088229590665	204	203
1779088229590665	204	204
1779088229590666	204	206
1779088229590666	204	207
1779088229590667	204	208
1779088229590667	204	216
1779088229599976	204	146
1779088229599977	204	160
1779088229599978	204	164
1779088229599978	204	165
1779088229599979	204	169
1779088229599979	204	170
1779088229599980	204	174
1779088229599980	204	177
1779088229599981	204	186
1779088229610254	204	148
1779088229610256	204	160
1779088229610256	204	165
1779088229610257	204	168
1779088229610257	204	170
1779088229610258	204	173
1779088229610259	204	174
1779088229610259	204	184
1779088229610259	204	185
1779088229610260	204	186
1779088229610261	204	187
1779088229620530	204	162
1779088229620532	204	173
1779088229620532	204	179
1779088229620533	204	180
1779088229620533	204	183
1779088229620534	204	185
1779088229620534	204	186
1779088229620535	204	195
1779088229620535	204	198
1779088229620536	204	207
1779088229629816	204	96
1779088229629817	204	105
1779088229629817	204	109
1779088229629818	204	113
1779088229629818	204	116
1779088229629819	204	137
1779088229629819	204	139
1779088229629820	204	142
1779088229629820	204	143
1779088229640045	204	154
1779088229640046	204	167
1779088229640047	204	168
1779088229640047	204	170
1779088229640048	204	171
1779088229640048	204	172
1779088229640049	204	176
1779088229640049	204	180
1779088229640050	204	183
1779088229640050	204	191
1779088229650323	204	184
1779088229650325	204	207
1779088229650326	204	213
1779088229650327	204	219
1779088229650327	204	221
1779088229650328	204	227
1779088229650329	204	229
1779088229650330	204	231
1779088229650330	204	233
1779088229650331	204	235
1779088229650332	204	261
1779088229660681	204	147
1779088229660683	204	157
1779088229660683	204	161
1779088229660684	204	165
1779088229660684	204	168
1779088229660685	204	171
1779088229660685	204	173
1779088229660686	204	176
1779088229660686	204	177
1779088229660687	204	187
1779088229669955	204	130
1779088229669956	204	142
1779088229669957	204	143
1779088229669957	204	147
1779088229669958	204	158
1779088229669958	204	160
1779088229669958	204	164
1779088229669959	204	167
1779088229669959	204	174
1779088229680207	204	109
1779088229680208	204	119
1779088229680208	204	123
1779088229680209	204	124
1779088229680209	204	128
1779088229680210	204	137
1779088229680210	204	141
1779088229680211	204	144
1779088229680211	204	152
1779088229680212	204	155
1779088229680212	204	162
1779088229690448	204	127
1779088229690449	204	138
1779088229690450	204	140
1779088229690450	204	143
1779088229690451	204	144
1779088229690451	204	146
1779088229690452	204	149
1779088229690452	204	153
1779088229690453	204	162
1779088229690453	204	164
1779088229699693	204	129
1779088229699694	204	137
1779088229699694	204	141
1779088229699695	204	146
1779088229699695	204	155
1779088229699696	204	157
1779088229699696	204	158
1779088229699697	204	161
1779088229699697	204	162
1779088229709938	204	141
1779088229709939	204	162
1779088229709940	204	167
1779088229709940	204	172
1779088229709941	204	173
1779088229709941	204	175
1779088229709942	204	176
1779088229709942	204	180
1779088229709943	204	182
1779088229709943	204	194
1779088229720222	204	139
1779088229720224	204	152
1779088229720224	204	156
1779088229720225	204	159
1779088229720225	204	163
1779088229720226	204	166
1779088229720226	204	178
1779088229720227	204	180
1779088229720227	204	184
1779088229720228	204	185
1779088229720228	204	191
1779088229730501	204	140
1779088229730502	204	163
1779088229730503	204	167
1779088229730503	204	168
1779088229730504	204	172
1779088229730504	204	173
1779088229730505	204	176
1779088229730505	204	187
1779088229730506	204	188
1779088229730506	204	190
1779088229739770	204	98
1779088229739770	204	104
1779088229739771	204	105
1779088229739771	204	109
1779088229739772	204	112
1779088229739773	204	121
1779088229739773	204	125
1779088229739773	204	126
1779088229739774	204	133
1779088229749982	204	135
1779088229749983	204	144
1779088229749984	204	151
1779088229749984	204	158
1779088229749985	204	159
1779088229749985	204	161
1779088229749986	204	167
1779088229749987	204	172
1779088229749987	204	175
1779088229749988	204	190
1779088229760255	204	115
1779088229760256	204	126
1779088229760257	204	129
1779088229760257	204	131
1779088229760258	204	133
1779088229760258	204	139
1779088229760259	204	145
1779088229760259	204	148
1779088229760260	204	150
1779088229760260	204	155
1779088229760261	204	167
1779088229770510	204	127
1779088229770511	204	136
1779088229770512	204	143
1779088229770512	204	145
1779088229770513	204	147
1779088229770513	204	152
1779088229770514	204	154
1779088229770514	204	161
1779088229770515	204	167
1779088229770515	204	184
1779088229779779	204	127
1779088229779780	204	141
1779088229779781	204	143
1779088229779781	204	145
1779088229779782	204	150
1779088229779782	204	153
1779088229779783	204	159
1779088229779783	204	161
1779088229779784	204	185
1779088229790045	204	120
1779088229790046	204	130
1779088229790046	204	137
1779088229790047	204	143
1779088229790047	204	145
1779088229790048	204	148
1779088229790048	204	154
1779088229790049	204	168
1779088229790049	204	171
1779088229790050	204	173
1779088229800300	204	123
1779088229800301	204	136
1779088229800302	204	142
1779088229800302	204	144
1779088229800303	204	150
1779088229800303	204	153
1779088229800304	204	159
1779088229800304	204	165
1779088229800305	204	171
1779088229800305	204	185
1779088229800306	204	187
1779088229810573	204	138
1779088229810574	204	148
1779088229810574	204	155
1779088229810575	204	160
1779088229810575	204	166
1779088229810576	204	168
1779088229810576	204	171
1779088229810577	204	176
1779088229810577	204	192
1779088229810578	204	194
1779088229819851	204	121
1779088229819852	204	136
1779088229819852	204	142
1779088229819853	204	144
1779088229819853	204	146
1779088229819853	204	153
1779088229819854	204	155
1779088229819854	204	157
1779088229819855	204	170
1779088229830102	204	123
1779088229830103	204	137
1779088229830104	204	143
1779088229830104	204	157
1779088229830105	204	164
1779088229830105	204	167
1779088229830105	204	173
1779088229830106	204	180
1779088229830106	204	187
1779088229830107	204	206
1779088229840394	204	115
1779088229840395	204	129
1779088229840396	204	135
1779088229840396	204	137
1779088229840397	204	143
1779088229840398	204	145
1779088229840398	204	151
1779088229840399	204	153
1779088229840399	204	168
1779088229840400	204	171
1779088229840400	204	173
1779088229850653	204	129
1779088229850654	204	144
1779088229850655	204	150
1779088229850656	204	155
1779088229850656	204	158
1779088229850657	204	160
1779088229850657	204	162
1779088229850657	204	177
1779088229850658	204	179
1779088229850658	204	181
1779088229859923	204	150
1779088229859924	204	165
1779088229859924	204	170
1779088229859925	204	175
1779088229859925	204	183
1779088229859926	204	186
1779088229859926	204	188
1779088229859927	204	202
1779088229859927	204	205
1779088229870212	204	128
1779088229870213	204	143
1779088229870213	204	150
1779088229870214	204	152
1779088229870214	204	159
1779088229870214	204	167
1779088229870215	204	173
1779088229870215	204	176
1779088229870216	204	178
1779088229870216	204	195
1779088229870217	204	198
1779088229880501	204	152
1779088229880502	204	168
1779088229880503	204	174
1779088229880503	204	176
1779088229880503	204	181
1779088229880504	204	184
1779088229880504	204	186
1779088229880505	204	188
1779088229880505	204	190
1779088229880506	204	204
1779088229889810	204	215
1779088229889813	204	228
1779088229889814	204	234
1779088229889814	204	235
1779088229889815	204	242
1779088229889816	204	273
1779088229889817	204	276
1779088229889817	204	283
1779088229889818	204	304
1779088229900202	204	179
1779088229900203	204	191
1779088229900204	204	194
1779088229900205	204	195
1779088229900205	204	201
1779088229900205	204	203
1779088229900206	204	210
1779088229900206	204	212
1779088229900207	204	214
1779088229900208	204	221
1779088229900208	204	235
1779088229910531	204	198
1779088229910532	204	224
1779088229910533	204	231
1779088229910533	204	236
1779088229910534	204	242
1779088229910534	204	244
1779088229910535	204	249
1779088229910535	204	255
1779088229910536	204	279
1779088229910536	204	282
1779088229919901	204	122
1779088229919902	204	133
1779088229919903	204	134
1779088229919903	204	135
1779088229919904	204	139
1779088229919904	204	143
1779088229919905	204	144
1779088229919905	204	152
1779088229919906	204	154
1779088229930139	204	149
1779088229930141	204	160
1779088229930141	204	164
1779088229930142	204	165
1779088229930142	204	166
1779088229930143	204	178
1779088229930143	204	182
1779088229930144	204	183
1779088229930144	204	184
1779088229930145	204	197
1779088229940428	204	165
1779088229940429	204	175
1779088229940429	204	177
1779088229940430	204	180
1779088229940430	204	184
1779088229940431	204	189
1779088229940431	204	192
1779088229940432	204	194
1779088229940432	204	197
1779088229940433	204	198
1779088229940433	204	210
1779088229949722	204	108
1779088229949723	204	120
1779088229949724	204	124
1779088229949724	204	127
1779088229949725	204	131
1779088229949725	204	134
1779088229949725	204	136
1779088229949726	204	139
1779088229949726	204	150
1779088229959967	204	149
1779088229959968	204	162
1779088229959968	204	164
1779088229959969	204	167
1779088229959969	204	169
1779088229959970	204	178
1779088229959970	204	180
1779088229959971	204	183
1779088229959971	204	184
1779088229959972	204	185
1779088229970236	204	177
1779088229970237	204	189
1779088229970238	204	190
1779088229970239	204	195
1779088229970239	204	205
1779088229970240	204	209
1779088229970241	204	225
1779088229970242	204	230
1779088229970243	204	256
1779088229970243	204	258
1779088229970244	204	260
1779088229980586	204	152
1779088229980587	204	166
1779088229980588	204	170
1779088229980588	204	173
1779088229980589	204	175
1779088229980589	204	176
1779088229980589	204	180
1779088229980590	204	190
1779088229980590	204	194
1779088229980591	204	195
1779088229989864	204	160
1779088229989865	204	172
1779088229989866	204	174
1779088229989866	204	177
1779088229989866	204	179
1779088229989867	204	180
1779088229989867	204	181
1779088229989868	204	184
1779088229989868	204	195
1779088230000140	204	107
1779088230000141	204	115
1779088230000141	204	118
1779088230000142	204	120
1779088230000142	204	121
1779088230000143	204	125
1779088230000143	204	129
1779088230000144	204	130
1779088230000144	204	137
1779088230000145	204	138
1779088230010374	204	180
1779088230010376	204	198
1779088230010376	204	200
1779088230010377	204	204
1779088230010378	204	211
1779088230010378	204	215
1779088230010379	204	218
1779088230010380	204	222
1779088230010381	204	224
1779088230010381	204	225
1779088230010382	204	239
1779088230019700	204	179
1779088230019701	204	193
1779088230019702	204	195
1779088230019702	204	202
1779088230019703	204	204
1779088230019703	204	208
1779088230019704	204	234
1779088230019704	204	236
1779088230019705	204	241
1779088230030032	204	138
1779088230030033	204	149
1779088230030033	204	153
1779088230030033	204	154
1779088230030034	204	156
1779088230030034	204	159
1779088230030035	204	161
1779088230030035	204	172
1779088230030036	204	181
1779088230030036	204	183
1779088230040312	204	179
1779088230040314	204	198
1779088230040314	204	202
1779088230040315	204	206
1779088230040315	204	209
1779088230040316	204	211
1779088230040317	204	214
1779088230040317	204	218
1779088230040317	204	228
1779088230040318	204	229
1779088230040319	204	230
1779088230050634	204	179
1779088230050635	204	194
1779088230050636	204	205
1779088230050636	204	209
1779088230050637	204	210
1779088230050637	204	217
1779088230050638	204	221
1779088230050638	204	233
1779088230050638	204	249
1779088230050639	204	257
1779088230059975	204	127
1779088230059976	204	137
1779088230059977	204	141
1779088230059977	204	149
1779088230059978	204	153
1779088230059978	204	160
1779088230059979	204	161
1779088230059979	204	165
1779088230059980	204	172
1779088230070230	204	148
1779088230070231	204	160
1779088230070231	204	162
1779088230070232	204	165
1779088230070232	204	168
1779088230070233	204	170
1779088230070233	204	180
1779088230070234	204	184
1779088230070234	204	185
1779088230070235	204	186
1779088230070235	204	188
1779088230080501	204	137
1779088230080502	204	149
1779088230080502	204	158
1779088230080503	204	160
1779088230080503	204	163
1779088230080504	204	165
1779088230080504	204	168
1779088230080505	204	172
1779088230080505	204	176
1779088230080506	204	183
1779088230089768	204	148
1779088230089769	204	159
1779088230089770	204	160
1779088230089770	204	164
1779088230089771	204	168
1779088230089771	204	172
1779088230089772	204	184
1779088230089772	204	195
1779088230089772	204	197
1779088230100044	204	152
1779088230100045	204	161
1779088230100045	204	165
1779088230100046	204	166
1779088230100046	204	170
1779088230100047	204	173
1779088230100047	204	177
1779088230100048	204	188
1779088230100048	204	192
1779088230100049	204	194
1779088230110325	204	149
1779088230110326	204	163
1779088230110327	204	168
1779088230110327	204	171
1779088230110328	204	175
1779088230110328	204	179
1779088230110329	204	183
1779088230110329	204	184
1779088230110330	204	187
1779088230110330	204	198
1779088230110335	204	195
1779088230120605	204	138
1779088230120606	204	149
1779088230120607	204	157
1779088230120607	204	160
1779088230120608	204	162
1779088230120608	204	168
1779088230120609	204	170
1779088230120609	204	174
1779088230120610	204	182
1779088230120610	204	186
1779088230129872	204	169
1779088230129874	204	180
1779088230129874	204	192
1779088230129875	204	206
1779088230129876	204	209
1779088230129876	204	212
1779088230129877	204	225
1779088230129878	204	231
1779088230129879	204	252
1779088230140224	204	127
1779088230140225	204	137
1779088230140226	204	142
1779088230140226	204	143
1779088230140227	204	146
1779088230140227	204	150
1779088230140228	204	153
1779088230140228	204	157
1779088230140229	204	161
1779088230140229	204	162
1779088230140230	204	170
1779088230150484	204	149
1779088230150486	204	159
1779088230150486	204	164
1779088230150487	204	166
1779088230150487	204	167
1779088230150488	204	169
1779088230150488	204	172
1779088230150489	204	176
1779088230150489	204	186
1779088230150490	204	188
1779088230159760	204	124
1779088230159761	204	136
1779088230159762	204	140
1779088230159762	204	143
1779088230159763	204	148
1779088230159763	204	155
1779088230159764	204	156
1779088230159764	204	157
1779088230159765	204	161
1779088230170004	204	165
1779088230170005	204	178
1779088230170005	204	181
1779088230170006	204	185
1779088230170006	204	189
1779088230170007	204	192
1779088230170007	204	196
1779088230170008	204	208
1779088230170008	204	210
1779088230170009	204	213
1779088230180309	204	165
1779088230180310	204	181
1779088230180310	204	185
1779088230180311	204	190
1779088230180311	204	191
1779088230180312	204	193
1779088230180312	204	197
1779088230180312	204	201
1779088230180313	204	203
1779088230180313	204	207
1779088230180314	204	216
1779088230190606	204	125
1779088230190607	204	136
1779088230190608	204	140
1779088230190608	204	142
1779088230190609	204	143
1779088230190609	204	146
1779088230190609	204	148
1779088230190610	204	149
1779088230190610	204	152
1779088230190611	204	162
1779088230199852	204	140
1779088230199854	204	153
1779088230199854	204	157
1779088230199855	204	161
1779088230199855	204	162
1779088230199856	204	165
1779088230199856	204	169
1779088230199856	204	170
1779088230199857	204	178
1779088230210095	204	170
1779088230210097	204	189
1779088230210098	204	195
1779088230210098	204	202
1779088230210099	204	203
1779088230210100	204	206
1779088230210101	204	221
1779088230210102	204	225
1779088230210102	204	226
1779088230210103	204	227
1779088230220409	204	138
1779088230220410	204	149
1779088230220411	204	154
1779088230220411	204	166
1779088230220412	204	170
1779088230220412	204	173
1779088230220413	204	177
1779088230220413	204	185
1779088230220414	204	187
1779088230220414	204	188
1779088230220415	204	189
1779088230230681	204	130
1779088230230682	204	138
1779088230230683	204	142
1779088230230683	204	143
1779088230230684	204	147
1779088230230684	204	150
1779088230230685	204	160
1779088230230685	204	162
1779088230230686	204	163
1779088230230686	204	164
1779088230239928	204	108
1779088230239928	204	121
1779088230239929	204	125
1779088230239929	204	129
1779088230239930	204	133
1779088230239930	204	136
1779088230239931	204	138
1779088230239931	204	139
1779088230239932	204	147
1779088230250161	204	142
1779088230250162	204	155
1779088230250163	204	157
1779088230250163	204	158
1779088230250164	204	161
1779088230250164	204	165
1779088230250165	204	168
1779088230250165	204	169
1779088230250166	204	173
1779088230250166	204	183
1779088230260433	204	183
1779088230260435	204	195
1779088230260435	204	197
1779088230260436	204	198
1779088230260437	204	203
1779088230260437	204	207
1779088230260438	204	216
1779088230260438	204	221
1779088230260439	204	228
1779088230260440	204	232
1779088230260440	204	258
1779088230269777	204	117
1779088230269778	204	128
1779088230269779	204	132
1779088230269779	204	136
1779088230269780	204	139
1779088230269780	204	140
1779088230269781	204	142
1779088230269781	204	145
1779088230269782	204	156
1779088230280020	204	129
1779088230280021	204	142
1779088230280022	204	147
1779088230280022	204	150
1779088230280022	204	152
1779088230280023	204	155
1779088230280023	204	159
1779088230280024	204	163
1779088230280024	204	173
1779088230280025	204	177
1779088230290279	204	148
1779088230290280	204	170
1779088230290281	204	173
1779088230290282	204	174
1779088230290283	204	179
1779088230290284	204	181
1779088230290284	204	186
1779088230290285	204	192
1779088230290286	204	206
1779088230290287	204	211
1779088230290288	204	222
1779088230300602	204	143
1779088230300603	204	159
1779088230300604	204	163
1779088230300604	204	167
1779088230300605	204	171
1779088230300605	204	173
1779088230300606	204	173
1779088230300606	204	175
1779088230300607	204	176
1779088230300608	204	184
1779088230309879	204	164
1779088230309881	204	178
1779088230309882	204	182
1779088230309882	204	195
1779088230309883	204	197
1779088230309883	204	201
1779088230309883	204	204
1779088230309884	204	208
1779088230309884	204	221
1779088230320182	204	107
1779088230320183	204	118
1779088230320184	204	120
1779088230320184	204	123
1779088230320185	204	127
1779088230320185	204	129
1779088230320186	204	130
1779088230320186	204	133
1779088230320187	204	137
1779088230320187	204	145
1779088230330420	204	156
1779088230330421	204	170
1779088230330422	204	177
1779088230330422	204	183
1779088230330423	204	189
1779088230330423	204	195
1779088230330424	204	203
1779088230330424	204	205
1779088230330425	204	206
1779088230330425	204	210
1779088230330426	204	224
1779088230339749	204	143
1779088230339750	204	161
1779088230339751	204	167
1779088230339752	204	169
1779088230339752	204	181
1779088230339753	204	187
1779088230339754	204	189
1779088230339755	204	190
1779088230339756	204	225
1779088230350086	204	135
1779088230350088	204	149
1779088230350088	204	153
1779088230350089	204	154
1779088230350089	204	158
1779088230350090	204	160
1779088230350090	204	161
1779088230350091	204	164
1779088230350091	204	176
1779088230350092	204	177
1779088230360360	204	153
1779088230360361	204	165
1779088230360362	204	170
1779088230360362	204	171
1779088230360363	204	175
1779088230360364	204	178
1779088230360364	204	182
1779088230360364	204	183
1779088230360365	204	186
1779088230360365	204	195
1779088230360366	204	197
1779088230370651	204	182
1779088230370654	204	200
1779088230370655	204	210
1779088230370656	204	216
1779088230370656	204	218
1779088230370657	204	224
1779088230370658	204	231
1779088230370659	204	237
1779088230370660	204	240
1779088230370661	204	260
1779088230380005	204	129
1779088230380006	204	146
1779088230380007	204	149
1779088230380007	204	156
1779088230380008	204	163
1779088230380008	204	166
1779088230380009	204	188
1779088230380009	204	200
1779088230380010	204	202
1779088230390292	204	141
1779088230390294	204	160
1779088230390294	204	167
1779088230390295	204	170
1779088230390295	204	177
1779088230390296	204	179
1779088230390296	204	185
1779088230390297	204	187
1779088230390297	204	189
1779088230390298	204	191
1779088230390298	204	206
1779088230400581	204	123
1779088230400582	204	139
1779088230400582	204	146
1779088230400583	204	153
1779088230400583	204	160
1779088230400584	204	166
1779088230400584	204	172
1779088230400585	204	187
1779088230400585	204	190
1779088230400586	204	196
1779088230409867	204	152
1779088230409869	204	165
1779088230409869	204	174
1779088230409870	204	176
1779088230409870	204	183
1779088230409871	204	189
1779088230409871	204	195
1779088230409871	204	218
1779088230409872	204	237
1779088230420193	204	151
1779088230420194	204	164
1779088230420195	204	172
1779088230420195	204	178
1779088230420196	204	181
1779088230420196	204	187
1779088230420197	204	195
1779088230420197	204	197
1779088230420198	204	203
1779088230420198	204	208
1779088230420199	204	222
1779088230430499	204	114
1779088230430500	204	126
1779088230430501	204	134
1779088230430502	204	141
1779088230430502	204	144
1779088230430502	204	150
1779088230430503	204	156
1779088230430503	204	159
1779088230430504	204	173
1779088230430504	204	175
1779088230439761	204	139
1779088230439763	204	157
1779088230439763	204	160
1779088230439764	204	166
1779088230439764	204	173
1779088230439765	204	179
1779088230439765	204	212
1779088230439766	204	214
1779088230439766	204	216
1779088230450066	204	146
1779088230450067	204	164
1779088230450068	204	171
1779088230450079	204	167
1779088230450080	204	170
1779088230450081	204	172
1779088230450081	204	177
1779088230450082	204	183
1779088230450083	204	199
1779088230450084	204	202
1779088230460370	204	171
1779088230460372	204	186
1779088230460372	204	190
1779088230460373	204	191
1779088230460374	204	195
1779088230460375	204	199
1779088230460375	204	200
1779088230460376	204	203
1779088230460377	204	204
1779088230460377	204	205
1779088230460378	204	227
1779088230470686	204	134
1779088230470687	204	147
1779088230470688	204	151
1779088230470688	204	155
1779088230470689	204	159
1779088230470689	204	161
1779088230470690	204	162
1779088230470690	204	166
1779088230470691	204	170
1779088230470691	204	182
1779088230479960	204	99
1779088230479961	204	110
1779088230479962	204	113
1779088230479962	204	122
1779088230479962	204	126
1779088230479963	204	127
1779088230479964	204	129
1779088230479964	204	130
1779088230479965	204	138
1779088230490186	204	140
1779088230490188	204	153
1779088230490188	204	157
1779088230490189	204	159
1779088230490189	204	160
1779088230490190	204	161
1779088230490190	204	162
1779088230490191	204	163
1779088230490191	204	173
1779088230490192	204	175
1779088230500443	204	134
1779088230500444	204	144
1779088230500444	204	146
1779088230500445	204	150
1779088230500445	204	151
1779088230500445	204	155
1779088230500446	204	156
1779088230500446	204	165
1779088230500447	204	168
1779088230500447	204	170
1779088230500448	204	176
1779088230509701	204	106
1779088230509702	204	115
1779088230509703	204	116
1779088230509703	204	117
1779088230509704	204	121
1779088230509704	204	123
1779088230509705	204	132
1779088230509706	204	133
1779088230509706	204	134
1779088230519922	204	147
1779088230519923	204	157
1779088230519924	204	161
1779088230519924	204	165
1779088230519925	204	166
1779088230519925	204	168
1779088230519926	204	171
1779088230519926	204	175
1779088230519926	204	176
1779088230519927	204	185
1779088230530207	204	162
1779088230530209	204	183
1779088230530210	204	190
1779088230530210	204	192
1779088230530211	204	194
1779088230530212	204	200
1779088230530213	204	202
1779088230530213	204	205
1779088230530214	204	207
1779088230530215	204	224
1779088230530216	204	226
1779088230540528	204	148
1779088230540529	204	167
1779088230540530	204	170
1779088230540531	204	176
1779088230540531	204	183
1779088230540532	204	186
1779088230540532	204	188
1779088230540533	204	194
1779088230540533	204	209
1779088230540534	204	219
1779088230549844	204	131
1779088230549845	204	149
1779088230549845	204	152
1779088230549846	204	159
1779088230549846	204	166
1779088230549847	204	168
1779088230549847	204	173
1779088230549848	204	190
1779088230549848	204	193
1779088230560119	204	132
1779088230560120	204	145
1779088230560121	204	148
1779088230560121	204	155
1779088230560122	204	162
1779088230560122	204	168
1779088230560123	204	174
1779088230560123	204	180
1779088230560124	204	197
1779088230560124	204	200
1779088230570407	204	136
1779088230570408	204	153
1779088230570409	204	160
1779088230570409	204	167
1779088230570410	204	170
1779088230570410	204	176
1779088230570411	204	182
1779088230570411	204	189
1779088230570412	204	195
1779088230570412	204	213
1779088230570413	204	217
1779088230579713	204	140
1779088230579714	204	153
1779088230579715	204	161
1779088230579716	204	168
1779088230579716	204	171
1779088230579717	204	177
1779088230579717	204	189
1779088230579717	204	191
1779088230579718	204	192
1779088230589987	204	155
1779088230589988	204	167
1779088230589989	204	175
1779088230589989	204	182
1779088230589990	204	189
1779088230589990	204	195
1779088230589991	204	198
1779088230589991	204	200
1779088230589992	204	205
1779088230589992	204	221
1779088230600300	204	152
1779088230600301	204	165
1779088230600302	204	173
1779088230600302	204	179
1779088230600303	204	182
1779088230600303	204	185
1779088230600303	204	191
1779088230600304	204	193
1779088230600304	204	195
1779088230600305	204	201
1779088230600306	204	215
1779088230610617	204	162
1779088230610619	204	185
1779088230610620	204	188
1779088230610621	204	191
1779088230610622	204	199
1779088230610623	204	206
1779088230610623	204	212
1779088230610624	204	214
1779088230610625	204	233
1779088230610626	204	235
1779088230619925	204	136
1779088230619926	204	154
1779088230619926	204	161
1779088230619927	204	167
1779088230619927	204	174
1779088230619928	204	181
1779088230619929	204	197
1779088230619929	204	204
1779088230619930	204	207
1779088230630225	204	158
1779088230630226	204	178
1779088230630227	204	182
1779088230630227	204	188
1779088230630228	204	195
1779088230630228	204	197
1779088230630229	204	204
1779088230630229	204	210
1779088230630230	204	212
1779088230630230	204	217
1779088230630231	204	232
1779088230640546	204	137
1779088230640547	204	157
1779088230640547	204	160
1779088230640548	204	163
1779088230640548	204	170
1779088230640549	204	172
1779088230640550	204	175
1779088230640550	204	181
1779088230640550	204	187
1779088230640551	204	200
1779088230649838	204	162
1779088230649839	204	193
1779088230649840	204	196
1779088230649841	204	204
1779088230649841	204	207
1779088230649841	204	210
1779088230649842	204	212
1779088230649842	204	219
1779088230649843	204	247
1779088230660182	204	208
1779088230660183	204	228
1779088230660184	204	231
1779088230660185	204	237
1779088230660186	204	242
1779088230660187	204	248
1779088230660187	204	254
1779088230660188	204	260
1779088230660189	204	265
1779088230660190	204	282
1779088230670555	204	138
1779088230670557	204	150
1779088230670557	204	156
1779088230670558	204	159
1779088230670559	204	165
1779088230670559	204	171
1779088230670560	204	177
1779088230670560	204	183
1779088230670561	204	188
1779088230670561	204	205
1779088230670562	204	207
1779088230679852	204	157
1779088230679853	204	173
1779088230679854	204	176
1779088230679854	204	177
1779088230679855	204	183
1779088230679855	204	189
1779088230679856	204	194
1779088230679856	204	200
1779088230679857	204	214
1779088230690148	204	144
1779088230690149	204	157
1779088230690149	204	172
1779088230690150	204	175
1779088230690150	204	181
1779088230690151	204	183
1779088230690151	204	189
1779088230690152	204	198
1779088230690152	204	200
1779088230690153	204	214
1779088230700451	204	139
1779088230700453	204	154
1779088230700453	204	160
1779088230700454	204	165
1779088230700454	204	171
1779088230700454	204	177
1779088230700455	204	180
1779088230700455	204	185
1779088230700456	204	200
1779088230700456	204	202
1779088230700457	204	204
1779088230709745	204	147
1779088230709746	204	158
1779088230709746	204	164
1779088230709747	204	170
1779088230709747	204	189
1779088230709748	204	194
1779088230709748	204	197
1779088230709749	204	199
1779088230709749	204	229
1779088230720056	204	101
1779088230720057	204	108
1779088230720057	204	115
1779088230720057	204	121
1779088230720058	204	127
1779088230720058	204	129
1779088230720059	204	137
1779088230720059	204	143
1779088230720059	204	146
1779088230720060	204	162
1779088230730303	204	149
1779088230730304	204	164
1779088230730304	204	171
1779088230730305	204	173
1779088230730305	204	178
1779088230730306	204	184
1779088230730306	204	190
1779088230730307	204	195
1779088230730307	204	201
1779088230730308	204	203
1779088230730308	204	222
1779088230740620	204	169
1779088230740622	204	183
1779088230740622	204	185
1779088230740623	204	192
1779088230740624	204	194
1779088230740625	204	199
1779088230740625	204	205
1779088230740626	204	212
1779088230740627	204	218
1779088230740627	204	234
1779088230749939	204	110
1779088230749940	204	123
1779088230749940	204	145
1779088230749941	204	155
1779088230749941	204	162
1779088230749942	204	167
1779088230749942	204	170
1779088230749943	204	176
1779088230749943	204	191
1779088230760215	204	156
1779088230760216	204	172
1779088230760216	204	178
1779088230760217	204	183
1779088230760217	204	189
1779088230760218	204	191
1779088230760218	204	194
1779088230760219	204	200
1779088230760219	204	203
1779088230760220	204	209
1779088230760220	204	225
1779088230770535	204	171
1779088230770537	204	183
1779088230770537	204	189
1779088230770538	204	191
1779088230770539	204	197
1779088230770540	204	202
1779088230770541	204	208
1779088230770542	204	211
1779088230770542	204	228
1779088230770543	204	231
1779088230779859	204	158
1779088230779860	204	174
1779088230779860	204	182
1779088230779861	204	187
1779088230779861	204	194
1779088230779862	204	201
1779088230779862	204	208
1779088230779863	204	210
1779088230779863	204	226
1779088230790172	204	147
1779088230790173	204	157
1779088230790174	204	163
1779088230790174	204	168
1779088230790175	204	175
1779088230790176	204	181
1779088230790176	204	186
1779088230790176	204	192
1779088230790177	204	194
1779088230790177	204	210
1779088230800463	204	108
1779088230800464	204	120
1779088230800464	204	126
1779088230800465	204	132
1779088230800465	204	138
1779088230800466	204	144
1779088230800466	204	151
1779088230800467	204	157
1779088230800467	204	163
1779088230800468	204	168
1779088230800468	204	182
1779088230809735	204	141
1779088230809736	204	156
1779088230809737	204	162
1779088230809737	204	164
1779088230809738	204	166
1779088230809738	204	168
1779088230809739	204	174
1779088230809739	204	176
1779088230809740	204	192
1779088230820014	204	178
1779088230820015	204	194
1779088230820016	204	205
1779088230820016	204	212
1779088230820017	204	214
1779088230820017	204	216
1779088230820018	204	228
1779088230820018	204	235
1779088230820019	204	238
1779088230820019	204	241
1779088230830338	204	132
1779088230830339	204	146
1779088230830339	204	149
1779088230830340	204	154
1779088230830340	204	160
1779088230830341	204	162
1779088230830341	204	168
1779088230830342	204	175
1779088230830342	204	177
1779088230830343	204	182
1779088230830344	204	198
1779088230840629	204	148
1779088230840630	204	159
1779088230840630	204	166
1779088230840631	204	173
1779088230840631	204	178
1779088230840632	204	185
1779088230840632	204	191
1779088230840633	204	196
1779088230840633	204	211
1779088230840634	204	214
1779088230849934	204	152
1779088230849936	204	168
1779088230849936	204	175
1779088230849937	204	180
1779088230849937	204	182
1779088230849938	204	188
1779088230849938	204	196
1779088230849938	204	213
1779088230849939	204	215
1779088230860235	204	139
1779088230860236	204	153
1779088230860237	204	159
1779088230860237	204	161
1779088230860238	204	174
1779088230860238	204	177
1779088230860239	204	182
1779088230860239	204	185
1779088230860240	204	187
1779088230860240	204	189
1779088230860241	204	191
1779088230870521	204	154
1779088230870522	204	169
1779088230870523	204	175
1779088230870523	204	181
1779088230870524	204	186
1779088230870524	204	192
1779088230870525	204	195
1779088230870525	204	197
1779088230870526	204	230
1779088230870526	204	233
1779088230879843	204	128
1779088230879845	204	143
1779088230879845	204	150
1779088230879846	204	152
1779088230879846	204	158
1779088230879847	204	164
1779088230879847	204	170
1779088230879847	204	172
1779088230879848	204	185
1779088230890119	204	141
1779088230890121	204	156
1779088230890121	204	162
1779088230890122	204	164
1779088230890122	204	170
1779088230890123	204	176
1779088230890123	204	182
1779088230890124	204	187
1779088230890124	204	190
1779088230890125	204	207
1779088230900421	204	136
1779088230900423	204	147
1779088230900424	204	152
1779088230900424	204	153
1779088230900425	204	154
1779088230900425	204	155
1779088230900426	204	159
1779088230900426	204	162
1779088230900427	204	166
1779088230900427	204	169
1779088230900428	204	177
1779088230910680	204	105
1779088230910681	204	117
1779088230910682	204	119
1779088230910682	204	122
1779088230910683	204	124
1779088230910683	204	128
1779088230910684	204	129
1779088230910685	204	130
1779088230910685	204	133
1779088230910685	204	144
1779088230919907	204	128
1779088230919908	204	142
1779088230919908	204	146
1779088230919908	204	148
1779088230919909	204	150
1779088230919909	204	151
1779088230919909	204	153
1779088230919910	204	154
1779088230919910	204	163
1779088230930126	204	149
1779088230930127	204	161
1779088230930128	204	169
1779088230930128	204	174
1779088230930129	204	176
1779088230930129	204	182
1779088230930130	204	184
1779088230930130	204	187
1779088230930131	204	193
1779088230930131	204	212
1779088230940438	204	172
1779088230940439	204	190
1779088230940440	204	197
1779088230940440	204	203
1779088230940441	204	206
1779088230940442	204	214
1779088230940442	204	221
1779088230940443	204	228
1779088230940443	204	234
1779088230940444	204	241
1779088230940444	204	257
1779088230949790	204	172
1779088230949792	204	188
1779088230949793	204	194
1779088230949793	204	199
1779088230949794	204	204
1779088230949794	204	212
1779088230949795	204	217
1779088230949795	204	234
1779088230949796	204	246
1779088230960120	204	113
1779088230960121	204	125
1779088230960121	204	127
1779088230960122	204	133
1779088230960122	204	139
1779088230960123	204	145
1779088230960124	204	147
1779088230960124	204	153
1779088230960124	204	155
1779088230960125	204	168
1779088230970379	204	153
1779088230970380	204	168
1779088230970380	204	171
1779088230970381	204	173
1779088230970381	204	175
1779088230970382	204	176
1779088230970383	204	178
1779088230970383	204	180
1779088230970383	204	182
1779088230970384	204	189
1779088230970385	204	203
1779088230980673	204	185
1779088230980675	204	200
1779088230980675	204	206
1779088230980676	204	219
1779088230980676	204	225
1779088230980677	204	227
1779088230980677	204	239
1779088230980678	204	242
1779088230980678	204	245
1779088230980679	204	251
1779088230990008	204	140
1779088230990009	204	152
1779088230990009	204	155
1779088230990010	204	161
1779088230990010	204	168
1779088230990011	204	171
1779088230990011	204	177
1779088230990012	204	183
1779088230990012	204	201
1779088231000302	204	156
1779088231000304	204	171
1779088231000304	204	178
1779088231000305	204	183
1779088231000305	204	188
1779088231000306	204	194
1779088231000306	204	200
1779088231000307	204	206
1779088231000307	204	208
1779088231000308	204	224
1779088231000308	204	226
1779088231010634	204	179
1779088231010636	204	207
1779088231010637	204	210
1779088231010637	204	213
1779088231010638	204	220
1779088231010639	204	222
1779088231010639	204	229
1779088231010640	204	235
1779088231010641	204	237
1779088231010642	204	252
1779088231019981	204	138
1779088231019982	204	157
1779088231019983	204	164
1779088231019983	204	172
1779088231019984	204	174
1779088231019984	204	177
1779088231019985	204	183
1779088231019985	204	188
1779088231019986	204	202
1779088231030275	204	150
1779088231030276	204	1027
1779088231030277	204	1035
1779088231030277	204	1038
1779088231030278	204	1040
1779088231030278	204	1047
1779088231030278	204	1054
1779088231030279	204	1057
1779088231030279	204	1059
1779088231030280	204	1062
1779088231030281	204	1072
1779088231040434	204	129
1779088231040435	204	159
1779088231040436	204	162
1779088231040436	204	169
1779088231040437	204	172
1779088231040437	204	178
1779088231040438	204	184
1779088231040438	204	190
1779088231040439	204	195
1779088231040439	204	208
1779088231049725	204	125
1779088231049726	204	143
1779088231049726	204	150
1779088231049727	204	153
1779088231049727	204	160
1779088231049728	204	165
1779088231049728	204	167
1779088231049729	204	169
1779088231049729	204	183
1779088231059996	204	167
1779088231059997	204	188
1779088231059997	204	196
1779088231059998	204	199
1779088231059998	204	205
1779088231059999	204	208
1779088231059999	204	214
1779088231060000	204	219
1779088231060000	204	221
1779088231060001	204	235
1779088231070312	204	120
1779088231070313	204	136
1779088231070313	204	143
1779088231070314	204	150
1779088231070314	204	153
1779088231070315	204	158
1779088231070315	204	174
1779088231070316	204	177
1779088231070316	204	179
1779088231070317	204	185
1779088231070317	204	197
1779088231080598	204	140
1779088231080599	204	158
1779088231080599	204	165
1779088231080600	204	172
1779088231080600	204	179
1779088231080601	204	185
1779088231080601	204	197
1779088231080602	204	200
1779088231080602	204	202
1779088231080603	204	204
1779088231089887	204	134
1779088231089888	204	152
1779088231089889	204	159
1779088231089889	204	166
1779088231089890	204	172
1779088231089890	204	175
1779088231089891	204	176
1779088231089891	204	201
1779088231089892	204	213
1779088231100188	204	153
1779088231100189	204	167
1779088231100190	204	175
1779088231100190	204	182
1779088231100191	204	189
1779088231100191	204	195
1779088231100192	204	202
1779088231100192	204	208
1779088231100192	204	222
1779088231100193	204	225
1779088231110507	204	158
1779088231110508	204	173
1779088231110509	204	181
1779088231110509	204	188
1779088231110510	204	195
1779088231110510	204	202
1779088231110511	204	208
1779088231110511	204	210
1779088231110512	204	215
1779088231110512	204	230
1779088231110513	204	232
1779088231119825	204	142
1779088231119826	204	160
1779088231119826	204	163
1779088231119827	204	170
1779088231119827	204	177
1779088231119828	204	179
1779088231119828	204	181
1779088231119829	204	183
1779088231119829	204	197
1779088231130114	204	157
1779088231130115	204	171
1779088231130116	204	180
1779088231130116	204	186
1779088231130117	204	189
1779088231130117	204	190
1779088231130118	204	196
1779088231130118	204	199
1779088231130119	204	205
1779088231130119	204	217
1779088231140417	204	152
1779088231140419	204	171
1779088231140419	204	174
1779088231140420	204	177
1779088231140420	204	183
1779088231140421	204	186
1779088231140421	204	192
1779088231140422	204	199
1779088231140422	204	202
1779088231140423	204	207
1779088231140423	204	220
1779088231149724	204	133
1779088231149726	204	151
1779088231149726	204	159
1779088231149727	204	165
1779088231149727	204	171
1779088231149727	204	173
1779088231149728	204	175
1779088231149729	204	190
1779088231149729	204	192
1779088231160011	204	180
1779088231160013	204	202
1779088231160014	204	210
1779088231160014	204	216
1779088231160015	204	235
1779088231160015	204	242
1779088231160016	204	244
1779088231160016	204	251
1779088231160016	204	258
1779088231160017	204	273
1779088231170368	204	135
1779088231170369	204	150
1779088231170370	204	159
1779088231170370	204	162
1779088231170370	204	169
1779088231170371	204	172
1779088231170371	204	175
1779088231170372	204	177
1779088231170372	204	185
1779088231170373	204	189
1779088231170373	204	201
1779088231180670	204	184
1779088231180671	204	209
1779088231180672	204	217
1779088231180672	204	224
1779088231180673	204	232
1779088231180673	204	235
1779088231180674	204	243
1779088231180674	204	250
1779088231180675	204	256
1779088231180675	204	273
1779088231190059	204	185
1779088231190061	204	203
1779088231190061	204	209
1779088231190062	204	214
1779088231190062	204	217
1779088231190063	204	221
1779088231190063	204	223
1779088231190064	204	226
1779088231190064	204	240
1779088231200380	204	113
1779088231200380	204	120
1779088231200381	204	121
1779088231200381	204	125
1779088231200382	204	129
1779088231200382	204	131
1779088231200383	204	145
1779088231200383	204	148
1779088231200384	204	152
1779088231200385	204	155
1779088231200385	204	164
1779088231210628	204	146
1779088231210629	204	158
1779088231210630	204	162
1779088231210630	204	165
1779088231210631	204	169
1779088231210631	204	170
1779088231210632	204	174
1779088231210632	204	177
1779088231210633	204	181
1779088231210633	204	192
1779088231219907	204	178
1779088231219909	204	191
1779088231219910	204	201
1779088231219911	204	203
1779088231219911	204	203
1779088231219912	204	204
1779088231219913	204	205
1779088231219914	204	208
1779088231219914	204	215
1779088231230266	204	159
1779088231230268	204	184
1779088231230268	204	188
1779088231230269	204	191
1779088231230269	204	200
1779088231230270	204	202
1779088231230270	204	209
1779088231230271	204	212
1779088231230271	204	214
1779088231230272	204	221
1779088231230272	204	234
1779088231240591	204	150
1779088231240592	204	171
1779088231240593	204	174
1779088231240593	204	181
1779088231240594	204	184
1779088231240594	204	190
1779088231240595	204	197
1779088231240595	204	203
1779088231240596	204	205
1779088231240596	204	219
1779088231249892	204	133
1779088231249893	204	152
1779088231249894	204	155
1779088231249894	204	162
1779088231249894	204	165
1779088231249895	204	197
1779088231249895	204	200
1779088231249896	204	201
1779088231249896	204	203
1779088231260182	204	147
1779088231260183	204	167
1779088231260184	204	175
1779088231260184	204	178
1779088231260185	204	185
1779088231260185	204	192
1779088231260186	204	207
1779088231260186	204	221
1779088231260187	204	224
1779088231260187	204	225
1779088231270492	204	152
1779088231270493	204	174
1779088231270494	204	181
1779088231270494	204	188
1779088231270495	204	191
1779088231270496	204	197
1779088231270496	204	200
1779088231270496	204	206
1779088231270497	204	212
1779088231270497	204	218
1779088231270498	204	233
1779088231279806	204	123
1779088231279808	204	136
1779088231279808	204	155
1779088231279809	204	162
1779088231279809	204	169
1779088231279810	204	171
1779088231279810	204	178
1779088231279810	204	193
1779088231279811	204	200
1779088231290097	204	146
1779088231290099	204	165
1779088231290099	204	173
1779088231290100	204	181
1779088231290100	204	183
1779088231290101	204	190
1779088231290101	204	197
1779088231290102	204	200
1779088231290102	204	202
1779088231290103	204	219
1779088231300402	204	141
1779088231300403	204	155
1779088231300403	204	165
1779088231300404	204	168
1779088231300404	204	176
1779088231300405	204	184
1779088231300405	204	191
1779088231300406	204	194
1779088231300406	204	202
1779088231300407	204	218
1779088231300407	204	221
1779088231309714	204	157
1779088231309715	204	170
1779088231309716	204	179
1779088231309716	204	184
1779088231309717	204	190
1779088231309718	204	196
1779088231309719	204	202
1779088231309719	204	207
1779088231309720	204	219
1779088231320020	204	141
1779088231320021	204	159
1779088231320022	204	167
1779088231320022	204	174
1779088231320023	204	192
1779088231320023	204	194
1779088231320024	204	200
1779088231320024	204	203
1779088231320025	204	217
1779088231320025	204	219
1779088231330321	204	120
1779088231330322	204	137
1779088231330322	204	140
1779088231330323	204	146
1779088231330323	204	153
1779088231330324	204	159
1779088231330324	204	165
1779088231330325	204	180
1779088231330325	204	183
1779088231330326	204	186
1779088231330326	204	192
1779088231340602	204	206
1779088231340603	204	227
1779088231340604	204	231
1779088231340604	204	234
1779088231340605	204	241
1779088231340605	204	243
1779088231340606	204	246
1779088231340606	204	251
1779088231340607	204	277
1779088231340607	204	279
1779088231349986	204	175
1779088231349987	204	196
1779088231349988	204	200
1779088231349989	204	202
1779088231349989	204	206
1779088231349990	204	228
1779088231349990	204	230
1779088231349991	204	232
1779088231349991	204	233
1779088231360300	204	122
1779088231360302	204	128
1779088231360302	204	133
1779088231360303	204	134
1779088231360303	204	137
1779088231360304	204	141
1779088231360304	204	150
1779088231360304	204	154
1779088231360305	204	155
1779088231360305	204	167
1779088231360306	204	178
1779088231370569	204	136
1779088231370571	204	150
1779088231370571	204	152
1779088231370572	204	155
1779088231370572	204	159
1779088231370573	204	162
1779088231370573	204	165
1779088231370574	204	167
1779088231370574	204	168
1779088231370575	204	179
1779088231379834	204	191
1779088231379836	204	211
1779088231379836	204	214
1779088231379837	204	220
1779088231379837	204	226
1779088231379838	204	241
1779088231379838	204	243
1779088231379839	204	245
1779088231379839	204	247
1779088231390168	204	141
1779088231390169	204	153
1779088231390169	204	157
1779088231390170	204	158
1779088231390170	204	162
1779088231390171	204	163
1779088231390171	204	167
1779088231390172	204	171
1779088231390173	204	182
1779088231390173	204	183
1779088231400436	204	142
1779088231400437	204	155
1779088231400438	204	156
1779088231400438	204	160
1779088231400439	204	162
1779088231400439	204	165
1779088231400440	204	168
1779088231400440	204	172
1779088231400441	204	179
1779088231400441	204	182
1779088231400442	204	183
1779088231409697	204	96
1779088231409698	204	105
1779088231409698	204	109
1779088231409699	204	113
1779088231409699	204	123
1779088231409700	204	124
1779088231409700	204	128
1779088231409700	204	129
1779088231409701	204	136
1779088231419916	204	149
1779088231419917	204	162
1779088231419917	204	164
1779088231419918	204	168
1779088231419918	204	172
1779088231419919	204	174
1779088231419919	204	175
1779088231419919	204	179
1779088231419920	204	188
1779088231419920	204	189
1779088231430189	204	121
1779088231430190	204	133
1779088231430191	204	138
1779088231430191	204	143
1779088231430192	204	145
1779088231430192	204	149
1779088231430192	204	150
1779088231430193	204	162
1779088231430193	204	164
1779088231430194	204	165
1779088231440439	204	142
1779088231440440	204	155
1779088231440440	204	159
1779088231440441	204	160
1779088231440441	204	164
1779088231440442	204	167
1779088231440442	204	177
1779088231440443	204	181
1779088231440443	204	182
1779088231440444	204	185
1779088231440445	204	193
1779088231449709	204	115
1779088231449710	204	126
1779088231449710	204	130
1779088231449711	204	131
1779088231449711	204	135
1779088231449712	204	136
1779088231449712	204	140
1779088231449713	204	144
1779088231449713	204	156
1779088231459950	204	148
1779088231459951	204	159
1779088231459952	204	163
1779088231459963	204	157
1779088231459964	204	160
1779088231459964	204	163
1779088231459965	204	173
1779088231459966	204	176
1779088231459967	204	180
1779088231459968	204	186
1779088231470235	204	133
1779088231470236	204	148
1779088231470237	204	150
1779088231470237	204	151
1779088231470238	204	156
1779088231470238	204	160
1779088231470239	204	163
1779088231470240	204	166
1779088231470240	204	169
1779088231470241	204	181
1779088231470241	204	183
1779088231480498	204	126
1779088231480499	204	137
1779088231480499	204	139
1779088231480500	204	142
1779088231480500	204	146
1779088231480501	204	147
1779088231480501	204	151
1779088231480502	204	158
1779088231480502	204	162
1779088231480503	204	164
1779088231489739	204	110
1779088231489740	204	119
1779088231489741	204	121
1779088231489741	204	122
1779088231489742	204	125
1779088231489742	204	130
1779088231489742	204	139
1779088231489743	204	140
1779088231489743	204	142
1779088231499977	204	155
1779088231499978	204	168
1779088231499979	204	173
1779088231499979	204	177
1779088231499980	204	179
1779088231499980	204	183
1779088231499981	204	187
1779088231499981	204	190
1779088231499982	204	201
1779088231499982	204	203
1779088231510271	204	151
1779088231510273	204	167
1779088231510273	204	172
1779088231510274	204	174
1779088231510274	204	178
1779088231510275	204	180
1779088231510275	204	184
1779088231510276	204	187
1779088231510276	204	191
1779088231510277	204	195
1779088231510277	204	208
1779088231520535	204	180
1779088231520537	204	197
1779088231520537	204	198
1779088231520538	204	203
1779088231520538	204	206
1779088231520539	204	217
1779088231520539	204	220
1779088231520540	204	231
1779088231520540	204	232
1779088231520541	204	233
1779088231529853	204	163
1779088231529855	204	178
1779088231529856	204	180
1779088231529856	204	193
1779088231529857	204	197
1779088231529857	204	200
1779088231529858	204	204
1779088231529858	204	205
1779088231529859	204	232
1779088231540175	204	155
1779088231540177	204	168
1779088231540178	204	172
1779088231540178	204	175
1779088231540179	204	179
1779088231540180	204	182
1779088231540181	204	193
1779088231540181	204	197
1779088231540182	204	205
1779088231540183	204	207
1779088231550460	204	104
1779088231550461	204	114
1779088231550461	204	117
1779088231550462	204	119
1779088231550462	204	127
1779088231550463	204	130
1779088231550463	204	132
1779088231550464	204	133
1779088231550464	204	141
1779088231550465	204	145
1779088231550465	204	152
1779088231559688	204	124
1779088231559689	204	134
1779088231559690	204	139
1779088231559690	204	140
1779088231559690	204	141
1779088231559691	204	145
1779088231559691	204	149
1779088231559692	204	158
1779088231559692	204	162
1779088231569927	204	110
1779088231569927	204	120
1779088231569928	204	124
1779088231569928	204	130
1779088231569929	204	131
1779088231569929	204	135
1779088231569930	204	138
1779088231569930	204	152
1779088231569931	204	162
1779088231569931	204	163
1779088231580175	204	150
1779088231580176	204	161
1779088231580176	204	165
1779088231580177	204	167
1779088231580177	204	170
1779088231580178	204	171
1779088231580178	204	173
1779088231580179	204	181
1779088231580179	204	183
1779088231580180	204	184
1779088231590437	204	155
1779088231590438	204	164
1779088231590439	204	169
1779088231590439	204	173
1779088231590440	204	178
1779088231590441	204	179
1779088231590441	204	184
1779088231590442	204	197
1779088231590442	204	198
1779088231590443	204	200
1779088231590443	204	203
1779088231599720	204	99
1779088231599721	204	109
1779088231599721	204	110
1779088231599722	204	112
1779088231599722	204	115
1779088231599723	204	119
1779088231599723	204	123
1779088231599723	204	132
1779088231599724	204	134
1779088231609936	204	165
1779088231609937	204	177
1779088231609938	204	182
1779088231609938	204	183
1779088231609939	204	188
1779088231609939	204	191
1779088231609940	204	194
1779088231609940	204	196
1779088231609941	204	197
1779088231609941	204	210
1779088231620242	204	183
1779088231620243	204	197
1779088231620244	204	198
1779088231620245	204	202
1779088231620246	204	208
1779088231620246	204	210
1779088231620247	204	213
1779088231620248	204	233
1779088231620249	204	243
1779088231620250	204	247
1779088231620250	204	258
1779088231630584	204	136
1779088231630585	204	150
1779088231630586	204	154
1779088231630586	204	158
1779088231630587	204	162
1779088231630587	204	166
1779088231630587	204	170
1779088231630588	204	174
1779088231630588	204	187
1779088231630588	204	189
1779088231639857	204	152
1779088231639858	204	164
1779088231639859	204	169
1779088231639859	204	170
1779088231639860	204	175
1779088231639860	204	176
1779088231639861	204	178
1779088231639861	204	182
1779088231639862	204	192
1779088231650127	204	100
1779088231650128	204	109
1779088231650128	204	111
1779088231650129	204	114
1779088231650129	204	124
1779088231650130	204	128
1779088231650130	204	129
1779088231650131	204	130
1779088231650131	204	134
1779088231650132	204	141
1779088231660345	204	136
1779088231660346	204	148
1779088231660346	204	154
1779088231660347	204	156
1779088231660347	204	159
1779088231660348	204	161
1779088231660348	204	169
1779088231660349	204	172
1779088231660349	204	179
1779088231660350	204	180
1779088231660350	204	183
1779088231670612	204	162
1779088231670613	204	177
1779088231670614	204	179
1779088231670614	204	182
1779088231670614	204	186
1779088231670615	204	194
1779088231670615	204	195
1779088231670616	204	207
1779088231670616	204	208
1779088231670617	204	209
1779088231679896	204	117
1779088231679897	204	124
1779088231679897	204	125
1779088231679898	204	126
1779088231679898	204	130
1779088231679899	204	134
1779088231679899	204	137
1779088231679900	204	145
1779088231679900	204	147
1779088231690097	204	146
1779088231690098	204	160
1779088231690099	204	162
1779088231690100	204	167
1779088231690100	204	168
1779088231690101	204	172
1779088231690102	204	176
1779088231690102	204	177
1779088231690103	204	197
1779088231690104	204	198
1779088231700382	204	187
1779088231700384	204	201
1779088231700384	204	211
1779088231700385	204	215
1779088231700385	204	217
1779088231700386	204	218
1779088231700386	204	226
1779088231700386	204	231
1779088231700387	204	250
1779088231700388	204	254
1779088231700388	204	256
1779088231709723	204	130
1779088231709724	204	141
1779088231709725	204	145
1779088231709725	204	149
1779088231709725	204	150
1779088231709726	204	152
1779088231709727	204	155
1779088231709727	204	158
1779088231709728	204	168
1779088231719986	204	180
1779088231719987	204	194
1779088231719988	204	198
1779088231719988	204	202
1779088231719989	204	206
1779088231719989	204	213
1779088231719990	204	214
1779088231719990	204	218
1779088231719991	204	227
1779088231719991	204	232
1779088231730302	204	113
1779088231730303	204	124
1779088231730303	204	128
1779088231730304	204	132
1779088231730304	204	135
1779088231730305	204	139
1779088231730305	204	140
1779088231730306	204	143
1779088231730306	204	144
1779088231730307	204	148
1779088231730307	204	158
1779088231740545	204	145
1779088231740546	204	157
1779088231740546	204	161
1779088231740547	204	171
1779088231740547	204	172
1779088231740548	204	176
1779088231740548	204	184
1779088231740549	204	186
1779088231740549	204	189
1779088231740550	204	190
1779088231749818	204	179
1779088231749819	204	190
1779088231749819	204	202
1779088231749820	204	203
1779088231749820	204	207
1779088231749821	204	212
1779088231749821	204	214
1779088231749822	204	217
1779088231749822	204	229
1779088231760122	204	128
1779088231760123	204	135
1779088231760123	204	139
1779088231760124	204	142
1779088231760124	204	144
1779088231760125	204	147
1779088231760125	204	154
1779088231760126	204	157
1779088231760126	204	158
1779088231760127	204	167
1779088231770372	204	147
1779088231770373	204	155
1779088231770374	204	160
1779088231770374	204	164
1779088231770375	204	167
1779088231770375	204	169
1779088231770376	204	172
1779088231770377	204	176
1779088231770377	204	185
1779088231770378	204	188
1779088231770378	204	199
1779088231780653	204	174
1779088231780654	204	186
1779088231780654	204	193
1779088231780655	204	195
1779088231780655	204	201
1779088231780656	204	202
1779088231780656	204	218
1779088231780657	204	222
1779088231780657	204	245
1779088231780658	204	247
1779088231789981	204	128
1779088231789981	204	138
1779088231789982	204	148
1779088231789982	204	152
1779088231789983	204	153
1779088231789983	204	154
1779088231789984	204	158
1779088231789984	204	161
1779088231789985	204	168
1779088231800227	204	139
1779088231800228	204	147
1779088231800229	204	149
1779088231800229	204	153
1779088231800230	204	158
1779088231800230	204	160
1779088231800231	204	164
1779088231800231	204	167
1779088231800231	204	169
1779088231800232	204	180
1779088231800233	204	182
1779088231810490	204	104
1779088231810491	204	116
1779088231810492	204	117
1779088231810492	204	121
1779088231810493	204	125
1779088231810493	204	126
1779088231810494	204	127
1779088231810494	204	131
1779088231810495	204	134
1779088231810495	204	145
1779088231819720	204	139
1779088231819721	204	151
1779088231819721	204	152
1779088231819722	204	157
1779088231819722	204	160
1779088231819723	204	164
1779088231819723	204	172
1779088231819724	204	176
1779088231819724	204	183
1779088231829990	204	152
1779088231829991	204	165
1779088231829991	204	169
1779088231829992	204	170
1779088231829992	204	174
1779088231829993	204	175
1779088231829994	204	179
1779088231829994	204	183
1779088231829995	204	186
1779088231829995	204	197
1779088231840273	204	126
1779088231840275	204	137
1779088231840275	204	142
1779088231840276	204	144
1779088231840276	204	146
1779088231840277	204	150
1779088231840277	204	153
1779088231840278	204	155
1779088231840278	204	159
1779088231840279	204	163
1779088231840279	204	173
1779088231850530	204	130
1779088231850531	204	147
1779088231850531	204	149
1779088231850531	204	153
1779088231850532	204	154
1779088231850532	204	155
1779088231850533	204	162
1779088231850534	204	163
1779088231850534	204	165
1779088231850535	204	166
1779088231859784	204	203
1779088231859785	204	225
1779088231859786	204	232
1779088231859786	204	240
1779088231859787	204	242
1779088231859787	204	249
1779088231859788	204	254
1779088231859788	204	259
1779088231859789	204	286
1779088231870162	204	146
1779088231870163	204	155
1779088231870164	204	160
1779088231870164	204	163
1779088231870165	204	167
1779088231870165	204	168
1779088231870166	204	170
1779088231870166	204	172
1779088231870167	204	174
1779088231870167	204	189
1779088231880440	204	146
1779088231880442	204	161
1779088231880442	204	166
1779088231880443	204	167
1779088231880443	204	170
1779088231880444	204	172
1779088231880444	204	176
1779088231880445	204	180
1779088231880445	204	192
1779088231880446	204	197
1779088231880446	204	207
1779088231889731	204	97
1779088231889732	204	107
1779088231889732	204	108
1779088231889733	204	109
1779088231889733	204	110
1779088231889734	204	114
1779088231889734	204	122
1779088231889735	204	126
1779088231889735	204	127
1779088231899938	204	135
1779088231899939	204	146
1779088231899939	204	148
1779088231899940	204	149
1779088231899940	204	155
1779088231899941	204	159
1779088231899941	204	160
1779088231899942	204	183
1779088231899942	204	185
1779088231899943	204	189
1779088231910218	204	168
1779088231910219	204	180
1779088231910219	204	186
1779088231910220	204	188
1779088231910220	204	190
1779088231910221	204	194
1779088231910221	204	201
1779088231910222	204	217
1779088231910222	204	221
1779088231910223	204	223
1779088231910223	204	224
1779088231920528	204	149
1779088231920529	204	168
1779088231920529	204	175
1779088231920530	204	180
1779088231920530	204	186
1779088231920531	204	192
1779088231920531	204	193
1779088231920531	204	198
1779088231920532	204	205
1779088231920532	204	226
1779088231929845	204	157
1779088231929846	204	167
1779088231929847	204	169
1779088231929848	204	173
1779088231929848	204	176
1779088231929849	204	178
1779088231929849	204	181
1779088231929850	204	193
1779088231929850	204	194
1779088231940128	204	189
1779088231940130	204	201
1779088231940131	204	203
1779088231940132	204	209
1779088231940132	204	215
1779088231940133	204	228
1779088231940134	204	230
1779088231940135	204	232
1779088231940135	204	234
1779088231940136	204	236
1779088231950451	204	144
1779088231950452	204	154
1779088231950453	204	158
1779088231950453	204	159
1779088231950454	204	163
1779088231950454	204	167
1779088231950455	204	178
1779088231950455	204	179
1779088231950456	204	183
1779088231950456	204	189
1779088231950457	204	191
1779088231959724	204	137
1779088231959725	204	147
1779088231959726	204	151
1779088231959726	204	158
1779088231959727	204	162
1779088231959727	204	163
1779088231959728	204	164
1779088231959728	204	172
1779088231959729	204	173
1779088231969984	204	151
1779088231969985	204	164
1779088231969986	204	175
1779088231969987	204	176
1779088231969987	204	177
1779088231969988	204	178
1779088231969988	204	179
1779088231969989	204	183
1779088231969989	204	187
1779088231969990	204	196
1779088231980271	204	160
1779088231980272	204	177
1779088231980273	204	182
1779088231980273	204	189
1779088231980274	204	190
1779088231980274	204	191
1779088231980275	204	196
1779088231980275	204	205
1779088231980276	204	207
1779088231980276	204	208
1779088231980277	204	209
1779088231990567	204	151
1779088231990568	204	163
1779088231990569	204	166
1779088231990569	204	170
1779088231990570	204	182
1779088231990570	204	183
1779088231990571	204	187
1779088231990571	204	194
1779088231990571	204	195
1779088231990572	204	196
1779088231999843	204	96
1779088231999844	204	102
1779088231999844	204	106
1779088231999845	204	119
1779088231999845	204	124
1779088231999845	204	134
1779088231999846	204	138
1779088231999846	204	142
1779088231999847	204	148
1779088232010086	204	150
1779088232010087	204	164
1779088232010088	204	167
1779088232010088	204	172
1779088232010089	204	175
1779088232010089	204	176
1779088232010090	204	180
1779088232010090	204	181
1779088232010090	204	185
1779088232010091	204	195
1779088232020365	204	191
1779088232020366	204	203
1779088232020367	204	213
1779088232020368	204	215
1779088232020368	204	217
1779088232020369	204	238
1779088232020370	204	243
1779088232020371	204	249
1779088232020372	204	252
1779088232020372	204	267
1779088232020373	204	269
1779088232029720	204	110
1779088232029721	204	119
1779088232029721	204	123
1779088232029722	204	130
1779088232029722	204	135
1779088232029723	204	136
1779088232029723	204	163
1779088232029724	204	165
1779088232029724	204	167
1779088232039980	204	136
1779088232039981	204	147
1779088232039982	204	151
1779088232039982	204	157
1779088232039983	204	161
1779088232039983	204	162
1779088232039983	204	186
1779088232039984	204	190
1779088232039984	204	197
1779088232039985	204	203
1779088232050260	204	101
1779088232050261	204	114
1779088232050262	204	116
1779088232050262	204	119
1779088232050263	204	120
1779088232050263	204	121
1779088232050264	204	123
1779088232050264	204	130
1779088232050264	204	132
1779088232050265	204	135
1779088232050266	204	153
1779088232060498	204	125
1779088232060499	204	136
1779088232060499	204	140
1779088232060500	204	141
1779088232060500	204	144
1779088232060501	204	153
1779088232060501	204	156
1779088232060502	204	166
1779088232060502	204	180
1779088232060503	204	181
1779088232069761	204	126
1779088232069763	204	139
1779088232069763	204	141
1779088232069764	204	145
1779088232069764	204	148
1779088232069765	204	153
1779088232069765	204	154
1779088232069766	204	165
1779088232069766	204	168
1779088232080004	204	110
1779088232080005	204	119
1779088232080005	204	126
1779088232080006	204	127
1779088232080006	204	131
1779088232080007	204	138
1779088232080008	204	146
1779088232080008	204	153
1779088232080008	204	154
1779088232080009	204	164
1779088232090249	204	129
1779088232090251	204	141
1779088232090251	204	143
1779088232090252	204	144
1779088232090252	204	145
1779088232090253	204	149
1779088232090253	204	153
1779088232090253	204	154
1779088232090254	204	163
1779088232090254	204	164
1779088232090255	204	168
1779088232100499	204	189
1779088232100500	204	203
1779088232100501	204	215
1779088232100501	204	221
1779088232100502	204	232
1779088232100503	204	237
1779088232100504	204	250
1779088232100504	204	257
1779088232100505	204	260
1779088232100506	204	262
1779088232109874	204	175
1779088232109876	204	209
1779088232109877	204	217
1779088232109877	204	223
1779088232109878	204	230
1779088232109879	204	232
1779088232109880	204	234
1779088232109880	204	240
1779088232109881	204	260
1779088232120234	204	152
1779088232120235	204	166
1779088232120236	204	168
1779088232120236	204	171
1779088232120237	204	173
1779088232120238	204	176
1779088232120238	204	180
1779088232120238	204	183
1779088232120239	204	187
1779088232120239	204	197
1779088232120240	204	198
1779088232130512	204	121
1779088232130514	204	131
1779088232130514	204	135
1779088232130515	204	136
1779088232130515	204	140
1779088232130515	204	141
1779088232130516	204	145
1779088232130516	204	146
1779088232130517	204	156
1779088232130517	204	157
1779088232139761	204	145
1779088232139762	204	160
1779088232139763	204	164
1779088232139763	204	166
1779088232139764	204	170
1779088232139764	204	171
1779088232139765	204	175
1779088232139765	204	179
1779088232139766	204	203
1779088232150057	204	177
1779088232150059	204	194
1779088232150059	204	197
1779088232150060	204	201
1779088232150060	204	203
1779088232150061	204	207
1779088232150061	204	226
1779088232150062	204	229
1779088232150062	204	232
1779088232150063	204	234
1779088232160373	204	107
1779088232160374	204	117
1779088232160374	204	118
1779088232160375	204	122
1779088232160375	204	126
1779088232160376	204	135
1779088232160376	204	139
1779088232160377	204	145
1779088232160377	204	146
1779088232160378	204	151
1779088232160378	204	153
1779088232170618	204	171
1779088232170619	204	186
1779088232170620	204	191
1779088232170620	204	192
1779088232170621	204	193
1779088232170621	204	198
1779088232170622	204	201
1779088232170622	204	206
1779088232170623	204	212
1779088232170623	204	231
1779088232179937	204	175
1779088232179938	204	190
1779088232179938	204	193
1779088232179939	204	197
1779088232179939	204	205
1779088232179939	204	206
1779088232179940	204	210
1779088232179940	204	222
1779088232179941	204	236
1779088232190260	204	142
1779088232190261	204	154
1779088232190262	204	156
1779088232190262	204	159
1779088232190263	204	163
1779088232190263	204	164
1779088232190264	204	167
1779088232190264	204	171
1779088232190265	204	176
1779088232190265	204	177
1779088232190266	204	194
1779088232200545	204	148
1779088232200546	204	162
1779088232200547	204	171
1779088232200547	204	175
1779088232200548	204	177
1779088232200548	204	178
1779088232200549	204	180
1779088232200549	204	182
1779088232200550	204	185
1779088232200550	204	198
1779088232209824	204	107
1779088232209825	204	117
1779088232209826	204	121
1779088232209826	204	141
1779088232209827	204	143
1779088232209827	204	144
1779088232209827	204	147
1779088232209828	204	159
1779088232209828	204	161
1779088232220072	204	138
1779088232220073	204	151
1779088232220073	204	155
1779088232220074	204	159
1779088232220074	204	162
1779088232220075	204	165
1779088232220075	204	169
1779088232220076	204	173
1779088232220076	204	174
1779088232220077	204	186
1779088232230355	204	145
1779088232230356	204	159
1779088232230357	204	164
1779088232230357	204	165
1779088232230357	204	167
1779088232230358	204	168
1779088232230358	204	169
1779088232230359	204	170
1779088232230359	204	174
1779088232230360	204	177
1779088232230360	204	189
1779088232240622	204	108
1779088232240623	204	115
1779088232240624	204	119
1779088232240624	204	120
1779088232240625	204	121
1779088232240625	204	126
1779088232240626	204	130
1779088232240626	204	131
1779088232240626	204	135
1779088232240627	204	143
1779088232249850	204	125
1779088232249852	204	140
1779088232249852	204	144
1779088232249853	204	146
1779088232249853	204	150
1779088232249854	204	154
1779088232249854	204	158
1779088232249855	204	170
1779088232249855	204	172
1779088232260115	204	172
1779088232260116	204	191
1779088232260117	204	193
1779088232260117	204	200
1779088232260118	204	206
1779088232260118	204	212
1779088232260119	204	218
1779088232260119	204	224
1779088232260120	204	227
1779088232260120	204	240
1779088232270443	204	153
1779088232270444	204	170
1779088232270445	204	176
1779088232270446	204	182
1779088232270446	204	184
1779088232270446	204	190
1779088232270447	204	193
1779088232270447	204	200
1779088232270448	204	202
1779088232270449	204	205
1779088232270449	204	224
1779088232279761	204	138
1779088232279763	204	153
1779088232279763	204	157
1779088232279764	204	162
1779088232279764	204	167
1779088232279765	204	168
1779088232279765	204	174
1779088232279766	204	180
1779088232279766	204	207
1779088232290055	204	106
1779088232290056	204	117
1779088232290057	204	121
1779088232290057	204	125
1779088232290058	204	126
1779088232290058	204	130
1779088232290059	204	133
1779088232290059	204	148
1779088232290060	204	155
1779088232290060	204	158
1779088232300296	204	134
1779088232300297	204	145
1779088232300298	204	153
1779088232300298	204	155
1779088232300299	204	156
1779088232300299	204	159
1779088232300300	204	163
1779088232300301	204	171
1779088232300301	204	172
1779088232300302	204	176
1779088232300302	204	187
1779088232310573	204	144
1779088232310574	204	156
1779088232310575	204	158
1779088232310575	204	163
1779088232310576	204	169
1779088232310576	204	171
1779088232310577	204	177
1779088232310577	204	179
1779088232310578	204	181
1779088232310578	204	194
1779088232319848	204	107
1779088232319848	204	126
1779088232319849	204	130
1779088232319849	204	134
1779088232319850	204	142
1779088232319850	204	146
1779088232319851	204	148
1779088232319851	204	150
1779088232319852	204	152
1779088232330086	204	149
1779088232330087	204	164
1779088232330087	204	166
1779088232330088	204	170
1779088232330088	204	174
1779088232330089	204	178
1779088232330089	204	180
1779088232330090	204	184
1779088232330090	204	191
1779088232330091	204	208
1779088232340386	204	153
1779088232340387	204	167
1779088232340388	204	173
1779088232340389	204	176
1779088232340389	204	182
1779088232340390	204	189
1779088232340391	204	197
1779088232340392	204	199
1779088232340392	204	201
1779088232340393	204	203
1779088232340394	204	221
1779088232349707	204	153
1779088232349708	204	168
1779088232349708	204	184
1779088232349709	204	189
1779088232349710	204	195
1779088232349710	204	200
1779088232349711	204	205
1779088232349711	204	207
1779088232349712	204	225
1779088232360016	204	134
1779088232360017	204	143
1779088232360018	204	147
1779088232360018	204	150
1779088232360019	204	158
1779088232360019	204	159
1779088232360020	204	160
1779088232360021	204	164
1779088232360021	204	166
1779088232360021	204	178
1779088232370276	204	103
1779088232370277	204	113
1779088232370277	204	117
1779088232370278	204	118
1779088232370278	204	122
1779088232370279	204	125
1779088232370279	204	136
1779088232370280	204	141
1779088232370280	204	142
1779088232370281	204	147
1779088232370281	204	160
1779088232380526	204	131
1779088232380527	204	142
1779088232380527	204	152
1779088232380528	204	156
1779088232380528	204	157
1779088232380528	204	158
1779088232380529	204	159
1779088232380529	204	163
1779088232380530	204	173
1779088232380530	204	176
1779088232389786	204	117
1779088232389787	204	128
1779088232389787	204	142
1779088232389788	204	146
1779088232389788	204	148
1779088232389789	204	149
1779088232389789	204	155
1779088232389790	204	161
1779088232389790	204	185
1779088232400051	204	104
1779088232400052	204	113
1779088232400052	204	117
1779088232400053	204	121
1779088232400053	204	125
1779088232400053	204	126
1779088232400054	204	127
1779088232400054	204	131
1779088232400055	204	135
1779088232400055	204	145
1779088232410284	204	139
1779088232410285	204	149
1779088232410286	204	154
1779088232410286	204	155
1779088232410287	204	159
1779088232410288	204	163
1779088232410288	204	164
1779088232410289	204	168
1779088232410289	204	172
1779088232410290	204	177
1779088232410290	204	194
1779088232420565	204	155
1779088232420567	204	170
1779088232420567	204	176
1779088232420568	204	178
1779088232420569	204	186
1779088232420569	204	193
1779088232420570	204	200
1779088232420571	204	206
1779088232420572	204	222
1779088232420572	204	225
1779088232429875	204	122
1779088232429876	204	133
1779088232429876	204	134
1779088232429877	204	138
1779088232429877	204	141
1779088232429878	204	145
1779088232429878	204	148
1779088232429879	204	163
1779088232429879	204	166
1779088232440127	204	138
1779088232440128	204	152
1779088232440129	204	156
1779088232440129	204	157
1779088232440130	204	161
1779088232440130	204	165
1779088232440131	204	166
1779088232440131	204	169
1779088232440132	204	173
1779088232440132	204	185
1779088232450394	204	121
1779088232450395	204	132
1779088232450395	204	136
1779088232450396	204	139
1779088232450396	204	151
1779088232450397	204	155
1779088232450397	204	156
1779088232450398	204	160
1779088232450398	204	164
1779088232450399	204	165
1779088232450399	204	175
1779088232460658	204	133
1779088232460659	204	143
1779088232460659	204	147
1779088232460660	204	151
1779088232460660	204	154
1779088232460661	204	155
1779088232460661	204	159
1779088232460662	204	160
1779088232460662	204	164
1779088232460663	204	177
1779088232469920	204	140
1779088232469921	204	166
1779088232469922	204	169
1779088232469922	204	176
1779088232469923	204	183
1779088232469923	204	188
1779088232469924	204	190
1779088232469924	204	196
1779088232469925	204	212
1779088232480210	204	102
1779088232480211	204	109
1779088232480211	204	113
1779088232480212	204	117
1779088232480212	204	118
1779088232480212	204	122
1779088232480213	204	123
1779088232480213	204	127
1779088232480214	204	136
1779088232480214	204	140
1779088232480215	204	151
1779088232490446	204	121
1779088232490447	204	133
1779088232490447	204	137
1779088232490448	204	138
1779088232490448	204	148
1779088232490449	204	154
1779088232490449	204	156
1779088232490450	204	158
1779088232490450	204	160
1779088232490451	204	175
1779088232499703	204	107
1779088232499704	204	119
1779088232499705	204	121
1779088232499705	204	124
1779088232499706	204	128
1779088232499706	204	132
1779088232499707	204	135
1779088232499707	204	148
1779088232499708	204	150
1779088232509934	204	126
1779088232509935	204	156
1779088232509935	204	165
1779088232509936	204	168
1779088232509936	204	170
1779088232509937	204	172
1779088232509937	204	177
1779088232509938	204	195
1779088232509938	204	207
1779088232509939	204	208
1779088232520222	204	138
1779088232520223	204	147
1779088232520224	204	151
1779088232520224	204	154
1779088232520225	204	158
1779088232520225	204	162
1779088232520226	204	165
1779088232520226	204	169
1779088232520227	204	175
1779088232520227	204	179
1779088232520228	204	181
1779088232530482	204	102
1779088232530483	204	112
1779088232530483	204	114
1779088232530484	204	117
1779088232530484	204	121
1779088232530485	204	126
1779088232530485	204	130
1779088232530486	204	131
1779088232530486	204	135
1779088232530487	204	147
1779088232539715	204	155
1779088232539716	204	169
1779088232539717	204	171
1779088232539717	204	174
1779088232539718	204	180
1779088232539718	204	185
1779088232539719	204	186
1779088232539719	204	188
1779088232539720	204	209
1779088232550009	204	142
1779088232550010	204	155
1779088232550010	204	158
1779088232550011	204	162
1779088232550011	204	173
1779088232550012	204	178
1779088232550013	204	184
1779088232550013	204	185
1779088232550013	204	189
1779088232550014	204	214
1779088232560302	204	105
1779088232560303	204	114
1779088232560303	204	115
1779088232560304	204	121
1779088232560304	204	125
1779088232560305	204	145
1779088232560305	204	161
1779088232560306	204	163
1779088232560306	204	164
1779088232560306	204	173
1779088232560307	204	177
1779088232570562	204	126
1779088232570563	204	140
1779088232570564	204	141
1779088232570564	204	142
1779088232570565	204	144
1779088232570565	204	147
1779088232570566	204	149
1779088232570566	204	153
1779088232570567	204	154
1779088232570567	204	167
1779088232579809	204	100
1779088232579809	204	107
1779088232579810	204	111
1779088232579810	204	120
1779088232579811	204	123
1779088232579811	204	125
1779088232579812	204	131
1779088232579812	204	144
1779088232579813	204	158
1779088232590050	204	140
1779088232590051	204	154
1779088232590051	204	158
1779088232590052	204	159
1779088232590052	204	161
1779088232590053	204	162
1779088232590053	204	166
1779088232590054	204	182
1779088232590054	204	184
1779088232590055	204	190
1779088232600326	204	138
1779088232600327	204	149
1779088232600327	204	153
1779088232600328	204	156
1779088232600328	204	166
1779088232600329	204	170
1779088232600329	204	171
1779088232600330	204	172
1779088232600330	204	179
1779088232600331	204	186
1779088232600331	204	187
1779088232610589	204	96
1779088232610590	204	106
1779088232610591	204	116
1779088232610591	204	120
1779088232610592	204	121
1779088232610592	204	128
1779088232610593	204	134
1779088232610593	204	135
1779088232610593	204	156
1779088232610594	204	159
1779088232619834	204	151
1779088232619836	204	165
1779088232619836	204	166
1779088232619837	204	170
1779088232619837	204	177
1779088232619838	204	178
1779088232619838	204	182
1779088232619839	204	205
1779088232619839	204	207
1779088232630124	204	134
1779088232630126	204	147
1779088232630126	204	148
1779088232630127	204	150
1779088232630127	204	151
1779088232630128	204	154
1779088232630128	204	158
1779088232630128	204	167
1779088232630129	204	169
1779088232630129	204	172
1779088232640380	204	157
1779088232640382	204	167
1779088232640382	204	172
1779088232640383	204	175
1779088232640383	204	182
1779088232640383	204	186
1779088232640384	204	187
1779088232640385	204	188
1779088232640385	204	207
1779088232640386	204	210
1779088232640386	204	212
1779088232650675	204	123
1779088232650676	204	136
1779088232650676	204	140
1779088232650677	204	148
1779088232650677	204	150
1779088232650678	204	151
1779088232650678	204	155
1779088232650679	204	156
1779088232650679	204	164
1779088232650680	204	171
1779088232659925	204	109
1779088232659926	204	120
1779088232659927	204	121
1779088232659927	204	125
1779088232659928	204	133
1779088232659928	204	139
1779088232659928	204	141
1779088232659929	204	159
1779088232659929	204	165
1779088232670175	204	168
1779088232670176	204	180
1779088232670177	204	185
1779088232670177	204	186
1779088232670178	204	191
1779088232670178	204	204
1779088232670179	204	209
1779088232670179	204	216
1779088232670179	204	221
1779088232670180	204	222
1779088232680483	204	150
1779088232680484	204	171
1779088232680485	204	175
1779088232680485	204	176
1779088232680486	204	179
1779088232680486	204	184
1779088232680487	204	186
1779088232680487	204	189
1779088232680488	204	192
1779088232680488	204	206
1779088232680489	204	209
1779088232689772	204	104
1779088232689772	204	114
1779088232689773	204	115
1779088232689773	204	118
1779088232689774	204	122
1779088232689774	204	126
1779088232689775	204	134
1779088232689775	204	138
1779088232689776	204	140
1779088232700001	204	138
1779088232700003	204	149
1779088232700003	204	154
1779088232700004	204	158
1779088232700004	204	161
1779088232700005	204	163
1779088232700005	204	166
1779088232700005	204	169
1779088232700006	204	174
1779088232700006	204	186
1779088232710273	204	139
1779088232710274	204	149
1779088232710274	204	153
1779088232710275	204	157
1779088232710275	204	160
1779088232710276	204	162
1779088232710276	204	166
1779088232710277	204	167
1779088232710277	204	169
1779088232710278	204	174
1779088232710278	204	190
1779088232720545	204	108
1779088232720546	204	118
1779088232720547	204	119
1779088232720547	204	121
1779088232720548	204	122
1779088232720548	204	125
1779088232720549	204	129
1779088232720549	204	138
1779088232720550	204	142
1779088232720550	204	152
1779088232729785	204	130
1779088232729786	204	144
1779088232729787	204	148
1779088232729787	204	152
1779088232729788	204	154
1779088232729788	204	160
1779088232729789	204	162
1779088232729790	204	163
1779088232729790	204	189
1779088232740057	204	108
1779088232740058	204	121
1779088232740058	204	125
1779088232740059	204	129
1779088232740059	204	133
1779088232740060	204	134
1779088232740060	204	138
1779088232740061	204	139
1779088232740061	204	143
1779088232740062	204	156
1779088232750300	204	154
1779088232750301	204	165
1779088232750302	204	168
1779088232750302	204	170
1779088232750303	204	171
1779088232750303	204	175
1779088232750303	204	178
1779088232750304	204	191
1779088232750304	204	193
1779088232750305	204	200
1779088232750305	204	202
1779088232760591	204	123
1779088232760592	204	141
1779088232760592	204	145
1779088232760593	204	147
1779088232760593	204	151
1779088232760594	204	156
1779088232760595	204	158
1779088232760595	204	160
1779088232760596	204	175
1779088232760596	204	177
1779088232769851	204	102
1779088232769852	204	127
1779088232769852	204	129
1779088232769853	204	132
1779088232769853	204	133
1779088232769854	204	138
1779088232769854	204	143
1779088232769855	204	160
1779088232769855	204	162
1779088232780093	204	126
1779088232780094	204	137
1779088232780094	204	139
1779088232780095	204	140
1779088232780095	204	144
1779088232780096	204	157
1779088232780096	204	159
1779088232780097	204	161
1779088232780097	204	163
1779088232780098	204	165
1779088232790343	204	141
1779088232790344	204	153
1779088232790344	204	155
1779088232790345	204	156
1779088232790345	204	159
1779088232790346	204	163
1779088232790346	204	167
1779088232790347	204	168
1779088232790347	204	182
1779088232790347	204	185
1779088232790348	204	187
1779088232800613	204	109
1779088232800614	204	126
1779088232800615	204	131
1779088232800616	204	134
1779088232800616	204	135
1779088232800616	204	139
1779088232800617	204	140
1779088232800617	204	144
1779088232800618	204	149
1779088232800618	204	165
1779088232809858	204	129
1779088232809860	204	137
1779088232809860	204	142
1779088232809861	204	145
1779088232809861	204	146
1779088232809861	204	150
1779088232809862	204	152
1779088232809862	204	166
1779088232809863	204	169
1779088232820105	204	103
1779088232820106	204	113
1779088232820106	204	120
1779088232820107	204	121
1779088232820107	204	122
1779088232820107	204	126
1779088232820108	204	127
1779088232820108	204	134
1779088232820109	204	138
1779088232820109	204	140
1779088232830324	204	162
1779088232830325	204	183
1779088232830326	204	187
1779088232830326	204	191
1779088232830327	204	195
1779088232830327	204	198
1779088232830328	204	201
1779088232830328	204	205
1779088232830329	204	206
1779088232830329	204	227
1779088232830330	204	229
1779088232840643	204	141
1779088232840644	204	153
1779088232840645	204	154
1779088232840645	204	162
1779088232840646	204	175
1779088232840646	204	176
1779088232840647	204	177
1779088232840647	204	181
1779088232840648	204	182
1779088232840648	204	191
1779088232849912	204	105
1779088232849913	204	112
1779088232849914	204	115
1779088232849914	204	119
1779088232849914	204	122
1779088232849915	204	124
1779088232849915	204	127
1779088232849916	204	128
1779088232849916	204	138
1779088232860135	204	131
1779088232860136	204	144
1779088232860136	204	148
1779088232860137	204	158
1779088232860137	204	162
1779088232860138	204	163
1779088232860138	204	164
1779088232860139	204	165
1779088232860139	204	166
1779088232860140	204	173
1779088232870389	204	114
1779088232870390	204	125
1779088232870391	204	129
1779088232870391	204	131
1779088232870392	204	134
1779088232870392	204	135
1779088232870393	204	137
1779088232870393	204	138
1779088232870394	204	139
1779088232870394	204	142
1779088232870395	204	152
1779088232880619	204	129
1779088232880620	204	140
1779088232880621	204	143
1779088232880622	204	147
1779088232880622	204	148
1779088232880622	204	149
1779088232880623	204	153
1779088232880623	204	155
1779088232880624	204	158
1779088232880624	204	166
1779088232889869	204	143
1779088232889871	204	155
1779088232889871	204	159
1779088232889872	204	162
1779088232889872	204	164
1779088232889873	204	168
1779088232889873	204	171
1779088232889873	204	175
1779088232889874	204	186
1779088232900133	204	100
1779088232900134	204	110
1779088232900134	204	114
1779088232900135	204	118
1779088232900135	204	119
1779088232900136	204	130
1779088232900136	204	134
1779088232900136	204	137
1779088232900137	204	140
1779088232900137	204	149
1779088232910366	204	127
1779088232910367	204	137
1779088232910368	204	138
1779088232910368	204	140
1779088232910369	204	144
1779088232910369	204	145
1779088232910370	204	146
1779088232910370	204	148
1779088232910370	204	151
1779088232910371	204	155
1779088232910371	204	165
1779088232920612	204	141
1779088232920613	204	151
1779088232920614	204	155
1779088232920614	204	157
1779088232920614	204	160
1779088232920615	204	164
1779088232920615	204	172
1779088232920615	204	173
1779088232920616	204	175
1779088232920616	204	176
1779088232929864	204	108
1779088232929865	204	121
1779088232929865	204	127
1779088232929866	204	141
1779088232929866	204	144
1779088232929867	204	151
1779088232929867	204	155
1779088232929868	204	158
1779088232929868	204	166
1779088232940112	204	126
1779088232940113	204	139
1779088232940114	204	140
1779088232940114	204	143
1779088232940115	204	147
1779088232940115	204	155
1779088232940116	204	156
1779088232940116	204	160
1779088232940117	204	161
1779088232940117	204	162
1779088232950350	204	102
1779088232950350	204	111
1779088232950351	204	115
1779088232950351	204	119
1779088232950352	204	122
1779088232950352	204	132
1779088232950353	204	136
1779088232950353	204	140
1779088232950354	204	141
1779088232950354	204	145
1779088232950355	204	153
1779088232960584	204	124
1779088232960586	204	135
1779088232960586	204	137
1779088232960587	204	140
1779088232960587	204	144
1779088232960588	204	148
1779088232960588	204	150
1779088232960589	204	153
1779088232960589	204	157
1779088232960590	204	165
1779088232969839	204	142
1779088232969840	204	156
1779088232969840	204	160
1779088232969841	204	161
1779088232969841	204	165
1779088232969842	204	169
1779088232969842	204	171
1779088232969843	204	174
1779088232969843	204	184
1779088232980100	204	99
1779088232980101	204	109
1779088232980101	204	116
1779088232980102	204	117
1779088232980102	204	118
1779088232980103	204	122
1779088232980103	204	123
1779088232980104	204	131
1779088232980104	204	132
1779088232980105	204	133
1779088232990315	204	141
1779088232990316	204	153
1779088232990317	204	157
1779088232990317	204	158
1779088232990318	204	162
1779088232990318	204	163
1779088232990319	204	164
1779088232990319	204	168
1779088232990320	204	171
1779088232990320	204	182
1779088232990321	204	183
1779088233000582	204	130
1779088233000583	204	142
1779088233000584	204	146
1779088233000584	204	148
1779088233000585	204	149
1779088233000585	204	150
1779088233000586	204	157
1779088233000586	204	175
1779088233000587	204	184
1779088233000587	204	185
1779088233009846	204	104
1779088233009847	204	123
1779088233009848	204	128
1779088233009848	204	129
1779088233009849	204	132
1779088233009849	204	136
1779088233009849	204	137
1779088233009850	204	138
1779088233009850	204	148
1779088233020073	204	123
1779088233020074	204	133
1779088233020075	204	140
1779088233020075	204	144
1779088233020076	204	145
1779088233020076	204	152
1779088233020077	204	156
1779088233020077	204	164
1779088233020077	204	167
1779088233020078	204	169
1779088233030328	204	130
1779088233030329	204	143
1779088233030330	204	144
1779088233030330	204	148
1779088233030331	204	149
1779088233030331	204	153
1779088233030332	204	156
1779088233030332	204	158
1779088233030333	204	159
1779088233030333	204	160
1779088233030334	204	169
1779088233040580	204	113
1779088233040581	204	125
1779088233040581	204	127
1779088233040582	204	128
1779088233040582	204	130
1779088233040583	204	134
1779088233040583	204	135
1779088233040584	204	138
1779088233040584	204	140
1779088233040585	204	147
1779088233049805	204	113
1779088233049806	204	124
1779088233049806	204	127
1779088233049807	204	131
1779088233049807	204	135
1779088233049808	204	136
1779088233049808	204	140
1779088233049809	204	161
1779088233049809	204	166
1779088233060056	204	126
1779088233060057	204	135
1779088233060058	204	137
1779088233060058	204	138
1779088233060058	204	142
1779088233060059	204	146
1779088233060060	204	149
1779088233060061	204	152
1779088233060061	204	160
1779088233060062	204	161
1779088233070302	204	131
1779088233070303	204	144
1779088233070303	204	148
1779088233070304	204	150
1779088233070304	204	151
1779088233070305	204	152
1779088233070305	204	157
1779088233070306	204	158
1779088233070306	204	161
1779088233070307	204	165
1779088233070307	204	175
1779088233080557	204	112
1779088233080558	204	122
1779088233080559	204	125
1779088233080559	204	127
1779088233080559	204	128
1779088233080560	204	129
1779088233080560	204	133
1779088233080561	204	136
1779088233080561	204	144
1779088233080562	204	146
1779088233089779	204	112
1779088233089780	204	118
1779088233089780	204	123
1779088233089781	204	126
1779088233089781	204	128
1779088233089782	204	129
1779088233089782	204	133
1779088233089782	204	143
1779088233089783	204	145
1779088233100006	204	129
1779088233100007	204	141
1779088233100007	204	145
1779088233100008	204	147
1779088233100008	204	148
1779088233100009	204	151
1779088233100009	204	155
1779088233100010	204	159
1779088233100010	204	162
1779088233100010	204	177
1779088233110262	204	103
1779088233110263	204	113
1779088233110263	204	117
1779088233110264	204	121
1779088233110264	204	124
1779088233110265	204	128
1779088233110265	204	135
1779088233110266	204	137
1779088233110266	204	141
1779088233110267	204	142
1779088233110267	204	144
1779088233120489	204	135
1779088233120490	204	146
1779088233120491	204	150
1779088233120491	204	154
1779088233120491	204	157
1779088233120492	204	161
1779088233120493	204	165
1779088233120493	204	173
1779088233120494	204	175
1779088233120494	204	178
1779088233129750	204	122
1779088233129751	204	134
1779088233129752	204	138
1779088233129752	204	142
1779088233129753	204	146
1779088233129753	204	150
1779088233129753	204	161
1779088233129754	204	163
1779088233129754	204	164
1779088233139993	204	132
1779088233139994	204	142
1779088233139995	204	146
1779088233139995	204	148
1779088233139996	204	157
1779088233139996	204	160
1779088233139997	204	161
1779088233139997	204	168
1779088233139998	204	170
1779088233139998	204	171
1779088233150250	204	133
1779088233150251	204	147
1779088233150252	204	151
1779088233150252	204	155
1779088233150253	204	156
1779088233150253	204	157
1779088233150254	204	168
1779088233150254	204	169
1779088233150255	204	170
1779088233150255	204	171
1779088233150256	204	172
1779088233160506	204	116
1779088233160507	204	127
1779088233160507	204	131
1779088233160508	204	135
1779088233160508	204	137
1779088233160509	204	146
1779088233160509	204	147
1779088233160510	204	148
1779088233160510	204	152
1779088233160511	204	160
1779088233169746	204	98
1779088233169747	204	116
1779088233169747	204	121
1779088233169748	204	124
1779088233169748	204	127
1779088233169749	204	131
1779088233169750	204	134
1779088233169750	204	138
1779088233169750	204	148
1779088233179982	204	125
1779088233179983	204	136
1779088233179983	204	139
1779088233179984	204	149
1779088233179984	204	153
1779088233179985	204	154
1779088233179985	204	155
1779088233179986	204	159
1779088233179986	204	166
1779088233179987	204	167
1779088233190223	204	153
1779088233190225	204	174
1779088233190225	204	180
1779088233190226	204	184
1779088233190226	204	188
1779088233190227	204	193
1779088233190227	204	198
1779088233190228	204	205
1779088233190228	204	212
1779088233190229	204	215
1779088233190229	204	235
1779088233200546	204	142
1779088233200547	204	152
1779088233200548	204	154
1779088233200548	204	155
1779088233200549	204	159
1779088233200549	204	163
1779088233200550	204	168
1779088233200550	204	171
1779088233200551	204	176
1779088233200551	204	191
1779088233209818	204	119
1779088233209819	204	137
1779088233209819	204	139
1779088233209820	204	153
1779088233209820	204	157
1779088233209821	204	160
1779088233209821	204	162
1779088233209822	204	168
1779088233209822	204	183
1779088233220081	204	132
1779088233220082	204	145
1779088233220083	204	148
1779088233220083	204	152
1779088233220084	204	155
1779088233220084	204	165
1779088233220084	204	170
1779088233220085	204	178
1779088233220085	204	181
1779088233220086	204	184
1779088233230348	204	134
1779088233230349	204	147
1779088233230349	204	149
1779088233230350	204	150
1779088233230350	204	153
1779088233230351	204	157
1779088233230351	204	160
1779088233230352	204	164
1779088233230352	204	165
1779088233230353	204	169
1779088233230353	204	183
1779088233240615	204	125
1779088233240616	204	133
1779088233240617	204	137
1779088233240617	204	146
1779088233240617	204	148
1779088233240618	204	153
1779088233240619	204	155
1779088233240619	204	157
1779088233240620	204	159
1779088233240620	204	170
1779088233249864	204	92
1779088233249865	204	113
1779088233249865	204	117
1779088233249866	204	121
1779088233249866	204	124
1779088233249866	204	129
1779088233249867	204	130
1779088233249867	204	133
1779088233249867	204	147
1779088233260095	204	137
1779088233260096	204	149
1779088233260097	204	152
1779088233260097	204	156
1779088233260098	204	166
1779088233260098	204	168
1779088233260098	204	169
1779088233260099	204	173
1779088233260099	204	176
1779088233260100	204	188
1779088233270370	204	155
1779088233270372	204	166
1779088233270372	204	170
1779088233270373	204	175
1779088233270373	204	179
1779088233270374	204	182
1779088233270374	204	183
1779088233270375	204	187
1779088233270375	204	191
1779088233270376	204	193
1779088233270376	204	209
1779088233280665	204	133
1779088233280666	204	145
1779088233280666	204	149
1779088233280667	204	158
1779088233280667	204	163
1779088233280668	204	171
1779088233280668	204	173
1779088233280669	204	175
1779088233280669	204	177
1779088233280670	204	182
1779088233289931	204	134
1779088233289932	204	167
1779088233289932	204	170
1779088233289933	204	172
1779088233289933	204	180
1779088233289934	204	186
1779088233289934	204	201
1779088233289935	204	203
1779088233289935	204	204
1779088233300216	204	146
1779088233300217	204	156
1779088233300217	204	161
1779088233300218	204	162
1779088233300218	204	163
1779088233300219	204	164
1779088233300219	204	166
1779088233300220	204	169
1779088233300220	204	173
1779088233300221	204	177
1779088233300221	204	189
1779088233310493	204	153
1779088233310494	204	165
1779088233310494	204	167
1779088233310495	204	175
1779088233310495	204	177
1779088233310496	204	179
1779088233310496	204	186
1779088233310497	204	189
1779088233310498	204	193
1779088233310498	204	204
1779088233319780	204	141
1779088233319782	204	154
1779088233319783	204	165
1779088233319783	204	167
1779088233319784	204	174
1779088233319785	204	196
1779088233319785	204	198
1779088233319786	204	204
1779088233319787	204	216
1779088233330097	204	113
1779088233330099	204	121
1779088233330099	204	122
1779088233330100	204	126
1779088233330101	204	130
1779088233330101	204	131
1779088233330102	204	148
1779088233330103	204	154
1779088233330103	204	156
1779088233330104	204	171
1779088233340354	204	137
1779088233340355	204	151
1779088233340356	204	153
1779088233340356	204	156
1779088233340357	204	160
1779088233340357	204	162
1779088233340358	204	163
1779088233340358	204	166
1779088233340359	204	169
1779088233340359	204	174
1779088233340360	204	185
1779088233350643	204	170
1779088233350645	204	183
1779088233350646	204	189
1779088233350647	204	192
1779088233350647	204	196
1779088233350648	204	200
1779088233350648	204	201
1779088233350649	204	205
1779088233350650	204	206
1779088233350651	204	221
1779088233359960	204	152
1779088233359970	204	157
1779088233359971	204	161
1779088233359971	204	164
1779088233359972	204	169
1779088233359972	204	170
1779088233359973	204	173
1779088233359973	204	174
1779088233359974	204	182
1779088233370248	204	147
1779088233370250	204	163
1779088233370251	204	165
1779088233370251	204	170
1779088233370252	204	174
1779088233370252	204	177
1779088233370253	204	179
1779088233370254	204	180
1779088233370254	204	182
1779088233370255	204	195
1779088233370256	204	196
1779088233380526	204	103
1779088233380527	204	113
1779088233380527	204	116
1779088233380528	204	121
1779088233380528	204	127
1779088233380529	204	128
1779088233380529	204	130
1779088233380530	204	131
1779088233380530	204	134
1779088233380531	204	136
1779088233389752	204	133
1779088233389754	204	147
1779088233389754	204	148
1779088233389755	204	152
1779088233389755	204	155
1779088233389756	204	156
1779088233389757	204	168
1779088233389757	204	169
1779088233389758	204	170
1779088233400006	204	184
1779088233400007	204	194
1779088233400008	204	197
1779088233400008	204	201
1779088233400009	204	203
1779088233400009	204	207
1779088233400010	204	218
1779088233400010	204	224
1779088233400011	204	232
1779088233400011	204	233
1779088233410328	204	128
1779088233410329	204	142
1779088233410330	204	145
1779088233410330	204	149
1779088233410331	204	152
1779088233410331	204	155
1779088233410332	204	166
1779088233410332	204	178
1779088233410333	204	179
1779088233410334	204	180
1779088233410334	204	181
1779088233420598	204	172
1779088233420600	204	187
1779088233420600	204	189
1779088233420601	204	192
1779088233420601	204	193
1779088233420602	204	197
1779088233420602	204	203
1779088233420603	204	207
1779088233420603	204	211
1779088233420604	204	221
1779088233429898	204	109
1779088233429899	204	118
1779088233429900	204	123
1779088233429900	204	126
1779088233429901	204	130
1779088233429901	204	133
1779088233429902	204	141
1779088233429902	204	145
1779088233429903	204	146
1779088233440135	204	150
1779088233440136	204	160
1779088233440137	204	164
1779088233440137	204	168
1779088233440138	204	173
1779088233440138	204	176
1779088233440138	204	177
1779088233440139	204	181
1779088233440139	204	184
1779088233440140	204	192
1779088233450419	204	148
1779088233450420	204	164
1779088233450421	204	166
1779088233450422	204	167
1779088233450422	204	168
1779088233450423	204	172
1779088233450423	204	176
1779088233450424	204	182
1779088233450424	204	184
1779088233450425	204	190
1779088233450425	204	207
1779088233459710	204	143
1779088233459711	204	155
1779088233459711	204	160
1779088233459712	204	161
1779088233459712	204	165
1779088233459713	204	169
1779088233459713	204	171
1779088233459714	204	189
1779088233459714	204	192
1779088233469991	204	156
1779088233469992	204	167
1779088233469992	204	169
1779088233469993	204	173
1779088233469993	204	174
1779088233469994	204	179
1779088233469994	204	180
1779088233469995	204	185
1779088233469995	204	200
1779088233469996	204	203
1779088233480277	204	137
1779088233480278	204	147
1779088233480279	204	154
1779088233480280	204	158
1779088233480280	204	159
1779088233480281	204	160
1779088233480282	204	167
1779088233480283	204	168
1779088233480283	204	172
1779088233480284	204	173
1779088233480285	204	175
1779088233490530	204	101
1779088233490531	204	111
1779088233490532	204	114
1779088233490532	204	116
1779088233490533	204	119
1779088233490533	204	123
1779088233490534	204	133
1779088233490534	204	137
1779088233490535	204	138
1779088233490535	204	166
1779088233499780	204	129
1779088233499781	204	140
1779088233499782	204	144
1779088233499782	204	145
1779088233499783	204	153
1779088233499783	204	154
1779088233499784	204	159
1779088233499784	204	160
1779088233499785	204	172
1779088233510041	204	114
1779088233510041	204	121
1779088233510042	204	125
1779088233510042	204	129
1779088233510043	204	132
1779088233510044	204	136
1779088233510044	204	138
1779088233510044	204	152
1779088233510045	204	155
1779088233510045	204	164
1779088233520298	204	157
1779088233520299	204	173
1779088233520300	204	175
1779088233520301	204	179
1779088233520301	204	183
1779088233520302	204	188
1779088233520302	204	192
1779088233520302	204	196
1779088233520303	204	197
1779088233520303	204	207
1779088233520304	204	208
1779088233530596	204	183
1779088233530597	204	194
1779088233530598	204	207
1779088233530598	204	212
1779088233530599	204	215
1779088233530600	204	219
1779088233530600	204	222
1779088233530601	204	223
1779088233530602	204	238
1779088233530602	204	239
1779088233539918	204	130
1779088233539919	204	146
1779088233539919	204	150
1779088233539920	204	152
1779088233539920	204	153
1779088233539921	204	154
1779088233539922	204	158
1779088233539922	204	159
1779088233539922	204	167
1779088233550168	204	139
1779088233550169	204	149
1779088233550170	204	154
1779088233550170	204	158
1779088233550171	204	159
1779088233550171	204	163
1779088233550171	204	164
1779088233550172	204	165
1779088233550172	204	169
1779088233550173	204	180
1779088233560429	204	142
1779088233560430	204	153
1779088233560431	204	163
1779088233560431	204	164
1779088233560432	204	168
1779088233560432	204	169
1779088233560433	204	175
1779088233560433	204	179
1779088233560434	204	202
1779088233560434	204	204
1779088233560435	204	208
1779088233569712	204	94
1779088233569713	204	104
1779088233569713	204	105
1779088233569714	204	112
1779088233569714	204	117
1779088233569715	204	118
1779088233569715	204	119
1779088233569716	204	120
1779088233569716	204	132
1779088233579927	204	147
1779088233579929	204	161
1779088233579930	204	165
1779088233579930	204	169
1779088233579931	204	170
1779088233579931	204	174
1779088233579932	204	181
1779088233579932	204	182
1779088233579933	204	186
1779088233579933	204	204
1779088233590207	204	122
1779088233590208	204	131
1779088233590209	204	136
1779088233590209	204	137
1779088233590210	204	147
1779088233590210	204	148
1779088233590211	204	152
1779088233590211	204	158
1779088233590212	204	164
1779088233590212	204	182
1779088233590213	204	187
1779088233600478	204	143
1779088233600479	204	152
1779088233600480	204	156
1779088233600480	204	161
1779088233600480	204	162
1779088233600481	204	169
1779088233600482	204	173
1779088233600482	204	184
1779088233600482	204	190
1779088233600483	204	213
1779088233609772	204	134
1779088233609773	204	145
1779088233609774	204	146
1779088233609774	204	156
1779088233609775	204	158
1779088233609775	204	161
1779088233609776	204	168
1779088233609776	204	175
1779088233609777	204	207
1779088233620058	204	121
1779088233620059	204	137
1779088233620060	204	144
1779088233620060	204	146
1779088233620061	204	147
1779088233620061	204	149
1779088233620062	204	152
1779088233620062	204	154
1779088233620063	204	155
1779088233620063	204	156
1779088233630300	204	155
1779088233630301	204	170
1779088233630302	204	174
1779088233630302	204	177
1779088233630303	204	181
1779088233630303	204	183
1779088233630303	204	196
1779088233630304	204	200
1779088233630304	204	202
1779088233630305	204	210
1779088233630305	204	211
1779088233640598	204	157
1779088233640600	204	169
1779088233640600	204	172
1779088233640601	204	175
1779088233640602	204	185
1779088233640603	204	188
1779088233640604	204	196
1779088233640604	204	199
1779088233640605	204	200
1779088233640606	204	206
1779088233649886	204	106
1779088233649886	204	117
1779088233649887	204	118
1779088233649887	204	121
1779088233649888	204	125
1779088233649888	204	130
1779088233649889	204	131
1779088233649889	204	134
1779088233649890	204	144
1779088233660113	204	129
1779088233660114	204	141
1779088233660115	204	143
1779088233660115	204	150
1779088233660115	204	163
1779088233660116	204	164
1779088233660116	204	168
1779088233660117	204	169
1779088233660117	204	170
1779088233660118	204	178
1779088233670373	204	104
1779088233670374	204	116
1779088233670374	204	120
1779088233670375	204	121
1779088233670375	204	122
1779088233670376	204	126
1779088233670376	204	127
1779088233670376	204	131
1779088233670377	204	134
1779088233670378	204	144
1779088233670378	204	146
1779088233680606	204	147
1779088233680608	204	158
1779088233680608	204	163
1779088233680609	204	167
1779088233680609	204	168
1779088233680610	204	172
1779088233680610	204	175
1779088233680611	204	178
1779088233680611	204	182
1779088233680612	204	191
1779088233689878	204	138
1779088233689879	204	149
1779088233689880	204	153
1779088233689881	204	157
1779088233689881	204	159
1779088233689881	204	161
1779088233689882	204	162
1779088233689882	204	166
1779088233689883	204	178
1779088233700133	204	115
1779088233700134	204	122
1779088233700134	204	126
1779088233700135	204	130
1779088233700135	204	134
1779088233700136	204	137
1779088233700136	204	141
1779088233700137	204	145
1779088233700137	204	146
1779088233700137	204	154
1779088233710366	204	133
1779088233710367	204	145
1779088233710368	204	147
1779088233710368	204	150
1779088233710369	204	152
1779088233710369	204	155
1779088233710370	204	159
1779088233710370	204	170
1779088233710371	204	174
1779088233710371	204	175
1779088233710372	204	176
1779088233720625	204	138
1779088233720626	204	150
1779088233720627	204	159
1779088233720627	204	165
1779088233720628	204	167
1779088233720628	204	170
1779088233720629	204	172
1779088233720629	204	179
1779088233720629	204	180
1779088233720630	204	181
1779088233729882	204	115
1779088233729883	204	125
1779088233729883	204	126
1779088233729884	204	130
1779088233729884	204	131
1779088233729885	204	135
1779088233729885	204	139
1779088233729885	204	140
1779088233729886	204	150
1779088233740113	204	135
1779088233740114	204	144
1779088233740115	204	149
1779088233740115	204	155
1779088233740116	204	159
1779088233740116	204	161
1779088233740116	204	162
1779088233740117	204	166
1779088233740117	204	170
1779088233740117	204	179
1779088233750367	204	128
1779088233750368	204	138
1779088233750368	204	142
1779088233750369	204	143
1779088233750369	204	144
1779088233750370	204	148
1779088233750370	204	158
1779088233750371	204	159
1779088233750371	204	161
1779088233750372	204	164
1779088233750372	204	165
1779088233760611	204	133
1779088233760612	204	145
1779088233760613	204	147
1779088233760613	204	150
1779088233760614	204	159
1779088233760614	204	163
1779088233760615	204	164
1779088233760615	204	166
1779088233760616	204	167
1779088233760616	204	173
1779088233769868	204	143
1779088233769869	204	154
1779088233769869	204	158
1779088233769870	204	160
1779088233769870	204	163
1779088233769871	204	164
1779088233769871	204	166
1779088233769872	204	169
1779088233769872	204	180
1779088233780125	204	95
1779088233780126	204	105
1779088233780126	204	109
1779088233780127	204	110
1779088233780127	204	114
1779088233780128	204	121
1779088233780128	204	125
1779088233780128	204	126
1779088233780129	204	127
1779088233780129	204	128
1779088233790341	204	140
1779088233790343	204	154
1779088233790343	204	159
1779088233790344	204	161
1779088233790344	204	162
1779088233790345	204	166
1779088233790345	204	168
1779088233790346	204	169
1779088233790346	204	173
1779088233790347	204	174
1779088233790348	204	187
1779088233800621	204	156
1779088233800623	204	167
1779088233800624	204	172
1779088233800624	204	176
1779088233800625	204	177
1779088233800625	204	182
1779088233800626	204	188
1779088233800626	204	194
1779088233800627	204	196
1779088233800627	204	210
1779088233809911	204	107
1779088233809912	204	116
1779088233809913	204	119
1779088233809913	204	123
1779088233809913	204	134
1779088233809914	204	135
1779088233809914	204	137
1779088233809915	204	141
1779088233809915	204	153
1779088233820160	204	135
1779088233820161	204	144
1779088233820162	204	146
1779088233820162	204	150
1779088233820163	204	151
1779088233820163	204	152
1779088233820164	204	165
1779088233820164	204	167
1779088233820165	204	187
1779088233820165	204	198
1779088233830443	204	134
1779088233830444	204	149
1779088233830444	204	155
1779088233830445	204	159
1779088233830445	204	163
1779088233830445	204	168
1779088233830446	204	171
1779088233830446	204	174
1779088233830446	204	176
1779088233830447	204	183
1779088233830447	204	201
1779088233839725	204	143
1779088233839726	204	155
1779088233839727	204	159
1779088233839727	204	168
1779088233839728	204	170
1779088233839728	204	173
1779088233839729	204	175
1779088233839729	204	186
1779088233839730	204	188
1779088233849995	204	163
1779088233849996	204	177
1779088233849996	204	178
1779088233849997	204	179
1779088233849997	204	191
1779088233849998	204	193
1779088233849998	204	197
1779088233849999	204	204
1779088233849999	204	209
1779088233850000	204	210
1779088233860284	204	136
1779088233860285	204	146
1779088233860286	204	153
1779088233860286	204	154
1779088233860286	204	158
1779088233860287	204	178
1779088233860287	204	180
1779088233860288	204	183
1779088233860288	204	202
1779088233860289	204	207
1779088233860289	204	231
1779088233870599	204	129
1779088233870600	204	140
1779088233870601	204	144
1779088233870601	204	148
1779088233870602	204	149
1779088233870602	204	157
1779088233870602	204	161
1779088233870603	204	162
1779088233870603	204	163
1779088233870604	204	184
1779088233879865	204	113
1779088233879866	204	127
1779088233879866	204	132
1779088233879867	204	139
1779088233879867	204	145
1779088233879868	204	151
1779088233879868	204	166
1779088233879869	204	172
1779088233879869	204	174
1779088233890118	204	130
1779088233890119	204	142
1779088233890119	204	153
1779088233890120	204	155
1779088233890120	204	156
1779088233890121	204	160
1779088233890121	204	169
1779088233890121	204	173
1779088233890122	204	186
1779088233890122	204	189
1779088233900392	204	139
1779088233900393	204	152
1779088233900394	204	153
1779088233900394	204	154
1779088233900395	204	158
1779088233900395	204	166
1779088233900396	204	172
1779088233900396	204	189
1779088233900397	204	203
1779088233900397	204	205
1779088233900398	204	207
1779088233910677	204	101
1779088233910678	204	112
1779088233910679	204	113
1779088233910679	204	117
1779088233910680	204	118
1779088233910680	204	128
1779088233910681	204	133
1779088233910681	204	134
1779088233910682	204	140
1779088233910682	204	144
1779088233919905	204	139
1779088233919906	204	148
1779088233919906	204	152
1779088233919907	204	155
1779088233919907	204	159
1779088233919908	204	166
1779088233919908	204	167
1779088233919908	204	171
1779088233919909	204	187
1779088233930176	204	159
1779088233930177	204	167
1779088233930178	204	177
1779088233930178	204	181
1779088233930179	204	182
1779088233930179	204	183
1779088233930180	204	193
1779088233930180	204	195
1779088233930181	204	199
1779088233930181	204	217
1779088233940474	204	117
1779088233940475	204	127
1779088233940475	204	128
1779088233940476	204	134
1779088233940476	204	136
1779088233940476	204	140
1779088233940477	204	154
1779088233940477	204	162
1779088233940478	204	163
1779088233940478	204	173
1779088233940479	204	180
1779088233949735	204	136
1779088233949736	204	149
1779088233949737	204	150
1779088233949737	204	153
1779088233949738	204	164
1779088233949738	204	171
1779088233949739	204	173
1779088233949739	204	175
1779088233949740	204	177
1779088233959995	204	163
1779088233959996	204	186
1779088233959997	204	193
1779088233959997	204	199
1779088233959998	204	205
1779088233959998	204	208
1779088233959998	204	214
1779088233959999	204	216
1779088233959999	204	218
1779088233960000	204	244
1779088233970331	204	132
1779088233970333	204	149
1779088233970333	204	156
1779088233970334	204	158
1779088233970334	204	164
1779088233970335	204	166
1779088233970335	204	172
1779088233970336	204	178
1779088233970336	204	183
1779088233970337	204	201
1779088233970337	204	204
1779088233980625	204	129
1779088233980626	204	144
1779088233980627	204	150
1779088233980627	204	152
1779088233980628	204	158
1779088233980628	204	164
1779088233980629	204	166
1779088233980629	204	172
1779088233980630	204	177
1779088233980630	204	191
1779088233989898	204	116
1779088233989899	204	139
1779088233989900	204	146
1779088233989900	204	148
1779088233989901	204	154
1779088233989901	204	159
1779088233989902	204	165
1779088233989902	204	198
1779088233989903	204	201
1779088234000187	204	135
1779088234000188	204	150
1779088234000188	204	156
1779088234000189	204	162
1779088234000189	204	163
1779088234000190	204	169
1779088234000190	204	175
1779088234000191	204	181
1779088234000191	204	183
1779088234000192	204	197
1779088234010473	204	142
1779088234010474	204	153
1779088234010475	204	160
1779088234010475	204	166
1779088234010476	204	171
1779088234010476	204	173
1779088234010477	204	176
1779088234010477	204	181
1779088234010478	204	184
1779088234010478	204	186
1779088234010479	204	202
1779088234019755	204	112
1779088234019756	204	120
1779088234019757	204	122
1779088234019757	204	128
1779088234019758	204	134
1779088234019758	204	140
1779088234019759	204	146
1779088234019759	204	152
1779088234019760	204	167
1779088234030012	204	161
1779088234030013	204	181
1779088234030014	204	189
1779088234030014	204	195
1779088234030015	204	197
1779088234030015	204	202
1779088234030016	204	208
1779088234030016	204	223
1779088234030017	204	226
1779088234030017	204	228
1779088234040327	204	171
1779088234040329	204	184
1779088234040330	204	190
1779088234040330	204	204
1779088234040331	204	211
1779088234040332	204	213
1779088234040332	204	218
1779088234040333	204	224
1779088234040334	204	237
1779088234040334	204	244
1779088234040335	204	257
1779088234050671	204	111
1779088234050672	204	124
1779088234050673	204	131
1779088234050674	204	133
1779088234050674	204	139
1779088234050674	204	142
1779088234050675	204	147
1779088234050675	204	153
1779088234050676	204	156
1779088234050676	204	170
1779088234059932	204	139
1779088234059933	204	153
1779088234059933	204	159
1779088234059934	204	165
1779088234059934	204	170
1779088234059935	204	173
1779088234059935	204	178
1779088234059936	204	181
1779088234059936	204	197
1779088234070208	204	102
1779088234070209	204	113
1779088234070210	204	120
1779088234070210	204	122
1779088234070211	204	125
1779088234070211	204	131
1779088234070212	204	133
1779088234070212	204	136
1779088234070213	204	141
1779088234070213	204	156
1779088234070214	204	158
1779088234080452	204	131
1779088234080453	204	145
1779088234080454	204	151
1779088234080454	204	157
1779088234080455	204	164
1779088234080455	204	170
1779088234080456	204	177
1779088234080456	204	180
1779088234080457	204	195
1779088234080457	204	198
1779088234089740	204	134
1779088234089741	204	148
1779088234089742	204	155
1779088234089742	204	160
1779088234089743	204	162
1779088234089743	204	168
1779088234089744	204	171
1779088234089744	204	173
1779088234089745	204	188
1779088234100013	204	117
1779088234100013	204	129
1779088234100014	204	135
1779088234100014	204	141
1779088234100015	204	148
1779088234100015	204	154
1779088234100016	204	156
1779088234100016	204	158
1779088234100017	204	161
1779088234100017	204	176
1779088234110273	204	147
1779088234110274	204	162
1779088234110274	204	165
1779088234110275	204	170
1779088234110275	204	172
1779088234110276	204	187
1779088234110276	204	190
1779088234110277	204	192
1779088234110277	204	194
1779088234110278	204	196
1779088234110278	204	198
