1779088245073194	204	155
1779088245082480	204	303
1779088245082482	204	314
1779088245082482	204	320
1779088245082483	204	324
1779088245082484	204	325
1779088245082485	204	328
1779088245082486	204	332
1779088245082486	204	334
1779088245082487	204	338
1779088245082487	204	339
1779088245082488	204	343
1779088245082488	204	348
1779088245082489	204	350
1779088245082490	204	354
1779088245082490	204	355
1779088245082491	204	356
1779088245082491	204	358
1779088245082492	204	374
1779088245082493	204	375
1779088245082493	204	377
1779088245082494	204	380
1779088245082494	204	384
1779088245082499	204	381
1779088245082500	204	382
1779088245082500	204	383
1779088245082501	204	387
1779088245082501	204	391
1779088245082505	204	391
1779088245092987	204	201
1779088245092988	204	211
1779088245092989	204	215
1779088245092990	204	218
1779088245092990	204	222
1779088245092991	204	225
1779088245092991	204	229
1779088245092992	204	232
1779088245092992	204	236
1779088245092993	204	245
1779088245092994	204	247
1779088245092994	204	251
1779088245092995	204	253
1779088245092995	204	254
1779088245092996	204	263
1779088245092996	204	329
1779088245092996	204	342
1779088245092997	204	346
1779088245092998	204	348
1779088245092998	204	368
1779088245092999	204	373
1779088245092999	204	378
1779088245093000	204	379
1779088245093000	204	381
1779088245093001	204	382
1779088245093001	204	386
1779088245093002	204	391
1779088245093002	204	395
1779088245093003	204	396
1779088245093003	204	398
1779088245093004	204	402
1779088245093004	204	412
1779088245102497	204	218
1779088245102498	204	231
1779088245102499	204	233
1779088245102500	204	236
1779088245102500	204	237
1779088245102501	204	242
1779088245102501	204	246
1779088245102502	204	247
1779088245102502	204	261
1779088245102503	204	262
1779088245102503	204	264
1779088245102504	204	265
1779088245102504	204	269
1779088245102505	204	279
1779088245102505	204	281
1779088245102506	204	321
1779088245102506	204	326
1779088245102507	204	327
1779088245102507	204	332
1779088245102508	204	341
1779088245102509	204	346
1779088245102509	204	348
1779088245102510	204	352
1779088245102510	204	353
1779088245102511	204	355
1779088245102511	204	359
1779088245102512	204	363
1779088245102512	204	372
1779088245112959	204	231
1779088245112960	204	260
1779088245112961	204	267
1779088245112961	204	273
1779088245112962	204	280
1779088245112962	204	286
1779088245112962	204	292
1779088245112963	204	295
1779088245112963	204	296
1779088245112964	204	299
1779088245112964	204	301
1779088245112965	204	323
1779088245112965	204	325
1779088245112966	204	326
1779088245112966	204	327
1779088245112967	204	346
1779088245112967	204	367
1779088245112968	204	369
1779088245112968	204	373
1779088245112969	204	374
1779088245112969	204	382
1779088245112970	204	384
1779088245112970	204	387
1779088245112971	204	389
1779088245112971	204	390
1779088245112972	204	398
1779088245112972	204	399
1779088245112973	204	400
1779088245112973	204	401
1779088245112974	204	402
1779088245112974	204	403
1779088245112975	204	405
1779088245122462	204	193
1779088245122463	204	204
1779088245122464	204	206
1779088245122465	204	211
1779088245122465	204	214
1779088245122466	204	218
1779088245122466	204	221
1779088245122466	204	233
1779088245122467	204	234
1779088245122468	204	241
1779088245122468	204	242
1779088245122469	204	247
1779088245122469	204	251
1779088245122470	204	256
1779088245122470	204	265
1779088245122471	204	314
1779088245122471	204	316
1779088245122472	204	324
1779088245122472	204	326
1779088245122473	204	327
1779088245122473	204	331
1779088245122474	204	333
1779088245122474	204	334
1779088245122475	204	336
1779088245122475	204	337
1779088245122476	204	338
1779088245122476	204	340
1779088245122477	204	348
1779088245132907	204	206
1779088245132908	204	218
1779088245132909	204	223
1779088245132909	204	232
1779088245132910	204	236
1779088245132910	204	240
1779088245132911	204	244
1779088245132911	204	246
1779088245132912	204	250
1779088245132912	204	253
1779088245132913	204	257
1779088245132913	204	263
1779088245132914	204	267
1779088245132914	204	269
1779088245132915	204	282
1779088245132915	204	331
1779088245132916	204	334
1779088245132916	204	340
1779088245132917	204	344
1779088245132917	204	348
1779088245132918	204	349
1779088245132918	204	351
1779088245132919	204	355
1779088245132919	204	360
1779088245132920	204	364
1779088245132920	204	366
1779088245132921	204	370
1779088245132921	204	372
1779088245132922	204	383
1779088245132922	204	385
1779088245132923	204	386
1779088245142389	204	178
1779088245142390	204	190
1779088245142390	204	194
1779088245142391	204	198
1779088245142391	204	203
1779088245142392	204	206
1779088245142392	204	209
1779088245142393	204	214
1779088245142393	204	224
1779088245142394	204	229
1779088245142394	204	230
1779088245142395	204	238
1779088245142395	204	239
1779088245142396	204	241
1779088245142396	204	246
1779088245142397	204	299
1779088245142397	204	307
1779088245142398	204	313
1779088245142398	204	317
1779088245142399	204	321
1779088245142399	204	323
1779088245142400	204	328
1779088245142400	204	332
1779088245142401	204	334
1779088245142401	204	338
1779088245142402	204	342
1779088245142402	204	353
1779088245142402	204	355
1779088245142403	204	356
1779088245152840	204	195
1779088245152841	204	207
1779088245152842	204	209
1779088245152842	204	213
1779088245152843	204	219
1779088245152843	204	223
1779088245152844	204	226
1779088245152844	204	230
1779088245152845	204	233
1779088245152845	204	235
1779088245152846	204	240
1779088245152846	204	244
1779088245152847	204	249
1779088245152847	204	253
1779088245152848	204	265
1779088245152848	204	318
1779088245152849	204	320
1779088245152849	204	325
1779088245152850	204	329
1779088245152850	204	333
1779088245152851	204	335
1779088245152851	204	345
1779088245152852	204	350
1779088245152852	204	351
1779088245152853	204	353
1779088245152853	204	354
1779088245152854	204	359
1779088245152854	204	362
1779088245152855	204	364
1779088245152855	204	372
1779088245152856	204	374
1779088245162310	204	182
1779088245162311	204	197
1779088245162311	204	201
1779088245162312	204	203
1779088245162312	204	207
1779088245162313	204	211
1779088245162313	204	213
1779088245162314	204	216
1779088245162314	204	221
1779088245162315	204	229
1779088245162315	204	231
1779088245162316	204	237
1779088245162316	204	241
1779088245162317	204	251
1779088245162317	204	260
1779088245162318	204	297
1779088245162318	204	299
1779088245162319	204	301
1779088245162319	204	305
1779088245162320	204	307
1779088245162320	204	317
1779088245162321	204	318
1779088245162321	204	320
1779088245162322	204	324
1779088245162322	204	326
1779088245162323	204	327
1779088245162323	204	328
1779088245162324	204	330
1779088245162324	204	338
1779088245172741	204	193
1779088245172742	204	208
1779088245172743	204	213
1779088245172743	204	217
1779088245172744	204	218
1779088245172744	204	220
1779088245172745	204	224
1779088245172745	204	228
1779088245172746	204	233
1779088245172746	204	234
1779088245172747	204	238
1779088245172747	204	239
1779088245172748	204	244
1779088245172748	204	250
1779088245172749	204	260
1779088245172749	204	333
1779088245172750	204	336
1779088245172750	204	344
1779088245172751	204	348
1779088245172751	204	350
1779088245172752	204	351
1779088245172752	204	358
1779088245172753	204	363
1779088245172753	204	365
1779088245172754	204	366
1779088245172754	204	375
1779088245172755	204	380
1779088245172755	204	381
1779088245172755	204	385
1779088245172756	204	387
1779088245172756	204	395
1779088245183241	204	215
1779088245183242	204	235
1779088245183243	204	242
1779088245183244	204	249
1779088245183244	204	255
1779088245183245	204	257
1779088245183246	204	260
1779088245183246	204	262
1779088245183247	204	268
1779088245183248	204	274
1779088245183248	204	277
1779088245183249	204	283
1779088245183250	204	290
1779088245183250	204	292
1779088245183251	204	309
1779088245183252	204	317
1779088245183252	204	319
1779088245183253	204	321
1779088245183254	204	323
1779088245183254	204	330
1779088245183255	204	332
1779088245183256	204	338
1779088245183257	204	345
1779088245183257	204	347
1779088245183258	204	354
1779088245183259	204	361
1779088245183259	204	364
1779088245183260	204	366
1779088245183261	204	382
1779088245183261	204	396
1779088245183262	204	399
1779088245192747	204	230
1779088245192748	204	247
1779088245192749	204	249
1779088245192749	204	254
1779088245192750	204	258
1779088245192750	204	273
1779088245192751	204	278
1779088245192751	204	279
1779088245192752	204	283
1779088245192752	204	294
1779088245192753	204	296
1779088245192753	204	297
1779088245192754	204	301
1779088245192754	204	306
1779088245192755	204	316
1779088245192755	204	318
1779088245192756	204	322
1779088245192756	204	324
1779088245192757	204	328
1779088245192757	204	330
1779088245192758	204	331
1779088245192758	204	335
1779088245192759	204	336
1779088245192759	204	338
1779088245192760	204	339
1779088245192760	204	347
1779088245192760	204	351
1779088245192761	204	355
1779088245192761	204	364
1779088245203210	204	195
1779088245203211	204	208
1779088245203212	204	213
1779088245203212	204	216
1779088245203213	204	221
1779088245203213	204	225
1779088245203214	204	233
1779088245203214	204	238
1779088245203214	204	239
1779088245203215	204	258
1779088245203216	204	261
1779088245203216	204	262
1779088245203217	204	263
1779088245203217	204	265
1779088245203218	204	269
1779088245203218	204	332
1779088245203219	204	339
1779088245203219	204	340
1779088245203220	204	345
1779088245203220	204	346
1779088245203221	204	347
1779088245203221	204	351
1779088245203222	204	355
1779088245203222	204	360
1779088245203223	204	361
1779088245203223	204	365
1779088245203224	204	369
1779088245203224	204	370
1779088245203225	204	374
1779088245203225	204	385
1779088245203226	204	387
1779088245212699	204	183
1779088245212700	204	198
1779088245212700	204	200
1779088245212701	204	202
1779088245212701	204	207
1779088245212701	204	208
1779088245212702	204	212
1779088245212702	204	216
1779088245212702	204	220
1779088245212703	204	225
1779088245212703	204	229
1779088245212704	204	240
1779088245212704	204	242
1779088245212704	204	244
1779088245212705	204	245
1779088245212705	204	299
1779088245212705	204	322
1779088245212706	204	327
1779088245212706	204	332
1779088245212707	204	341
1779088245212707	204	346
1779088245212707	204	347
1779088245212708	204	351
1779088245212708	204	356
1779088245212708	204	357
1779088245212709	204	362
1779088245212709	204	371
1779088245212710	204	375
1779088245212710	204	377
1779088245223161	204	164
1779088245223161	204	174
1779088245223162	204	178
1779088245223163	204	179
1779088245223163	204	186
1779088245223164	204	189
1779088245223164	204	190
1779088245223165	204	191
1779088245223165	204	201
1779088245223166	204	203
1779088245223166	204	204
1779088245223167	204	208
1779088245223167	204	209
1779088245223168	204	211
1779088245223168	204	212
1779088245223168	204	268
1779088245223169	204	273
1779088245223169	204	275
1779088245223170	204	282
1779088245223170	204	284
1779088245223171	204	285
1779088245223171	204	287
1779088245223172	204	291
1779088245223172	204	293
1779088245223173	204	297
1779088245223173	204	298
1779088245223174	204	300
1779088245223174	204	304
1779088245223175	204	308
1779088245223175	204	309
1779088245223176	204	318
1779088245232573	204	181
1779088245232575	204	193
1779088245232575	204	198
1779088245232576	204	202
1779088245232576	204	205
1779088245232577	204	209
1779088245232577	204	210
1779088245232578	204	226
1779088245232578	204	230
1779088245232579	204	255
1779088245232579	204	258
1779088245232580	204	272
1779088245232580	204	275
1779088245232581	204	277
1779088245232581	204	279
1779088245232582	204	315
1779088245232582	204	322
1779088245232583	204	329
1779088245232583	204	337
1779088245232584	204	340
1779088245232584	204	347
1779088245232585	204	354
1779088245232585	204	357
1779088245232586	204	359
1779088245232586	204	361
1779088245232587	204	367
1779088245232587	204	387
1779088245232588	204	389
1779088245243063	204	191
1779088245243065	204	204
1779088245243065	204	208
1779088245243066	204	212
1779088245243066	204	217
1779088245243067	204	221
1779088245243067	204	225
1779088245243068	204	229
1779088245243068	204	230
1779088245243069	204	234
1779088245243069	204	238
1779088245243070	204	243
1779088245243070	204	256
1779088245243071	204	268
1779088245243071	204	270
1779088245243072	204	332
1779088245243072	204	342
1779088245243073	204	343
1779088245243073	204	348
1779088245243074	204	352
1779088245243074	204	353
1779088245243075	204	358
1779088245243075	204	360
1779088245243076	204	363
1779088245243076	204	365
1779088245243077	204	366
1779088245243077	204	370
1779088245243078	204	374
1779088245243078	204	379
1779088245243079	204	383
1779088245243079	204	384
1779088245243080	204	394
1779088245252551	204	168
1779088245252552	204	180
1779088245252552	204	185
1779088245252553	204	188
1779088245252553	204	192
1779088245252554	204	198
1779088245252554	204	199
1779088245252555	204	203
1779088245252555	204	204
1779088245252556	204	210
1779088245252556	204	213
1779088245252557	204	225
1779088245252557	204	227
1779088245252558	204	231
1779088245252558	204	240
1779088245252559	204	303
1779088245252559	204	309
1779088245252560	204	319
1779088245252560	204	324
1779088245252561	204	326
1779088245252561	204	327
1779088245252562	204	328
1779088245252562	204	330
1779088245252563	204	334
1779088245252563	204	336
1779088245252564	204	337
1779088245252564	204	338
1779088245252565	204	346
1779088245262992	204	206
1779088245262993	204	221
1779088245262994	204	223
1779088245262994	204	227
1779088245262995	204	229
1779088245262995	204	233
1779088245262996	204	234
1779088245262996	204	236
1779088245262997	204	240
1779088245262997	204	244
1779088245262998	204	257
1779088245262998	204	262
1779088245262999	204	263
1779088245262999	204	265
1779088245263000	204	273
1779088245263000	204	345
1779088245263001	204	351
1779088245263001	204	352
1779088245263002	204	356
1779088245263002	204	366
1779088245263003	204	370
1779088245263003	204	372
1779088245263004	204	377
1779088245263004	204	378
1779088245263005	204	380
1779088245263005	204	381
1779088245263006	204	382
1779088245263006	204	384
1779088245263006	204	385
1779088245263007	204	386
1779088245263007	204	395
1779088245263008	204	396
1779088245272482	204	186
1779088245272484	204	200
1779088245272484	204	205
1779088245272485	204	206
1779088245272485	204	210
1779088245272486	204	211
1779088245272486	204	216
1779088245272486	204	217
1779088245272487	204	218
1779088245272487	204	222
1779088245272488	204	227
1779088245272488	204	232
1779088245272489	204	236
1779088245272489	204	239
1779088245272490	204	243
1779088245272490	204	245
1779088245272491	204	249
1779088245272491	204	251
1779088245272492	204	252
1779088245272492	204	256
1779088245272493	204	259
1779088245272494	204	264
1779088245272494	204	268
1779088245272495	204	277
1779088245272495	204	279
1779088245272496	204	284
1779088245272496	204	285
1779088245272497	204	289
1779088245282870	204	205
1779088245282871	204	215
1779088245282871	204	220
1779088245282872	204	224
1779088245282872	204	229
1779088245282873	204	231
1779088245282873	204	232
1779088245282874	204	237
1779088245282874	204	242
1779088245282874	204	243
1779088245282875	204	247
1779088245282875	204	251
1779088245282876	204	255
1779088245282877	204	258
1779088245282877	204	271
1779088245282878	204	322
1779088245282878	204	324
1779088245282879	204	326
1779088245282879	204	330
1779088245282880	204	331
1779088245282880	204	335
1779088245282881	204	337
1779088245282881	204	338
1779088245282882	204	342
1779088245282882	204	344
1779088245282883	204	345
1779088245282883	204	349
1779088245282884	204	351
1779088245282884	204	354
1779088245282885	204	356
1779088245282885	204	365
1779088245292332	204	208
1779088245292333	204	219
1779088245292334	204	220
1779088245292335	204	224
1779088245292335	204	225
1779088245292336	204	229
1779088245292336	204	237
1779088245292337	204	238
1779088245292337	204	240
1779088245292338	204	244
1779088245292338	204	246
1779088245292339	204	250
1779088245292339	204	257
1779088245292340	204	261
1779088245292340	204	263
1779088245292340	204	264
1779088245292341	204	273
1779088245292342	204	278
1779088245292342	204	279
1779088245292343	204	280
1779088245292343	204	282
1779088245292344	204	283
1779088245292344	204	287
1779088245292344	204	292
1779088245292345	204	300
1779088245292345	204	305
1779088245292346	204	316
1779088245292346	204	318
1779088245292347	204	326
1779088245302759	204	171
1779088245302760	204	184
1779088245302760	204	186
1779088245302761	204	187
1779088245302761	204	194
1779088245302762	204	195
1779088245302762	204	197
1779088245302763	204	200
1779088245302763	204	203
1779088245302763	204	204
1779088245302764	204	206
1779088245302764	204	207
1779088245302765	204	211
1779088245302765	204	212
1779088245302766	204	222
1779088245302766	204	284
1779088245302767	204	305
1779088245302767	204	307
1779088245302768	204	309
1779088245302768	204	314
1779088245302769	204	316
1779088245302769	204	317
1779088245302770	204	318
1779088245302770	204	320
1779088245302771	204	321
1779088245302771	204	323
1779088245302772	204	327
1779088245302772	204	331
1779088245302773	204	334
1779088245302773	204	336
1779088245302774	204	344
1779088245313199	204	194
1779088245313201	204	205
1779088245313201	204	206
1779088245313202	204	212
1779088245313202	204	216
1779088245313203	204	220
1779088245313204	204	220
1779088245313205	204	224
1779088245313205	204	226
1779088245313206	204	230
1779088245313206	204	231
1779088245313207	204	240
1779088245313207	204	242
1779088245313208	204	243
1779088245313208	204	244
1779088245313209	204	294
1779088245313209	204	296
1779088245313210	204	298
1779088245313210	204	302
1779088245313211	204	303
1779088245313211	204	308
1779088245313212	204	309
1779088245313212	204	310
1779088245313213	204	312
1779088245313213	204	313
1779088245313214	204	314
1779088245313214	204	319
1779088245313214	204	320
1779088245313215	204	324
1779088245313215	204	334
1779088245313216	204	335
1779088245322632	204	184
1779088245322633	204	195
1779088245322634	204	200
1779088245322634	204	203
1779088245322635	204	207
1779088245322635	204	208
1779088245322636	204	209
1779088245322636	204	213
1779088245322637	204	218
1779088245322637	204	228
1779088245322638	204	229
1779088245322638	204	233
1779088245322639	204	238
1779088245322639	204	248
1779088245322640	204	253
1779088245322640	204	320
1779088245322641	204	323
1779088245322641	204	328
1779088245322642	204	329
1779088245322642	204	334
1779088245322643	204	338
1779088245322643	204	342
1779088245322644	204	344
1779088245322644	204	345
1779088245322645	204	349
1779088245322645	204	351
1779088245322646	204	352
1779088245322646	204	356
1779088245322647	204	365
1779088245333109	204	179
1779088245333110	204	191
1779088245333110	204	195
1779088245333111	204	197
1779088245333111	204	198
1779088245333112	204	202
1779088245333112	204	205
1779088245333113	204	207
1779088245333113	204	210
1779088245333114	204	214
1779088245333114	204	228
1779088245333115	204	230
1779088245333115	204	234
1779088245333116	204	235
1779088245333117	204	236
1779088245333117	204	288
1779088245333118	204	299
1779088245333118	204	301
1779088245333119	204	305
1779088245333119	204	306
1779088245333120	204	308
1779088245333120	204	312
1779088245333121	204	316
1779088245333121	204	318
1779088245333122	204	319
1779088245333122	204	324
1779088245333123	204	328
1779088245333123	204	329
1779088245333124	204	333
1779088245333124	204	342
1779088245333125	204	344
1779088245342559	204	297
1779088245342560	204	309
1779088245342561	204	314
1779088245342561	204	315
1779088245342562	204	317
1779088245342562	204	321
1779088245342563	204	323
1779088245342563	204	331
1779088245342564	204	333
1779088245342564	204	337
1779088245342565	204	338
1779088245342565	204	351
1779088245342566	204	353
1779088245342566	204	355
1779088245342567	204	356
1779088245342567	204	360
1779088245342568	204	362
1779088245342568	204	370
1779088245342569	204	389
1779088245342569	204	391
1779088245342570	204	392
1779088245342570	204	393
1779088245342571	204	403
1779088245342571	204	404
1779088245342572	204	406
1779088245342572	204	410
1779088245342573	204	417
1779088245342573	204	422
1779088245353074	204	251
1779088245353076	204	260
1779088245353076	204	265
1779088245353077	204	266
1779088245353077	204	271
1779088245353078	204	272
1779088245353078	204	274
1779088245353079	204	275
1779088245353079	204	279
1779088245353080	204	283
1779088245353080	204	284
1779088245353081	204	296
1779088245353081	204	298
1779088245353082	204	305
1779088245353082	204	308
1779088245353083	204	314
1779088245353083	204	321
1779088245353084	204	324
1779088245353084	204	331
1779088245353085	204	334
1779088245353085	204	337
1779088245353086	204	343
1779088245353086	204	349
1779088245353087	204	352
1779088245353087	204	354
1779088245353088	204	356
1779088245353088	204	358
1779088245353089	204	378
1779088245353089	204	385
1779088245353090	204	391
1779088245353090	204	398
1779088245353091	204	401
1779088245362577	204	189
1779088245362579	204	201
1779088245362579	204	202
1779088245362580	204	208
1779088245362580	204	213
1779088245362581	204	214
1779088245362581	204	219
1779088245362582	204	220
1779088245362582	204	222
1779088245362583	204	225
1779088245362583	204	227
1779088245362584	204	231
1779088245362584	204	235
1779088245362585	204	238
1779088245362585	204	247
1779088245362586	204	290
1779088245362586	204	292
1779088245362587	204	293
1779088245362587	204	295
1779088245362588	204	296
1779088245362588	204	297
1779088245362589	204	299
1779088245362589	204	303
1779088245362590	204	304
1779088245362590	204	314
1779088245362591	204	316
1779088245362591	204	317
1779088245362592	204	324
1779088245373000	204	246
1779088245373001	204	260
1779088245373001	204	265
1779088245373002	204	266
1779088245373002	204	271
1779088245373003	204	282
1779088245373003	204	286
1779088245373004	204	287
1779088245373004	204	289
1779088245373005	204	297
1779088245373005	204	299
1779088245373006	204	300
1779088245373006	204	301
1779088245373007	204	303
1779088245373007	204	304
1779088245373008	204	357
1779088245373008	204	367
1779088245373009	204	369
1779088245373009	204	371
1779088245373010	204	372
1779088245373010	204	373
1779088245373011	204	377
1779088245373011	204	382
1779088245373012	204	383
1779088245373012	204	387
1779088245373021	204	392
1779088245373022	204	384
1779088245373023	204	389
1779088245373023	204	390
1779088245373024	204	394
1779088245373024	204	396
1779088245373025	204	405
1779088245382507	204	200
1779088245382508	204	208
1779088245382508	204	212
1779088245382509	204	213
1779088245382509	204	216
1779088245382510	204	220
1779088245382510	204	225
1779088245382511	204	235
1779088245382511	204	239
1779088245382512	204	248
1779088245382512	204	252
1779088245382513	204	254
1779088245382513	204	258
1779088245382514	204	265
1779088245382514	204	269
1779088245382514	204	271
1779088245382515	204	272
1779088245382515	204	280
1779088245382516	204	282
1779088245382517	204	284
1779088245382517	204	288
1779088245382517	204	296
1779088245382518	204	301
1779088245382518	204	302
1779088245382519	204	307
1779088245382519	204	309
1779088245382520	204	316
1779088245382520	204	318
1779088245392926	204	222
1779088245392928	204	236
1779088245392928	204	239
1779088245392929	204	243
1779088245392929	204	247
1779088245392930	204	249
1779088245392930	204	250
1779088245392931	204	252
1779088245392931	204	256
1779088245392932	204	257
1779088245392932	204	259
1779088245392933	204	260
1779088245392933	204	261
1779088245392934	204	273
1779088245392935	204	275
1779088245392935	204	313
1779088245392936	204	316
1779088245392936	204	321
1779088245392937	204	323
1779088245392937	204	324
1779088245392938	204	329
1779088245392938	204	331
1779088245392939	204	332
1779088245392939	204	340
1779088245392940	204	344
1779088245392940	204	346
1779088245392941	204	347
1779088245392941	204	358
1779088245392942	204	360
1779088245392943	204	364
1779088245392943	204	372
1779088245402405	204	245
1779088245402406	204	262
1779088245402407	204	269
1779088245402408	204	276
1779088245402409	204	283
1779088245402409	204	285
1779088245402410	204	287
1779088245402411	204	289
1779088245402411	204	291
1779088245402412	204	298
1779088245402413	204	306
1779088245402414	204	312
1779088245402414	204	315
1779088245402415	204	317
1779088245402416	204	324
1779088245402416	204	330
1779088245402417	204	337
1779088245402419	204	343
1779088245402419	204	349
1779088245402420	204	351
1779088245402421	204	360
1779088245402422	204	363
1779088245402422	204	389
1779088245402423	204	396
1779088245402424	204	410
1779088245402425	204	412
1779088245402425	204	418
1779088245402426	204	421
1779088245402427	204	423
1779088245412939	204	213
1779088245412940	204	224
1779088245412941	204	231
1779088245412941	204	235
1779088245412941	204	239
1779088245412942	204	244
1779088245412942	204	246
1779088245412942	204	247
1779088245412943	204	252
1779088245412943	204	255
1779088245412944	204	260
1779088245412944	204	264
1779088245412944	204	266
1779088245412945	204	278
1779088245412945	204	280
1779088245412945	204	324
1779088245412946	204	329
1779088245412946	204	330
1779088245412946	204	340
1779088245412947	204	342
1779088245412947	204	343
1779088245412948	204	347
1779088245412948	204	349
1779088245412948	204	350
1779088245412949	204	358
1779088245412949	204	363
1779088245412949	204	370
1779088245412950	204	375
1779088245412950	204	385
1779088245412951	204	387
1779088245412951	204	391
1779088245422430	204	231
1779088245422431	204	247
1779088245422431	204	251
1779088245422432	204	253
1779088245422432	204	257
1779088245422433	204	262
1779088245422433	204	265
1779088245422434	204	270
1779088245422434	204	271
1779088245422435	204	272
1779088245422435	204	274
1779088245422436	204	288
1779088245422436	204	290
1779088245422437	204	291
1779088245422437	204	296
1779088245422438	204	297
1779088245422438	204	298
1779088245422439	204	300
1779088245422440	204	304
1779088245422440	204	305
1779088245422441	204	309
1779088245422441	204	313
1779088245422442	204	317
1779088245422442	204	318
1779088245422443	204	323
1779088245422443	204	324
1779088245422444	204	333
1779088245422444	204	335
1779088245422445	204	336
1779088245432865	204	192
1779088245432866	204	202
1779088245432867	204	206
1779088245432867	204	210
1779088245432868	204	213
1779088245432868	204	218
1779088245432869	204	219
1779088245432869	204	220
1779088245432870	204	223
1779088245432870	204	224
1779088245432871	204	228
1779088245432871	204	231
1779088245432872	204	235
1779088245432872	204	246
1779088245432873	204	248
1779088245432873	204	296
1779088245432874	204	301
1779088245432874	204	302
1779088245432875	204	304
1779088245432875	204	307
1779088245432876	204	316
1779088245432876	204	318
1779088245432877	204	319
1779088245432877	204	323
1779088245432878	204	328
1779088245432878	204	332
1779088245432879	204	333
1779088245432879	204	335
1779088245432880	204	336
1779088245432880	204	339
1779088245432881	204	346
1779088245442309	204	196
1779088245442310	204	210
1779088245442310	204	212
1779088245442311	204	218
1779088245442311	204	219
1779088245442312	204	223
1779088245442312	204	228
1779088245442313	204	232
1779088245442313	204	234
1779088245442314	204	235
1779088245442314	204	239
1779088245442315	204	243
1779088245442315	204	244
1779088245442316	204	256
1779088245442316	204	258
1779088245442317	204	287
1779088245442317	204	292
1779088245442318	204	293
1779088245442318	204	303
1779088245442319	204	305
1779088245442319	204	306
1779088245442320	204	311
1779088245442320	204	312
1779088245442321	204	316
1779088245442321	204	320
1779088245442321	204	322
1779088245442322	204	323
1779088245442322	204	331
1779088245442323	204	333
1779088245452731	204	195
1779088245452732	204	207
1779088245452733	204	209
1779088245452733	204	213
1779088245452734	204	218
1779088245452735	204	222
1779088245452735	204	234
1779088245452736	204	238
1779088245452736	204	240
1779088245452737	204	241
1779088245452737	204	245
1779088245452738	204	247
1779088245452738	204	250
1779088245452739	204	252
1779088245452739	204	260
1779088245452740	204	315
1779088245452740	204	325
1779088245452741	204	327
1779088245452741	204	329
1779088245452742	204	330
1779088245452742	204	332
1779088245452743	204	333
1779088245452743	204	338
1779088245452744	204	339
1779088245452744	204	341
1779088245452745	204	345
1779088245452745	204	346
1779088245452746	204	350
1779088245452746	204	351
1779088245452746	204	355
1779088245452747	204	364
1779088245463186	204	187
1779088245463187	204	199
1779088245463188	204	203
1779088245463188	204	207
1779088245463189	204	218
1779088245463189	204	220
1779088245463190	204	224
1779088245463191	204	237
1779088245463191	204	241
1779088245463191	204	244
1779088245463192	204	248
1779088245463193	204	250
1779088245463193	204	259
1779088245463193	204	260
1779088245463194	204	262
1779088245463194	204	302
1779088245463195	204	311
1779088245463195	204	313
1779088245463196	204	320
1779088245463196	204	324
1779088245463197	204	335
1779088245463197	204	340
1779088245463198	204	349
1779088245463198	204	351
1779088245463199	204	353
1779088245463199	204	357
1779088245463200	204	358
1779088245463200	204	367
1779088245463201	204	368
1779088245463201	204	372
1779088245463202	204	374
1779088245472654	204	236
1779088245472656	204	247
1779088245472656	204	252
1779088245472657	204	256
1779088245472657	204	264
1779088245472658	204	269
1779088245472658	204	273
1779088245472659	204	274
1779088245472659	204	278
1779088245472660	204	282
1779088245472660	204	284
1779088245472661	204	288
1779088245472661	204	300
1779088245472662	204	302
1779088245472662	204	306
1779088245472662	204	308
1779088245472663	204	312
1779088245472663	204	316
1779088245472664	204	325
1779088245472664	204	327
1779088245472665	204	332
1779088245472665	204	333
1779088245472666	204	337
1779088245472666	204	339
1779088245472667	204	340
1779088245472667	204	342
1779088245472668	204	357
1779088245472668	204	367
1779088245472669	204	368
1779088245483120	204	213
1779088245483121	204	236
1779088245483122	204	244
1779088245483122	204	252
1779088245483123	204	259
1779088245483123	204	274
1779088245483124	204	283
1779088245483124	204	286
1779088245483125	204	289
1779088245483125	204	292
1779088245483126	204	294
1779088245483126	204	310
1779088245483127	204	318
1779088245483127	204	321
1779088245483128	204	335
1779088245483128	204	401
1779088245483129	204	406
1779088245483129	204	421
1779088245483129	204	430
1779088245483130	204	432
1779088245483131	204	435
1779088245483131	204	437
1779088245483131	204	441
1779088245483132	204	444
1779088245483132	204	447
1779088245483133	204	454
1779088245483134	204	456
1779088245483134	204	459
1779088245483135	204	461
1779088245483135	204	463
1779088245483136	204	476
1779088245492691	204	181
1779088245492692	204	192
1779088245492693	204	196
1779088245492693	204	200
1779088245492694	204	204
1779088245492694	204	215
1779088245492695	204	219
1779088245492695	204	224
1779088245492696	204	231
1779088245492696	204	235
1779088245492697	204	242
1779088245492697	204	244
1779088245492698	204	248
1779088245492698	204	257
1779088245492699	204	258
1779088245492699	204	307
1779088245492700	204	309
1779088245492700	204	311
1779088245492701	204	323
1779088245492701	204	328
1779088245492702	204	330
1779088245492702	204	334
1779088245492703	204	336
1779088245492703	204	342
1779088245492704	204	345
1779088245492704	204	347
1779088245492705	204	350
1779088245492705	204	352
1779088245492706	204	367
1779088245503161	204	234
1779088245503163	204	250
1779088245503163	204	259
1779088245503164	204	267
1779088245503164	204	270
1779088245503165	204	278
1779088245503165	204	285
1779088245503165	204	288
1779088245503166	204	291
1779088245503166	204	298
1779088245503167	204	306
1779088245503167	204	309
1779088245503168	204	312
1779088245503169	204	319
1779088245503169	204	337
1779088245503169	204	412
1779088245503170	204	422
1779088245503170	204	436
1779088245503171	204	440
1779088245503171	204	443
1779088245503172	204	450
1779088245503172	204	453
1779088245503173	204	456
1779088245503173	204	459
1779088245503174	204	461
1779088245503174	204	468
1779088245503175	204	476
1779088245503175	204	482
1779088245503176	204	496
1779088245503176	204	498
1779088245503177	204	499
1779088245512761	204	189
1779088245512762	204	198
1779088245512763	204	202
1779088245512763	204	206
1779088245512764	204	215
1779088245512764	204	216
1779088245512765	204	217
1779088245512766	204	220
1779088245512767	204	223
1779088245512768	204	224
1779088245512768	204	227
1779088245512769	204	228
1779088245512770	204	232
1779088245512771	204	239
1779088245512771	204	241
1779088245512772	204	303
1779088245512772	204	306
1779088245512773	204	314
1779088245512774	204	315
1779088245512775	204	319
1779088245512775	204	330
1779088245512776	204	331
1779088245512777	204	332
1779088245512777	204	336
1779088245512778	204	338
1779088245512779	204	343
1779088245512779	204	345
1779088245512780	204	360
1779088245512781	204	363
1779088245523226	204	200
1779088245523227	204	214
1779088245523228	204	223
1779088245523228	204	226
1779088245523229	204	233
1779088245523229	204	236
1779088245523230	204	244
1779088245523230	204	251
1779088245523231	204	254
1779088245523231	204	262
1779088245523232	204	265
1779088245523232	204	272
1779088245523233	204	291
1779088245523234	204	298
1779088245523234	204	301
1779088245523235	204	369
1779088245523235	204	385
1779088245523236	204	393
1779088245523236	204	400
1779088245523237	204	418
1779088245523237	204	427
1779088245523238	204	430
1779088245523238	204	432
1779088245523239	204	435
1779088245523239	204	443
1779088245523240	204	450
1779088245523240	204	458
1779088245523241	204	473
1779088245523241	204	477
1779088245523242	204	478
1779088245523242	204	480
1779088245532808	204	226
1779088245532809	204	240
1779088245532810	204	245
1779088245532810	204	247
1779088245532811	204	248
1779088245532811	204	252
1779088245532812	204	254
1779088245532812	204	258
1779088245532813	204	262
1779088245532813	204	263
1779088245532814	204	267
1779088245532814	204	277
1779088245532815	204	279
1779088245532815	204	281
1779088245532816	204	282
1779088245532816	204	286
1779088245532817	204	288
1779088245532817	204	292
1779088245532818	204	296
1779088245532818	204	300
1779088245532819	204	301
1779088245532819	204	305
1779088245532820	204	314
1779088245532820	204	319
1779088245532821	204	321
1779088245532821	204	322
1779088245532822	204	334
1779088245532822	204	337
1779088245532823	204	339
1779088245543250	204	168
1779088245543251	204	179
1779088245543251	204	183
1779088245543252	204	187
1779088245543252	204	188
1779088245543253	204	189
1779088245543253	204	193
1779088245543254	204	196
1779088245543254	204	200
1779088245543255	204	211
1779088245543255	204	213
1779088245543256	204	216
1779088245543256	204	220
1779088245543257	204	223
1779088245543257	204	231
1779088245543258	204	281
1779088245543258	204	288
1779088245543259	204	296
1779088245543259	204	302
1779088245543260	204	310
1779088245543260	204	312
1779088245543261	204	315
1779088245543261	204	319
1779088245543262	204	324
1779088245543262	204	328
1779088245543262	204	332
1779088245543263	204	336
1779088245543263	204	340
1779088245543264	204	344
1779088245543264	204	349
1779088245543265	204	367
1779088245552715	204	211
1779088245552716	204	230
1779088245552717	204	233
1779088245552717	204	240
1779088245552718	204	243
1779088245552718	204	246
1779088245552720	204	252
1779088245552720	204	255
1779088245552721	204	263
1779088245552721	204	266
1779088245552722	204	273
1779088245552722	204	280
1779088245552723	204	309
1779088245552723	204	313
1779088245552723	204	315
1779088245552724	204	394
1779088245552724	204	405
1779088245552725	204	407
1779088245552726	204	416
1779088245552726	204	423
1779088245552727	204	430
1779088245552727	204	433
1779088245552728	204	441
1779088245552728	204	448
1779088245552729	204	456
1779088245552729	204	459
1779088245552730	204	465
1779088245552730	204	481
1779088245552731	204	484
1779088245562307	204	252
1779088245562309	204	270
1779088245562309	204	277
1779088245562310	204	280
1779088245562311	204	292
1779088245562312	204	296
1779088245562312	204	298
1779088245562313	204	299
1779088245562314	204	300
1779088245562314	204	301
1779088245562315	204	302
1779088245562316	204	311
1779088245562317	204	320
1779088245562317	204	321
1779088245562318	204	329
1779088245562319	204	388
1779088245562319	204	395
1779088245562320	204	402
1779088245562321	204	409
1779088245562322	204	411
1779088245562322	204	418
1779088245562323	204	420
1779088245562324	204	422
1779088245562325	204	437
1779088245562325	204	440
1779088245562326	204	442
1779088245562327	204	444
1779088245562328	204	446
1779088245562329	204	448
1779088245572862	204	219
1779088245572863	204	240
1779088245572864	204	244
1779088245572864	204	251
1779088245572865	204	259
1779088245572865	204	268
1779088245572866	204	286
1779088245572866	204	294
1779088245572867	204	302
1779088245572867	204	305
1779088245572868	204	312
1779088245572868	204	327
1779088245572869	204	335
1779088245572869	204	344
1779088245572870	204	359
1779088245572870	204	427
1779088245572871	204	431
1779088245572871	204	434
1779088245572872	204	437
1779088245572872	204	445
1779088245572873	204	453
1779088245572873	204	460
1779088245572874	204	463
1779088245572874	204	470
1779088245572875	204	477
1779088245572875	204	495
1779088245572876	204	499
1779088245572876	204	506
1779088245572876	204	513
1779088245572877	204	520
1779088245572877	204	534
1779088245582496	204	213
1779088245582498	204	223
1779088245582498	204	227
1779088245582498	204	231
1779088245582499	204	232
1779088245582499	204	236
1779088245582499	204	240
1779088245582500	204	244
1779088245582500	204	251
1779088245582501	204	255
1779088245582501	204	257
1779088245582501	204	259
1779088245582502	204	269
1779088245582502	204	273
1779088245582502	204	278
1779088245582503	204	280
1779088245582503	204	281
1779088245582504	204	285
1779088245582505	204	292
1779088245582505	204	297
1779088245582505	204	298
1779088245582506	204	300
1779088245582506	204	301
1779088245582506	204	309
1779088245582507	204	311
1779088245582507	204	312
1779088245582507	204	314
1779088245582508	204	318
1779088245582508	204	331
1779088245592920	204	187
1779088245592921	204	195
1779088245592922	204	200
1779088245592922	204	204
1779088245592923	204	208
1779088245592923	204	212
1779088245592924	204	217
1779088245592924	204	219
1779088245592925	204	223
1779088245592925	204	227
1779088245592926	204	231
1779088245592926	204	235
1779088245592927	204	248
1779088245592928	204	249
1779088245592928	204	256
1779088245592929	204	300
1779088245592929	204	305
1779088245592930	204	307
1779088245592930	204	309
1779088245592931	204	313
1779088245592931	204	315
1779088245592932	204	316
1779088245592932	204	320
1779088245592933	204	322
1779088245592933	204	326
1779088245592933	204	327
1779088245592934	204	332
1779088245592935	204	333
1779088245592935	204	350
1779088245592936	204	353
1779088245592936	204	355
1779088245602382	204	200
1779088245602383	204	219
1779088245602384	204	222
1779088245602384	204	224
1779088245602385	204	226
1779088245602385	204	234
1779088245602386	204	237
1779088245602386	204	245
1779088245602386	204	253
1779088245602387	204	256
1779088245602387	204	263
1779088245602388	204	271
1779088245602388	204	274
1779088245602389	204	281
1779088245602389	204	298
1779088245602390	204	362
1779088245602390	204	368
1779088245602391	204	377
1779088245602391	204	380
1779088245602392	204	383
1779088245602392	204	386
1779088245602393	204	388
1779088245602393	204	396
1779088245602394	204	403
1779088245602394	204	411
1779088245602395	204	420
1779088245602395	204	423
1779088245602396	204	430
1779088245602396	204	446
1779088245612930	204	220
1779088245612932	204	233
1779088245612933	204	235
1779088245612933	204	236
1779088245612934	204	240
1779088245612934	204	245
1779088245612935	204	246
1779088245612935	204	250
1779088245612936	204	251
1779088245612937	204	252
1779088245612937	204	256
1779088245612938	204	257
1779088245612939	204	262
1779088245612939	204	266
1779088245612940	204	280
1779088245612941	204	328
1779088245612941	204	333
1779088245612942	204	334
1779088245612942	204	338
1779088245612943	204	340
1779088245612944	204	341
1779088245612944	204	346
1779088245612945	204	348
1779088245612946	204	349
1779088245612946	204	350
1779088245612947	204	354
1779088245612947	204	358
1779088245612948	204	363
1779088245612949	204	365
1779088245612949	204	380
1779088245612950	204	383
1779088245622408	204	189
1779088245622409	204	206
1779088245622410	204	214
1779088245622410	204	220
1779088245622411	204	234
1779088245622411	204	241
1779088245622412	204	249
1779088245622412	204	264
1779088245622412	204	272
1779088245622413	204	286
1779088245622413	204	294
1779088245622414	204	302
1779088245622414	204	315
1779088245622415	204	323
1779088245622415	204	326
1779088245622416	204	404
1779088245622416	204	420
1779088245622417	204	428
1779088245622417	204	446
1779088245622418	204	460
1779088245622418	204	468
1779088245622419	204	471
1779088245622419	204	474
1779088245622420	204	481
1779088245622420	204	488
1779088245622421	204	490
1779088245622421	204	493
1779088245622422	204	508
1779088245622422	204	510
1779088245633036	204	229
1779088245633037	204	246
1779088245633038	204	251
1779088245633039	204	253
1779088245633039	204	257
1779088245633039	204	259
1779088245633040	204	260
1779088245633040	204	261
1779088245633041	204	266
1779088245633041	204	270
1779088245633042	204	274
1779088245633042	204	276
1779088245633043	204	280
1779088245633043	204	293
1779088245633044	204	296
1779088245633044	204	348
1779088245633045	204	353
1779088245633045	204	357
1779088245633046	204	361
1779088245633046	204	366
1779088245633047	204	367
1779088245633047	204	371
1779088245633048	204	372
1779088245633048	204	376
1779088245633049	204	389
1779088245633049	204	391
1779088245633050	204	396
1779088245633050	204	397
1779088245633051	204	399
1779088245633051	204	406
1779088245633052	204	408
1779088245633053	204	421
1779088245642563	204	255
1779088245642565	204	265
1779088245642566	204	269
1779088245642566	204	273
1779088245642567	204	274
1779088245642568	204	278
1779088245642569	204	284
1779088245642570	204	288
1779088245642571	204	292
1779088245642571	204	296
1779088245642572	204	299
1779088245642573	204	300
1779088245642574	204	311
1779088245642575	204	313
1779088245642576	204	314
1779088245642577	204	360
1779088245642578	204	362
1779088245642579	204	363
1779088245642580	204	364
1779088245642580	204	369
1779088245642581	204	370
1779088245642582	204	371
1779088245642583	204	372
1779088245642584	204	373
1779088245642585	204	380
1779088245642586	204	381
1779088245642586	204	382
1779088245642587	204	383
1779088245653046	204	184
1779088245653047	204	195
1779088245653047	204	196
1779088245653048	204	197
1779088245653049	204	201
1779088245653049	204	204
1779088245653050	204	206
1779088245653050	204	207
1779088245653051	204	210
1779088245653051	204	214
1779088245653052	204	222
1779088245653052	204	226
1779088245653053	204	228
1779088245653053	204	229
1779088245653054	204	238
1779088245653054	204	290
1779088245653055	204	295
1779088245653055	204	297
1779088245653056	204	298
1779088245653056	204	302
1779088245653057	204	307
1779088245653057	204	308
1779088245653057	204	310
1779088245653058	204	314
1779088245653058	204	318
1779088245653059	204	320
1779088245653059	204	324
1779088245653060	204	328
1779088245653060	204	339
1779088245653061	204	341
1779088245653062	204	345
1779088245653062	204	346
1779088245662488	204	235
1779088245662489	204	251
1779088245662490	204	253
1779088245662490	204	254
1779088245662491	204	255
1779088245662491	204	260
1779088245662491	204	264
1779088245662492	204	268
1779088245662492	204	280
1779088245662493	204	285
1779088245662493	204	286
1779088245662494	204	288
1779088245662494	204	289
1779088245662495	204	293
1779088245662495	204	295
1779088245662496	204	299
1779088245662497	204	300
1779088245662497	204	301
1779088245662497	204	306
1779088245662498	204	310
1779088245662499	204	313
1779088245662500	204	321
1779088245662500	204	326
1779088245662501	204	327
1779088245662501	204	329
1779088245662501	204	330
1779088245662502	204	335
1779088245662503	204	343
1779088245672927	204	191
1779088245672928	204	200
1779088245672928	204	204
1779088245672929	204	209
1779088245672929	204	213
1779088245672930	204	214
1779088245672930	204	218
1779088245672931	204	222
1779088245672931	204	230
1779088245672932	204	234
1779088245672932	204	238
1779088245672933	204	251
1779088245672933	204	255
1779088245672934	204	263
1779088245672934	204	265
1779088245672935	204	320
1779088245672935	204	329
1779088245672936	204	333
1779088245672936	204	335
1779088245672937	204	339
1779088245672937	204	344
1779088245672938	204	349
1779088245672938	204	351
1779088245672939	204	352
1779088245672939	204	356
1779088245672940	204	360
1779088245672940	204	370
1779088245672941	204	372
1779088245672941	204	373
1779088245672942	204	374
1779088245672942	204	375
1779088245682395	204	185
1779088245682396	204	202
1779088245682397	204	204
1779088245682397	204	213
1779088245682398	204	215
1779088245682398	204	220
1779088245682399	204	221
1779088245682399	204	225
1779088245682399	204	229
1779088245682400	204	232
1779088245682400	204	234
1779088245682401	204	238
1779088245682401	204	239
1779088245682402	204	243
1779088245682402	204	253
1779088245682403	204	288
1779088245682403	204	290
1779088245682404	204	292
1779088245682404	204	293
1779088245682405	204	298
1779088245682405	204	299
1779088245682406	204	300
1779088245682406	204	305
1779088245682407	204	307
1779088245682407	204	311
1779088245682408	204	312
1779088245682408	204	316
1779088245682409	204	317
1779088245682409	204	326
1779088245692816	204	211
1779088245692817	204	226
1779088245692817	204	230
1779088245692818	204	232
1779088245692818	204	233
1779088245692819	204	235
1779088245692819	204	239
1779088245692820	204	243
1779088245692820	204	247
1779088245692821	204	249
1779088245692821	204	250
1779088245692822	204	252
1779088245692822	204	256
1779088245692823	204	257
1779088245692824	204	266
1779088245692824	204	312
1779088245692825	204	318
1779088245692825	204	322
1779088245692826	204	326
1779088245692826	204	330
1779088245692827	204	332
1779088245692827	204	334
1779088245692828	204	338
1779088245692828	204	342
1779088245692829	204	343
1779088245692829	204	355
1779088245692830	204	360
1779088245692830	204	361
1779088245692830	204	363
1779088245692831	204	364
1779088245692831	204	371
1779088245703286	204	206
1779088245703287	204	216
1779088245703288	204	220
1779088245703289	204	224
1779088245703289	204	228
1779088245703289	204	230
1779088245703290	204	234
1779088245703290	204	238
1779088245703291	204	240
1779088245703291	204	241
1779088245703292	204	245
1779088245703292	204	246
1779088245703293	204	250
1779088245703293	204	254
1779088245703294	204	265
1779088245703294	204	309
1779088245703295	204	314
1779088245703295	204	318
1779088245703296	204	322
1779088245703296	204	326
1779088245703297	204	328
1779088245703297	204	332
1779088245703298	204	336
1779088245703298	204	340
1779088245703299	204	348
1779088245703299	204	353
1779088245703300	204	354
1779088245703300	204	356
1779088245703301	204	365
1779088245703301	204	369
1779088245703302	204	370
1779088245703302	204	372
1779088245712757	204	194
1779088245712758	204	207
1779088245712759	204	208
1779088245712759	204	212
1779088245712760	204	216
1779088245712760	204	217
1779088245712761	204	218
1779088245712761	204	222
1779088245712762	204	223
1779088245712762	204	226
1779088245712763	204	230
1779088245712763	204	241
1779088245712764	204	245
1779088245712764	204	247
1779088245712765	204	248
1779088245712765	204	301
1779088245712766	204	304
1779088245712766	204	309
1779088245712767	204	313
1779088245712767	204	318
1779088245712768	204	319
1779088245712768	204	323
1779088245712769	204	328
1779088245712769	204	329
1779088245712770	204	343
1779088245712770	204	346
1779088245712771	204	353
1779088245712771	204	355
1779088245723209	204	198
1779088245723210	204	210
1779088245723211	204	211
1779088245723211	204	212
1779088245723212	204	216
1779088245723212	204	217
1779088245723213	204	219
1779088245723213	204	223
1779088245723213	204	227
1779088245723214	204	239
1779088245723214	204	241
1779088245723215	204	245
1779088245723215	204	247
1779088245723216	204	250
1779088245723217	204	258
1779088245723217	204	306
1779088245723218	204	308
1779088245723218	204	312
1779088245723219	204	316
1779088245723219	204	321
1779088245723220	204	331
1779088245723220	204	335
1779088245723221	204	340
1779088245723221	204	347
1779088245723222	204	349
1779088245723222	204	353
1779088245723223	204	354
1779088245723223	204	356
1779088245723224	204	357
1779088245723224	204	361
1779088245723225	204	369
1779088245732679	204	199
1779088245732680	204	213
1779088245732681	204	224
1779088245732681	204	225
1779088245732682	204	227
1779088245732682	204	228
1779088245732683	204	232
1779088245732683	204	234
1779088245732684	204	235
1779088245732684	204	237
1779088245732685	204	238
1779088245732685	204	242
1779088245732686	204	246
1779088245732686	204	248
1779088245732687	204	254
1779088245732687	204	297
1779088245732688	204	311
1779088245732689	204	316
1779088245732689	204	321
1779088245732690	204	336
1779088245732690	204	337
1779088245732691	204	339
1779088245732691	204	343
1779088245732692	204	344
1779088245732692	204	348
1779088245732693	204	349
1779088245732693	204	351
1779088245732694	204	355
1779088245732694	204	368
1779088245743142	204	193
1779088245743143	204	207
1779088245743144	204	208
1779088245743145	204	212
1779088245743145	204	213
1779088245743146	204	217
1779088245743146	204	218
1779088245743146	204	222
1779088245743147	204	226
1779088245743147	204	229
1779088245743148	204	237
1779088245743148	204	239
1779088245743149	204	240
1779088245743149	204	243
1779088245743150	204	249
1779088245743150	204	298
1779088245743151	204	304
1779088245743151	204	305
1779088245743152	204	306
1779088245743152	204	311
1779088245743153	204	315
1779088245743153	204	319
1779088245743154	204	323
1779088245743154	204	327
1779088245743155	204	340
1779088245743155	204	342
1779088245743156	204	346
1779088245743156	204	348
1779088245743157	204	349
1779088245743157	204	357
1779088245743158	204	358
1779088245752602	204	236
1779088245752603	204	251
1779088245752604	204	256
1779088245752605	204	260
1779088245752605	204	264
1779088245752606	204	269
1779088245752606	204	270
1779088245752607	204	274
1779088245752607	204	276
1779088245752608	204	277
1779088245752608	204	278
1779088245752609	204	282
1779088245752609	204	284
1779088245752610	204	288
1779088245752610	204	292
1779088245752611	204	297
1779088245752611	204	311
1779088245752612	204	313
1779088245752612	204	314
1779088245752613	204	316
1779088245752613	204	320
1779088245752614	204	324
1779088245752614	204	326
1779088245752615	204	327
1779088245752615	204	328
1779088245752616	204	330
1779088245752616	204	331
1779088245752617	204	339
1779088245763046	204	194
1779088245763047	204	205
1779088245763048	204	209
1779088245763048	204	214
1779088245763049	204	215
1779088245763049	204	219
1779088245763050	204	220
1779088245763050	204	224
1779088245763051	204	228
1779088245763051	204	229
1779088245763052	204	231
1779088245763052	204	232
1779088245763053	204	236
1779088245763053	204	240
1779088245763054	204	252
1779088245763054	204	294
1779088245763055	204	296
1779088245763055	204	301
1779088245763056	204	311
1779088245763056	204	313
1779088245763057	204	317
1779088245763057	204	318
1779088245763058	204	323
1779088245763058	204	324
1779088245763059	204	325
1779088245763059	204	327
1779088245763060	204	331
1779088245763060	204	333
1779088245763061	204	334
1779088245763061	204	338
1779088245763062	204	346
1779088245763062	204	347
1779088245772490	204	325
1779088245772492	204	345
1779088245772492	204	347
1779088245772493	204	365
1779088245772493	204	367
1779088245772494	204	368
1779088245772495	204	388
1779088245772495	204	403
1779088245772496	204	430
1779088245772496	204	432
1779088245772497	204	439
1779088245772497	204	464
1779088245772498	204	481
1779088245772498	204	507
1779088245772499	204	509
1779088245772499	204	530
1779088245772500	204	553
1779088245772500	204	558
1779088245772501	204	560
1779088245772501	204	561
1779088245772502	204	571
1779088245772502	204	573
1779088245772503	204	574
1779088245772503	204	578
1779088245772504	204	585
1779088245772504	204	587
1779088245772505	204	595
1779088245772505	204	596
1779088245783175	204	202
1779088245783176	204	211
1779088245783177	204	215
1779088245783177	204	218
1779088245783178	204	222
1779088245783178	204	225
1779088245783179	204	229
1779088245783179	204	236
1779088245783180	204	240
1779088245783180	204	250
1779088245783181	204	251
1779088245783181	204	255
1779088245783182	204	256
1779088245783182	204	263
1779088245783183	204	264
1779088245783183	204	322
1779088245783184	204	336
1779088245783184	204	338
1779088245783185	204	342
1779088245783185	204	344
1779088245783186	204	345
1779088245783186	204	353
1779088245783187	204	354
1779088245783187	204	356
1779088245783188	204	360
1779088245783188	204	364
1779088245783189	204	368
1779088245783189	204	375
1779088245783190	204	379
1779088245783190	204	381
1779088245783191	204	382
1779088245783191	204	400
1779088245792672	204	225
1779088245792673	204	239
1779088245792674	204	243
1779088245792674	204	248
1779088245792675	204	249
1779088245792676	204	253
1779088245792676	204	264
1779088245792676	204	269
1779088245792677	204	273
1779088245792677	204	282
1779088245792678	204	287
1779088245792679	204	295
1779088245792679	204	296
1779088245792680	204	300
1779088245792680	204	302
1779088245792681	204	309
1779088245792681	204	311
1779088245792682	204	312
1779088245792682	204	316
1779088245792683	204	324
1779088245792683	204	326
1779088245792684	204	330
1779088245792684	204	351
1779088245792685	204	353
1779088245792685	204	357
1779088245792686	204	361
1779088245792686	204	369
1779088245792686	204	371
1779088245792687	204	372
1779088245803143	204	237
1779088245803144	204	260
1779088245803145	204	269
1779088245803145	204	272
1779088245803146	204	279
1779088245803146	204	287
1779088245803147	204	305
1779088245803147	204	314
1779088245803148	204	330
1779088245803148	204	338
1779088245803149	204	341
1779088245803149	204	356
1779088245803150	204	359
1779088245803150	204	366
1779088245803151	204	369
1779088245803151	204	446
1779088245803152	204	456
1779088245803152	204	459
1779088245803152	204	468
1779088245803153	204	472
1779088245803153	204	474
1779088245803154	204	477
1779088245803154	204	485
1779088245803155	204	488
1779088245803155	204	491
1779088245803156	204	493
1779088245803156	204	500
1779088245803157	204	507
1779088245803157	204	510
1779088245803158	204	524
1779088245803158	204	527
1779088245812764	204	181
1779088245812766	204	191
1779088245812766	204	192
1779088245812767	204	194
1779088245812767	204	197
1779088245812768	204	201
1779088245812768	204	205
1779088245812769	204	209
1779088245812769	204	216
1779088245812770	204	224
1779088245812770	204	226
1779088245812771	204	230
1779088245812771	204	232
1779088245812772	204	233
1779088245812772	204	253
1779088245812773	204	306
1779088245812773	204	315
1779088245812774	204	320
1779088245812774	204	324
1779088245812775	204	326
1779088245812775	204	330
1779088245812776	204	334
1779088245812776	204	336
1779088245812777	204	340
1779088245812777	204	341
1779088245812777	204	346
1779088245812778	204	358
1779088245812779	204	361
1779088245812779	204	368
1779088245823234	204	210
1779088245823235	204	230
1779088245823236	204	234
1779088245823236	204	242
1779088245823237	204	249
1779088245823237	204	252
1779088245823238	204	260
1779088245823238	204	263
1779088245823239	204	271
1779088245823239	204	274
1779088245823240	204	281
1779088245823240	204	288
1779088245823241	204	296
1779088245823242	204	315
1779088245823242	204	322
1779088245823243	204	398
1779088245823243	204	414
1779088245823244	204	432
1779088245823244	204	435
1779088245823245	204	438
1779088245823245	204	446
1779088245823246	204	449
1779088245823246	204	452
1779088245823247	204	454
1779088245823247	204	462
1779088245823248	204	469
1779088245823248	204	472
1779088245823249	204	475
1779088245823249	204	477
1779088245823250	204	480
1779088245823250	204	490
1779088245832825	204	214
1779088245832826	204	228
1779088245832827	204	230
1779088245832827	204	234
1779088245832828	204	238
1779088245832828	204	250
1779088245832829	204	255
1779088245832829	204	261
1779088245832830	204	266
1779088245832830	204	275
1779088245832831	204	279
1779088245832831	204	287
1779088245832832	204	288
1779088245832832	204	293
1779088245832833	204	294
1779088245832833	204	347
1779088245832834	204	353
1779088245832834	204	357
1779088245832835	204	362
1779088245832835	204	364
1779088245832836	204	365
1779088245832836	204	366
1779088245832837	204	371
1779088245832837	204	372
1779088245832838	204	374
1779088245832838	204	378
1779088245832839	204	385
1779088245832839	204	401
1779088245832840	204	403
1779088245842327	204	198
1779088245842328	204	212
1779088245842329	204	222
1779088245842329	204	230
1779088245842330	204	233
1779088245842330	204	240
1779088245842331	204	243
1779088245842332	204	250
1779088245842332	204	253
1779088245842333	204	256
1779088245842333	204	263
1779088245842334	204	270
1779088245842334	204	273
1779088245842335	204	289
1779088245842335	204	304
1779088245842336	204	351
1779088245842336	204	361
1779088245842337	204	369
1779088245842337	204	377
1779088245842338	204	380
1779088245842338	204	382
1779088245842339	204	394
1779088245842340	204	402
1779088245842340	204	410
1779088245842340	204	413
1779088245842341	204	415
1779088245842341	204	421
1779088245842342	204	438
1779088245842342	204	440
1779088245852880	204	340
1779088245852882	204	354
1779088245852883	204	356
1779088245852884	204	358
1779088245852885	204	364
1779088245852885	204	370
1779088245852886	204	375
1779088245852887	204	378
1779088245852887	204	380
1779088245852888	204	383
1779088245852889	204	386
1779088245852890	204	389
1779088245852891	204	393
1779088245852891	204	407
1779088245852892	204	409
1779088245852893	204	412
1779088245852893	204	413
1779088245852894	204	416
1779088245852895	204	417
1779088245852896	204	420
1779088245852896	204	429
1779088245852897	204	433
1779088245852898	204	437
1779088245852899	204	443
1779088245852899	204	446
1779088245852900	204	447
1779088245852901	204	453
1779088245852902	204	457
1779088245852902	204	464
1779088245852903	204	467
1779088245852904	204	468
1779088245862451	204	172
1779088245862453	204	184
1779088245862453	204	188
1779088245862454	204	192
1779088245862454	204	195
1779088245862455	204	199
1779088245862455	204	204
1779088245862456	204	205
1779088245862456	204	209
1779088245862457	204	214
1779088245862457	204	224
1779088245862458	204	229
1779088245862458	204	233
1779088245862459	204	235
1779088245862459	204	244
1779088245862460	204	276
1779088245862460	204	287
1779088245862461	204	289
1779088245862461	204	293
1779088245862462	204	297
1779088245862462	204	299
1779088245862463	204	300
1779088245862463	204	304
1779088245862464	204	308
1779088245862464	204	312
1779088245862465	204	321
1779088245862465	204	324
1779088245862466	204	330
1779088245862466	204	333
1779088245872886	204	233
1779088245872887	204	255
1779088245872887	204	263
1779088245872888	204	266
1779088245872888	204	269
1779088245872889	204	277
1779088245872889	204	281
1779088245872890	204	283
1779088245872890	204	290
1779088245872891	204	298
1779088245872891	204	301
1779088245872892	204	308
1779088245872892	204	311
1779088245872894	204	313
1779088245872894	204	331
1779088245872895	204	401
1779088245872895	204	416
1779088245872896	204	425
1779088245872896	204	442
1779088245872897	204	450
1779088245872897	204	453
1779088245872898	204	456
1779088245872898	204	459
1779088245872899	204	466
1779088245872899	204	469
1779088245872899	204	472
1779088245872900	204	474
1779088245872901	204	476
1779088245872901	204	485
1779088245872902	204	499
1779088245872902	204	500
1779088245882485	204	273
1779088245882486	204	295
1779088245882487	204	299
1779088245882488	204	300
1779088245882489	204	305
1779088245882489	204	309
1779088245882490	204	312
1779088245882491	204	313
1779088245882492	204	316
1779088245882492	204	317
1779088245882493	204	320
1779088245882494	204	321
1779088245882495	204	324
1779088245882496	204	348
1779088245882496	204	350
1779088245882497	204	404
1779088245882498	204	407
1779088245882499	204	409
1779088245882500	204	416
1779088245882501	204	419
1779088245882502	204	421
1779088245882502	204	427
1779088245882503	204	443
1779088245882504	204	446
1779088245882505	204	452
1779088245882506	204	454
1779088245882506	204	460
1779088245882507	204	465
1779088245882508	204	478
1779088245893070	204	214
1779088245893072	204	233
1779088245893072	204	236
1779088245893073	204	245
1779088245893073	204	253
1779088245893074	204	260
1779088245893074	204	268
1779088245893075	204	271
1779088245893075	204	278
1779088245893075	204	281
1779088245893076	204	300
1779088245893077	204	309
1779088245893077	204	312
1779088245893078	204	319
1779088245893078	204	333
1779088245893078	204	412
1779088245893079	204	428
1779088245893080	204	431
1779088245893080	204	439
1779088245893081	204	442
1779088245893081	204	445
1779088245893082	204	453
1779088245893082	204	460
1779088245893082	204	463
1779088245893083	204	466
1779088245893083	204	473
1779088245893084	204	476
1779088245893084	204	484
1779088245893085	204	490
1779088245893085	204	510
1779088245893086	204	528
1779088245893087	204	530
1779088245902702	204	265
1779088245902703	204	277
1779088245902704	204	282
1779088245902704	204	283
1779088245902705	204	287
1779088245902705	204	293
1779088245902706	204	295
1779088245902706	204	298
1779088245902707	204	302
1779088245902707	204	327
1779088245902708	204	331
1779088245902708	204	333
1779088245902709	204	334
1779088245902709	204	338
1779088245902710	204	343
1779088245902710	204	350
1779088245902711	204	352
1779088245902711	204	353
1779088245902712	204	357
1779088245902712	204	359
1779088245902713	204	368
1779088245902713	204	372
1779088245902714	204	377
1779088245902714	204	384
1779088245902715	204	385
1779088245902715	204	389
1779088245902716	204	391
1779088245902716	204	392
1779088245902717	204	403
1779088245913208	204	208
1779088245913209	204	218
1779088245913210	204	222
1779088245913210	204	226
1779088245913211	204	230
1779088245913211	204	234
1779088245913212	204	238
1779088245913212	204	239
1779088245913213	204	241
1779088245913213	204	253
1779088245913214	204	255
1779088245913214	204	259
1779088245913215	204	262
1779088245913215	204	264
1779088245913216	204	267
1779088245913216	204	306
1779088245913216	204	312
1779088245913217	204	314
1779088245913218	204	318
1779088245913218	204	320
1779088245913219	204	324
1779088245913219	204	328
1779088245913220	204	338
1779088245913220	204	343
1779088245913220	204	345
1779088245913221	204	347
1779088245913221	204	349
1779088245913222	204	362
1779088245913222	204	365
1779088245913223	204	368
1779088245913223	204	371
1779088245922679	204	199
1779088245922680	204	219
1779088245922681	204	223
1779088245922681	204	230
1779088245922682	204	238
1779088245922682	204	245
1779088245922682	204	253
1779088245922683	204	260
1779088245922683	204	279
1779088245922684	204	288
1779088245922684	204	295
1779088245922685	204	308
1779088245922685	204	316
1779088245922686	204	319
1779088245922686	204	322
1779088245922687	204	407
1779088245922687	204	424
1779088245922688	204	431
1779088245922688	204	440
1779088245922689	204	447
1779088245922689	204	454
1779088245922690	204	473
1779088245922690	204	482
1779088245922691	204	485
1779088245922691	204	493
1779088245922692	204	495
1779088245922692	204	498
1779088245922693	204	500
1779088245922693	204	515
1779088245932299	204	209
1779088245932300	204	222
1779088245932301	204	224
1779088245932302	204	228
1779088245932302	204	230
1779088245932302	204	235
1779088245932303	204	236
1779088245932303	204	240
1779088245932304	204	244
1779088245932304	204	256
1779088245932305	204	258
1779088245932305	204	263
1779088245932306	204	265
1779088245932306	204	269
1779088245932307	204	274
1779088245932307	204	282
1779088245932308	204	284
1779088245932308	204	285
1779088245932309	204	287
1779088245932309	204	291
1779088245932310	204	295
1779088245932310	204	299
1779088245932311	204	303
1779088245932311	204	307
1779088245932312	204	314
1779088245932312	204	319
1779088245932313	204	320
1779088245932313	204	329
1779088245932314	204	332
1779088245942724	204	154
1779088245942725	204	164
1779088245942726	204	167
1779088245942726	204	177
1779088245942727	204	181
1779088245942727	204	182
1779088245942728	204	183
1779088245942728	204	184
1779088245942729	204	188
1779088245942729	204	194
1779088245942730	204	196
1779088245942730	204	197
1779088245942730	204	201
1779088245942731	204	202
1779088245942731	204	210
1779088245942732	204	270
1779088245942732	204	277
1779088245942733	204	279
1779088245942733	204	280
1779088245942734	204	292
1779088245942734	204	297
1779088245942735	204	301
1779088245942735	204	302
1779088245942736	204	306
1779088245942736	204	308
1779088245942737	204	315
1779088245942737	204	322
1779088245942738	204	324
1779088245942738	204	340
1779088245942739	204	343
1779088245942739	204	350
1779088245953171	204	234
1779088245953173	204	249
1779088245953173	204	258
1779088245953174	204	265
1779088245953174	204	282
1779088245953175	204	290
1779088245953175	204	313
1779088245953176	204	317
1779088245953176	204	319
1779088245953177	204	321
1779088245953177	204	324
1779088245953178	204	326
1779088245953178	204	340
1779088245953179	204	343
1779088245953179	204	345
1779088245953180	204	403
1779088245953180	204	419
1779088245953180	204	427
1779088245953181	204	430
1779088245953181	204	433
1779088245953182	204	436
1779088245953182	204	443
1779088245953183	204	446
1779088245953183	204	453
1779088245953184	204	456
1779088245953184	204	459
1779088245953185	204	461
1779088245953185	204	468
1779088245953186	204	486
1779088245953186	204	488
1779088245953187	204	490
1779088245962770	204	328
1779088245962772	204	342
1779088245962773	204	354
1779088245962774	204	356
1779088245962775	204	362
1779088245962776	204	363
1779088245962777	204	365
1779088245962778	204	366
1779088245962778	204	372
1779088245962779	204	382
1779088245962780	204	384
1779088245962781	204	389
1779088245962782	204	390
1779088245962782	204	401
1779088245962783	204	413
1779088245962784	204	415
1779088245962785	204	416
1779088245962786	204	428
1779088245962786	204	431
1779088245962787	204	438
1779088245962788	204	454
1779088245962789	204	471
1779088245962790	204	476
1779088245962790	204	497
1779088245962791	204	511
1779088245962792	204	513
1779088245962793	204	514
1779088245962793	204	522
1779088245962794	204	524
1779088245972397	204	218
1779088245972398	204	230
1779088245972399	204	234
1779088245972399	204	238
1779088245972400	204	249
1779088245972400	204	256
1779088245972401	204	257
1779088245972401	204	259
1779088245972402	204	261
1779088245972402	204	268
1779088245972403	204	276
1779088245972403	204	277
1779088245972404	204	299
1779088245972404	204	301
1779088245972405	204	305
1779088245972405	204	307
1779088245972406	204	333
1779088245972406	204	335
1779088245972407	204	337
1779088245972407	204	338
1779088245972408	204	342
1779088245972408	204	344
1779088245972409	204	345
1779088245972409	204	346
1779088245972410	204	354
1779088245972410	204	361
1779088245972411	204	385
1779088245972411	204	387
1779088245972412	204	392
1779088245982884	204	201
1779088245982885	204	214
1779088245982885	204	215
1779088245982886	204	219
1779088245982886	204	223
1779088245982887	204	228
1779088245982887	204	229
1779088245982888	204	240
1779088245982888	204	246
1779088245982889	204	252
1779088245982889	204	257
1779088245982889	204	281
1779088245982890	204	290
1779088245982891	204	292
1779088245982891	204	300
1779088245982892	204	376
1779088245982892	204	379
1779088245982893	204	380
1779088245982893	204	385
1779088245982894	204	393
1779088245982894	204	395
1779088245982895	204	399
1779088245982895	204	421
1779088245982895	204	423
1779088245982896	204	431
1779088245982896	204	436
1779088245982897	204	437
1779088245982897	204	446
1779088245982898	204	466
1779088245982898	204	469
1779088245982899	204	472
1779088245992453	204	224
1779088245992454	204	242
1779088245992454	204	250
1779088245992455	204	253
1779088245992455	204	261
1779088245992456	204	264
1779088245992456	204	267
1779088245992457	204	274
1779088245992457	204	281
1779088245992458	204	284
1779088245992458	204	292
1779088245992459	204	306
1779088245992459	204	314
1779088245992460	204	317
1779088245992460	204	319
1779088245992461	204	397
1779088245992461	204	405
1779088245992462	204	414
1779088245992463	204	417
1779088245992463	204	420
1779088245992464	204	427
1779088245992464	204	435
1779088245992464	204	442
1779088245992465	204	445
1779088245992465	204	448
1779088245992466	204	450
1779088245992466	204	457
1779088245992467	204	460
1779088245992467	204	475
1779088246003041	204	211
1779088246003043	204	224
1779088246003044	204	228
1779088246003044	204	232
1779088246003045	204	234
1779088246003045	204	239
1779088246003046	204	248
1779088246003046	204	252
1779088246003046	204	283
1779088246003047	204	285
1779088246003048	204	289
1779088246003048	204	301
1779088246003049	204	303
1779088246003049	204	307
1779088246003049	204	309
1779088246003050	204	385
1779088246003050	204	397
1779088246003051	204	401
1779088246003051	204	423
1779088246003052	204	425
1779088246003052	204	426
1779088246003053	204	428
1779088246003053	204	429
1779088246003054	204	434
1779088246003054	204	435
1779088246003055	204	437
1779088246003055	204	444
1779088246003056	204	459
1779088246003056	204	461
1779088246003057	204	464
1779088246003057	204	477
1779088246003059	204	479
1779088246012617	204	186
1779088246012618	204	205
1779088246012618	204	212
1779088246012619	204	218
1779088246012619	204	230
1779088246012620	204	238
1779088246012620	204	258
1779088246012621	204	261
1779088246012621	204	269
1779088246012622	204	281
1779088246012622	204	289
1779088246012623	204	322
1779088246012623	204	326
1779088246012624	204	328
1779088246012624	204	331
1779088246012625	204	376
1779088246012625	204	408
1779088246012626	204	411
1779088246012627	204	415
1779088246012627	204	418
1779088246012627	204	420
1779088246012628	204	423
1779088246012628	204	437
1779088246012629	204	440
1779088246012629	204	447
1779088246012630	204	450
1779088246012630	204	456
1779088246012631	204	459
1779088246012631	204	473
1779088246023182	204	191
1779088246023183	204	201
1779088246023184	204	204
1779088246023184	204	206
1779088246023185	204	211
1779088246023185	204	219
1779088246023186	204	221
1779088246023186	204	226
1779088246023187	204	234
1779088246023187	204	236
1779088246023188	204	237
1779088246023188	204	242
1779088246023188	204	243
1779088246023189	204	250
1779088246023189	204	254
1779088246023190	204	318
1779088246023190	204	327
1779088246023191	204	331
1779088246023191	204	332
1779088246023192	204	336
1779088246023192	204	340
1779088246023193	204	342
1779088246023193	204	343
1779088246023194	204	344
1779088246023194	204	348
1779088246023195	204	355
1779088246023195	204	358
1779088246023196	204	360
1779088246023196	204	363
1779088246023197	204	365
1779088246023197	204	382
1779088246032660	204	194
1779088246032661	204	212
1779088246032662	204	215
1779088246032663	204	218
1779088246032663	204	224
1779088246032663	204	230
1779088246032664	204	237
1779088246032664	204	239
1779088246032665	204	254
1779088246032665	204	261
1779088246032666	204	264
1779088246032666	204	270
1779088246032667	204	279
1779088246032667	204	285
1779088246032668	204	299
1779088246032668	204	377
1779088246032669	204	393
1779088246032670	204	396
1779088246032670	204	403
1779088246032671	204	411
1779088246032671	204	418
1779088246032672	204	426
1779088246032672	204	434
1779088246032673	204	449
1779088246032673	204	457
1779088246032674	204	460
1779088246032674	204	462
1779088246032675	204	464
1779088246032675	204	479
1779088246043240	204	325
1779088246043242	204	338
1779088246043242	204	346
1779088246043243	204	350
1779088246043244	204	371
1779088246043245	204	379
1779088246043246	204	381
1779088246043247	204	382
1779088246043247	204	390
1779088246043248	204	395
1779088246043249	204	418
1779088246043250	204	420
1779088246043250	204	427
1779088246043252	204	428
1779088246043252	204	429
1779088246043253	204	447
1779088246043254	204	449
1779088246043255	204	453
1779088246043256	204	473
1779088246043256	204	475
1779088246043257	204	479
1779088246043258	204	505
1779088246043259	204	507
1779088246043259	204	508
1779088246043260	204	509
1779088246043261	204	510
1779088246043262	204	511
1779088246043263	204	515
1779088246043264	204	523
1779088246043264	204	524
1779088246043265	204	526
1779088246052872	204	199
1779088246052873	204	212
1779088246052874	204	214
1779088246052875	204	223
1779088246052875	204	228
1779088246052876	204	240
1779088246052876	204	241
1779088246052877	204	243
1779088246052877	204	244
1779088246052878	204	248
1779088246052878	204	253
1779088246052879	204	262
1779088246052879	204	269
1779088246052880	204	278
1779088246052880	204	281
1779088246052881	204	319
1779088246052881	204	321
1779088246052882	204	323
1779088246052882	204	328
1779088246052883	204	332
1779088246052883	204	333
1779088246052883	204	337
1779088246052884	204	339
1779088246052884	204	343
1779088246052885	204	345
1779088246052885	204	350
1779088246052886	204	351
1779088246052886	204	357
1779088246052887	204	373
1779088246062340	204	180
1779088246062341	204	198
1779088246062342	204	205
1779088246062342	204	211
1779088246062343	204	218
1779088246062343	204	221
1779088246062344	204	228
1779088246062345	204	231
1779088246062345	204	238
1779088246062346	204	257
1779088246062346	204	271
1779088246062347	204	280
1779088246062347	204	287
1779088246062348	204	289
1779088246062348	204	303
1779088246062348	204	356
1779088246062349	204	365
1779088246062349	204	379
1779088246062350	204	387
1779088246062350	204	390
1779088246062351	204	393
1779088246062351	204	396
1779088246062352	204	408
1779088246062352	204	412
1779088246062353	204	414
1779088246062353	204	422
1779088246062354	204	437
1779088246062354	204	444
1779088246062355	204	458
1779088246072900	204	226
1779088246072901	204	237
1779088246072902	204	238
1779088246072902	204	243
1779088246072903	204	245
1779088246072903	204	249
1779088246072904	204	250
1779088246072904	204	255
1779088246072905	204	258
1779088246072905	204	260
1779088246072906	204	261
1779088246072906	204	275
1779088246072907	204	279
1779088246072908	204	281
1779088246072908	204	283
1779088246072909	204	308
1779088246072909	204	317
1779088246072910	204	322
1779088246072910	204	323
1779088246072911	204	345
1779088246072911	204	356
1779088246072912	204	360
1779088246072912	204	362
1779088246072913	204	366
1779088246072913	204	373
1779088246072914	204	375
1779088246072914	204	376
1779088246072915	204	378
1779088246072915	204	384
1779088246072916	204	387
1779088246072916	204	389
1779088246082383	204	188
1779088246082384	204	206
1779088246082385	204	213
1779088246082385	204	220
1779088246082386	204	223
1779088246082386	204	231
1779088246082387	204	239
1779088246082387	204	246
1779088246082387	204	265
1779088246082388	204	273
1779088246082388	204	289
1779088246082389	204	292
1779088246082389	204	295
1779088246082390	204	297
1779088246082390	204	304
1779088246082391	204	376
1779088246082391	204	393
1779088246082392	204	396
1779088246082393	204	404
1779088246082393	204	407
1779088246082394	204	414
1779088246082394	204	418
1779088246082394	204	420
1779088246082395	204	427
1779088246082395	204	434
1779088246082396	204	437
1779088246082396	204	444
1779088246082397	204	455
1779088246082397	204	457
1779088246092955	204	236
1779088246092957	204	255
1779088246092958	204	257
1779088246092958	204	258
1779088246092959	204	262
1779088246092959	204	267
1779088246092960	204	268
1779088246092960	204	269
1779088246092961	204	273
1779088246092961	204	277
1779088246092962	204	281
1779088246092963	204	285
1779088246092963	204	289
1779088246092964	204	298
1779088246092964	204	300
1779088246092965	204	346
1779088246092965	204	351
1779088246092965	204	355
1779088246092966	204	356
1779088246092967	204	358
1779088246092967	204	362
1779088246092968	204	366
1779088246092968	204	381
1779088246092969	204	384
1779088246092969	204	390
1779088246092970	204	393
1779088246092970	204	401
1779088246092970	204	404
1779088246092971	204	411
1779088246092971	204	417
1779088246092972	204	431
1779088246092973	204	433
1779088246102501	204	225
1779088246102503	204	244
1779088246102503	204	255
1779088246102504	204	263
1779088246102504	204	270
1779088246102505	204	273
1779088246102505	204	281
1779088246102506	204	288
1779088246102506	204	291
1779088246102507	204	299
1779088246102507	204	306
1779088246102508	204	314
1779088246102508	204	329
1779088246102509	204	337
1779088246102509	204	358
1779088246102510	204	413
1779088246102510	204	418
1779088246102511	204	421
1779088246102511	204	428
1779088246102512	204	436
1779088246102512	204	452
1779088246102513	204	460
1779088246102513	204	463
1779088246102514	204	471
1779088246102514	204	474
1779088246102515	204	481
1779088246102515	204	488
1779088246102516	204	515
1779088246113133	204	237
1779088246113135	204	262
1779088246113135	204	270
1779088246113136	204	277
1779088246113137	204	284
1779088246113137	204	287
1779088246113138	204	295
1779088246113139	204	302
1779088246113139	204	309
1779088246113140	204	312
1779088246113141	204	314
1779088246113141	204	321
1779088246113142	204	328
1779088246113143	204	335
1779088246113143	204	374
1779088246113144	204	440
1779088246113144	204	456
1779088246113145	204	460
1779088246113146	204	467
1779088246113146	204	474
1779088246113147	204	476
1779088246113148	204	479
1779088246113148	204	486
1779088246113149	204	489
1779088246113150	204	505
1779088246113150	204	508
1779088246113151	204	516
1779088246113152	204	519
1779088246113152	204	521
1779088246113153	204	523
1779088246113154	204	530
1779088246113154	204	545
1779088246122802	204	279
1779088246122803	204	354
1779088246122804	204	367
1779088246122805	204	375
1779088246122806	204	382
1779088246122807	204	399
1779088246122807	204	406
1779088246122808	204	421
1779088246122809	204	429
1779088246122810	204	447
1779088246122811	204	455
1779088246122811	204	458
1779088246122812	204	476
1779088246122813	204	479
1779088246122814	204	486
1779088246122815	204	550
1779088246122815	204	554
1779088246122816	204	571
1779088246122817	204	580
1779088246122818	204	583
1779088246122819	204	585
1779088246122820	204	593
1779088246122820	204	600
1779088246122821	204	615
1779088246122822	204	622
1779088246122823	204	625
1779088246122823	204	627
1779088246122824	204	629
1779088246122825	204	631
1779088246132539	204	187
1779088246132540	204	206
1779088246132541	204	214
1779088246132542	204	222
1779088246132542	204	229
1779088246132542	204	236
1779088246132543	204	243
1779088246132543	204	262
1779088246132544	204	266
1779088246132544	204	273
1779088246132545	204	289
1779088246132545	204	292
1779088246132546	204	294
1779088246132546	204	301
1779088246132547	204	303
1779088246132547	204	361
1779088246132548	204	376
1779088246132549	204	384
1779088246132549	204	387
1779088246132550	204	390
1779088246132550	204	392
1779088246132551	204	399
1779088246132551	204	408
1779088246132552	204	410
1779088246132552	204	413
1779088246132553	204	415
1779088246132553	204	418
1779088246132554	204	420
1779088246132554	204	435
1779088246143073	204	202
1779088246143074	204	215
1779088246143074	204	220
1779088246143075	204	223
1779088246143075	204	224
1779088246143076	204	235
1779088246143076	204	239
1779088246143077	204	245
1779088246143077	204	250
1779088246143078	204	278
1779088246143078	204	280
1779088246143079	204	281
1779088246143079	204	286
1779088246143080	204	305
1779088246143080	204	307
1779088246143081	204	384
1779088246143081	204	386
1779088246143082	204	388
1779088246143082	204	389
1779088246143083	204	398
1779088246143083	204	399
1779088246143084	204	401
1779088246143084	204	402
1779088246143085	204	406
1779088246143085	204	429
1779088246143086	204	431
1779088246143086	204	433
1779088246143087	204	434
1779088246143087	204	435
1779088246143088	204	442
1779088246143088	204	444
1779088246143089	204	447
1779088246152616	204	204
1779088246152617	204	225
1779088246152618	204	229
1779088246152619	204	237
1779088246152619	204	246
1779088246152620	204	254
1779088246152620	204	257
1779088246152621	204	260
1779088246152621	204	263
1779088246152622	204	270
1779088246152622	204	277
1779088246152623	204	280
1779088246152623	204	303
1779088246152624	204	306
1779088246152624	204	309
1779088246152625	204	366
1779088246152625	204	371
1779088246152626	204	373
1779088246152626	204	381
1779088246152627	204	389
1779088246152627	204	403
1779088246152628	204	410
1779088246152628	204	417
1779088246152629	204	421
1779088246152629	204	428
1779088246152630	204	431
1779088246152630	204	438
1779088246152631	204	456
1779088246152631	204	459
1779088246163174	204	199
1779088246163175	204	210
1779088246163176	204	214
1779088246163176	204	215
1779088246163177	204	216
1779088246163177	204	220
1779088246163178	204	228
1779088246163178	204	233
1779088246163179	204	234
1779088246163179	204	235
1779088246163180	204	237
1779088246163180	204	250
1779088246163181	204	252
1779088246163181	204	256
1779088246163182	204	257
1779088246163182	204	337
1779088246163183	204	340
1779088246163183	204	341
1779088246163184	204	354
1779088246163184	204	355
1779088246163185	204	360
1779088246163185	204	361
1779088246163186	204	382
1779088246163186	204	384
1779088246163187	204	386
1779088246163187	204	390
1779088246163188	204	412
1779088246163188	204	414
1779088246163188	204	415
1779088246163189	204	417
1779088246163190	204	422
1779088246172698	204	209
1779088246172699	204	232
1779088246172700	204	236
1779088246172701	204	245
1779088246172701	204	248
1779088246172702	204	256
1779088246172702	204	271
1779088246172703	204	280
1779088246172703	204	287
1779088246172704	204	291
1779088246172704	204	298
1779088246172705	204	305
1779088246172705	204	308
1779088246172706	204	310
1779088246172706	204	334
1779088246172706	204	381
1779088246172707	204	396
1779088246172707	204	405
1779088246172708	204	408
1779088246172708	204	411
1779088246172709	204	424
1779088246172709	204	427
1779088246172710	204	435
1779088246172710	204	438
1779088246172711	204	440
1779088246172711	204	443
1779088246172712	204	450
1779088246172712	204	458
1779088246172713	204	473
1779088246183274	204	217
1779088246183276	204	231
1779088246183276	204	235
1779088246183277	204	236
1779088246183277	204	241
1779088246183278	204	242
1779088246183278	204	247
1779088246183279	204	251
1779088246183279	204	253
1779088246183280	204	254
1779088246183281	204	258
1779088246183281	204	262
1779088246183282	204	264
1779088246183282	204	265
1779088246183283	204	281
1779088246183283	204	336
1779088246183284	204	339
1779088246183284	204	341
1779088246183285	204	345
1779088246183285	204	349
1779088246183286	204	351
1779088246183286	204	352
1779088246183287	204	353
1779088246183287	204	357
1779088246183288	204	359
1779088246183288	204	365
1779088246183289	204	368
1779088246183289	204	371
1779088246183290	204	378
1779088246183290	204	385
1779088246183291	204	388
1779088246183291	204	403
1779088246192779	204	220
1779088246192780	204	249
1779088246192781	204	253
1779088246192781	204	262
1779088246192782	204	266
1779088246192782	204	268
1779088246192783	204	276
1779088246192784	204	284
1779088246192784	204	292
1779088246192785	204	295
1779088246192785	204	298
1779088246192786	204	305
1779088246192786	204	313
1779088246192787	204	320
1779088246192787	204	337
1779088246192788	204	401
1779088246192788	204	418
1779088246192789	204	436
1779088246192789	204	445
1779088246192790	204	448
1779088246192791	204	450
1779088246192791	204	453
1779088246192792	204	456
1779088246192792	204	458
1779088246192793	204	466
1779088246192793	204	473
1779088246192794	204	475
1779088246192794	204	487
1779088246202363	204	250
1779088246202365	204	261
1779088246202365	204	262
1779088246202366	204	267
1779088246202367	204	272
1779088246202367	204	274
1779088246202368	204	283
1779088246202369	204	285
1779088246202370	204	289
1779088246202371	204	290
1779088246202371	204	292
1779088246202372	204	306
1779088246202373	204	310
1779088246202374	204	332
1779088246202375	204	340
1779088246202376	204	446
1779088246202376	204	460
1779088246202378	204	463
1779088246202378	204	465
1779088246202379	204	473
1779088246202380	204	479
1779088246202381	204	485
1779088246202382	204	487
1779088246202382	204	492
1779088246202383	204	498
1779088246202384	204	500
1779088246202385	204	506
1779088246202385	204	512
1779088246202386	204	535
1779088246213008	204	220
1779088246213009	204	231
1779088246213010	204	237
1779088246213010	204	239
1779088246213011	204	240
1779088246213011	204	242
1779088246213012	204	246
1779088246213012	204	250
1779088246213013	204	251
1779088246213013	204	252
1779088246213014	204	256
1779088246213014	204	261
1779088246213015	204	262
1779088246213015	204	266
1779088246213016	204	276
1779088246213026	204	309
1779088246213026	204	311
1779088246213027	204	316
1779088246213027	204	317
1779088246213028	204	326
1779088246213028	204	327
1779088246213029	204	329
1779088246213029	204	333
1779088246213030	204	335
1779088246213030	204	336
1779088246213031	204	338
1779088246213031	204	339
1779088246213032	204	340
1779088246213032	204	342
1779088246213033	204	343
1779088246213033	204	344
1779088246213034	204	346
1779088246222466	204	191
1779088246222467	204	204
1779088246222468	204	206
1779088246222468	204	210
1779088246222469	204	213
1779088246222469	204	214
1779088246222470	204	216
1779088246222470	204	221
1779088246222471	204	225
1779088246222471	204	229
1779088246222472	204	230
1779088246222472	204	231
1779088246222473	204	233
1779088246222473	204	244
1779088246222474	204	246
1779088246222475	204	279
1779088246222475	204	281
1779088246222476	204	282
1779088246222476	204	287
1779088246222477	204	288
1779088246222477	204	301
1779088246222478	204	302
1779088246222478	204	306
1779088246222479	204	308
1779088246222479	204	309
1779088246222480	204	311
1779088246222480	204	320
1779088246222481	204	322
1779088246232882	204	210
1779088246232883	204	225
1779088246232884	204	227
1779088246232884	204	228
1779088246232884	204	233
1779088246232885	204	237
1779088246232886	204	241
1779088246232886	204	250
1779088246232887	204	254
1779088246232887	204	256
1779088246232888	204	257
1779088246232888	204	259
1779088246232889	204	260
1779088246232889	204	262
1779088246232890	204	263
1779088246232890	204	310
1779088246232890	204	313
1779088246232891	204	324
1779088246232892	204	326
1779088246232892	204	328
1779088246232893	204	329
1779088246232893	204	333
1779088246232893	204	335
1779088246232894	204	339
1779088246232894	204	340
1779088246232895	204	345
1779088246232895	204	354
1779088246232896	204	358
1779088246232897	204	360
1779088246232897	204	361
1779088246232898	204	363
1779088246242340	204	214
1779088246242341	204	227
1779088246242342	204	231
1779088246242342	204	240
1779088246242342	204	242
1779088246242343	204	246
1779088246242344	204	253
1779088246242344	204	255
1779088246242344	204	259
1779088246242345	204	260
1779088246242345	204	270
1779088246242346	204	274
1779088246242346	204	283
1779088246242347	204	285
1779088246242347	204	289
1779088246242348	204	297
1779088246242348	204	301
1779088246242349	204	303
1779088246242349	204	304
1779088246242350	204	306
1779088246242350	204	310
1779088246242351	204	311
1779088246242351	204	315
1779088246242352	204	319
1779088246242352	204	323
1779088246242353	204	328
1779088246242353	204	338
1779088246242354	204	342
1779088246242354	204	350
1779088246252787	204	202
1779088246252788	204	214
1779088246252788	204	218
1779088246252789	204	220
1779088246252789	204	224
1779088246252790	204	240
1779088246252790	204	245
1779088246252791	204	246
1779088246252791	204	247
1779088246252792	204	260
1779088246252792	204	267
1779088246252793	204	269
1779088246252793	204	271
1779088246252794	204	271
1779088246252795	204	280
1779088246252795	204	317
1779088246252796	204	319
1779088246252796	204	323
1779088246252797	204	332
1779088246252797	204	334
1779088246252798	204	335
1779088246252798	204	344
1779088246252799	204	345
1779088246252799	204	346
1779088246252800	204	348
1779088246252800	204	352
1779088246252801	204	357
1779088246252801	204	361
1779088246252802	204	365
1779088246252802	204	369
1779088246252803	204	379
1779088246263265	204	202
1779088246263266	204	215
1779088246263267	204	220
1779088246263267	204	232
1779088246263268	204	237
1779088246263268	204	239
1779088246263269	204	240
1779088246263269	204	241
1779088246263270	204	245
1779088246263270	204	249
1779088246263271	204	251
1779088246263271	204	252
1779088246263272	204	254
1779088246263272	204	258
1779088246263273	204	266
1779088246263273	204	309
1779088246263274	204	319
1779088246263274	204	320
1779088246263275	204	322
1779088246263275	204	324
1779088246263276	204	328
1779088246263276	204	332
1779088246263277	204	333
1779088246263277	204	338
1779088246263278	204	339
1779088246263278	204	349
1779088246263279	204	353
1779088246263279	204	354
1779088246263280	204	356
1779088246263280	204	357
1779088246263281	204	358
1779088246272722	204	188
1779088246272723	204	202
1779088246272723	204	206
1779088246272724	204	207
1779088246272724	204	210
1779088246272725	204	214
1779088246272725	204	217
1779088246272726	204	221
1779088246272726	204	225
1779088246272727	204	227
1779088246272727	204	228
1779088246272728	204	231
1779088246272728	204	240
1779088246272729	204	244
1779088246272729	204	253
1779088246272730	204	300
1779088246272730	204	311
1779088246272731	204	312
1779088246272732	204	314
1779088246272733	204	319
1779088246272733	204	323
1779088246272734	204	327
1779088246272734	204	331
1779088246272735	204	332
1779088246272735	204	336
1779088246272736	204	340
1779088246272736	204	345
1779088246272737	204	355
1779088246272737	204	359
1779088246283183	204	233
1779088246283185	204	247
1779088246283186	204	253
1779088246283186	204	254
1779088246283187	204	260
1779088246283188	204	277
1779088246283189	204	282
1779088246283190	204	288
1779088246283190	204	294
1779088246283191	204	296
1779088246283192	204	312
1779088246283193	204	314
1779088246283194	204	316
1779088246283194	204	318
1779088246283195	204	319
1779088246283196	204	349
1779088246283197	204	357
1779088246283198	204	370
1779088246283198	204	376
1779088246283199	204	378
1779088246283200	204	381
1779088246283201	204	383
1779088246283202	204	397
1779088246283202	204	399
1779088246283203	204	405
1779088246283204	204	407
1779088246283205	204	409
1779088246283205	204	415
1779088246283206	204	421
1779088246283207	204	426
1779088246283208	204	439
1779088246292735	204	190
1779088246292737	204	200
1779088246292737	204	206
1779088246292738	204	210
1779088246292738	204	214
1779088246292739	204	218
1779088246292739	204	222
1779088246292740	204	225
1779088246292740	204	229
1779088246292741	204	230
1779088246292741	204	231
1779088246292742	204	233
1779088246292742	204	234
1779088246292743	204	235
1779088246292743	204	244
1779088246292744	204	293
1779088246292744	204	302
1779088246292745	204	309
1779088246292746	204	312
1779088246292746	204	314
1779088246292747	204	321
1779088246292747	204	327
1779088246292748	204	329
1779088246292748	204	333
1779088246292749	204	337
1779088246292749	204	341
1779088246292750	204	353
1779088246292750	204	354
1779088246292751	204	356
1779088246303188	204	194
1779088246303189	204	208
1779088246303190	204	211
1779088246303190	204	215
1779088246303191	204	216
1779088246303191	204	220
1779088246303192	204	224
1779088246303192	204	235
1779088246303193	204	239
1779088246303193	204	244
1779088246303194	204	253
1779088246303194	204	257
1779088246303195	204	258
1779088246303195	204	262
1779088246303196	204	271
1779088246303196	204	344
1779088246303197	204	356
1779088246303197	204	361
1779088246303198	204	362
1779088246303198	204	366
1779088246303198	204	370
1779088246303199	204	381
1779088246303199	204	385
1779088246303200	204	386
1779088246303200	204	388
1779088246303201	204	392
1779088246303201	204	396
1779088246303202	204	398
1779088246303202	204	399
1779088246303203	204	407
1779088246303203	204	409
1779088246312686	204	155
1779088246312687	204	166
1779088246312687	204	170
1779088246312688	204	173
1779088246312688	204	184
1779088246312689	204	189
1779088246312689	204	190
1779088246312690	204	194
1779088246312690	204	196
1779088246312691	204	197
1779088246312691	204	199
1779088246312692	204	203
1779088246312692	204	207
1779088246312693	204	211
1779088246312693	204	220
1779088246312694	204	265
1779088246312694	204	284
1779088246312695	204	288
1779088246312695	204	290
1779088246312695	204	293
1779088246312696	204	295
1779088246312696	204	296
1779088246312697	204	298
1779088246312697	204	302
1779088246312698	204	304
1779088246312698	204	308
1779088246312699	204	312
1779088246312699	204	315
1779088246312700	204	336
1779088246323121	204	203
1779088246323122	204	213
1779088246323123	204	215
1779088246323123	204	219
1779088246323124	204	220
1779088246323124	204	222
1779088246323125	204	226
1779088246323125	204	228
1779088246323126	204	232
1779088246323126	204	234
1779088246323127	204	238
1779088246323127	204	241
1779088246323128	204	245
1779088246323129	204	246
1779088246323129	204	259
1779088246323130	204	302
1779088246323130	204	304
1779088246323131	204	305
1779088246323131	204	307
1779088246323132	204	312
1779088246323132	204	313
1779088246323133	204	314
1779088246323133	204	318
1779088246323134	204	320
1779088246323134	204	321
1779088246323135	204	326
1779088246323135	204	330
1779088246323136	204	331
1779088246323136	204	336
1779088246323137	204	340
1779088246323137	204	348
1779088246332573	204	198
1779088246332575	204	210
1779088246332575	204	212
1779088246332576	204	217
1779088246332576	204	218
1779088246332577	204	220
1779088246332577	204	224
1779088246332578	204	229
1779088246332578	204	234
1779088246332579	204	235
1779088246332580	204	236
1779088246332580	204	240
1779088246332581	204	241
1779088246332581	204	245
1779088246332582	204	256
1779088246332583	204	282
1779088246332583	204	292
1779088246332584	204	297
1779088246332584	204	314
1779088246332585	204	319
1779088246332585	204	320
1779088246332586	204	324
1779088246332587	204	328
1779088246332587	204	329
1779088246332588	204	331
1779088246332588	204	332
1779088246332589	204	336
1779088246332589	204	346
1779088246343041	204	222
1779088246343043	204	238
1779088246343044	204	240
1779088246343044	204	242
1779088246343045	204	246
1779088246343045	204	248
1779088246343046	204	249
1779088246343046	204	253
1779088246343047	204	254
1779088246343047	204	258
1779088246343048	204	260
1779088246343049	204	261
1779088246343049	204	265
1779088246343050	204	266
1779088246343050	204	279
1779088246343051	204	324
1779088246343051	204	326
1779088246343052	204	328
1779088246343052	204	332
1779088246343053	204	340
1779088246343053	204	342
1779088246343054	204	344
1779088246343054	204	352
1779088246343055	204	359
1779088246343055	204	366
1779088246343056	204	372
1779088246343056	204	378
1779088246343057	204	381
1779088246343057	204	383
1779088246343058	204	385
1779088246343058	204	391
1779088246343059	204	406
1779088246352546	204	185
1779088246352547	204	195
1779088246352548	204	199
1779088246352548	204	203
1779088246352549	204	206
1779088246352549	204	210
1779088246352550	204	214
1779088246352550	204	224
1779088246352550	204	228
1779088246352551	204	233
1779088246352552	204	241
1779088246352552	204	246
1779088246352553	204	247
1779088246352553	204	251
1779088246352553	204	260
1779088246352554	204	305
1779088246352555	204	316
1779088246352555	204	317
1779088246352556	204	322
1779088246352556	204	326
1779088246352557	204	335
1779088246352557	204	336
1779088246352558	204	341
1779088246352558	204	342
1779088246352559	204	343
1779088246352559	204	351
1779088246352560	204	360
1779088246352560	204	361
1779088246363007	204	282
1779088246363009	204	304
1779088246363010	204	307
1779088246363011	204	313
1779088246363011	204	320
1779088246363013	204	327
1779088246363014	204	329
1779088246363014	204	347
1779088246363015	204	350
1779088246363016	204	357
1779088246363016	204	360
1779088246363026	204	357
1779088246363027	204	360
1779088246363028	204	362
1779088246363028	204	375
1779088246363029	204	434
1779088246363030	204	447
1779088246363031	204	454
1779088246363031	204	456
1779088246363032	204	458
1779088246363033	204	460
1779088246363034	204	471
1779088246363034	204	474
1779088246363035	204	476
1779088246363036	204	478
1779088246363037	204	485
1779088246363037	204	487
1779088246363038	204	490
1779088246363039	204	496
1779088246363040	204	498
1779088246363040	204	500
1779088246363041	204	512
1779088246372631	204	177
1779088246372632	204	189
1779088246372633	204	191
1779088246372633	204	196
1779088246372634	204	205
1779088246372634	204	207
1779088246372635	204	208
1779088246372635	204	212
1779088246372636	204	214
1779088246372636	204	215
1779088246372637	204	219
1779088246372637	204	221
1779088246372638	204	222
1779088246372638	204	223
1779088246372638	204	231
1779088246372639	204	289
1779088246372639	204	291
1779088246372640	204	293
1779088246372640	204	297
1779088246372641	204	306
1779088246372641	204	311
1779088246372642	204	312
1779088246372642	204	314
1779088246372643	204	315
1779088246372643	204	320
1779088246372644	204	324
1779088246372644	204	328
1779088246372645	204	336
1779088246372645	204	338
1779088246383058	204	172
1779088246383059	204	183
1779088246383060	204	185
1779088246383060	204	189
1779088246383061	204	190
1779088246383061	204	194
1779088246383062	204	197
1779088246383062	204	207
1779088246383063	204	211
1779088246383063	204	214
1779088246383064	204	216
1779088246383064	204	220
1779088246383065	204	227
1779088246383066	204	231
1779088246383066	204	239
1779088246383067	204	292
1779088246383067	204	297
1779088246383068	204	307
1779088246383068	204	311
1779088246383069	204	312
1779088246383069	204	321
1779088246383070	204	323
1779088246383070	204	324
1779088246383070	204	325
1779088246383071	204	329
1779088246383071	204	334
1779088246383072	204	338
1779088246383072	204	342
1779088246383073	204	346
1779088246383074	204	354
1779088246383074	204	356
1779088246392502	204	154
1779088246392502	204	165
1779088246392503	204	178
1779088246392503	204	182
1779088246392504	204	184
1779088246392504	204	188
1779088246392505	204	192
1779088246392505	204	193
1779088246392506	204	197
1779088246392506	204	203
1779088246392507	204	207
1779088246392507	204	211
1779088246392508	204	212
1779088246392508	204	224
1779088246392509	204	225
1779088246392509	204	279
1779088246392510	204	288
1779088246392510	204	290
1779088246392511	204	298
1779088246392511	204	299
1779088246392512	204	303
1779088246392512	204	312
1779088246392513	204	316
1779088246392513	204	321
1779088246392514	204	325
1779088246392514	204	333
1779088246392515	204	338
1779088246392515	204	345
1779088246402936	204	210
1779088246402937	204	220
1779088246402938	204	221
1779088246402938	204	226
1779088246402939	204	228
1779088246402939	204	232
1779088246402940	204	236
1779088246402940	204	240
1779088246402941	204	242
1779088246402941	204	246
1779088246402942	204	247
1779088246402942	204	249
1779088246402943	204	250
1779088246402943	204	254
1779088246402944	204	265
1779088246402944	204	325
1779088246402945	204	334
1779088246402945	204	339
1779088246402946	204	341
1779088246402946	204	348
1779088246402947	204	352
1779088246402947	204	373
1779088246402948	204	375
1779088246402948	204	377
1779088246402949	204	378
1779088246402949	204	382
1779088246402950	204	386
1779088246402950	204	390
1779088246402951	204	394
1779088246402951	204	396
1779088246402952	204	404
1779088246412436	204	239
1779088246412437	204	253
1779088246412438	204	255
1779088246412438	204	256
1779088246412439	204	260
1779088246412439	204	264
1779088246412440	204	270
1779088246412441	204	274
1779088246412441	204	276
1779088246412442	204	277
1779088246412442	204	281
1779088246412443	204	283
1779088246412443	204	284
1779088246412444	204	288
1779088246412444	204	292
1779088246412445	204	296
1779088246412445	204	301
1779088246412446	204	302
1779088246412446	204	304
1779088246412447	204	308
1779088246412447	204	319
1779088246412448	204	323
1779088246412448	204	325
1779088246412449	204	326
1779088246412449	204	336
1779088246412450	204	340
1779088246412450	204	341
1779088246412451	204	346
1779088246412451	204	354
1779088246422880	204	179
1779088246422881	204	189
1779088246422882	204	193
1779088246422882	204	199
1779088246422883	204	203
1779088246422883	204	204
1779088246422884	204	205
1779088246422884	204	206
1779088246422885	204	213
1779088246422885	204	218
1779088246422886	204	227
1779088246422886	204	234
1779088246422887	204	235
1779088246422887	204	237
1779088246422888	204	238
1779088246422888	204	308
1779088246422889	204	317
1779088246422889	204	320
1779088246422889	204	321
1779088246422890	204	326
1779088246422890	204	327
1779088246422891	204	329
1779088246422891	204	333
1779088246422892	204	348
1779088246422892	204	353
1779088246422893	204	354
1779088246422893	204	358
1779088246422894	204	360
1779088246422894	204	361
1779088246422895	204	371
1779088246422895	204	372
1779088246432349	204	227
1779088246432350	204	240
1779088246432351	204	245
1779088246432351	204	249
1779088246432352	204	251
1779088246432352	204	255
1779088246432353	204	256
1779088246432353	204	257
1779088246432354	204	259
1779088246432354	204	260
1779088246432355	204	264
1779088246432355	204	265
1779088246432356	204	269
1779088246432357	204	273
1779088246432357	204	275
1779088246432358	204	279
1779088246432358	204	283
1779088246432359	204	291
1779088246432359	204	295
1779088246432360	204	296
1779088246432360	204	298
1779088246432361	204	306
1779088246432361	204	307
1779088246432362	204	311
1779088246432362	204	313
1779088246432363	204	314
1779088246432363	204	323
1779088246432364	204	324
1779088246432364	204	328
1779088246442770	204	203
1779088246442771	204	219
1779088246442772	204	234
1779088246442772	204	238
1779088246442773	204	240
1779088246442773	204	243
1779088246442774	204	261
1779088246442774	204	264
1779088246442775	204	267
1779088246442775	204	275
1779088246442776	204	281
1779088246442776	204	288
1779088246442777	204	291
1779088246442778	204	293
1779088246442778	204	308
1779088246442779	204	385
1779088246442779	204	404
1779088246442780	204	407
1779088246442780	204	418
1779088246442780	204	421
1779088246442781	204	423
1779088246442781	204	425
1779088246442782	204	433
1779088246442782	204	439
1779088246442783	204	441
1779088246442783	204	443
1779088246442784	204	446
1779088246442784	204	451
1779088246442785	204	458
1779088246442785	204	460
1779088246442786	204	482
1779088246452363	204	189
1779088246452364	204	203
1779088246452365	204	211
1779088246452365	204	218
1779088246452366	204	225
1779088246452366	204	227
1779088246452367	204	230
1779088246452367	204	237
1779088246452368	204	244
1779088246452368	204	246
1779088246452369	204	249
1779088246452369	204	252
1779088246452370	204	254
1779088246452370	204	257
1779088246452371	204	278
1779088246452371	204	286
1779088246452372	204	288
1779088246452372	204	295
1779088246452373	204	297
1779088246452373	204	300
1779088246452374	204	307
1779088246452374	204	310
1779088246452375	204	317
1779088246452375	204	324
1779088246452376	204	339
1779088246452376	204	342
1779088246452377	204	349
1779088246452377	204	351
1779088246452378	204	354
1779088246462826	204	213
1779088246462828	204	239
1779088246462829	204	247
1779088246462829	204	250
1779088246462830	204	253
1779088246462831	204	255
1779088246462831	204	261
1779088246462832	204	263
1779088246462832	204	265
1779088246462833	204	272
1779088246462833	204	274
1779088246462834	204	280
1779088246462835	204	286
1779088246462835	204	292
1779088246462836	204	305
1779088246462836	204	312
1779088246462837	204	314
1779088246462837	204	328
1779088246462838	204	331
1779088246462838	204	334
1779088246462839	204	341
1779088246462840	204	348
1779088246462840	204	350
1779088246462841	204	353
1779088246462841	204	356
1779088246462842	204	358
1779088246462843	204	361
1779088246462843	204	363
1779088246462844	204	366
1779088246462844	204	379
1779088246462845	204	382
1779088246472316	204	187
1779088246472317	204	204
1779088246472318	204	211
1779088246472319	204	217
1779088246472319	204	224
1779088246472320	204	232
1779088246472320	204	234
1779088246472320	204	241
1779088246472321	204	248
1779088246472321	204	255
1779088246472322	204	261
1779088246472322	204	268
1779088246472323	204	275
1779088246472323	204	294
1779088246472324	204	297
1779088246472324	204	312
1779088246472325	204	315
1779088246472325	204	317
1779088246472326	204	320
1779088246472326	204	322
1779088246472327	204	329
1779088246472327	204	332
1779088246472328	204	335
1779088246472328	204	342
1779088246472329	204	348
1779088246472329	204	355
1779088246472330	204	358
1779088246472330	204	360
1779088246472331	204	375
1779088246482789	204	201
1779088246482790	204	215
1779088246482791	204	218
1779088246482791	204	225
1779088246482792	204	238
1779088246482792	204	241
1779088246482793	204	248
1779088246482793	204	251
1779088246482794	204	258
1779088246482794	204	265
1779088246482795	204	268
1779088246482795	204	271
1779088246482796	204	273
1779088246482796	204	280
1779088246482797	204	298
1779088246482797	204	332
1779088246482798	204	339
1779088246482798	204	342
1779088246482798	204	349
1779088246482799	204	356
1779088246482800	204	363
1779088246482800	204	370
1779088246482800	204	377
1779088246482801	204	380
1779088246482801	204	386
1779088246482802	204	389
1779088246482802	204	396
1779088246482803	204	403
1779088246482803	204	410
1779088246482804	204	426
1779088246482805	204	429
1779088246492319	204	188
1779088246492320	204	199
1779088246492320	204	209
1779088246492321	204	211
1779088246492321	204	217
1779088246492322	204	220
1779088246492322	204	223
1779088246492323	204	230
1779088246492323	204	233
1779088246492324	204	239
1779088246492324	204	246
1779088246492325	204	253
1779088246492325	204	256
1779088246492326	204	262
1779088246492326	204	280
1779088246492327	204	287
1779088246492327	204	305
1779088246492328	204	316
1779088246492328	204	318
1779088246492329	204	321
1779088246492329	204	328
1779088246492330	204	331
1779088246492330	204	338
1779088246492331	204	344
1779088246492331	204	347
1779088246492332	204	354
1779088246492332	204	361
1779088246492332	204	363
1779088246492333	204	378
1779088246502792	204	176
1779088246502793	204	200
1779088246502794	204	207
1779088246502794	204	215
1779088246502795	204	222
1779088246502795	204	237
1779088246502796	204	240
1779088246502796	204	242
1779088246502797	204	249
1779088246502797	204	256
1779088246502798	204	263
1779088246502798	204	265
1779088246502799	204	268
1779088246502799	204	271
1779088246502800	204	278
1779088246502800	204	285
1779088246502801	204	292
1779088246502801	204	294
1779088246502802	204	302
1779088246502802	204	308
1779088246502803	204	315
1779088246502803	204	317
1779088246502804	204	320
1779088246502804	204	328
1779088246502805	204	330
1779088246502805	204	338
1779088246502806	204	340
1779088246502806	204	347
1779088246502806	204	350
1779088246502807	204	356
1779088246502808	204	372
1779088246513263	204	193
1779088246513264	204	209
1779088246513264	204	212
1779088246513265	204	219
1779088246513265	204	222
1779088246513266	204	229
1779088246513266	204	232
1779088246513266	204	238
1779088246513267	204	245
1779088246513267	204	248
1779088246513268	204	251
1779088246513268	204	258
1779088246513269	204	260
1779088246513269	204	276
1779088246513270	204	279
1779088246513270	204	287
1779088246513271	204	299
1779088246513271	204	306
1779088246513272	204	313
1779088246513272	204	316
1779088246513273	204	319
1779088246513273	204	325
1779088246513274	204	332
1779088246513274	204	339
1779088246513275	204	346
1779088246513275	204	353
1779088246513276	204	356
1779088246513276	204	362
1779088246513277	204	369
1779088246513277	204	385
1779088246513278	204	388
1779088246522759	204	249
1779088246522762	204	280
1779088246522763	204	284
1779088246522763	204	291
1779088246522764	204	294
1779088246522765	204	301
1779088246522765	204	308
1779088246522766	204	310
1779088246522767	204	313
1779088246522767	204	315
1779088246522768	204	322
1779088246522769	204	324
1779088246522769	204	331
1779088246522770	204	333
1779088246522771	204	351
1779088246522771	204	385
1779088246522772	204	388
1779088246522773	204	403
1779088246522774	204	410
1779088246522774	204	413
1779088246522775	204	415
1779088246522776	204	422
1779088246522777	204	428
1779088246522778	204	436
1779088246522778	204	438
1779088246522779	204	445
1779088246522780	204	452
1779088246522781	204	466
1779088246522781	204	475
1779088246532342	204	220
1779088246532343	204	233
1779088246532344	204	237
1779088246532344	204	238
1779088246532345	204	239
1779088246532345	204	240
1779088246532346	204	244
1779088246532346	204	245
1779088246532347	204	258
1779088246532347	204	262
1779088246532348	204	270
1779088246532348	204	294
1779088246532349	204	296
1779088246532349	204	304
1779088246532350	204	306
1779088246532350	204	310
1779088246532351	204	336
1779088246532351	204	338
1779088246532352	204	340
1779088246532352	204	344
1779088246532353	204	345
1779088246532353	204	356
1779088246532354	204	358
1779088246532354	204	363
1779088246532355	204	383
1779088246532355	204	387
1779088246532356	204	389
1779088246532356	204	401
1779088246532357	204	407
1779088246542848	204	201
1779088246542849	204	213
1779088246542850	204	217
1779088246542850	204	220
1779088246542851	204	228
1779088246542852	204	232
1779088246542852	204	233
1779088246542853	204	256
1779088246542853	204	261
1779088246542853	204	262
1779088246542854	204	264
1779088246542855	204	288
1779088246542855	204	290
1779088246542856	204	291
1779088246542856	204	295
1779088246542857	204	364
1779088246542857	204	369
1779088246542858	204	370
1779088246542858	204	378
1779088246542859	204	380
1779088246542859	204	382
1779088246542860	204	411
1779088246542860	204	413
1779088246542861	204	414
1779088246542861	204	416
1779088246542862	204	417
1779088246542862	204	418
1779088246542863	204	420
1779088246542863	204	421
1779088246542864	204	422
1779088246542864	204	424
1779088246552366	204	200
1779088246552367	204	212
1779088246552368	204	217
1779088246552368	204	218
1779088246552369	204	222
1779088246552369	204	226
1779088246552370	204	228
1779088246552370	204	232
1779088246552371	204	236
1779088246552371	204	237
1779088246552372	204	238
1779088246552372	204	242
1779088246552373	204	254
1779088246552373	204	256
1779088246552374	204	267
1779088246552374	204	292
1779088246552375	204	298
1779088246552375	204	299
1779088246552376	204	301
1779088246552376	204	305
1779088246552377	204	307
1779088246552377	204	311
1779088246552378	204	321
1779088246552378	204	323
1779088246552379	204	324
1779088246552379	204	329
1779088246552380	204	330
1779088246552380	204	331
1779088246552381	204	339
1779088246562801	204	193
1779088246562802	204	207
1779088246562802	204	209
1779088246562803	204	214
1779088246562803	204	227
1779088246562804	204	229
1779088246562804	204	238
1779088246562804	204	243
1779088246562805	204	244
1779088246562805	204	246
1779088246562805	204	247
1779088246562806	204	249
1779088246562806	204	256
1779088246562807	204	268
1779088246562807	204	279
1779088246562808	204	365
1779088246562808	204	367
1779088246562808	204	369
1779088246562809	204	370
1779088246562809	204	372
1779088246562810	204	373
1779088246562810	204	377
1779088246562810	204	389
1779088246562811	204	391
1779088246562811	204	392
1779088246562811	204	394
1779088246562812	204	398
1779088246562812	204	420
1779088246562813	204	422
1779088246562813	204	424
1779088246562813	204	425
1779088246572319	204	316
1779088246572320	204	327
1779088246572320	204	329
1779088246572321	204	334
1779088246572321	204	338
1779088246572321	204	340
1779088246572322	204	341
1779088246572322	204	345
1779088246572322	204	353
1779088246572323	204	357
1779088246572323	204	359
1779088246572323	204	378
1779088246572324	204	383
1779088246572324	204	402
1779088246572325	204	407
1779088246572325	204	425
1779088246572325	204	430
1779088246572326	204	453
1779088246572326	204	458
1779088246572326	204	483
1779088246572327	204	485
1779088246572327	204	487
1779088246572328	204	491
1779088246572328	204	502
1779088246572328	204	516
1779088246572329	204	518
1779088246572329	204	536
1779088246572329	204	538
1779088246572330	204	543
1779088246582948	204	183
1779088246582949	204	193
1779088246582950	204	197
1779088246582950	204	198
1779088246582951	204	207
1779088246582951	204	211
1779088246582952	204	213
1779088246582952	204	214
1779088246582953	204	221
1779088246582953	204	223
1779088246582954	204	227
1779088246582954	204	236
1779088246582955	204	241
1779088246582955	204	249
1779088246582956	204	253
1779088246582956	204	311
1779088246582957	204	317
1779088246582957	204	318
1779088246582958	204	325
1779088246582958	204	327
1779088246582959	204	331
1779088246582959	204	333
1779088246582960	204	334
1779088246582960	204	336
1779088246582961	204	337
1779088246582961	204	338
1779088246582962	204	340
1779088246582962	204	341
1779088246582963	204	345
1779088246582963	204	346
1779088246582964	204	355
1779088246582965	204	356
1779088246592406	204	195
1779088246592407	204	209
1779088246592408	204	212
1779088246592408	204	214
1779088246592409	204	217
1779088246592409	204	221
1779088246592410	204	228
1779088246592410	204	233
1779088246592411	204	234
1779088246592411	204	272
1779088246592412	204	274
1779088246592412	204	276
1779088246592413	204	277
1779088246592413	204	278
1779088246592414	204	282
1779088246592414	204	356
1779088246592415	204	376
1779088246592415	204	378
1779088246592416	204	383
1779088246592416	204	384
1779088246592417	204	385
1779088246592417	204	405
1779088246592418	204	407
1779088246592418	204	414
1779088246592419	204	416
1779088246592419	204	420
1779088246592420	204	429
1779088246592420	204	433
1779088246602940	204	259
1779088246602942	204	340
1779088246602943	204	365
1779088246602943	204	374
1779088246602944	204	378
1779088246602945	204	380
1779088246602946	204	387
1779088246602946	204	390
1779088246602947	204	397
1779088246602947	204	413
1779088246602948	204	420
1779088246602948	204	433
1779088246602949	204	436
1779088246602949	204	443
1779088246602950	204	445
1779088246602950	204	531
1779088246602951	204	545
1779088246602951	204	547
1779088246602952	204	595
1779088246602952	204	605
1779088246602953	204	613
1779088246602953	204	620
1779088246602954	204	623
1779088246602954	204	639
1779088246602955	204	643
1779088246602955	204	651
1779088246602956	204	666
1779088246602956	204	673
1779088246602957	204	676
1779088246602957	204	691
1779088246602958	204	694
1779088246612737	204	188
1779088246612738	204	199
1779088246612739	204	203
1779088246612739	204	208
1779088246612740	204	209
1779088246612740	204	220
1779088246612741	204	222
1779088246612741	204	223
1779088246612742	204	227
1779088246612742	204	229
1779088246612743	204	237
1779088246612743	204	239
1779088246612744	204	243
1779088246612744	204	268
1779088246612745	204	273
1779088246612745	204	362
1779088246612746	204	375
1779088246612746	204	381
1779088246612747	204	383
1779088246612747	204	395
1779088246612748	204	397
1779088246612748	204	402
1779088246612749	204	403
1779088246612749	204	405
1779088246612750	204	427
1779088246612750	204	429
1779088246612751	204	437
1779088246612751	204	442
1779088246612752	204	443
1779088246612752	204	455
1779088246623295	204	213
1779088246623296	204	232
1779088246623297	204	239
1779088246623297	204	247
1779088246623298	204	254
1779088246623298	204	262
1779088246623299	204	265
1779088246623299	204	268
1779088246623299	204	275
1779088246623300	204	294
1779088246623300	204	298
1779088246623301	204	304
1779088246623302	204	307
1779088246623302	204	310
1779088246623303	204	323
1779088246623304	204	388
1779088246623304	204	404
1779088246623305	204	407
1779088246623305	204	410
1779088246623306	204	418
1779088246623306	204	425
1779088246623307	204	433
1779088246623307	204	440
1779088246623308	204	448
1779088246623308	204	466
1779088246623309	204	474
1779088246623309	204	482
1779088246623310	204	497
1779088246623310	204	505
1779088246623311	204	508
1779088246623311	204	521
1779088246623312	204	524
1779088246632924	204	184
1779088246632925	204	196
1779088246632925	204	201
1779088246632926	204	205
1779088246632926	204	207
1779088246632927	204	216
1779088246632928	204	221
1779088246632928	204	225
1779088246632929	204	226
1779088246632929	204	238
1779088246632930	204	242
1779088246632930	204	243
1779088246632931	204	251
1779088246632931	204	259
1779088246632932	204	287
1779088246632932	204	339
1779088246632933	204	354
1779088246632933	204	356
1779088246632934	204	357
1779088246632934	204	358
1779088246632935	204	360
1779088246632935	204	361
1779088246632936	204	365
1779088246632936	204	367
1779088246632937	204	376
1779088246632937	204	378
1779088246632938	204	381
1779088246632938	204	383
1779088246642404	204	189
1779088246642405	204	207
1779088246642406	204	210
1779088246642406	204	213
1779088246642407	204	221
1779088246642407	204	224
1779088246642408	204	227
1779088246642408	204	234
1779088246642409	204	242
1779088246642409	204	249
1779088246642410	204	252
1779088246642410	204	260
1779088246642411	204	263
1779088246642411	204	280
1779088246642412	204	283
1779088246642412	204	345
1779088246642413	204	355
1779088246642413	204	372
1779088246642414	204	375
1779088246642414	204	378
1779088246642415	204	386
1779088246642415	204	389
1779088246642416	204	391
1779088246642416	204	399
1779088246642417	204	402
1779088246642417	204	410
1779088246642417	204	416
1779088246642418	204	431
1779088246642418	204	433
1779088246652937	204	203
1779088246652938	204	217
1779088246652939	204	223
1779088246652939	204	224
1779088246652940	204	228
1779088246652940	204	232
1779088246652941	204	243
1779088246652941	204	252
1779088246652942	204	254
1779088246652942	204	255
1779088246652943	204	256
1779088246652943	204	258
1779088246652944	204	265
1779088246652944	204	269
1779088246652945	204	296
1779088246652945	204	372
1779088246652946	204	374
1779088246652946	204	384
1779088246652947	204	386
1779088246652947	204	389
1779088246652948	204	391
1779088246652948	204	392
1779088246652949	204	399
1779088246652949	204	404
1779088246652950	204	427
1779088246652950	204	433
1779088246652951	204	439
1779088246652951	204	444
1779088246652952	204	465
1779088246652952	204	470
1779088246652953	204	473
1779088246662505	204	197
1779088246662505	204	215
1779088246662506	204	223
1779088246662507	204	240
1779088246662507	204	249
1779088246662507	204	252
1779088246662508	204	255
1779088246662508	204	262
1779088246662509	204	270
1779088246662509	204	283
1779088246662510	204	286
1779088246662511	204	293
1779088246662511	204	306
1779088246662512	204	309
1779088246662512	204	311
1779088246662512	204	373
1779088246662513	204	383
1779088246662514	204	391
1779088246662514	204	399
1779088246662514	204	411
1779088246662515	204	419
1779088246662515	204	426
1779088246662516	204	430
1779088246662516	204	432
1779088246662517	204	435
1779088246662517	204	442
1779088246662518	204	444
1779088246662518	204	463
1779088246662519	204	465
1779088246673068	204	195
1779088246673069	204	207
1779088246673070	204	211
1779088246673070	204	215
1779088246673071	204	216
1779088246673072	204	221
1779088246673072	204	229
1779088246673073	204	238
1779088246673073	204	260
1779088246673073	204	265
1779088246673074	204	293
1779088246673075	204	296
1779088246673075	204	297
1779088246673076	204	301
1779088246673076	204	310
1779088246673076	204	394
1779088246673077	204	397
1779088246673077	204	398
1779088246673078	204	400
1779088246673078	204	401
1779088246673079	204	405
1779088246673079	204	407
1779088246673080	204	411
1779088246673080	204	420
1779088246673081	204	424
1779088246673081	204	450
1779088246673082	204	453
1779088246673082	204	454
1779088246673083	204	458
1779088246673083	204	460
1779088246673084	204	469
1779088246673085	204	472
1779088246682636	204	186
1779088246682637	204	204
1779088246682637	204	207
1779088246682638	204	209
1779088246682638	204	212
1779088246682639	204	220
1779088246682639	204	228
1779088246682640	204	236
1779088246682640	204	244
1779088246682641	204	251
1779088246682641	204	255
1779088246682642	204	257
1779088246682642	204	264
1779088246682643	204	267
1779088246682643	204	284
1779088246682644	204	416
1779088246682644	204	435
1779088246682645	204	438
1779088246682645	204	440
1779088246682646	204	448
1779088246682646	204	452
1779088246682647	204	453
1779088246682647	204	456
1779088246682648	204	458
1779088246682648	204	461
1779088246682649	204	482
1779088246682649	204	484
1779088246682650	204	485
1779088246682650	204	486
1779088246693219	204	215
1779088246693221	204	227
1779088246693221	204	229
1779088246693222	204	234
1779088246693222	204	235
1779088246693223	204	239
1779088246693223	204	244
1779088246693224	204	257
1779088246693224	204	261
1779088246693225	204	266
1779088246693225	204	267
1779088246693226	204	269
1779088246693226	204	273
1779088246693227	204	281
1779088246693227	204	285
1779088246693228	204	336
1779088246693228	204	342
1779088246693229	204	352
1779088246693229	204	354
1779088246693230	204	358
1779088246693230	204	360
1779088246693231	204	368
1779088246693231	204	370
1779088246693232	204	371
1779088246693232	204	372
1779088246693233	204	377
1779088246693233	204	378
1779088246693234	204	380
1779088246693234	204	383
1779088246693235	204	385
1779088246693235	204	393
1779088246702715	204	188
1779088246702716	204	201
1779088246702717	204	204
1779088246702717	204	206
1779088246702718	204	209
1779088246702718	204	210
1779088246702719	204	214
1779088246702719	204	215
1779088246702720	204	218
1779088246702720	204	222
1779088246702721	204	231
1779088246702721	204	235
1779088246702722	204	245
1779088246702722	204	251
1779088246702723	204	259
1779088246702723	204	317
1779088246702724	204	319
1779088246702724	204	324
1779088246702724	204	328
1779088246702725	204	335
1779088246702725	204	339
1779088246702726	204	341
1779088246702726	204	352
1779088246702727	204	356
1779088246702727	204	364
1779088246702728	204	368
1779088246702728	204	376
1779088246702729	204	380
1779088246702729	204	382
1779088246713184	204	188
1779088246713185	204	198
1779088246713186	204	200
1779088246713186	204	201
1779088246713187	204	202
1779088246713187	204	206
1779088246713188	204	207
1779088246713188	204	211
1779088246713189	204	221
1779088246713189	204	222
1779088246713190	204	225
1779088246713190	204	233
1779088246713191	204	237
1779088246713191	204	238
1779088246713192	204	246
1779088246713192	204	300
1779088246713193	204	310
1779088246713193	204	311
1779088246713194	204	313
1779088246713194	204	314
1779088246713195	204	315
1779088246713195	204	320
1779088246713196	204	322
1779088246713196	204	323
1779088246713197	204	324
1779088246713197	204	326
1779088246713198	204	344
1779088246713198	204	346
1779088246713199	204	347
1779088246713199	204	348
1779088246713200	204	350
1779088246722638	204	256
1779088246722640	204	275
1779088246722642	204	278
1779088246722642	204	280
1779088246722642	204	284
1779088246722643	204	286
1779088246722643	204	290
1779088246722644	204	294
1779088246722644	204	295
1779088246722645	204	299
1779088246722645	204	301
1779088246722646	204	302
1779088246722646	204	306
1779088246722647	204	310
1779088246722647	204	312
1779088246722648	204	315
1779088246722648	204	319
1779088246722649	204	324
1779088246722649	204	328
1779088246722650	204	329
1779088246722650	204	330
1779088246722651	204	332
1779088246722651	204	336
1779088246722652	204	340
1779088246722652	204	344
1779088246722653	204	358
1779088246722653	204	363
1779088246722654	204	364
1779088246722654	204	375
1779088246733120	204	205
1779088246733122	204	217
1779088246733122	204	222
1779088246733123	204	227
1779088246733123	204	228
1779088246733124	204	232
1779088246733124	204	234
1779088246733125	204	238
1779088246733125	204	239
1779088246733125	204	241
1779088246733126	204	245
1779088246733126	204	249
1779088246733127	204	259
1779088246733127	204	261
1779088246733128	204	276
1779088246733128	204	299
1779088246733129	204	308
1779088246733129	204	310
1779088246733130	204	312
1779088246733130	204	316
1779088246733131	204	318
1779088246733131	204	322
1779088246733132	204	323
1779088246733132	204	325
1779088246733133	204	330
1779088246733133	204	339
1779088246733134	204	341
1779088246733134	204	342
1779088246733135	204	344
1779088246733135	204	348
1779088246733136	204	349
1779088246742562	204	242
1779088246742563	204	252
1779088246742564	204	256
1779088246742564	204	261
1779088246742565	204	262
1779088246742565	204	264
1779088246742566	204	268
1779088246742566	204	271
1779088246742567	204	276
1779088246742567	204	286
1779088246742568	204	287
1779088246742568	204	289
1779088246742569	204	293
1779088246742569	204	294
1779088246742570	204	296
1779088246742570	204	300
1779088246742571	204	302
1779088246742571	204	303
1779088246742572	204	307
1779088246742572	204	311
1779088246742573	204	315
1779088246742573	204	325
1779088246742574	204	326
1779088246742574	204	330
1779088246742575	204	332
1779088246742575	204	336
1779088246742576	204	340
1779088246742576	204	348
1779088246753018	204	248
1779088246753030	204	253
1779088246753031	204	257
1779088246753031	204	262
1779088246753031	204	267
1779088246753032	204	268
1779088246753032	204	270
1779088246753033	204	275
1779088246753033	204	276
1779088246753033	204	278
1779088246753034	204	282
1779088246753034	204	287
1779088246753034	204	291
1779088246753035	204	304
1779088246753035	204	306
1779088246753035	204	342
1779088246753036	204	345
1779088246753036	204	353
1779088246753036	204	358
1779088246753037	204	359
1779088246753037	204	361
1779088246753038	204	415
1779088246753038	204	429
1779088246753038	204	431
1779088246753039	204	434
1779088246753039	204	441
1779088246753039	204	447
1779088246753040	204	473
1779088246753040	204	476
1779088246753041	204	477
1779088246753041	204	478
1779088246753042	204	479
1779088246762604	204	207
1779088246762606	204	226
1779088246762606	204	229
1779088246762607	204	236
1779088246762607	204	242
1779088246762608	204	245
1779088246762608	204	251
1779088246762609	204	253
1779088246762609	204	259
1779088246762610	204	277
1779088246762610	204	281
1779088246762611	204	283
1779088246762611	204	291
1779088246762612	204	304
1779088246762612	204	308
1779088246762613	204	367
1779088246762613	204	378
1779088246762614	204	381
1779088246762614	204	389
1779088246762615	204	397
1779088246762615	204	415
1779088246762616	204	418
1779088246762616	204	426
1779088246762617	204	430
1779088246762617	204	437
1779088246762618	204	450
1779088246762618	204	453
1779088246762619	204	469
1779088246773173	204	218
1779088246773175	204	233
1779088246773175	204	238
1779088246773176	204	242
1779088246773176	204	246
1779088246773177	204	248
1779088246773177	204	250
1779088246773178	204	254
1779088246773178	204	258
1779088246773179	204	271
1779088246773179	204	276
1779088246773180	204	528
1779088246773180	204	534
1779088246773181	204	536
1779088246773181	204	537
1779088246773182	204	541
1779088246773182	204	545
1779088246773182	204	547
1779088246773183	204	551
1779088246773184	204	552
1779088246773184	204	554
1779088246773184	204	555
1779088246773185	204	557
1779088246773185	204	561
1779088246773186	204	565
1779088246773186	204	566
1779088246773187	204	570
1779088246773187	204	571
1779088246773188	204	573
1779088246773188	204	576
1779088246773189	204	580
1779088246773189	204	597
1779088246782867	204	206
1779088246782868	204	225
1779088246782869	204	232
1779088246782870	204	235
1779088246782870	204	238
1779088246782871	204	245
1779088246782871	204	252
1779088246782872	204	255
1779088246782872	204	258
1779088246782873	204	266
1779088246782873	204	273
1779088246782874	204	292
1779088246782874	204	301
1779088246782875	204	304
1779088246782875	204	317
1779088246782876	204	379
1779088246782876	204	389
1779088246782877	204	392
1779088246782877	204	401
1779088246782878	204	404
1779088246782879	204	411
1779088246782879	204	428
1779088246782879	204	432
1779088246782880	204	434
1779088246782880	204	436
1779088246782881	204	438
1779088246782881	204	441
1779088246782882	204	449
1779088246782882	204	459
1779088246792416	204	197
1779088246792417	204	209
1779088246792418	204	213
1779088246792418	204	218
1779088246792419	204	219
1779088246792419	204	223
1779088246792420	204	225
1779088246792420	204	230
1779088246792421	204	231
1779088246792421	204	235
1779088246792422	204	239
1779088246792422	204	244
1779088246792423	204	246
1779088246792423	204	258
1779088246792424	204	261
1779088246792424	204	291
1779088246792425	204	293
1779088246792425	204	302
1779088246792426	204	304
1779088246792426	204	305
1779088246792427	204	307
1779088246792427	204	308
1779088246792428	204	310
1779088246792428	204	314
1779088246792429	204	315
1779088246792429	204	320
1779088246792430	204	324
1779088246792430	204	328
1779088246792431	204	342
1779088246802859	204	235
1779088246802860	204	250
1779088246802861	204	260
1779088246802861	204	263
1779088246802862	204	266
1779088246802862	204	268
1779088246802863	204	271
1779088246802863	204	278
1779088246802864	204	286
1779088246802864	204	302
1779088246802865	204	316
1779088246802865	204	319
1779088246802866	204	321
1779088246802866	204	324
1779088246802867	204	326
1779088246802867	204	381
1779088246802868	204	386
1779088246802868	204	394
1779088246802869	204	411
1779088246802869	204	415
1779088246802870	204	418
1779088246802870	204	425
1779088246802871	204	432
1779088246802871	204	440
1779088246802872	204	443
1779088246802872	204	458
1779088246802873	204	462
1779088246802873	204	469
1779088246802874	204	471
1779088246802874	204	474
1779088246802875	204	476
1779088246812435	204	313
1779088246812436	204	327
1779088246812437	204	332
1779088246812437	204	339
1779088246812438	204	344
1779088246812438	204	345
1779088246812439	204	347
1779088246812439	204	348
1779088246812440	204	356
1779088246812440	204	364
1779088246812440	204	365
1779088246812441	204	377
1779088246812441	204	383
1779088246812442	204	405
1779088246812442	204	411
1779088246812443	204	413
1779088246812443	204	415
1779088246812444	204	416
1779088246812444	204	424
1779088246812445	204	431
1779088246812445	204	432
1779088246812446	204	443
1779088246812446	204	450
1779088246812447	204	476
1779088246812447	204	478
1779088246812448	204	482
1779088246812448	204	484
1779088246812449	204	485
1779088246812449	204	493
1779088246823031	204	190
1779088246823032	204	200
1779088246823033	204	204
1779088246823033	204	208
1779088246823034	204	209
1779088246823034	204	213
1779088246823035	204	221
1779088246823035	204	225
1779088246823036	204	226
1779088246823036	204	232
1779088246823037	204	236
1779088246823037	204	248
1779088246823038	204	250
1779088246823038	204	254
1779088246823039	204	255
1779088246823039	204	320
1779088246823040	204	330
1779088246823040	204	331
1779088246823041	204	333
1779088246823041	204	334
1779088246823042	204	335
1779088246823042	204	339
1779088246823042	204	344
1779088246823043	204	345
1779088246823043	204	359
1779088246823044	204	365
1779088246823044	204	371
1779088246823045	204	374
1779088246823045	204	376
1779088246823046	204	383
1779088246823046	204	385
1779088246823047	204	399
1779088246832533	204	209
1779088246832534	204	224
1779088246832534	204	233
1779088246832535	204	239
1779088246832535	204	261
1779088246832536	204	265
1779088246832536	204	268
1779088246832537	204	271
1779088246832537	204	279
1779088246832538	204	281
1779088246832538	204	284
1779088246832539	204	286
1779088246832539	204	293
1779088246832540	204	300
1779088246832540	204	318
1779088246832541	204	357
1779088246832541	204	366
1779088246832542	204	374
1779088246832542	204	390
1779088246832543	204	399
1779088246832543	204	415
1779088246832544	204	418
1779088246832544	204	426
1779088246832545	204	429
1779088246832545	204	431
1779088246832546	204	433
1779088246832546	204	441
1779088246832547	204	453
1779088246843093	204	253
1779088246843094	204	271
1779088246843095	204	279
1779088246843095	204	281
1779088246843096	204	289
1779088246843096	204	297
1779088246843097	204	300
1779088246843097	204	308
1779088246843098	204	315
1779088246843098	204	317
1779088246843099	204	319
1779088246843100	204	326
1779088246843100	204	333
1779088246843101	204	335
1779088246843101	204	350
1779088246843102	204	429
1779088246843102	204	444
1779088246843103	204	503
1779088246843103	204	510
1779088246843104	204	511
1779088246843104	204	513
1779088246843105	204	514
1779088246843105	204	521
1779088246843106	204	523
1779088246843106	204	527
1779088246843107	204	551
1779088246843107	204	557
1779088246843108	204	558
1779088246843108	204	560
1779088246843109	204	570
1779088246843109	204	578
1779088246843110	204	591
1779088246852804	204	279
1779088246852806	204	299
1779088246852806	204	306
1779088246852807	204	309
1779088246852808	204	315
1779088246852808	204	320
1779088246852809	204	326
1779088246852810	204	331
1779088246852810	204	332
1779088246852811	204	333
1779088246852812	204	336
1779088246852812	204	340
1779088246852813	204	357
1779088246852814	204	361
1779088246852814	204	370
1779088246852815	204	439
1779088246852816	204	444
1779088246852817	204	465
1779088246852817	204	470
1779088246852818	204	472
1779088246852819	204	473
1779088246852819	204	474
1779088246852820	204	482
1779088246852821	204	488
1779088246852822	204	514
1779088246852822	204	516
1779088246852823	204	517
1779088246852824	204	518
1779088246852824	204	522
1779088246862429	204	217
1779088246862430	204	232
1779088246862431	204	237
1779088246862431	204	239
1779088246862432	204	243
1779088246862432	204	247
1779088246862433	204	251
1779088246862433	204	253
1779088246862434	204	257
1779088246862434	204	258
1779088246862435	204	262
1779088246862435	204	267
1779088246862436	204	280
1779088246862436	204	282
1779088246862437	204	286
1779088246862437	204	326
1779088246862438	204	329
1779088246862438	204	333
1779088246862439	204	337
1779088246862439	204	341
1779088246862440	204	345
1779088246862440	204	353
1779088246862441	204	354
1779088246862441	204	358
1779088246862442	204	360
1779088246862442	204	383
1779088246862443	204	385
1779088246862443	204	386
1779088246862444	204	390
1779088246872917	204	210
1779088246872918	204	223
1779088246872919	204	227
1779088246872919	204	230
1779088246872920	204	238
1779088246872920	204	250
1779088246872921	204	255
1779088246872921	204	262
1779088246872922	204	266
1779088246872922	204	295
1779088246872923	204	297
1779088246872923	204	299
1779088246872924	204	304
1779088246872925	204	305
1779088246872925	204	306
1779088246872926	204	396
1779088246872926	204	398
1779088246872927	204	400
1779088246872927	204	408
1779088246872928	204	425
1779088246872928	204	427
1779088246872929	204	428
1779088246872929	204	429
1779088246872929	204	448
1779088246872930	204	450
1779088246872930	204	452
1779088246872931	204	453
1779088246872931	204	454
1779088246872932	204	459
1779088246872932	204	467
1779088246872933	204	468
1779088246882481	204	216
1779088246882482	204	226
1779088246882483	204	230
1779088246882484	204	234
1779088246882484	204	237
1779088246882485	204	248
1779088246882485	204	252
1779088246882485	204	263
1779088246882486	204	265
1779088246882486	204	270
1779088246882487	204	272
1779088246882487	204	273
1779088246882488	204	275
1779088246882488	204	276
1779088246882489	204	280
1779088246882489	204	284
1779088246882490	204	288
1779088246882490	204	292
1779088246882491	204	296
1779088246882491	204	297
1779088246882492	204	301
1779088246882492	204	303
1779088246882493	204	304
1779088246882493	204	308
1779088246882493	204	310
1779088246882494	204	311
1779088246882494	204	315
1779088246882495	204	319
1779088246882495	204	330
1779088246892905	204	204
1779088246892906	204	217
1779088246892907	204	219
1779088246892907	204	220
1779088246892908	204	225
1779088246892908	204	229
1779088246892909	204	233
1779088246892909	204	238
1779088246892910	204	239
1779088246892910	204	243
1779088246892911	204	245
1779088246892911	204	249
1779088246892912	204	253
1779088246892912	204	265
1779088246892912	204	267
1779088246892913	204	310
1779088246892913	204	312
1779088246892914	204	316
1779088246892914	204	318
1779088246892915	204	319
1779088246892915	204	323
1779088246892916	204	327
1779088246892916	204	329
1779088246892917	204	330
1779088246892917	204	334
1779088246892918	204	336
1779088246892918	204	340
1779088246892919	204	344
1779088246892919	204	345
1779088246892920	204	349
1779088246892920	204	361
1779088246902358	204	188
1779088246902360	204	198
1779088246902360	204	202
1779088246902361	204	203
1779088246902361	204	205
1779088246902362	204	209
1779088246902362	204	218
1779088246902363	204	219
1779088246902363	204	221
1779088246902364	204	225
1779088246902364	204	245
1779088246902365	204	247
1779088246902365	204	251
1779088246902365	204	270
1779088246902366	204	274
1779088246902366	204	350
1779088246902367	204	357
1779088246902368	204	361
1779088246902368	204	363
1779088246902369	204	375
1779088246902369	204	377
1779088246902370	204	379
1779088246902370	204	380
1779088246902371	204	381
1779088246902371	204	385
1779088246902371	204	396
1779088246902372	204	397
1779088246902372	204	399
1779088246902373	204	403
1779088246912859	204	209
1779088246912860	204	223
1779088246912861	204	225
1779088246912861	204	226
1779088246912862	204	230
1779088246912862	204	235
1779088246912863	204	236
1779088246912863	204	240
1779088246912864	204	244
1779088246912864	204	246
1779088246912865	204	250
1779088246912865	204	254
1779088246912866	204	258
1779088246912866	204	262
1779088246912867	204	274
1779088246912867	204	317
1779088246912867	204	320
1779088246912868	204	324
1779088246912868	204	329
1779088246912869	204	333
1779088246912869	204	337
1779088246912870	204	342
1779088246912870	204	343
1779088246912871	204	345
1779088246912871	204	349
1779088246912872	204	353
1779088246912872	204	357
1779088246912873	204	368
1779088246912873	204	370
1779088246912874	204	374
1779088246912874	204	376
1779088246922334	204	229
1779088246922336	204	241
1779088246922336	204	246
1779088246922337	204	251
1779088246922337	204	255
1779088246922337	204	259
1779088246922338	204	264
1779088246922338	204	266
1779088246922338	204	267
1779088246922339	204	280
1779088246922339	204	282
1779088246922339	204	287
1779088246922340	204	295
1779088246922340	204	299
1779088246922340	204	324
1779088246922341	204	330
1779088246922341	204	337
1779088246922341	204	344
1779088246922342	204	371
1779088246922342	204	374
1779088246922343	204	378
1779088246922343	204	389
1779088246922343	204	394
1779088246922344	204	418
1779088246922344	204	439
1779088246922344	204	441
1779088246922345	204	443
1779088246922345	204	444
1779088246922345	204	446
1779088246932872	204	212
1779088246932873	204	227
1779088246932874	204	236
1779088246932874	204	237
1779088246932875	204	239
1779088246932876	204	240
1779088246932876	204	245
1779088246932877	204	252
1779088246932877	204	257
1779088246932878	204	274
1779088246932878	204	279
1779088246932879	204	307
1779088246932879	204	309
1779088246932880	204	311
1779088246932880	204	312
1779088246932881	204	385
1779088246932881	204	398
1779088246932881	204	400
1779088246932882	204	408
1779088246932882	204	409
1779088246932883	204	411
1779088246932883	204	412
1779088246932884	204	426
1779088246932884	204	433
1779088246932885	204	438
1779088246932885	204	439
1779088246932886	204	441
1779088246932886	204	460
1779088246932887	204	465
1779088246932887	204	470
1779088246932888	204	481
1779088246942449	204	199
1779088246942450	204	214
1779088246942450	204	219
1779088246942451	204	223
1779088246942451	204	227
1779088246942452	204	231
1779088246942453	204	235
1779088246942453	204	236
1779088246942454	204	249
1779088246942454	204	251
1779088246942455	204	255
1779088246942455	204	257
1779088246942456	204	258
1779088246942456	204	260
1779088246942457	204	268
1779088246942457	204	297
1779088246942458	204	299
1779088246942458	204	309
1779088246942459	204	313
1779088246942459	204	315
1779088246942460	204	319
1779088246942460	204	327
1779088246942461	204	332
1779088246942461	204	334
1779088246942462	204	335
1779088246942462	204	339
1779088246942462	204	341
1779088246942463	204	345
1779088246942463	204	353
1779088246952894	204	198
1779088246952895	204	212
1779088246952895	204	217
1779088246952896	204	221
1779088246952896	204	223
1779088246952897	204	235
1779088246952897	204	240
1779088246952897	204	242
1779088246952898	204	249
1779088246952898	204	251
1779088246952898	204	255
1779088246952899	204	257
1779088246952899	204	285
1779088246952899	204	288
1779088246952900	204	289
1779088246952900	204	367
1779088246952900	204	372
1779088246952901	204	380
1779088246952901	204	382
1779088246952901	204	387
1779088246952902	204	410
1779088246952902	204	416
1779088246952902	204	424
1779088246952903	204	446
1779088246952903	204	448
1779088246952904	204	450
1779088246952904	204	451
1779088246952904	204	460
1779088246952905	204	462
1779088246952905	204	464
1779088246952905	204	468
1779088246962453	204	188
1779088246962454	204	199
1779088246962454	204	204
1779088246962455	204	208
1779088246962455	204	212
1779088246962456	204	216
1779088246962456	204	220
1779088246962457	204	224
1779088246962457	204	226
1779088246962458	204	230
1779088246962458	204	234
1779088246962459	204	247
1779088246962459	204	251
1779088246962460	204	253
1779088246962460	204	254
1779088246962461	204	296
1779088246962461	204	298
1779088246962462	204	299
1779088246962462	204	301
1779088246962463	204	306
1779088246962463	204	310
1779088246962464	204	314
1779088246962464	204	316
1779088246962465	204	317
1779088246962465	204	319
1779088246962466	204	323
1779088246962466	204	326
1779088246962467	204	335
1779088246962467	204	337
1779088246972879	204	197
1779088246972880	204	205
1779088246972880	204	209
1779088246972881	204	211
1779088246972881	204	215
1779088246972882	204	219
1779088246972882	204	220
1779088246972883	204	230
1779088246972883	204	233
1779088246972884	204	244
1779088246972884	204	246
1779088246972885	204	250
1779088246972885	204	266
1779088246972886	204	271
1779088246972886	204	293
1779088246972887	204	361
1779088246972887	204	369
1779088246972887	204	374
1779088246972888	204	396
1779088246972888	204	401
1779088246972889	204	421
1779088246972889	204	426
1779088246972890	204	449
1779088246972890	204	451
1779088246972891	204	453
1779088246972891	204	457
1779088246972892	204	477
1779088246972892	204	479
1779088246972893	204	483
1779088246972893	204	484
1779088246972894	204	486
1779088246982453	204	202
1779088246982454	204	212
1779088246982454	204	219
1779088246982455	204	220
1779088246982455	204	224
1779088246982456	204	230
1779088246982456	204	234
1779088246982457	204	240
1779088246982457	204	248
1779088246982458	204	249
1779088246982458	204	250
1779088246982459	204	256
1779088246982459	204	260
1779088246982459	204	269
1779088246982460	204	271
1779088246982460	204	274
1779088246982461	204	280
1779088246982461	204	284
1779088246982462	204	293
1779088246982462	204	297
1779088246982463	204	312
1779088246982463	204	314
1779088246982464	204	315
1779088246982464	204	319
1779088246982465	204	323
1779088246982465	204	327
1779088246982466	204	337
1779088246982466	204	338
1779088246982467	204	340
1779088246992885	204	195
1779088246992886	204	208
1779088246992886	204	213
1779088246992887	204	214
1779088246992887	204	218
1779088246992888	204	220
1779088246992888	204	233
1779088246992888	204	238
1779088246992889	204	239
1779088246992889	204	241
1779088246992890	204	242
1779088246992890	204	243
1779088246992891	204	245
1779088246992891	204	256
1779088246992892	204	258
1779088246992892	204	279
1779088246992893	204	281
1779088246992893	204	285
1779088246992894	204	290
1779088246992894	204	291
1779088246992895	204	295
1779088246992895	204	297
1779088246992896	204	298
1779088246992896	204	302
1779088246992897	204	304
1779088246992897	204	308
1779088246992898	204	309
1779088246992898	204	310
1779088246992899	204	315
1779088246992899	204	319
1779088246992899	204	329
1779088247002307	204	187
1779088247002308	204	199
1779088247002309	204	207
1779088247002309	204	209
1779088247002310	204	213
1779088247002310	204	247
1779088247002311	204	250
1779088247002311	204	251
1779088247002312	204	253
1779088247002312	204	254
1779088247002313	204	255
1779088247002313	204	257
1779088247002314	204	262
1779088247002314	204	269
1779088247002315	204	271
1779088247002315	204	335
1779088247002316	204	344
1779088247002316	204	363
1779088247002317	204	365
1779088247002317	204	367
1779088247002318	204	368
1779088247002318	204	369
1779088247002319	204	378
1779088247002319	204	384
1779088247002320	204	385
1779088247002320	204	389
1779088247002321	204	391
1779088247002321	204	399
1779088247002322	204	400
1779088247012799	204	189
1779088247012800	204	198
1779088247012800	204	202
1779088247012801	204	206
1779088247012801	204	209
1779088247012802	204	210
1779088247012802	204	214
1779088247012803	204	236
1779088247012803	204	241
1779088247012803	204	242
1779088247012804	204	246
1779088247012804	204	248
1779088247012805	204	252
1779088247012806	204	260
1779088247012806	204	265
1779088247012807	204	316
1779088247012807	204	322
1779088247012808	204	330
1779088247012808	204	334
1779088247012809	204	336
1779088247012809	204	337
1779088247012810	204	338
1779088247012810	204	343
1779088247012811	204	352
1779088247012811	204	354
1779088247012812	204	358
1779088247012812	204	359
1779088247012813	204	360
1779088247012813	204	365
1779088247012813	204	373
1779088247012814	204	374
1779088247023272	204	208
1779088247023273	204	221
1779088247023274	204	222
1779088247023274	204	224
1779088247023275	204	225
1779088247023275	204	226
1779088247023276	204	228
1779088247023276	204	232
1779088247023277	204	239
1779088247023277	204	241
1779088247023277	204	245
1779088247023278	204	270
1779088247023278	204	273
1779088247023280	204	276
1779088247023280	204	287
1779088247023281	204	364
1779088247023281	204	372
1779088247023282	204	377
1779088247023282	204	397
1779088247023282	204	402
1779088247023283	204	421
1779088247023283	204	423
1779088247023284	204	425
1779088247023284	204	429
1779088247023285	204	430
1779088247023285	204	432
1779088247023286	204	440
1779088247023286	204	441
1779088247023287	204	446
1779088247023287	204	447
1779088247023288	204	471
1779088247032839	204	198
1779088247032840	204	213
1779088247032840	204	217
1779088247032841	204	222
1779088247032841	204	224
1779088247032842	204	228
1779088247032842	204	232
1779088247032843	204	233
1779088247032843	204	237
1779088247032844	204	242
1779088247032844	204	244
1779088247032845	204	245
1779088247032845	204	249
1779088247032846	204	254
1779088247032846	204	267
1779088247032847	204	301
1779088247032847	204	306
1779088247032848	204	307
1779088247032848	204	312
1779088247032849	204	320
1779088247032849	204	322
1779088247032850	204	326
1779088247032850	204	327
1779088247032851	204	329
1779088247032851	204	330
1779088247032852	204	335
1779088247032852	204	336
1779088247032852	204	345
1779088247032853	204	346
1779088247043280	204	198
1779088247043282	204	207
1779088247043282	204	212
1779088247043283	204	216
1779088247043283	204	220
1779088247043284	204	228
1779088247043285	204	237
1779088247043285	204	241
1779088247043286	204	262
1779088247043286	204	267
1779088247043287	204	295
1779088247043287	204	298
1779088247043288	204	300
1779088247043288	204	304
1779088247043288	204	314
1779088247043289	204	397
1779088247043289	204	399
1779088247043290	204	401
1779088247043290	204	402
1779088247043291	204	414
1779088247043291	204	416
1779088247043292	204	417
1779088247043292	204	421
1779088247043293	204	429
1779088247043293	204	434
1779088247043294	204	457
1779088247043294	204	459
1779088247043295	204	460
1779088247043295	204	462
1779088247043296	204	466
1779088247043296	204	467
1779088247043297	204	475
1779088247052858	204	206
1779088247052859	204	217
1779088247052859	204	223
1779088247052860	204	227
1779088247052860	204	231
1779088247052860	204	235
1779088247052861	204	240
1779088247052861	204	241
1779088247052862	204	246
1779088247052862	204	253
1779088247052862	204	257
1779088247052863	204	259
1779088247052863	204	278
1779088247052863	204	285
1779088247052864	204	300
1779088247052864	204	311
1779088247052864	204	313
1779088247052865	204	315
1779088247052865	204	323
1779088247052866	204	324
1779088247052866	204	326
1779088247052866	204	327
1779088247052867	204	332
1779088247052867	204	333
1779088247052867	204	338
1779088247052868	204	342
1779088247052868	204	344
1779088247052868	204	352
1779088247062297	204	182
1779088247062298	204	194
1779088247062299	204	196
1779088247062299	204	197
1779088247062300	204	201
1779088247062300	204	210
1779088247062301	204	212
1779088247062301	204	216
1779088247062301	204	217
1779088247062302	204	232
1779088247062302	204	251
1779088247062303	204	253
1779088247062303	204	254
1779088247062304	204	266
1779088247062304	204	268
1779088247062305	204	324
1779088247062305	204	338
1779088247062306	204	339
1779088247062307	204	340
1779088247062307	204	344
1779088247062308	204	355
1779088247062308	204	373
1779088247062309	204	375
1779088247062309	204	376
1779088247062310	204	377
1779088247062310	204	386
1779088247062311	204	387
1779088247062311	204	391
1779088247062311	204	393
1779088247072788	204	187
1779088247072790	204	199
1779088247072790	204	204
1779088247072791	204	209
1779088247072791	204	214
1779088247072792	204	218
1779088247072792	204	222
1779088247072793	204	244
1779088247072793	204	249
1779088247072794	204	254
1779088247072794	204	256
1779088247072794	204	257
1779088247072795	204	261
1779088247072795	204	270
1779088247072796	204	271
1779088247072796	204	317
1779088247072797	204	319
1779088247072797	204	321
1779088247072798	204	322
1779088247072798	204	327
1779088247072799	204	331
1779088247072799	204	333
1779088247072800	204	334
1779088247072800	204	339
1779088247072801	204	343
1779088247072801	204	344
1779088247072802	204	346
1779088247072802	204	350
1779088247072803	204	351
1779088247072803	204	360
1779088247072804	204	362
1779088247083241	204	231
1779088247083242	204	246
1779088247083242	204	249
1779088247083243	204	256
1779088247083243	204	258
1779088247083244	204	260
1779088247083244	204	266
1779088247083244	204	272
1779088247083245	204	278
1779088247083245	204	283
1779088247083246	204	286
1779088247083246	204	288
1779088247083247	204	289
1779088247083248	204	291
1779088247083249	204	316
1779088247083249	204	348
1779088247083250	204	356
1779088247083250	204	358
1779088247083251	204	363
1779088247083251	204	365
1779088247083251	204	371
1779088247083252	204	377
1779088247083252	204	379
1779088247083253	204	384
1779088247083253	204	390
1779088247083254	204	393
1779088247083254	204	395
1779088247083255	204	401
1779088247083255	204	420
1779088247083256	204	423
1779088247083256	204	425
1779088247092770	204	198
1779088247092771	204	213
1779088247092772	204	217
1779088247092772	204	222
1779088247092773	204	223
1779088247092773	204	225
1779088247092774	204	229
1779088247092774	204	230
1779088247092775	204	232
1779088247092775	204	256
1779088247092776	204	262
1779088247092776	204	264
1779088247092777	204	271
1779088247092777	204	275
1779088247092778	204	277
1779088247092778	204	360
1779088247092779	204	362
1779088247092780	204	366
1779088247092780	204	374
1779088247092781	204	379
1779088247092781	204	402
1779088247092782	204	408
1779088247092782	204	415
1779088247092783	204	416
1779088247092783	204	418
1779088247092784	204	422
1779088247092784	204	443
1779088247092785	204	452
1779088247092785	204	456
1779088247102327	204	200
1779088247102328	204	215
1779088247102328	204	221
1779088247102329	204	233
1779088247102329	204	237
1779088247102330	204	241
1779088247102331	204	242
1779088247102331	204	246
1779088247102332	204	248
1779088247102332	204	252
1779088247102333	204	257
1779088247102333	204	261
1779088247102334	204	262
1779088247102334	204	266
1779088247102335	204	275
1779088247102335	204	321
1779088247102336	204	323
1779088247102337	204	327
1779088247102337	204	332
1779088247102338	204	336
1779088247102338	204	337
1779088247102339	204	338
1779088247102339	204	342
1779088247102340	204	347
1779088247102340	204	358
1779088247102341	204	359
1779088247102341	204	361
1779088247102342	204	362
1779088247102342	204	363
1779088247112784	204	187
1779088247112785	204	204
1779088247112785	204	215
1779088247112786	204	219
1779088247112786	204	221
1779088247112787	204	222
1779088247112787	204	224
1779088247112788	204	231
1779088247112788	204	247
1779088247112789	204	248
1779088247112789	204	274
1779088247112790	204	277
1779088247112790	204	281
1779088247112791	204	288
1779088247112791	204	292
1779088247112792	204	390
1779088247112792	204	397
1779088247112793	204	398
1779088247112793	204	403
1779088247112794	204	405
1779088247112794	204	409
1779088247112795	204	410
1779088247112795	204	418
1779088247112795	204	422
1779088247112796	204	423
1779088247112796	204	436
1779088247112797	204	438
1779088247112797	204	442
1779088247112798	204	443
1779088247112798	204	466
1779088247112799	204	468
1779088247122354	204	204
1779088247122356	204	218
1779088247122356	204	219
1779088247122357	204	223
1779088247122357	204	227
1779088247122358	204	229
1779088247122358	204	233
1779088247122359	204	234
1779088247122359	204	238
1779088247122360	204	240
1779088247122361	204	241
1779088247122361	204	242
1779088247122361	204	246
1779088247122362	204	259
1779088247122362	204	261
1779088247122363	204	304
1779088247122364	204	306
1779088247122364	204	308
1779088247122364	204	309
1779088247122365	204	313
1779088247122366	204	315
1779088247122366	204	319
1779088247122367	204	323
1779088247122367	204	325
1779088247122368	204	329
1779088247122368	204	339
1779088247122368	204	341
1779088247122369	204	342
1779088247122370	204	343
1779088247132816	204	242
1779088247132818	204	262
1779088247132819	204	265
1779088247132819	204	267
1779088247132820	204	273
1779088247132821	204	279
1779088247132822	204	282
1779088247132823	204	288
1779088247132824	204	294
1779088247132824	204	296
1779088247132825	204	302
1779088247132826	204	305
1779088247132827	204	307
1779088247132827	204	328
1779088247132828	204	330
1779088247132829	204	361
1779088247132830	204	369
1779088247132831	204	376
1779088247132831	204	393
1779088247132832	204	399
1779088247132833	204	402
1779088247132834	204	404
1779088247132835	204	410
1779088247132835	204	416
1779088247132836	204	419
1779088247132837	204	425
1779088247132838	204	440
1779088247132838	204	446
1779088247132839	204	448
1779088247132840	204	460
1779088247132841	204	463
1779088247142392	204	191
1779088247142393	204	204
1779088247142394	204	206
1779088247142394	204	209
1779088247142395	204	213
1779088247142395	204	224
1779088247142395	204	226
1779088247142396	204	227
1779088247142396	204	229
1779088247142397	204	230
1779088247142397	204	235
1779088247142398	204	243
1779088247142398	204	244
1779088247142399	204	250
1779088247142399	204	251
1779088247142400	204	272
1779088247142400	204	274
1779088247142401	204	279
1779088247142401	204	288
1779088247142402	204	290
1779088247142402	204	291
1779088247142403	204	296
1779088247142403	204	297
1779088247142404	204	299
1779088247142404	204	303
1779088247142405	204	304
1779088247142405	204	306
1779088247142406	204	307
1779088247142406	204	315
1779088247152807	204	204
1779088247152808	204	222
1779088247152809	204	228
1779088247152810	204	232
1779088247152810	204	233
1779088247152811	204	237
1779088247152812	204	238
1779088247152812	204	243
1779088247152812	204	247
1779088247152813	204	252
1779088247152814	204	265
1779088247152814	204	269
1779088247152815	204	271
1779088247152815	204	272
1779088247152816	204	284
1779088247152816	204	385
1779088247152817	204	388
1779088247152817	204	398
1779088247152818	204	400
1779088247152818	204	401
1779088247152819	204	402
1779088247152819	204	407
1779088247152820	204	411
1779088247152820	204	412
1779088247152821	204	414
1779088247152821	204	415
1779088247152822	204	419
1779088247152822	204	428
1779088247152823	204	432
1779088247152823	204	434
1779088247152824	204	435
1779088247162336	204	177
1779088247162337	204	189
1779088247162338	204	193
1779088247162338	204	198
1779088247162339	204	202
1779088247162339	204	204
1779088247162340	204	208
1779088247162340	204	212
1779088247162340	204	216
1779088247162341	204	220
1779088247162342	204	232
1779088247162342	204	237
1779088247162343	204	238
1779088247162343	204	246
1779088247162344	204	247
1779088247162344	204	286
1779088247162345	204	293
1779088247162345	204	299
1779088247162345	204	301
1779088247162346	204	308
1779088247162346	204	310
1779088247162347	204	316
1779088247162347	204	318
1779088247162348	204	320
1779088247162348	204	337
1779088247162349	204	340
1779088247162349	204	342
1779088247162350	204	344
1779088247162350	204	346
1779088247172786	204	214
1779088247172787	204	229
1779088247172788	204	245
1779088247172788	204	247
1779088247172788	204	251
1779088247172789	204	255
1779088247172789	204	260
1779088247172790	204	262
1779088247172790	204	275
1779088247172791	204	280
1779088247172791	204	281
1779088247172792	204	290
1779088247172792	204	291
1779088247172793	204	293
1779088247172793	204	294
1779088247172794	204	344
1779088247172794	204	347
1779088247172795	204	348
1779088247172795	204	350
1779088247172796	204	355
1779088247172797	204	358
1779088247172797	204	360
1779088247172798	204	364
1779088247172798	204	365
1779088247172799	204	367
1779088247172799	204	368
1779088247172799	204	376
1779088247172800	204	378
1779088247172801	204	379
1779088247172801	204	389
1779088247172802	204	390
1779088247183285	204	215
1779088247183287	204	229
1779088247183287	204	233
1779088247183288	204	237
1779088247183288	204	241
1779088247183289	204	246
1779088247183289	204	250
1779088247183290	204	254
1779088247183290	204	255
1779088247183291	204	259
1779088247183291	204	267
1779088247183292	204	272
1779088247183292	204	273
1779088247183293	204	274
1779088247183293	204	276
1779088247183294	204	330
1779088247183294	204	335
1779088247183295	204	339
1779088247183295	204	341
1779088247183296	204	345
1779088247183296	204	349
1779088247183297	204	351
1779088247183297	204	355
1779088247183298	204	366
1779088247183298	204	368
1779088247183299	204	370
1779088247183299	204	374
1779088247183300	204	375
1779088247183300	204	380
1779088247183301	204	384
1779088247183301	204	385
1779088247183302	204	392
1779088247192777	204	184
1779088247192778	204	195
1779088247192779	204	200
1779088247192779	204	204
1779088247192779	204	205
1779088247192780	204	209
1779088247192780	204	212
1779088247192781	204	223
1779088247192781	204	227
1779088247192782	204	228
1779088247192782	204	235
1779088247192782	204	236
1779088247192783	204	248
1779088247192783	204	253
1779088247192783	204	255
1779088247192784	204	333
1779088247192784	204	353
1779088247192784	204	360
1779088247192785	204	367
1779088247192785	204	370
1779088247192786	204	374
1779088247192786	204	377
1779088247192787	204	379
1779088247192787	204	401
1779088247192787	204	403
1779088247192788	204	405
1779088247192788	204	406
1779088247192788	204	409
1779088247203281	204	204
1779088247203283	204	217
1779088247203283	204	221
1779088247203284	204	225
1779088247203284	204	227
1779088247203285	204	231
1779088247203286	204	235
1779088247203286	204	237
1779088247203287	204	238
1779088247203287	204	240
1779088247203288	204	244
1779088247203289	204	248
1779088247203289	204	250
1779088247203289	204	262
1779088247203290	204	264
1779088247203290	204	310
1779088247203291	204	320
1779088247203291	204	322
1779088247203292	204	327
1779088247203293	204	328
1779088247203293	204	332
1779088247203293	204	336
1779088247203294	204	340
1779088247203294	204	342
1779088247203295	204	346
1779088247203295	204	348
1779088247203296	204	352
1779088247203296	204	356
1779088247203297	204	366
1779088247203297	204	371
1779088247203298	204	382
1779088247203298	204	390
1779088247212769	204	180
1779088247212770	204	193
1779088247212771	204	197
1779088247212772	204	198
1779088247212772	204	202
1779088247212773	204	211
1779088247212773	204	215
1779088247212773	204	219
1779088247212774	204	223
1779088247212774	204	227
1779088247212775	204	236
1779088247212775	204	237
1779088247212776	204	239
1779088247212776	204	243
1779088247212777	204	256
1779088247212777	204	319
1779088247212778	204	326
1779088247212778	204	331
1779088247212779	204	333
1779088247212779	204	334
1779088247212780	204	335
1779088247212781	204	339
1779088247212781	204	341
1779088247212782	204	345
1779088247212782	204	349
1779088247212783	204	350
1779088247212783	204	352
1779088247212784	204	361
1779088247223223	204	195
1779088247223224	204	210
1779088247223225	204	215
1779088247223225	204	216
1779088247223226	204	220
1779088247223226	204	222
1779088247223227	204	223
1779088247223227	204	225
1779088247223228	204	228
1779088247223228	204	232
1779088247223229	204	237
1779088247223229	204	249
1779088247223230	204	251
1779088247223230	204	252
1779088247223230	204	254
1779088247223231	204	309
1779088247223231	204	320
1779088247223232	204	324
1779088247223232	204	332
1779088247223233	204	337
1779088247223233	204	338
1779088247223234	204	340
1779088247223234	204	348
1779088247223235	204	352
1779088247223235	204	354
1779088247223236	204	355
1779088247223236	204	356
1779088247223237	204	358
1779088247223237	204	362
1779088247223238	204	370
1779088247223238	204	371
1779088247232689	204	207
1779088247232691	204	218
1779088247232691	204	222
1779088247232692	204	225
1779088247232692	204	229
1779088247232693	204	230
1779088247232693	204	234
1779088247232694	204	235
1779088247232694	204	239
1779088247232694	204	240
1779088247232695	204	249
1779088247232695	204	250
1779088247232695	204	254
1779088247232696	204	255
1779088247232696	204	256
1779088247232697	204	260
1779088247232697	204	268
1779088247232697	204	270
1779088247232698	204	273
1779088247232698	204	278
1779088247232698	204	284
1779088247232699	204	288
1779088247232699	204	299
1779088247232699	204	300
1779088247232700	204	301
1779088247232700	204	305
1779088247232700	204	311
1779088247232701	204	313
1779088247232701	204	316
1779088247243102	204	158
1779088247243103	204	169
1779088247243104	204	170
1779088247243104	204	176
1779088247243105	204	177
1779088247243105	204	181
1779088247243106	204	184
1779088247243106	204	195
1779088247243107	204	196
1779088247243107	204	197
1779088247243107	204	198
1779088247243108	204	202
1779088247243108	204	203
1779088247243109	204	208
1779088247243109	204	216
1779088247243110	204	281
1779088247243110	204	287
1779088247243111	204	292
1779088247243111	204	293
1779088247243112	204	298
1779088247243112	204	306
1779088247243113	204	307
1779088247243113	204	309
1779088247243114	204	310
1779088247243114	204	311
1779088247243115	204	316
1779088247243115	204	317
1779088247243116	204	319
1779088247243116	204	320
1779088247243117	204	330
1779088247243117	204	332
1779088247252530	204	194
1779088247252531	204	208
1779088247252532	204	213
1779088247252532	204	217
1779088247252532	204	218
1779088247252533	204	223
1779088247252533	204	227
1779088247252534	204	231
1779088247252534	204	235
1779088247252535	204	240
1779088247252535	204	250
1779088247252536	204	252
1779088247252536	204	254
1779088247252537	204	258
1779088247252537	204	266
1779088247252538	204	310
1779088247252538	204	315
1779088247252539	204	320
1779088247252539	204	330
1779088247252540	204	332
1779088247252541	204	335
1779088247252542	204	344
1779088247252542	204	345
1779088247252542	204	347
1779088247252543	204	348
1779088247252543	204	350
1779088247252544	204	351
1779088247252545	204	355
1779088247262986	204	209
1779088247262988	204	223
1779088247262988	204	225
1779088247262989	204	229
1779088247262989	204	231
1779088247262990	204	234
1779088247262991	204	236
1779088247262991	204	240
1779088247262992	204	244
1779088247262992	204	246
1779088247262993	204	250
1779088247262993	204	254
1779088247262994	204	256
1779088247262994	204	257
1779088247262995	204	269
1779088247262995	204	340
1779088247262996	204	346
1779088247262996	204	348
1779088247262996	204	349
1779088247262997	204	350
1779088247262997	204	352
1779088247262998	204	353
1779088247262998	204	354
1779088247262999	204	359
1779088247262999	204	360
1779088247263000	204	364
1779088247263000	204	368
1779088247263001	204	372
1779088247263001	204	376
1779088247263002	204	380
1779088247263002	204	391
1779088247263003	204	392
1779088247272480	204	208
1779088247272481	204	220
1779088247272482	204	224
1779088247272482	204	227
1779088247272483	204	229
1779088247272483	204	232
1779088247272484	204	233
1779088247272485	204	236
1779088247272485	204	247
1779088247272486	204	249
1779088247272486	204	250
1779088247272487	204	254
1779088247272487	204	256
1779088247272488	204	257
1779088247272488	204	259
1779088247272489	204	261
1779088247272489	204	262
1779088247272490	204	267
1779088247272490	204	268
1779088247272490	204	272
1779088247272491	204	276
1779088247272491	204	280
1779088247272492	204	290
1779088247272492	204	292
1779088247272493	204	296
1779088247272493	204	298
1779088247272494	204	302
1779088247272494	204	310
1779088247282893	204	204
1779088247282895	204	217
1779088247282895	204	219
1779088247282896	204	224
1779088247282896	204	228
1779088247282897	204	231
1779088247282898	204	234
1779088247282898	204	238
1779088247282899	204	241
1779088247282899	204	242
1779088247282900	204	246
1779088247282900	204	249
1779088247282901	204	250
1779088247282901	204	254
1779088247282902	204	265
1779088247282903	204	332
1779088247282903	204	342
1779088247282904	204	344
1779088247282904	204	345
1779088247282905	204	347
1779088247282905	204	351
1779088247282906	204	352
1779088247282906	204	353
1779088247282907	204	355
1779088247282907	204	364
1779088247282908	204	365
1779088247282909	204	367
1779088247282909	204	370
1779088247282910	204	372
1779088247282910	204	373
1779088247282911	204	374
1779088247292382	204	256
1779088247292384	204	273
1779088247292385	204	275
1779088247292385	204	279
1779088247292386	204	291
1779088247292387	204	292
1779088247292388	204	296
1779088247292388	204	304
1779088247292389	204	308
1779088247292390	204	316
1779088247292390	204	326
1779088247292391	204	327
1779088247292392	204	347
1779088247292392	204	354
1779088247292393	204	359
1779088247292394	204	426
1779088247292395	204	431
1779088247292395	204	439
1779088247292396	204	444
1779088247292397	204	445
1779088247292398	204	446
1779088247292398	204	455
1779088247292399	204	460
1779088247292400	204	489
1779088247292401	204	491
1779088247292401	204	492
1779088247292402	204	496
1779088247292403	204	497
1779088247292404	204	505
1779088247302992	204	193
1779088247302993	204	207
1779088247302993	204	209
1779088247302994	204	213
1779088247302994	204	217
1779088247302995	204	221
1779088247302995	204	225
1779088247302996	204	230
1779088247302996	204	234
1779088247302996	204	246
1779088247302997	204	248
1779088247302997	204	252
1779088247302998	204	253
1779088247302998	204	254
1779088247302999	204	256
1779088247302999	204	305
1779088247303000	204	307
1779088247303000	204	312
1779088247303001	204	313
1779088247303001	204	317
1779088247303002	204	319
1779088247303002	204	320
1779088247303003	204	324
1779088247303003	204	329
1779088247303004	204	337
1779088247303004	204	339
1779088247303005	204	340
1779088247303005	204	345
1779088247303006	204	346
1779088247303006	204	347
1779088247303007	204	349
1779088247303007	204	350
1779088247312438	204	221
1779088247312440	204	234
1779088247312440	204	236
1779088247312441	204	240
1779088247312441	204	245
1779088247312442	204	246
1779088247312442	204	248
1779088247312443	204	251
1779088247312443	204	256
1779088247312444	204	260
1779088247312444	204	262
1779088247312445	204	266
1779088247312445	204	270
1779088247312446	204	272
1779088247312446	204	281
1779088247312447	204	282
1779088247312447	204	283
1779088247312448	204	288
1779088247312448	204	289
1779088247312449	204	294
1779088247312449	204	296
1779088247312449	204	299
1779088247312450	204	301
1779088247312450	204	302
1779088247312451	204	306
1779088247312451	204	307
1779088247312452	204	311
1779088247312452	204	335
1779088247322871	204	190
1779088247322872	204	202
1779088247322873	204	204
1779088247322873	204	209
1779088247322874	204	210
1779088247322874	204	214
1779088247322875	204	219
1779088247322875	204	220
1779088247322876	204	225
1779088247322876	204	226
1779088247322877	204	227
1779088247322877	204	231
1779088247322878	204	236
1779088247322878	204	249
1779088247322879	204	253
1779088247322879	204	317
1779088247322880	204	319
1779088247322880	204	321
1779088247322881	204	326
1779088247322881	204	330
1779088247322882	204	334
1779088247322882	204	344
1779088247322883	204	346
1779088247322883	204	347
1779088247322884	204	351
1779088247322884	204	353
1779088247322885	204	357
1779088247322885	204	359
1779088247322886	204	362
1779088247322886	204	366
1779088247322887	204	375
1779088247332349	204	192
1779088247332351	204	208
1779088247332352	204	214
1779088247332352	204	217
1779088247332353	204	219
1779088247332353	204	225
1779088247332354	204	231
1779088247332354	204	238
1779088247332355	204	240
1779088247332355	204	247
1779088247332356	204	254
1779088247332356	204	256
1779088247332357	204	259
1779088247332357	204	261
1779088247332358	204	279
1779088247332358	204	286
1779088247332359	204	288
1779088247332359	204	291
1779088247332360	204	299
1779088247332360	204	306
1779088247332361	204	309
1779088247332361	204	311
1779088247332362	204	317
1779088247332362	204	320
1779088247332363	204	322
1779088247332363	204	329
1779088247332364	204	332
1779088247332364	204	335
1779088247332365	204	345
1779088247342803	204	237
1779088247342805	204	253
1779088247342806	204	257
1779088247342806	204	262
1779088247342807	204	263
1779088247342807	204	265
1779088247342808	204	269
1779088247342808	204	273
1779088247342809	204	275
1779088247342809	204	279
1779088247342810	204	283
1779088247342811	204	284
1779088247342811	204	288
1779088247342812	204	302
1779088247342812	204	304
1779088247342813	204	355
1779088247342813	204	358
1779088247342814	204	368
1779088247342815	204	373
1779088247342815	204	377
1779088247342816	204	378
1779088247342816	204	380
1779088247342817	204	383
1779088247342817	204	387
1779088247342818	204	388
1779088247342819	204	391
1779088247342819	204	400
1779088247342820	204	404
1779088247342820	204	412
1779088247342821	204	419
1779088247342822	204	421
1779088247352321	204	175
1779088247352322	204	186
1779088247352322	204	190
1779088247352323	204	193
1779088247352323	204	197
1779088247352324	204	201
1779088247352325	204	213
1779088247352325	204	218
1779088247352326	204	219
1779088247352326	204	221
1779088247352327	204	225
1779088247352327	204	226
1779088247352328	204	231
1779088247352328	204	232
1779088247352329	204	241
1779088247352329	204	290
1779088247352330	204	295
1779088247352330	204	297
1779088247352330	204	302
1779088247352331	204	306
1779088247352331	204	316
1779088247352332	204	318
1779088247352332	204	319
1779088247352333	204	323
1779088247352333	204	325
1779088247352334	204	329
1779088247352334	204	333
1779088247352335	204	335
1779088247352335	204	343
1779088247362765	204	199
1779088247362766	204	214
1779088247362767	204	219
1779088247362768	204	220
1779088247362768	204	222
1779088247362768	204	226
1779088247362769	204	228
1779088247362769	204	232
1779088247362770	204	234
1779088247362770	204	235
1779088247362771	204	237
1779088247362771	204	238
1779088247362772	204	239
1779088247362772	204	263
1779088247362773	204	266
1779088247362773	204	308
1779088247362774	204	311
1779088247362774	204	315
1779088247362775	204	317
1779088247362775	204	318
1779088247362776	204	319
1779088247362776	204	320
1779088247362777	204	325
1779088247362777	204	329
1779088247362778	204	333
1779088247362778	204	334
1779088247362779	204	345
1779088247362779	204	347
1779088247362780	204	348
1779088247362780	204	349
1779088247362781	204	350
1779088247373236	204	227
1779088247373238	204	241
1779088247373238	204	249
1779088247373239	204	252
1779088247373240	204	259
1779088247373241	204	261
1779088247373241	204	264
1779088247373242	204	266
1779088247373243	204	273
1779088247373244	204	278
1779088247373244	204	284
1779088247373245	204	290
1779088247373246	204	309
1779088247373246	204	311
1779088247373247	204	333
1779088247373248	204	340
1779088247373249	204	347
1779088247373249	204	353
1779088247373250	204	355
1779088247373251	204	361
1779088247373251	204	368
1779088247373252	204	374
1779088247373253	204	376
1779088247373254	204	378
1779088247373254	204	380
1779088247373255	204	382
1779088247373256	204	388
1779088247373257	204	390
1779088247373258	204	392
1779088247373258	204	407
1779088247373259	204	410
1779088247382760	204	173
1779088247382762	204	185
1779088247382762	204	189
1779088247382763	204	193
1779088247382764	204	196
1779088247382764	204	200
1779088247382765	204	207
1779088247382765	204	212
1779088247382766	204	217
1779088247382766	204	218
1779088247382767	204	219
1779088247382767	204	229
1779088247382768	204	231
1779088247382768	204	232
1779088247382769	204	236
1779088247382769	204	292
1779088247382770	204	297
1779088247382770	204	299
1779088247382771	204	303
1779088247382771	204	308
1779088247382772	204	309
1779088247382772	204	314
1779088247382773	204	315
1779088247382773	204	316
1779088247382773	204	318
1779088247382774	204	322
1779088247382774	204	326
1779088247382775	204	337
1779088247382776	204	338
1779088247393207	204	216
1779088247393209	204	232
1779088247393209	204	234
1779088247393210	204	238
1779088247393210	204	241
1779088247393211	204	245
1779088247393212	204	247
1779088247393212	204	251
1779088247393213	204	255
1779088247393213	204	257
1779088247393214	204	258
1779088247393215	204	259
1779088247393215	204	264
1779088247393216	204	269
1779088247393216	204	282
1779088247393217	204	349
1779088247393217	204	351
1779088247393218	204	353
1779088247393218	204	354
1779088247393219	204	356
1779088247393219	204	357
1779088247393220	204	358
1779088247393220	204	360
1779088247393221	204	361
1779088247393221	204	365
1779088247393222	204	367
1779088247393222	204	370
1779088247393223	204	372
1779088247393223	204	373
1779088247393223	204	383
1779088247393224	204	385
1779088247402690	204	174
1779088247402691	204	185
1779088247402692	204	189
1779088247402692	204	190
1779088247402693	204	191
1779088247402694	204	194
1779088247402695	204	198
1779088247402695	204	199
1779088247402696	204	200
1779088247402696	204	204
1779088247402697	204	212
1779088247402697	204	213
1779088247402698	204	216
1779088247402698	204	218
1779088247402699	204	219
1779088247402699	204	278
1779088247402700	204	284
1779088247402700	204	285
1779088247402701	204	290
1779088247402701	204	291
1779088247402702	204	296
1779088247402702	204	297
1779088247402703	204	299
1779088247402703	204	303
1779088247402704	204	307
1779088247402704	204	308
1779088247402705	204	312
1779088247402705	204	327
1779088247402706	204	339
1779088247413138	204	215
1779088247413139	204	229
1779088247413140	204	235
1779088247413140	204	237
1779088247413141	204	241
1779088247413141	204	246
1779088247413141	204	247
1779088247413142	204	251
1779088247413142	204	255
1779088247413143	204	259
1779088247413143	204	260
1779088247413144	204	264
1779088247413144	204	266
1779088247413146	204	266
1779088247413146	204	279
1779088247413147	204	323
1779088247413147	204	328
1779088247413148	204	333
1779088247413148	204	337
1779088247413149	204	341
1779088247413149	204	352
1779088247413150	204	356
1779088247413150	204	364
1779088247413151	204	365
1779088247413151	204	369
1779088247413152	204	374
1779088247413152	204	375
1779088247413153	204	379
1779088247413153	204	383
1779088247413154	204	387
1779088247413154	204	396
1779088247422645	204	212
1779088247422646	204	226
1779088247422647	204	231
1779088247422647	204	235
1779088247422648	204	239
1779088247422649	204	240
1779088247422649	204	241
1779088247422650	204	245
1779088247422650	204	250
1779088247422651	204	251
1779088247422651	204	255
1779088247422652	204	256
1779088247422653	204	258
1779088247422653	204	259
1779088247422654	204	272
1779088247422654	204	315
1779088247422655	204	317
1779088247422655	204	321
1779088247422656	204	325
1779088247422656	204	329
1779088247422657	204	331
1779088247422658	204	332
1779088247422658	204	337
1779088247422659	204	341
1779088247422659	204	342
1779088247422660	204	354
1779088247422661	204	358
1779088247422661	204	382
1779088247422662	204	384
1779088247433121	204	172
1779088247433122	204	182
1779088247433123	204	186
1779088247433123	204	187
1779088247433124	204	191
1779088247433124	204	198
1779088247433125	204	202
1779088247433125	204	203
1779088247433125	204	204
1779088247433126	204	216
1779088247433127	204	218
1779088247433127	204	222
1779088247433128	204	229
1779088247433128	204	233
1779088247433129	204	234
1779088247433129	204	292
1779088247433130	204	300
1779088247433130	204	302
1779088247433131	204	306
1779088247433131	204	308
1779088247433132	204	312
1779088247433132	204	313
1779088247433133	204	317
1779088247433133	204	328
1779088247433134	204	330
1779088247433134	204	334
1779088247433134	204	336
1779088247433135	204	337
1779088247433136	204	339
1779088247433136	204	340
1779088247433137	204	341
1779088247442565	204	209
1779088247442566	204	222
1779088247442567	204	227
1779088247442567	204	231
1779088247442568	204	232
1779088247442568	204	236
1779088247442569	204	240
1779088247442569	204	244
1779088247442570	204	248
1779088247442570	204	261
1779088247442571	204	263
1779088247442571	204	267
1779088247442572	204	271
1779088247442572	204	273
1779088247442573	204	274
1779088247442573	204	278
1779088247442574	204	280
1779088247442574	204	284
1779088247442575	204	286
1779088247442575	204	290
1779088247442576	204	291
1779088247442576	204	293
1779088247442577	204	297
1779088247442577	204	301
1779088247442578	204	311
1779088247442578	204	315
1779088247442579	204	317
1779088247442579	204	324
1779088247453008	204	238
1779088247453010	204	252
1779088247453011	204	255
1779088247453012	204	263
1779088247453012	204	269
1779088247453013	204	285
1779088247453014	204	287
1779088247453015	204	289
1779088247453016	204	295
1779088247453017	204	301
1779088247453017	204	307
1779088247453018	204	313
1779088247453019	204	319
1779088247453020	204	325
1779088247453020	204	328
1779088247453021	204	334
1779088247453033	204	339
1779088247453033	204	346
1779088247453034	204	348
1779088247453035	204	350
1779088247453036	204	356
1779088247453037	204	359
1779088247453037	204	364
1779088247453038	204	370
1779088247453039	204	376
1779088247453040	204	379
1779088247453040	204	381
1779088247453041	204	387
1779088247453042	204	392
1779088247453042	204	398
1779088247453043	204	404
1779088247453044	204	422
1779088247462552	204	180
1779088247462554	204	192
1779088247462554	204	196
1779088247462555	204	197
1779088247462555	204	198
1779088247462556	204	202
1779088247462557	204	203
1779088247462557	204	206
1779088247462558	204	217
1779088247462558	204	222
1779088247462559	204	224
1779088247462559	204	228
1779088247462560	204	230
1779088247462560	204	231
1779088247462561	204	240
1779088247462561	204	293
1779088247462562	204	295
1779088247462562	204	296
1779088247462563	204	298
1779088247462563	204	302
1779088247462564	204	304
1779088247462564	204	308
1779088247462565	204	312
1779088247462565	204	315
1779088247462566	204	317
1779088247462566	204	326
1779088247462567	204	328
1779088247462567	204	329
1779088247472980	204	210
1779088247472982	204	223
1779088247472982	204	227
1779088247472983	204	230
1779088247472983	204	232
1779088247472984	204	235
1779088247472984	204	239
1779088247472985	204	243
1779088247472985	204	247
1779088247472986	204	248
1779088247472986	204	252
1779088247472987	204	266
1779088247472987	204	268
1779088247472988	204	273
1779088247472988	204	274
1779088247472989	204	341
1779088247472989	204	349
1779088247472990	204	351
1779088247472990	204	352
1779088247472991	204	361
1779088247472991	204	362
1779088247472992	204	363
1779088247472992	204	365
1779088247472993	204	366
1779088247472993	204	368
1779088247472994	204	369
1779088247472994	204	373
1779088247472995	204	378
1779088247472995	204	382
1779088247472996	204	383
1779088247472996	204	384
1779088247472997	204	393
1779088247482470	204	193
1779088247482472	204	209
1779088247482472	204	214
1779088247482473	204	217
1779088247482473	204	221
1779088247482474	204	225
1779088247482474	204	226
1779088247482475	204	231
1779088247482475	204	243
1779088247482476	204	247
1779088247482476	204	250
1779088247482477	204	251
1779088247482477	204	252
1779088247482478	204	254
1779088247482478	204	271
1779088247482479	204	305
1779088247482479	204	312
1779088247482480	204	313
1779088247482480	204	314
1779088247482481	204	319
1779088247482481	204	320
1779088247482482	204	325
1779088247482482	204	327
1779088247482483	204	328
1779088247482483	204	332
1779088247482484	204	342
1779088247482484	204	344
1779088247482485	204	345
1779088247492916	204	211
1779088247492917	204	228
1779088247492918	204	233
1779088247492919	204	237
1779088247492919	204	241
1779088247492920	204	242
1779088247492920	204	247
1779088247492921	204	248
1779088247492921	204	252
1779088247492922	204	256
1779088247492922	204	270
1779088247492923	204	272
1779088247492923	204	273
1779088247492924	204	274
1779088247492924	204	276
1779088247492925	204	319
1779088247492925	204	324
1779088247492926	204	326
1779088247492926	204	330
1779088247492927	204	340
1779088247492927	204	345
1779088247492928	204	346
1779088247492928	204	348
1779088247492929	204	352
1779088247492930	204	360
1779088247492930	204	365
1779088247492931	204	366
1779088247492931	204	368
1779088247492931	204	369
1779088247492932	204	370
1779088247492932	204	378
1779088247502391	204	185
1779088247502392	204	200
1779088247502393	204	205
1779088247502393	204	209
1779088247502394	204	210
1779088247502394	204	212
1779088247502395	204	216
1779088247502395	204	220
1779088247502396	204	222
1779088247502396	204	226
1779088247502397	204	227
1779088247502397	204	229
1779088247502398	204	233
1779088247502398	204	238
1779088247502399	204	250
1779088247502399	204	308
1779088247502400	204	310
1779088247502400	204	312
1779088247502401	204	313
1779088247502401	204	317
1779088247502402	204	327
1779088247502402	204	332
1779088247502403	204	333
1779088247502403	204	337
1779088247502404	204	339
1779088247502404	204	343
1779088247502405	204	345
1779088247502405	204	346
1779088247502406	204	354
1779088247512844	204	173
1779088247512845	204	196
1779088247512846	204	200
1779088247512846	204	204
1779088247512847	204	206
1779088247512847	204	210
1779088247512848	204	215
1779088247512848	204	228
1779088247512849	204	233
1779088247512849	204	241
1779088247512850	204	243
1779088247512850	204	249
1779088247512851	204	250
1779088247512851	204	252
1779088247512852	204	253
1779088247512852	204	320
1779088247512852	204	329
1779088247512853	204	340
1779088247512853	204	344
1779088247512854	204	349
1779088247512854	204	350
1779088247512855	204	357
1779088247512855	204	362
1779088247512856	204	363
1779088247512856	204	365
1779088247512857	204	366
1779088247512857	204	368
1779088247512858	204	369
1779088247512858	204	373
1779088247512859	204	381
1779088247512859	204	388
1779088247522341	204	204
1779088247522342	204	222
1779088247522343	204	224
1779088247522343	204	225
1779088247522345	204	226
1779088247522345	204	227
1779088247522346	204	231
1779088247522346	204	233
1779088247522347	204	237
1779088247522347	204	242
1779088247522348	204	246
1779088247522348	204	250
1779088247522349	204	259
1779088247522349	204	261
1779088247522350	204	263
1779088247522350	204	315
1779088247522351	204	317
1779088247522351	204	325
1779088247522352	204	330
1779088247522353	204	331
1779088247522353	204	333
1779088247522353	204	343
1779088247522354	204	348
1779088247522354	204	350
1779088247522355	204	351
1779088247522355	204	359
1779088247522356	204	361
1779088247522356	204	362
1779088247522357	204	364
1779088247532814	204	219
1779088247532816	204	237
1779088247532817	204	242
1779088247532818	204	243
1779088247532818	204	247
1779088247532819	204	251
1779088247532820	204	255
1779088247532821	204	259
1779088247532822	204	260
1779088247532822	204	261
1779088247532823	204	265
1779088247532824	204	268
1779088247532825	204	270
1779088247532825	204	273
1779088247532826	204	287
1779088247532827	204	334
1779088247532828	204	342
1779088247532829	204	347
1779088247532829	204	367
1779088247532830	204	376
1779088247532831	204	380
1779088247532832	204	402
1779088247532832	204	404
1779088247532833	204	405
1779088247532834	204	417
1779088247532834	204	418
1779088247532835	204	423
1779088247532836	204	424
1779088247532836	204	434
1779088247532837	204	436
1779088247532837	204	437
1779088247542348	204	166
1779088247542349	204	173
1779088247542350	204	177
1779088247542350	204	181
1779088247542351	204	183
1779088247542351	204	187
1779088247542352	204	188
1779088247542352	204	197
1779088247542353	204	202
1779088247542353	204	203
1779088247542354	204	212
1779088247542354	204	216
1779088247542355	204	217
1779088247542355	204	222
1779088247542356	204	229
1779088247542356	204	278
1779088247542357	204	280
1779088247542357	204	290
1779088247542358	204	292
1779088247542358	204	293
1779088247542359	204	298
1779088247542359	204	299
1779088247542360	204	304
1779088247542360	204	305
1779088247542361	204	307
1779088247542361	204	311
1779088247542362	204	315
1779088247542362	204	316
1779088247542363	204	324
1779088247552764	204	180
1779088247552765	204	192
1779088247552765	204	196
1779088247552766	204	200
1779088247552766	204	201
1779088247552767	204	204
1779088247552767	204	214
1779088247552768	204	218
1779088247552768	204	220
1779088247552769	204	221
1779088247552769	204	225
1779088247552770	204	226
1779088247552770	204	239
1779088247552771	204	240
1779088247552772	204	242
1779088247552772	204	300
1779088247552773	204	306
1779088247552773	204	311
1779088247552774	204	319
1779088247552774	204	335
1779088247552775	204	336
1779088247552775	204	338
1779088247552775	204	339
1779088247552776	204	340
1779088247552776	204	345
1779088247552777	204	350
1779088247552777	204	354
1779088247552778	204	355
1779088247552778	204	358
1779088247552779	204	360
1779088247552780	204	369
1779088247563231	204	192
1779088247563232	204	204
1779088247563233	204	210
1779088247563233	204	212
1779088247563234	204	217
1779088247563234	204	222
1779088247563235	204	224
1779088247563235	204	226
1779088247563236	204	227
1779088247563236	204	233
1779088247563237	204	235
1779088247563237	204	241
1779088247563238	204	243
1779088247563238	204	249
1779088247563239	204	267
1779088247563239	204	302
1779088247563240	204	304
1779088247563240	204	312
1779088247563241	204	317
1779088247563241	204	319
1779088247563242	204	320
1779088247563242	204	321
1779088247563243	204	325
1779088247563243	204	330
1779088247563244	204	331
1779088247563244	204	335
1779088247563244	204	345
1779088247563245	204	349
1779088247563245	204	353
1779088247563246	204	355
1779088247563246	204	362
1779088247572688	204	221
1779088247572690	204	235
1779088247572690	204	239
1779088247572691	204	241
1779088247572691	204	245
1779088247572692	204	253
1779088247572693	204	256
1779088247572693	204	258
1779088247572694	204	259
1779088247572694	204	266
1779088247572695	204	268
1779088247572695	204	272
1779088247572696	204	274
1779088247572696	204	282
1779088247572697	204	286
1779088247572697	204	295
1779088247572698	204	297
1779088247572698	204	301
1779088247572699	204	302
1779088247572699	204	309
1779088247572700	204	311
1779088247572700	204	315
1779088247572701	204	316
1779088247572701	204	334
1779088247572702	204	336
1779088247572702	204	337
1779088247572703	204	342
1779088247572703	204	343
1779088247572704	204	345
1779088247583139	204	206
1779088247583140	204	220
1779088247583141	204	224
1779088247583141	204	228
1779088247583142	204	232
1779088247583142	204	236
1779088247583143	204	245
1779088247583143	204	250
1779088247583144	204	252
1779088247583144	204	253
1779088247583145	204	254
1779088247583145	204	256
1779088247583146	204	265
1779088247583147	204	266
1779088247583147	204	267
1779088247583148	204	325
1779088247583148	204	327
1779088247583149	204	332
1779088247583149	204	333
1779088247583150	204	334
1779088247583150	204	336
1779088247583151	204	340
1779088247583151	204	344
1779088247583152	204	348
1779088247583152	204	357
1779088247583153	204	361
1779088247583153	204	365
1779088247583154	204	369
1779088247583154	204	371
1779088247583155	204	372
1779088247583155	204	382
1779088247592619	204	197
1779088247592620	204	209
1779088247592621	204	213
1779088247592621	204	217
1779088247592622	204	218
1779088247592623	204	226
1779088247592623	204	237
1779088247592624	204	240
1779088247592624	204	248
1779088247592625	204	252
1779088247592625	204	254
1779088247592625	204	255
1779088247592626	204	256
1779088247592626	204	258
1779088247592627	204	259
1779088247592627	204	308
1779088247592628	204	310
1779088247592628	204	312
1779088247592629	204	313
1779088247592629	204	317
1779088247592630	204	322
1779088247592630	204	324
1779088247592631	204	328
1779088247592631	204	329
1779088247592632	204	333
1779088247592632	204	334
1779088247592633	204	338
1779088247592633	204	348
1779088247592634	204	350
1779088247603068	204	190
1779088247603069	204	204
1779088247603070	204	206
1779088247603070	204	210
1779088247603071	204	211
1779088247603071	204	216
1779088247603072	204	217
1779088247603072	204	218
1779088247603073	204	221
1779088247603073	204	234
1779088247603074	204	239
1779088247603074	204	240
1779088247603075	204	242
1779088247603075	204	243
1779088247603076	204	251
1779088247603076	204	291
1779088247603077	204	296
1779088247603077	204	297
1779088247603078	204	302
1779088247603078	204	303
1779088247603079	204	308
1779088247603079	204	312
1779088247603080	204	314
1779088247603080	204	318
1779088247603081	204	319
1779088247603081	204	330
1779088247603081	204	335
1779088247603082	204	336
1779088247603083	204	338
1779088247603083	204	339
1779088247603084	204	347
1779088247612528	204	308
1779088247612530	204	369
1779088247612531	204	378
1779088247612532	204	393
1779088247612533	204	401
1779088247612533	204	404
1779088247612534	204	406
1779088247612535	204	409
1779088247612536	204	422
1779088247612536	204	429
1779088247612537	204	449
1779088247612538	204	452
1779088247612539	204	455
1779088247612539	204	462
1779088247612540	204	475
1779088247612541	204	556
1779088247612542	204	560
1779088247612542	204	563
1779088247612543	204	571
1779088247612544	204	578
1779088247612545	204	580
1779088247612545	204	583
1779088247612546	204	590
1779088247612547	204	597
1779088247612548	204	615
1779088247612548	204	618
1779088247612549	204	624
1779088247612550	204	626
1779088247623273	204	290
1779088247623275	204	305
1779088247623276	204	309
1779088247623276	204	313
1779088247623277	204	315
1779088247623277	204	316
1779088247623278	204	320
1779088247623278	204	327
1779088247623279	204	331
1779088247623279	204	335
1779088247623280	204	337
1779088247623280	204	341
1779088247623281	204	342
1779088247623281	204	356
1779088247623282	204	357
1779088247623282	204	361
1779088247623283	204	369
1779088247623283	204	373
1779088247623284	204	401
1779088247623284	204	407
1779088247623285	204	415
1779088247623285	204	420
1779088247623286	204	421
1779088247623286	204	441
1779088247623287	204	446
1779088247623287	204	469
1779088247623288	204	474
1779088247623288	204	495
1779088247623289	204	497
1779088247623289	204	499
1779088247623290	204	503
1779088247623291	204	512
1779088247632899	204	264
1779088247632900	204	279
1779088247632901	204	284
1779088247632902	204	285
1779088247632902	204	286
1779088247632903	204	290
1779088247632903	204	300
1779088247632904	204	305
1779088247632904	204	306
1779088247632905	204	307
1779088247632905	204	314
1779088247632906	204	319
1779088247632906	204	349
1779088247632907	204	351
1779088247632907	204	352
1779088247632908	204	357
1779088247632908	204	358
1779088247632909	204	366
1779088247632909	204	370
1779088247632910	204	389
1779088247632910	204	398
1779088247632911	204	406
1779088247632912	204	408
1779088247632912	204	409
1779088247632913	204	417
1779088247632913	204	436
1779088247632914	204	438
1779088247632914	204	441
1779088247632915	204	454
1779088247642448	204	164
1779088247642449	204	174
1779088247642450	204	178
1779088247642450	204	187
1779088247642451	204	189
1779088247642451	204	192
1779088247642452	204	199
1779088247642452	204	220
1779088247642453	204	222
1779088247642453	204	223
1779088247642454	204	230
1779088247642454	204	232
1779088247642455	204	239
1779088247642455	204	240
1779088247642456	204	241
1779088247642456	204	330
1779088247642457	204	332
1779088247642457	204	334
1779088247642458	204	338
1779088247642458	204	349
1779088247642459	204	353
1779088247642459	204	364
1779088247642460	204	368
1779088247642460	204	370
1779088247642461	204	371
1779088247642461	204	375
1779088247642462	204	383
1779088247642462	204	387
1779088247642463	204	417
1779088247652967	204	218
1779088247652968	204	238
1779088247652969	204	246
1779088247652970	204	263
1779088247652970	204	267
1779088247652970	204	269
1779088247652971	204	272
1779088247652972	204	279
1779088247652972	204	287
1779088247652973	204	290
1779088247652973	204	297
1779088247652974	204	312
1779088247652974	204	320
1779088247652974	204	323
1779088247652975	204	325
1779088247652975	204	401
1779088247652976	204	411
1779088247652976	204	419
1779088247652977	204	427
1779088247652977	204	435
1779088247652978	204	448
1779088247652978	204	456
1779088247652979	204	459
1779088247652979	204	466
1779088247652980	204	473
1779088247652980	204	476
1779088247652981	204	483
1779088247652981	204	486
1779088247652982	204	489
1779088247652982	204	506
1779088247652983	204	509
1779088247652983	204	510
1779088247662578	204	246
1779088247662580	204	259
1779088247662580	204	267
1779088247662581	204	268
1779088247662581	204	273
1779088247662582	204	293
1779088247662582	204	314
1779088247662583	204	316
1779088247662583	204	317
1779088247662584	204	319
1779088247662584	204	326
1779088247662585	204	328
1779088247662585	204	332
1779088247662586	204	351
1779088247662586	204	356
1779088247662587	204	381
1779088247662587	204	383
1779088247662588	204	412
1779088247662588	204	414
1779088247662589	204	450
1779088247662589	204	453
1779088247662590	204	455
1779088247662590	204	456
1779088247662591	204	460
1779088247662591	204	472
1779088247662591	204	474
1779088247662592	204	481
1779088247662592	204	482
1779088247673156	204	197
1779088247673157	204	212
1779088247673158	204	216
1779088247673158	204	221
1779088247673159	204	225
1779088247673159	204	227
1779088247673159	204	231
1779088247673160	204	240
1779088247673160	204	245
1779088247673160	204	246
1779088247673161	204	270
1779088247673162	204	272
1779088247673162	204	277
1779088247673162	204	296
1779088247673163	204	299
1779088247673163	204	368
1779088247673163	204	378
1779088247673164	204	386
1779088247673164	204	388
1779088247673164	204	389
1779088247673165	204	411
1779088247673165	204	413
1779088247673166	204	415
1779088247673166	204	416
1779088247673166	204	418
1779088247673167	204	422
1779088247673167	204	429
1779088247673167	204	434
1779088247673168	204	457
1779088247673168	204	459
1779088247673169	204	463
1779088247673169	204	484
1779088247682734	204	207
1779088247682735	204	227
1779088247682736	204	235
1779088247682736	204	252
1779088247682737	204	260
1779088247682737	204	273
1779088247682738	204	276
1779088247682738	204	279
1779088247682739	204	300
1779088247682739	204	303
1779088247682740	204	318
1779088247682740	204	326
1779088247682741	204	329
1779088247682741	204	331
1779088247682742	204	345
1779088247682742	204	414
1779088247682743	204	419
1779088247682743	204	427
1779088247682744	204	444
1779088247682744	204	448
1779088247682745	204	451
1779088247682745	204	458
1779088247682746	204	466
1779088247682746	204	473
1779088247682747	204	476
1779088247682747	204	483
1779088247682748	204	485
1779088247682748	204	500
1779088247682749	204	503
1779088247692327	204	247
1779088247692328	204	266
1779088247692329	204	268
1779088247692329	204	272
1779088247692330	204	277
1779088247692330	204	289
1779088247692331	204	292
1779088247692331	204	294
1779088247692332	204	297
1779088247692332	204	304
1779088247692333	204	311
1779088247692333	204	323
1779088247692334	204	326
1779088247692334	204	329
1779088247692334	204	331
1779088247692335	204	375
1779088247692335	204	378
1779088247692336	204	392
1779088247692337	204	399
1779088247692337	204	401
1779088247692338	204	408
1779088247692338	204	415
1779088247692339	204	430
1779088247692339	204	438
1779088247692340	204	440
1779088247692340	204	447
1779088247692341	204	461
1779088247692341	204	464
1779088247692342	204	471
1779088247702895	204	220
1779088247702896	204	240
1779088247702897	204	243
1779088247702897	204	250
1779088247702898	204	253
1779088247702898	204	260
1779088247702899	204	279
1779088247702900	204	283
1779088247702900	204	286
1779088247702901	204	288
1779088247702901	204	295
1779088247702902	204	298
1779088247702902	204	301
1779088247702903	204	311
1779088247702903	204	326
1779088247702904	204	396
1779088247702904	204	412
1779088247702905	204	420
1779088247702905	204	423
1779088247702906	204	430
1779088247702906	204	433
1779088247702907	204	440
1779088247702907	204	444
1779088247702908	204	451
1779088247702908	204	454
1779088247702909	204	461
1779088247702909	204	469
1779088247702910	204	472
1779088247702910	204	479
1779088247702911	204	499
1779088247702911	204	508
1779088247712511	204	244
1779088247712512	204	258
1779088247712513	204	263
1779088247712514	204	264
1779088247712514	204	266
1779088247712514	204	270
1779088247712515	204	280
1779088247712515	204	282
1779088247712516	204	286
1779088247712516	204	288
1779088247712517	204	292
1779088247712517	204	300
1779088247712518	204	302
1779088247712518	204	306
1779088247712519	204	311
1779088247712519	204	315
1779088247712520	204	319
1779088247712521	204	326
1779088247712522	204	330
1779088247712522	204	332
1779088247712523	204	340
1779088247712523	204	345
1779088247712524	204	350
1779088247712524	204	351
1779088247712525	204	352
1779088247712525	204	356
1779088247712526	204	361
1779088247712526	204	371
1779088247712527	204	374
1779088247722985	204	200
1779088247722987	204	208
1779088247722987	204	213
1779088247722988	204	214
1779088247722988	204	219
1779088247722989	204	223
1779088247722989	204	225
1779088247722990	204	226
1779088247722990	204	230
1779088247722991	204	231
1779088247722991	204	233
1779088247722992	204	238
1779088247722992	204	242
1779088247722993	204	243
1779088247722993	204	260
1779088247722994	204	314
1779088247722994	204	325
1779088247722995	204	330
1779088247722995	204	335
1779088247722996	204	336
1779088247722996	204	340
1779088247722997	204	341
1779088247722997	204	343
1779088247722998	204	344
1779088247722998	204	348
1779088247722999	204	352
1779088247722999	204	356
1779088247723000	204	361
1779088247723000	204	368
1779088247723001	204	370
1779088247723001	204	388
1779088247723002	204	390
1779088247732475	204	219
1779088247732476	204	241
1779088247732477	204	250
1779088247732477	204	253
1779088247732478	204	256
1779088247732478	204	258
1779088247732479	204	261
1779088247732479	204	268
1779088247732480	204	276
1779088247732480	204	283
1779088247732481	204	286
1779088247732481	204	294
1779088247732482	204	297
1779088247732482	204	304
1779088247732483	204	321
1779088247732483	204	395
1779088247732484	204	412
1779088247732484	204	415
1779088247732484	204	423
1779088247732485	204	426
1779088247732486	204	441
1779088247732486	204	450
1779088247732487	204	453
1779088247732487	204	455
1779088247732488	204	457
1779088247732488	204	472
1779088247732489	204	474
1779088247732489	204	475
1779088247743057	204	223
1779088247743059	204	233
1779088247743059	204	234
1779088247743060	204	235
1779088247743060	204	239
1779088247743061	204	243
1779088247743061	204	247
1779088247743062	204	248
1779088247743062	204	249
1779088247743063	204	253
1779088247743063	204	254
1779088247743064	204	257
1779088247743064	204	259
1779088247743065	204	260
1779088247743065	204	273
1779088247743066	204	315
1779088247743066	204	320
1779088247743067	204	321
1779088247743067	204	322
1779088247743068	204	326
1779088247743068	204	327
1779088247743069	204	336
1779088247743069	204	340
1779088247743070	204	341
1779088247743070	204	342
1779088247743071	204	346
1779088247743071	204	347
1779088247743072	204	351
1779088247743072	204	354
1779088247743073	204	358
1779088247743073	204	368
1779088247743074	204	371
1779088247752523	204	195
1779088247752524	204	214
1779088247752525	204	217
1779088247752525	204	224
1779088247752526	204	232
1779088247752526	204	240
1779088247752527	204	247
1779088247752527	204	254
1779088247752528	204	273
1779088247752528	204	281
1779088247752529	204	296
1779088247752529	204	304
1779088247752530	204	307
1779088247752530	204	315
1779088247752531	204	328
1779088247752531	204	400
1779088247752532	204	410
1779088247752532	204	413
1779088247752533	204	428
1779088247752533	204	437
1779088247752534	204	440
1779088247752534	204	447
1779088247752535	204	448
1779088247752535	204	450
1779088247752536	204	451
1779088247752536	204	457
1779088247752537	204	468
1779088247752537	204	470
1779088247763102	204	231
1779088247763103	204	247
1779088247763104	204	248
1779088247763105	204	253
1779088247763106	204	258
1779088247763107	204	262
1779088247763107	204	263
1779088247763108	204	267
1779088247763109	204	271
1779088247763110	204	272
1779088247763110	204	273
1779088247763111	204	274
1779088247763112	204	278
1779088247763113	204	282
1779088247763114	204	300
1779088247763114	204	325
1779088247763115	204	332
1779088247763116	204	334
1779088247763116	204	341
1779088247763117	204	348
1779088247763118	204	350
1779088247763119	204	352
1779088247763120	204	354
1779088247763121	204	360
1779088247763121	204	363
1779088247763122	204	365
1779088247763123	204	371
1779088247763124	204	373
1779088247763125	204	380
1779088247763125	204	386
1779088247763126	204	388
1779088247763127	204	403
1779088247772618	204	254
1779088247772619	204	267
1779088247772620	204	275
1779088247772621	204	293
1779088247772622	204	296
1779088247772622	204	304
1779088247772623	204	307
1779088247772624	204	309
1779088247772625	204	316
1779088247772625	204	323
1779088247772626	204	338
1779088247772627	204	347
1779088247772628	204	360
1779088247772629	204	363
1779088247772629	204	365
1779088247772630	204	427
1779088247772631	204	444
1779088247772632	204	446
1779088247772633	204	449
1779088247772634	204	456
1779088247772634	204	472
1779088247772635	204	475
1779088247772636	204	483
1779088247772637	204	490
1779088247772638	204	497
1779088247772639	204	499
1779088247772639	204	507
1779088247772640	204	521
1779088247772641	204	529
1779088247783258	204	202
1779088247783259	204	214
1779088247783259	204	215
1779088247783260	204	219
1779088247783260	204	221
1779088247783261	204	230
1779088247783261	204	235
1779088247783262	204	237
1779088247783262	204	238
1779088247783263	204	239
1779088247783263	204	244
1779088247783264	204	245
1779088247783264	204	249
1779088247783265	204	251
1779088247783265	204	260
1779088247783266	204	318
1779088247783266	204	320
1779088247783267	204	324
1779088247783267	204	329
1779088247783268	204	333
1779088247783268	204	334
1779088247783269	204	336
1779088247783269	204	337
1779088247783270	204	342
1779088247783270	204	343
1779088247783271	204	344
1779088247783271	204	348
1779088247783272	204	352
1779088247783272	204	359
1779088247783273	204	375
1779088247783273	204	378
1779088247792736	204	193
1779088247792737	204	214
1779088247792738	204	222
1779088247792738	204	225
1779088247792739	204	231
1779088247792739	204	249
1779088247792740	204	252
1779088247792740	204	267
1779088247792741	204	270
1779088247792741	204	272
1779088247792742	204	275
1779088247792742	204	293
1779088247792743	204	300
1779088247792743	204	313
1779088247792744	204	316
1779088247792744	204	369
1779088247792745	204	379
1779088247792745	204	383
1779088247792746	204	392
1779088247792746	204	395
1779088247792747	204	402
1779088247792747	204	409
1779088247792747	204	412
1779088247792748	204	419
1779088247792748	204	427
1779088247792749	204	430
1779088247792749	204	437
1779088247792750	204	444
1779088247792750	204	462
1779088247802290	204	175
1779088247802291	204	186
1779088247802291	204	190
1779088247802292	204	194
1779088247802292	204	195
1779088247802292	204	199
1779088247802293	204	210
1779088247802293	204	215
1779088247802294	204	216
1779088247802294	204	221
1779088247802294	204	222
1779088247802295	204	224
1779088247802295	204	229
1779088247802295	204	230
1779088247802296	204	240
1779088247802296	204	296
1779088247802296	204	304
1779088247802297	204	305
1779088247802297	204	310
1779088247802298	204	312
1779088247802298	204	313
1779088247802298	204	316
1779088247802299	204	318
1779088247802299	204	326
1779088247802299	204	332
1779088247802300	204	335
1779088247802300	204	349
1779088247802300	204	351
1779088247802301	204	353
1779088247812733	204	207
1779088247812734	204	221
1779088247812734	204	230
1779088247812735	204	237
1779088247812736	204	250
1779088247812736	204	258
1779088247812737	204	266
1779088247812737	204	269
1779088247812737	204	277
1779088247812738	204	280
1779088247812738	204	282
1779088247812739	204	301
1779088247812739	204	304
1779088247812740	204	310
1779088247812740	204	327
1779088247812741	204	382
1779088247812741	204	397
1779088247812742	204	401
1779088247812742	204	408
1779088247812743	204	416
1779088247812743	204	419
1779088247812744	204	426
1779088247812744	204	440
1779088247812745	204	448
1779088247812745	204	451
1779088247812746	204	454
1779088247812746	204	467
1779088247812747	204	471
1779088247812747	204	478
1779088247812748	204	493
1779088247812748	204	497
1779088247822324	204	253
1779088247822325	204	283
1779088247822325	204	291
1779088247822326	204	299
1779088247822326	204	307
1779088247822327	204	308
1779088247822328	204	310
1779088247822328	204	311
1779088247822328	204	316
1779088247822329	204	320
1779088247822329	204	325
1779088247822330	204	327
1779088247822330	204	332
1779088247822331	204	336
1779088247822331	204	337
1779088247822332	204	339
1779088247822332	204	343
1779088247822333	204	347
1779088247822334	204	350
1779088247822334	204	354
1779088247822335	204	358
1779088247822335	204	366
1779088247822336	204	367
1779088247822336	204	371
1779088247822336	204	375
1779088247822337	204	376
1779088247822337	204	378
1779088247822338	204	382
1779088247822338	204	383
1779088247832805	204	181
1779088247832807	204	193
1779088247832808	204	195
1779088247832808	204	200
1779088247832809	204	205
1779088247832809	204	206
1779088247832810	204	208
1779088247832810	204	212
1779088247832811	204	228
1779088247832811	204	232
1779088247832812	204	246
1779088247832812	204	248
1779088247832812	204	252
1779088247832813	204	254
1779088247832813	204	255
1779088247832814	204	299
1779088247832815	204	305
1779088247832815	204	306
1779088247832816	204	308
1779088247832816	204	309
1779088247832817	204	310
1779088247832817	204	312
1779088247832817	204	313
1779088247832818	204	317
1779088247832818	204	319
1779088247832819	204	323
1779088247832819	204	327
1779088247832820	204	331
1779088247832821	204	332
1779088247832821	204	333
1779088247832822	204	343
1779088247843252	204	208
1779088247843253	204	220
1779088247843254	204	224
1779088247843254	204	228
1779088247843255	204	231
1779088247843255	204	235
1779088247843256	204	238
1779088247843256	204	240
1779088247843257	204	241
1779088247843257	204	243
1779088247843258	204	247
1779088247843258	204	249
1779088247843259	204	250
1779088247843259	204	260
1779088247843260	204	261
1779088247843260	204	309
1779088247843261	204	311
1779088247843261	204	313
1779088247843262	204	314
1779088247843262	204	316
1779088247843263	204	320
1779088247843263	204	321
1779088247843264	204	325
1779088247843264	204	330
1779088247843265	204	334
1779088247843265	204	338
1779088247843266	204	342
1779088247843267	204	343
1779088247843267	204	347
1779088247843268	204	351
1779088247843268	204	363
1779088247852721	204	313
1779088247852723	204	331
1779088247852724	204	345
1779088247852724	204	347
1779088247852725	204	349
1779088247852726	204	354
1779088247852727	204	360
1779088247852728	204	373
1779088247852728	204	380
1779088247852729	204	382
1779088247852730	204	393
1779088247852731	204	399
1779088247852732	204	402
1779088247852732	204	403
1779088247852733	204	411
1779088247852734	204	415
1779088247852735	204	417
1779088247852736	204	443
1779088247852737	204	445
1779088247852738	204	447
1779088247852739	204	448
1779088247852740	204	452
1779088247852740	204	471
1779088247852741	204	473
1779088247852742	204	474
1779088247852743	204	476
1779088247852743	204	477
1779088247852744	204	482
1779088247852745	204	493
1779088247862322	204	194
1779088247862323	204	207
1779088247862324	204	211
1779088247862324	204	220
1779088247862325	204	222
1779088247862325	204	234
1779088247862326	204	236
1779088247862326	204	240
1779088247862327	204	242
1779088247862327	204	243
1779088247862328	204	245
1779088247862328	204	246
1779088247862329	204	251
1779088247862329	204	253
1779088247862330	204	268
1779088247862330	204	280
1779088247862331	204	301
1779088247862331	204	303
1779088247862332	204	308
1779088247862332	204	309
1779088247862333	204	311
1779088247862333	204	319
1779088247862334	204	326
1779088247862334	204	328
1779088247862335	204	329
1779088247862335	204	331
1779088247862336	204	332
1779088247862336	204	336
1779088247862337	204	363
1779088247872783	204	218
1779088247872785	204	251
1779088247872785	204	260
1779088247872786	204	263
1779088247872786	204	270
1779088247872787	204	273
1779088247872787	204	280
1779088247872788	204	298
1779088247872788	204	302
1779088247872789	204	309
1779088247872789	204	312
1779088247872790	204	314
1779088247872790	204	317
1779088247872791	204	319
1779088247872791	204	321
1779088247872792	204	393
1779088247872792	204	403
1779088247872793	204	412
1779088247872793	204	420
1779088247872794	204	423
1779088247872794	204	426
1779088247872795	204	433
1779088247872795	204	440
1779088247872796	204	448
1779088247872796	204	467
1779088247872797	204	471
1779088247872797	204	474
1779088247872798	204	481
1779088247872798	204	489
1779088247872798	204	496
1779088247872799	204	512
1779088247882391	204	208
1779088247882392	204	218
1779088247882393	204	223
1779088247882393	204	227
1779088247882394	204	231
1779088247882394	204	243
1779088247882395	204	244
1779088247882395	204	248
1779088247882396	204	250
1779088247882396	204	251
1779088247882397	204	256
1779088247882397	204	260
1779088247882397	204	269
1779088247882398	204	270
1779088247882398	204	272
1779088247882399	204	276
1779088247882399	204	278
1779088247882400	204	279
1779088247882401	204	283
1779088247882401	204	287
1779088247882402	204	288
1779088247882402	204	293
1779088247882403	204	297
1779088247882403	204	306
1779088247882404	204	311
1779088247882404	204	312
1779088247882405	204	317
1779088247882405	204	321
1779088247882406	204	333
1779088247892825	204	192
1779088247892826	204	219
1779088247892827	204	221
1779088247892827	204	225
1779088247892828	204	229
1779088247892828	204	231
1779088247892829	204	235
1779088247892829	204	239
1779088247892830	204	243
1779088247892830	204	247
1779088247892831	204	249
1779088247892831	204	250
1779088247892832	204	254
1779088247892832	204	259
1779088247892833	204	276
1779088247892833	204	321
1779088247892834	204	334
1779088247892834	204	338
1779088247892835	204	342
1779088247892835	204	346
1779088247892836	204	348
1779088247892836	204	356
1779088247892837	204	361
1779088247892837	204	362
1779088247892838	204	364
1779088247892838	204	372
1779088247892839	204	374
1779088247892839	204	378
1779088247892840	204	380
1779088247892840	204	390
1779088247892841	204	393
1779088247902311	204	192
1779088247902312	204	209
1779088247902313	204	217
1779088247902313	204	225
1779088247902314	204	228
1779088247902314	204	235
1779088247902314	204	242
1779088247902315	204	259
1779088247902315	204	266
1779088247902316	204	274
1779088247902316	204	289
1779088247902317	204	297
1779088247902317	204	309
1779088247902318	204	317
1779088247902318	204	320
1779088247902319	204	415
1779088247902319	204	436
1779088247902320	204	439
1779088247902320	204	447
1779088247902321	204	462
1779088247902321	204	470
1779088247902322	204	477
1779088247902322	204	490
1779088247902323	204	497
1779088247902323	204	500
1779088247902324	204	503
1779088247902324	204	517
1779088247902325	204	521
1779088247902325	204	527
1779088247912937	204	207
1779088247912938	204	221
1779088247912938	204	222
1779088247912939	204	226
1779088247912939	204	230
1779088247912940	204	234
1779088247912940	204	238
1779088247912941	204	243
1779088247912941	204	244
1779088247912942	204	246
1779088247912942	204	250
1779088247912943	204	254
1779088247912943	204	258
1779088247912944	204	273
1779088247912945	204	275
1779088247912945	204	311
1779088247912946	204	314
1779088247912946	204	318
1779088247912947	204	322
1779088247912947	204	324
1779088247912948	204	325
1779088247912948	204	330
1779088247912949	204	341
1779088247912949	204	345
1779088247912949	204	347
1779088247912950	204	348
1779088247912950	204	352
1779088247912951	204	355
1779088247912951	204	368
1779088247912952	204	371
1779088247912952	204	374
1779088247922437	204	204
1779088247922438	204	223
1779088247922439	204	237
1779088247922440	204	241
1779088247922440	204	243
1779088247922442	204	245
1779088247922442	204	248
1779088247922443	204	255
1779088247922444	204	258
1779088247922444	204	265
1779088247922445	204	272
1779088247922446	204	288
1779088247922446	204	295
1779088247922447	204	310
1779088247922448	204	317
1779088247922448	204	384
1779088247922449	204	394
1779088247922450	204	397
1779088247922450	204	399
1779088247922451	204	402
1779088247922452	204	404
1779088247922453	204	419
1779088247922453	204	422
1779088247922454	204	424
1779088247922455	204	426
1779088247922455	204	428
1779088247922456	204	435
1779088247922457	204	448
1779088247922458	204	457
1779088247932993	204	200
1779088247932994	204	213
1779088247932994	204	218
1779088247932995	204	222
1779088247932995	204	226
1779088247932996	204	235
1779088247932996	204	239
1779088247932997	204	241
1779088247932997	204	242
1779088247932998	204	249
1779088247932998	204	251
1779088247932999	204	253
1779088247932999	204	258
1779088247933000	204	267
1779088247933000	204	271
1779088247933001	204	322
1779088247933001	204	330
1779088247933002	204	332
1779088247933002	204	336
1779088247933003	204	337
1779088247933003	204	342
1779088247933004	204	343
1779088247933004	204	347
1779088247933005	204	349
1779088247933005	204	353
1779088247933006	204	364
1779088247933006	204	365
1779088247933007	204	370
1779088247933007	204	373
1779088247933008	204	375
1779088247933008	204	388
1779088247933009	204	391
1779088247942483	204	192
1779088247942484	204	209
1779088247942485	204	213
1779088247942485	204	221
1779088247942486	204	228
1779088247942486	204	236
1779088247942487	204	252
1779088247942487	204	256
1779088247942488	204	263
1779088247942488	204	271
1779088247942489	204	286
1779088247942489	204	294
1779088247942490	204	307
1779088247942490	204	315
1779088247942491	204	318
1779088247942491	204	384
1779088247942492	204	410
1779088247942492	204	413
1779088247942493	204	416
1779088247942493	204	418
1779088247942494	204	426
1779088247942494	204	429
1779088247942495	204	431
1779088247942495	204	434
1779088247942495	204	436
1779088247942496	204	438
1779088247942496	204	445
1779088247942497	204	455
1779088247953045	204	262
1779088247953046	204	276
1779088247953046	204	278
1779088247953047	204	283
1779088247953047	204	285
1779088247953048	204	289
1779088247953048	204	290
1779088247953049	204	292
1779088247953049	204	293
1779088247953050	204	297
1779088247953050	204	301
1779088247953051	204	303
1779088247953051	204	307
1779088247953052	204	309
1779088247953052	204	321
1779088247953053	204	326
1779088247953053	204	327
1779088247953054	204	332
1779088247953054	204	340
1779088247953055	204	341
1779088247953055	204	343
1779088247953056	204	347
1779088247953056	204	355
1779088247953057	204	359
1779088247953057	204	381
1779088247953058	204	383
1779088247953058	204	385
1779088247953059	204	386
1779088247953059	204	391
1779088247953060	204	406
1779088247953060	204	409
1779088247953061	204	411
1779088247962553	204	194
1779088247962554	204	206
1779088247962555	204	211
1779088247962555	204	212
1779088247962556	204	217
1779088247962557	204	221
1779088247962557	204	222
1779088247962558	204	226
1779088247962558	204	228
1779088247962559	204	239
1779088247962559	204	243
1779088247962560	204	245
1779088247962560	204	249
1779088247962561	204	253
1779088247962561	204	257
1779088247962562	204	262
1779088247962562	204	263
1779088247962563	204	267
1779088247962563	204	269
1779088247962564	204	273
1779088247962564	204	274
1779088247962565	204	278
1779088247962565	204	281
1779088247962566	204	283
1779088247962566	204	290
1779088247962567	204	292
1779088247962567	204	295
1779088247962568	204	311
1779088247972963	204	218
1779088247972964	204	231
1779088247972964	204	236
1779088247972965	204	238
1779088247972965	204	242
1779088247972966	204	251
1779088247972966	204	256
1779088247972967	204	264
1779088247972967	204	268
1779088247972968	204	269
1779088247972968	204	271
1779088247972969	204	272
1779088247972969	204	274
1779088247972970	204	278
1779088247972970	204	286
1779088247972971	204	331
1779088247972971	204	337
1779088247972972	204	338
1779088247972972	204	343
1779088247972973	204	352
1779088247972973	204	354
1779088247972974	204	358
1779088247972974	204	359
1779088247972975	204	363
1779088247972975	204	367
1779088247972976	204	377
1779088247972976	204	382
1779088247972976	204	383
1779088247972977	204	384
1779088247972977	204	386
1779088247972978	204	391
1779088247972978	204	405
1779088247982466	204	194
1779088247982467	204	207
1779088247982468	204	215
1779088247982468	204	222
1779088247982469	204	225
1779088247982469	204	232
1779088247982470	204	235
1779088247982470	204	242
1779088247982471	204	250
1779088247982471	204	257
1779088247982472	204	260
1779088247982472	204	263
1779088247982473	204	270
1779088247982473	204	289
1779088247982474	204	296
1779088247982474	204	367
1779088247982475	204	377
1779088247982475	204	380
1779088247982476	204	383
1779088247982476	204	386
1779088247982477	204	393
1779088247982477	204	396
1779088247982478	204	403
1779088247982478	204	406
1779088247982479	204	413
1779088247982479	204	429
1779088247982480	204	437
1779088247982480	204	440
1779088247993004	204	217
1779088247993005	204	231
1779088247993005	204	235
1779088247993006	204	240
1779088247993006	204	244
1779088247993007	204	248
1779088247993008	204	249
1779088247993008	204	253
1779088247993009	204	257
1779088247993009	204	262
1779088247993010	204	275
1779088247993010	204	279
1779088247993011	204	284
1779088247993011	204	290
1779088247993012	204	295
1779088247993012	204	364
1779088247993013	204	378
1779088247993013	204	380
1779088247993013	204	381
1779088247993014	204	383
1779088247993014	204	387
1779088247993015	204	391
1779088247993015	204	395
1779088247993016	204	398
1779088247993016	204	407
1779088247993017	204	409
1779088247993017	204	416
1779088247993018	204	419
1779088247993018	204	421
1779088247993019	204	423
1779088247993019	204	426
1779088247993020	204	441
1779088248002545	204	197
1779088248002546	204	210
1779088248002547	204	218
1779088248002547	204	225
1779088248002548	204	233
1779088248002548	204	241
1779088248002549	204	248
1779088248002549	204	262
1779088248002550	204	265
1779088248002550	204	273
1779088248002551	204	276
1779088248002551	204	279
1779088248002552	204	293
1779088248002552	204	301
1779088248002553	204	304
1779088248002553	204	373
1779088248002554	204	388
1779088248002554	204	403
1779088248002555	204	411
1779088248002555	204	425
1779088248002556	204	433
1779088248002556	204	436
1779088248002557	204	439
1779088248002557	204	452
1779088248002558	204	461
1779088248002558	204	464
1779088248002559	204	483
1779088248002559	204	498
1779088248013140	204	190
1779088248013141	204	201
1779088248013142	204	203
1779088248013142	204	207
1779088248013143	204	211
1779088248013143	204	212
1779088248013144	204	217
1779088248013144	204	218
1779088248013145	204	227
1779088248013145	204	232
1779088248013146	204	233
1779088248013146	204	234
1779088248013147	204	244
1779088248013147	204	248
1779088248013147	204	256
1779088248013148	204	309
1779088248013149	204	315
1779088248013149	204	317
1779088248013149	204	318
1779088248013150	204	320
1779088248013150	204	324
1779088248013151	204	328
1779088248013151	204	330
1779088248013152	204	334
1779088248013152	204	337
1779088248013153	204	339
1779088248013153	204	341
1779088248013154	204	348
1779088248013154	204	351
1779088248013155	204	354
1779088248013155	204	356
1779088248013156	204	370
1779088248022607	204	192
1779088248022608	204	211
1779088248022609	204	215
1779088248022609	204	218
1779088248022610	204	220
1779088248022611	204	228
1779088248022611	204	231
1779088248022612	204	238
1779088248022612	204	241
1779088248022613	204	248
1779088248022613	204	256
1779088248022614	204	259
1779088248022614	204	266
1779088248022615	204	284
1779088248022615	204	291
1779088248022616	204	359
1779088248022616	204	375
1779088248022617	204	379
1779088248022617	204	382
1779088248022617	204	384
1779088248022618	204	392
1779088248022619	204	399
1779088248022619	204	402
1779088248022620	204	416
1779088248022620	204	418
1779088248022621	204	420
1779088248022621	204	428
1779088248022621	204	442
1779088248022622	204	454
1779088248033158	204	224
1779088248033160	204	247
1779088248033160	204	249
1779088248033161	204	251
1779088248033161	204	252
1779088248033162	204	258
1779088248033162	204	259
1779088248033163	204	261
1779088248033163	204	262
1779088248033164	204	267
1779088248033164	204	268
1779088248033164	204	273
1779088248033165	204	277
1779088248033165	204	278
1779088248033166	204	283
1779088248033166	204	284
1779088248033167	204	285
1779088248033167	204	290
1779088248033168	204	294
1779088248033168	204	298
1779088248033169	204	302
1779088248033169	204	303
1779088248033170	204	307
1779088248033170	204	311
1779088248033171	204	316
1779088248033171	204	317
1779088248033172	204	318
1779088248033172	204	320
1779088248033173	204	324
1779088248033173	204	331
1779088248033174	204	348
1779088248042601	204	157
1779088248042602	204	164
1779088248042602	204	166
1779088248042603	204	169
1779088248042603	204	171
1779088248042604	204	174
1779088248042604	204	175
1779088248042604	204	179
1779088248042605	204	183
1779088248042605	204	187
1779088248042606	204	191
1779088248042606	204	195
1779088248042607	204	207
1779088248042607	204	211
1779088248042608	204	214
1779088248042608	204	251
1779088248042609	204	253
1779088248042609	204	258
1779088248042610	204	262
1779088248042610	204	263
1779088248042611	204	264
1779088248042611	204	269
1779088248042612	204	273
1779088248042612	204	274
1779088248042613	204	276
1779088248042613	204	280
1779088248042614	204	283
1779088248042614	204	298
1779088248052994	204	211
1779088248052995	204	231
1779088248052995	204	240
1779088248052996	204	243
1779088248052996	204	246
1779088248052997	204	248
1779088248052997	204	251
1779088248052998	204	259
1779088248052998	204	268
1779088248052999	204	275
1779088248053000	204	278
1779088248053000	204	281
1779088248053001	204	288
1779088248053001	204	290
1779088248053001	204	307
1779088248053002	204	379
1779088248053002	204	395
1779088248053003	204	398
1779088248053003	204	405
1779088248053004	204	408
1779088248053004	204	415
1779088248053005	204	432
1779088248053005	204	436
1779088248053006	204	438
1779088248053006	204	446
1779088248053007	204	449
1779088248053007	204	451
1779088248053008	204	459
1779088248053008	204	461
1779088248053009	204	468
1779088248053009	204	471
1779088248053010	204	485
1779088248062575	204	214
1779088248062576	204	225
1779088248062576	204	231
1779088248062577	204	232
1779088248062577	204	236
1779088248062578	204	238
1779088248062578	204	242
1779088248062579	204	243
1779088248062579	204	247
1779088248062580	204	257
1779088248062580	204	261
1779088248062581	204	285
1779088248062581	204	287
1779088248062582	204	292
1779088248062582	204	293
1779088248062583	204	312
1779088248062583	204	318
1779088248062584	204	322
1779088248062584	204	335
1779088248062585	204	342
1779088248062585	204	345
1779088248062586	204	361
1779088248062586	204	364
1779088248062587	204	371
1779088248062587	204	374
1779088248062588	204	376
1779088248062588	204	379
1779088248062589	204	391
1779088248073071	204	205
1779088248073072	204	220
1779088248073073	204	225
1779088248073073	204	229
1779088248073074	204	231
1779088248073074	204	235
1779088248073075	204	236
1779088248073075	204	240
1779088248073076	204	242
1779088248073076	204	246
1779088248073077	204	251
1779088248073077	204	252
1779088248073078	204	256
1779088248073078	204	260
1779088248073079	204	274
1779088248073079	204	320
1779088248073080	204	323
1779088248073080	204	324
1779088248073081	204	328
1779088248073081	204	330
1779088248073082	204	334
1779088248073082	204	338
1779088248073083	204	342
1779088248073083	204	346
1779088248073084	204	350
1779088248073084	204	354
1779088248073085	204	359
1779088248073085	204	371
1779088248073086	204	375
1779088248073086	204	377
1779088248073087	204	390
1779088248073087	204	393
1779088248082564	204	196
1779088248082565	204	215
1779088248082566	204	223
1779088248082566	204	229
1779088248082567	204	232
1779088248082567	204	238
1779088248082568	204	246
1779088248082568	204	249
1779088248082569	204	251
1779088248082569	204	259
1779088248082570	204	279
1779088248082570	204	291
1779088248082570	204	294
1779088248082571	204	296
1779088248082571	204	304
1779088248082572	204	346
1779088248082572	204	350
1779088248082573	204	358
1779088248082573	204	365
1779088248082574	204	382
1779088248082575	204	390
1779088248082575	204	398
1779088248082576	204	414
1779088248082576	204	417
1779088248082577	204	425
1779088248082577	204	432
1779088248082578	204	434
1779088248082578	204	458
1779088248093120	204	189
1779088248093121	204	203
1779088248093122	204	204
1779088248093122	204	208
1779088248093123	204	212
1779088248093123	204	213
1779088248093124	204	216
1779088248093124	204	220
1779088248093124	204	231
1779088248093125	204	233
1779088248093125	204	237
1779088248093126	204	244
1779088248093127	204	248
1779088248093127	204	250
1779088248093128	204	251
1779088248093128	204	309
1779088248093128	204	316
1779088248093129	204	318
1779088248093129	204	322
1779088248093130	204	327
1779088248093130	204	331
1779088248093131	204	332
1779088248093131	204	336
1779088248093132	204	340
1779088248093132	204	345
1779088248093133	204	347
1779088248093133	204	348
1779088248093134	204	352
1779088248093134	204	356
1779088248093135	204	371
1779088248093135	204	374
1779088248093136	204	387
1779088248102608	204	207
1779088248102609	204	226
1779088248102609	204	234
1779088248102610	204	243
1779088248102610	204	251
1779088248102611	204	254
1779088248102611	204	257
1779088248102612	204	264
1779088248102612	204	272
1779088248102613	204	280
1779088248102613	204	299
1779088248102614	204	307
1779088248102614	204	311
1779088248102615	204	324
1779088248102615	204	328
1779088248102616	204	392
1779088248102616	204	402
1779088248102617	204	420
1779088248102617	204	429
1779088248102618	204	445
1779088248102618	204	453
1779088248102619	204	456
1779088248102619	204	459
1779088248102620	204	461
1779088248102620	204	464
1779088248102621	204	467
1779088248102621	204	474
1779088248102622	204	481
1779088248102622	204	496
1779088248113207	204	210
1779088248113208	204	223
1779088248113209	204	225
1779088248113209	204	229
1779088248113210	204	231
1779088248113210	204	235
1779088248113211	204	239
1779088248113211	204	249
1779088248113212	204	253
1779088248113212	204	255
1779088248113213	204	259
1779088248113213	204	263
1779088248113213	204	272
1779088248113214	204	277
1779088248113214	204	284
1779088248113215	204	342
1779088248113215	204	348
1779088248113216	204	350
1779088248113216	204	351
1779088248113217	204	353
1779088248113217	204	354
1779088248113218	204	359
1779088248113218	204	360
1779088248113219	204	364
1779088248113219	204	368
1779088248113220	204	372
1779088248113220	204	376
1779088248113221	204	382
1779088248113221	204	389
1779088248113222	204	392
1779088248113223	204	408
1779088248122710	204	189
1779088248122711	204	208
1779088248122712	204	211
1779088248122713	204	214
1779088248122713	204	229
1779088248122714	204	236
1779088248122714	204	239
1779088248122715	204	241
1779088248122715	204	243
1779088248122716	204	246
1779088248122716	204	248
1779088248122717	204	255
1779088248122717	204	269
1779088248122718	204	272
1779088248122718	204	274
1779088248122718	204	343
1779088248122719	204	353
1779088248122720	204	356
1779088248122721	204	364
1779088248122721	204	381
1779088248122722	204	384
1779088248122722	204	387
1779088248122723	204	390
1779088248122723	204	392
1779088248122723	204	395
1779088248122724	204	397
1779088248122724	204	398
1779088248122725	204	403
1779088248122725	204	405
1779088248133207	204	210
1779088248133208	204	223
1779088248133208	204	225
1779088248133209	204	229
1779088248133209	204	233
1779088248133210	204	234
1779088248133210	204	238
1779088248133211	204	244
1779088248133211	204	254
1779088248133212	204	256
1779088248133212	204	260
1779088248133213	204	261
1779088248133213	204	270
1779088248133214	204	274
1779088248133214	204	285
1779088248133215	204	338
1779088248133215	204	345
1779088248133216	204	347
1779088248133216	204	352
1779088248133217	204	353
1779088248133217	204	357
1779088248133218	204	359
1779088248133218	204	363
1779088248133219	204	364
1779088248133219	204	369
1779088248133220	204	375
1779088248133220	204	386
1779088248133221	204	393
1779088248133221	204	409
1779088248133222	204	412
1779088248133222	204	414
1779088248142712	204	196
1779088248142713	204	215
1779088248142714	204	223
1779088248142714	204	231
1779088248142715	204	240
1779088248142716	204	243
1779088248142716	204	246
1779088248142716	204	254
1779088248142717	204	261
1779088248142717	204	276
1779088248142718	204	284
1779088248142718	204	287
1779088248142719	204	290
1779088248142719	204	304
1779088248142720	204	319
1779088248142720	204	387
1779088248142721	204	392
1779088248142721	204	395
1779088248142722	204	403
1779088248142722	204	411
1779088248142723	204	418
1779088248142723	204	421
1779088248142724	204	428
1779088248142724	204	445
1779088248142725	204	453
1779088248142725	204	456
1779088248142726	204	458
1779088248142726	204	461
1779088248142727	204	475
1779088248153289	204	221
1779088248153290	204	237
1779088248153291	204	241
1779088248153291	204	243
1779088248153292	204	247
1779088248153292	204	251
1779088248153293	204	255
1779088248153293	204	259
1779088248153294	204	263
1779088248153294	204	272
1779088248153295	204	276
1779088248153295	204	278
1779088248153296	204	279
1779088248153296	204	281
1779088248153297	204	282
1779088248153297	204	340
1779088248153298	204	343
1779088248153298	204	350
1779088248153299	204	353
1779088248153299	204	359
1779088248153300	204	367
1779088248153300	204	375
1779088248153301	204	381
1779088248153301	204	382
1779088248153302	204	384
1779088248153302	204	388
1779088248153303	204	393
1779088248153303	204	396
1779088248153304	204	402
1779088248153304	204	405
1779088248153305	204	423
1779088248153306	204	426
1779088248162817	204	203
1779088248162818	204	233
1779088248162819	204	240
1779088248162819	204	256
1779088248162820	204	264
1779088248162821	204	266
1779088248162821	204	279
1779088248162822	204	282
1779088248162822	204	285
1779088248162823	204	288
1779088248162823	204	295
1779088248162824	204	298
1779088248162824	204	313
1779088248162825	204	317
1779088248162825	204	323
1779088248162826	204	403
1779088248162826	204	413
1779088248162827	204	416
1779088248162827	204	419
1779088248162828	204	428
1779088248162828	204	432
1779088248162829	204	439
1779088248162829	204	446
1779088248162830	204	457
1779088248162830	204	464
1779088248162831	204	471
1779088248162831	204	474
1779088248162832	204	484
1779088248172393	204	223
1779088248172394	204	233
1779088248172395	204	239
1779088248172395	204	244
1779088248172396	204	245
1779088248172396	204	250
1779088248172397	204	251
1779088248172397	204	255
1779088248172398	204	259
1779088248172398	204	271
1779088248172399	204	273
1779088248172399	204	274
1779088248172400	204	276
1779088248172400	204	280
1779088248172401	204	284
1779088248172401	204	288
1779088248172402	204	292
1779088248172402	204	296
1779088248172403	204	298
1779088248172403	204	307
1779088248172404	204	312
1779088248172404	204	314
1779088248172405	204	322
1779088248172405	204	323
1779088248172406	204	325
1779088248172406	204	329
1779088248172407	204	341
1779088248172407	204	344
1779088248172408	204	346
1779088248182836	204	208
1779088248182837	204	218
1779088248182838	204	222
1779088248182838	204	227
1779088248182839	204	235
1779088248182840	204	239
1779088248182840	204	257
1779088248182841	204	269
1779088248182841	204	274
1779088248182842	204	275
1779088248182842	204	277
1779088248182843	204	278
1779088248182843	204	283
1779088248182844	204	286
1779088248182844	204	299
1779088248182844	204	329
1779088248182845	204	332
1779088248182845	204	333
1779088248182846	204	338
1779088248182846	204	340
1779088248182847	204	341
1779088248182847	204	342
1779088248182848	204	347
1779088248182848	204	350
1779088248182849	204	355
1779088248182849	204	363
1779088248182850	204	364
1779088248182850	204	366
1779088248182851	204	368
1779088248182851	204	375
1779088248182852	204	378
1779088248192316	204	230
1779088248192317	204	255
1779088248192317	204	263
1779088248192318	204	270
1779088248192319	204	289
1779088248192319	204	292
1779088248192320	204	300
1779088248192320	204	303
1779088248192320	204	310
1779088248192321	204	331
1779088248192322	204	339
1779088248192322	204	346
1779088248192323	204	361
1779088248192323	204	364
1779088248192324	204	367
1779088248192324	204	405
1779088248192325	204	421
1779088248192325	204	429
1779088248192326	204	447
1779088248192326	204	450
1779088248192327	204	453
1779088248192327	204	461
1779088248192328	204	464
1779088248192328	204	466
1779088248192329	204	480
1779088248192329	204	484
1779088248192330	204	486
1779088248192330	204	493
1779088248192331	204	495
1779088248202911	204	218
1779088248202913	204	232
1779088248202913	204	236
1779088248202914	204	237
1779088248202914	204	241
1779088248202915	204	244
1779088248202915	204	248
1779088248202916	204	252
1779088248202916	204	269
1779088248202917	204	274
1779088248202917	204	276
1779088248202918	204	278
1779088248202918	204	279
1779088248202919	204	283
1779088248202919	204	294
1779088248202920	204	334
1779088248202920	204	339
1779088248202920	204	349
1779088248202921	204	351
1779088248202921	204	355
1779088248202922	204	363
1779088248202922	204	365
1779088248202923	204	366
1779088248202923	204	368
1779088248202924	204	369
1779088248202924	204	374
1779088248202925	204	378
1779088248202925	204	380
1779088248202926	204	386
1779088248202926	204	399
1779088248202927	204	401
1779088248212409	204	204
1779088248212410	204	224
1779088248212411	204	233
1779088248212411	204	236
1779088248212412	204	249
1779088248212412	204	257
1779088248212413	204	260
1779088248212413	204	262
1779088248212414	204	276
1779088248212414	204	284
1779088248212415	204	287
1779088248212415	204	289
1779088248212416	204	304
1779088248212416	204	313
1779088248212417	204	326
1779088248212417	204	388
1779088248212418	204	404
1779088248212418	204	408
1779088248212419	204	411
1779088248212419	204	413
1779088248212419	204	416
1779088248212420	204	424
1779088248212420	204	431
1779088248212421	204	434
1779088248212421	204	449
1779088248212422	204	457
1779088248212422	204	460
1779088248212423	204	463
1779088248212423	204	465
1779088248222972	204	281
1779088248222973	204	303
1779088248222974	204	311
1779088248222975	204	318
1779088248222975	204	321
1779088248222976	204	323
1779088248222976	204	328
1779088248222976	204	331
1779088248222977	204	333
1779088248222977	204	338
1779088248222978	204	338
1779088248222979	204	340
1779088248222979	204	341
1779088248222980	204	344
1779088248222980	204	363
1779088248222981	204	437
1779088248222981	204	441
1779088248222982	204	443
1779088248222982	204	444
1779088248222983	204	445
1779088248222983	204	446
1779088248222984	204	455
1779088248222984	204	457
1779088248222985	204	458
1779088248222985	204	460
1779088248222986	204	464
1779088248222986	204	465
1779088248222987	204	472
1779088248222988	204	474
1779088248222988	204	478
1779088248222988	204	500
1779088248222989	204	502
1779088248232575	204	188
1779088248232577	204	200
1779088248232577	204	201
1779088248232578	204	202
1779088248232578	204	209
1779088248232579	204	213
1779088248232579	204	214
1779088248232580	204	215
1779088248232580	204	216
1779088248232581	204	217
1779088248232581	204	223
1779088248232582	204	225
1779088248232582	204	227
1779088248232583	204	231
1779088248232583	204	232
1779088248232583	204	285
1779088248232584	204	287
1779088248232584	204	292
1779088248232585	204	301
1779088248232585	204	302
1779088248232586	204	304
1779088248232586	204	308
1779088248232587	204	310
1779088248232587	204	311
1779088248232588	204	315
1779088248232588	204	319
1779088248232589	204	323
1779088248232589	204	334
1779088248243011	204	223
1779088248243012	204	237
1779088248243013	204	241
1779088248243014	204	245
1779088248243014	204	246
1779088248243015	204	251
1779088248243015	204	255
1779088248243016	204	257
1779088248243016	204	258
1779088248243017	204	262
1779088248243017	204	275
1779088248243018	204	277
1779088248243018	204	282
1779088248243019	204	283
1779088248243019	204	291
1779088248243020	204	342
1779088248243020	204	347
1779088248243021	204	352
1779088248243021	204	356
1779088248243022	204	357
1779088248243022	204	362
1779088248243023	204	366
1779088248243023	204	377
1779088248243024	204	379
1779088248243024	204	393
1779088248243025	204	397
1779088248243035	204	391
1779088248243036	204	392
1779088248243037	204	394
1779088248243037	204	396
1779088248243038	204	398
1779088248243038	204	406
1779088248252520	204	172
1779088248252521	204	183
1779088248252521	204	187
1779088248252522	204	196
1779088248252522	204	200
1779088248252523	204	206
1779088248252524	204	208
1779088248252524	204	209
1779088248252525	204	212
1779088248252525	204	214
1779088248252526	204	221
1779088248252526	204	226
1779088248252526	204	227
1779088248252527	204	235
1779088248252528	204	236
1779088248252528	204	278
1779088248252528	204	280
1779088248252529	204	281
1779088248252529	204	286
1779088248252530	204	290
1779088248252530	204	295
1779088248252531	204	296
1779088248252531	204	297
1779088248252532	204	302
1779088248252532	204	306
1779088248252533	204	316
1779088248252533	204	318
1779088248252534	204	319
1779088248262942	204	231
1779088248262943	204	244
1779088248262944	204	249
1779088248262944	204	253
1779088248262945	204	257
1779088248262945	204	259
1779088248262946	204	263
1779088248262946	204	264
1779088248262947	204	266
1779088248262947	204	270
1779088248262948	204	274
1779088248262948	204	278
1779088248262949	204	280
1779088248262949	204	283
1779088248262950	204	297
1779088248262950	204	324
1779088248262951	204	334
1779088248262951	204	343
1779088248262952	204	344
1779088248262952	204	346
1779088248262953	204	347
1779088248262953	204	348
1779088248262954	204	349
1779088248262954	204	351
1779088248262955	204	352
1779088248262955	204	354
1779088248262956	204	359
1779088248262956	204	363
1779088248262957	204	364
1779088248262957	204	368
1779088248262958	204	376
1779088248272423	204	232
1779088248272425	204	257
1779088248272425	204	273
1779088248272426	204	276
1779088248272426	204	284
1779088248272427	204	294
1779088248272427	204	302
1779088248272428	204	309
1779088248272428	204	327
1779088248272429	204	330
1779088248272429	204	338
1779088248272430	204	345
1779088248272430	204	360
1779088248272431	204	367
1779088248272431	204	369
1779088248272432	204	428
1779088248272433	204	437
1779088248272433	204	440
1779088248272433	204	455
1779088248272434	204	459
1779088248272435	204	461
1779088248272435	204	469
1779088248272436	204	472
1779088248272436	204	475
1779088248272437	204	478
1779088248272437	204	485
1779088248272438	204	492
1779088248272438	204	506
1779088248272439	204	509
1779088248283039	204	182
1779088248283040	204	193
1779088248283041	204	198
1779088248283041	204	199
1779088248283042	204	202
1779088248283042	204	204
1779088248283043	204	207
1779088248283043	204	218
1779088248283044	204	221
1779088248283044	204	228
1779088248283045	204	230
1779088248283045	204	231
1779088248283046	204	233
1779088248283047	204	237
1779088248283047	204	245
1779088248283048	204	290
1779088248283048	204	296
1779088248283048	204	300
1779088248283049	204	310
1779088248283049	204	314
1779088248283050	204	322
1779088248283051	204	324
1779088248283051	204	331
1779088248283052	204	332
1779088248283052	204	334
1779088248283053	204	341
1779088248283053	204	342
1779088248283054	204	344
1779088248283054	204	349
1779088248283055	204	357
1779088248283055	204	360
1779088248283056	204	368
1779088248292506	204	198
1779088248292507	204	213
1779088248292507	204	222
1779088248292508	204	228
1779088248292509	204	235
1779088248292509	204	238
1779088248292510	204	241
1779088248292510	204	248
1779088248292510	204	251
1779088248292511	204	269
1779088248292512	204	273
1779088248292512	204	275
1779088248292513	204	277
1779088248292513	204	284
1779088248292514	204	287
1779088248292514	204	338
1779088248292515	204	354
1779088248292515	204	357
1779088248292516	204	365
1779088248292516	204	368
1779088248292517	204	380
1779088248292517	204	388
1779088248292518	204	391
1779088248292518	204	393
1779088248292519	204	408
1779088248292519	204	416
1779088248292520	204	424
1779088248292520	204	438
1779088248303046	204	223
1779088248303047	204	241
1779088248303048	204	246
1779088248303048	204	249
1779088248303049	204	254
1779088248303049	204	255
1779088248303050	204	259
1779088248303050	204	262
1779088248303051	204	277
1779088248303051	204	280
1779088248303052	204	283
1779088248303052	204	287
1779088248303053	204	290
1779088248303053	204	309
1779088248303054	204	311
1779088248303054	204	362
1779088248303055	204	377
1779088248303055	204	384
1779088248303056	204	391
1779088248303056	204	398
1779088248303057	204	406
1779088248303057	204	408
1779088248303058	204	411
1779088248303058	204	413
1779088248303059	204	420
1779088248303059	204	423
1779088248303060	204	425
1779088248303060	204	432
1779088248303061	204	434
1779088248303061	204	437
1779088248303062	204	456
1779088248303062	204	459
1779088248312601	204	196
1779088248312602	204	216
1779088248312603	204	220
1779088248312603	204	223
1779088248312604	204	225
1779088248312604	204	228
1779088248312604	204	235
1779088248312605	204	243
1779088248312605	204	250
1779088248312606	204	268
1779088248312606	204	272
1779088248312607	204	280
1779088248312607	204	287
1779088248312608	204	295
1779088248312608	204	310
1779088248312609	204	378
1779088248312609	204	394
1779088248312610	204	397
1779088248312610	204	400
1779088248312611	204	402
1779088248312612	204	405
1779088248312612	204	407
1779088248312613	204	410
1779088248312613	204	423
1779088248312614	204	426
1779088248312614	204	434
1779088248312614	204	436
1779088248312615	204	451
1779088248323152	204	199
1779088248323153	204	212
1779088248323154	204	217
1779088248323154	204	221
1779088248323155	204	223
1779088248323155	204	224
1779088248323156	204	228
1779088248323156	204	229
1779088248323157	204	231
1779088248323157	204	235
1779088248323158	204	239
1779088248323158	204	243
1779088248323159	204	246
1779088248323159	204	250
1779088248323160	204	262
1779088248323160	204	314
1779088248323161	204	321
1779088248323161	204	323
1779088248323161	204	324
1779088248323162	204	326
1779088248323162	204	327
1779088248323163	204	331
1779088248323163	204	335
1779088248323164	204	339
1779088248323164	204	342
1779088248323165	204	348
1779088248323165	204	351
1779088248323166	204	353
1779088248323166	204	356
1779088248323167	204	358
1779088248323167	204	374
1779088248323168	204	377
1779088248332623	204	177
1779088248332624	204	194
1779088248332625	204	201
1779088248332625	204	204
1779088248332625	204	212
1779088248332626	204	219
1779088248332626	204	227
1779088248332627	204	230
1779088248332627	204	238
1779088248332628	204	245
1779088248332628	204	264
1779088248332629	204	272
1779088248332629	204	287
1779088248332630	204	290
1779088248332630	204	293
1779088248332631	204	361
1779088248332631	204	376
1779088248332632	204	379
1779088248332632	204	388
1779088248332633	204	391
1779088248332633	204	404
1779088248332634	204	407
1779088248332634	204	415
1779088248332635	204	418
1779088248332635	204	421
1779088248332636	204	427
1779088248332636	204	450
1779088248332636	204	452
1779088248332637	204	453
1779088248343173	204	196
1779088248343174	204	210
1779088248343174	204	212
1779088248343175	204	216
1779088248343175	204	221
1779088248343175	204	222
1779088248343176	204	227
1779088248343176	204	231
1779088248343177	204	233
1779088248343177	204	237
1779088248343177	204	241
1779088248343178	204	242
1779088248343178	204	246
1779088248343178	204	250
1779088248343179	204	263
1779088248343179	204	315
1779088248343180	204	320
1779088248343180	204	325
1779088248343180	204	326
1779088248343181	204	328
1779088248343181	204	329
1779088248343181	204	333
1779088248343182	204	335
1779088248343182	204	337
1779088248343183	204	342
1779088248343183	204	346
1779088248343183	204	348
1779088248343184	204	349
1779088248343184	204	356
1779088248343184	204	363
1779088248343185	204	380
1779088248352649	204	204
1779088248352650	204	218
1779088248352651	204	226
1779088248352651	204	233
1779088248352652	204	240
1779088248352652	204	248
1779088248352653	204	251
1779088248352653	204	253
1779088248352654	204	256
1779088248352654	204	263
1779088248352655	204	266
1779088248352655	204	274
1779088248352656	204	277
1779088248352656	204	279
1779088248352657	204	297
1779088248352657	204	364
1779088248352658	204	384
1779088248352658	204	388
1779088248352659	204	396
1779088248352659	204	399
1779088248352660	204	414
1779088248352660	204	417
1779088248352661	204	426
1779088248352661	204	434
1779088248352662	204	436
1779088248352662	204	443
1779088248352663	204	449
1779088248352663	204	456
1779088248352664	204	469
1779088248363212	204	189
1779088248363213	204	200
1779088248363214	204	204
1779088248363214	204	205
1779088248363215	204	215
1779088248363215	204	219
1779088248363216	204	220
1779088248363217	204	221
1779088248363217	204	222
1779088248363218	204	223
1779088248363218	204	230
1779088248363219	204	234
1779088248363219	204	243
1779088248363220	204	246
1779088248363220	204	248
1779088248363221	204	300
1779088248363221	204	303
1779088248363222	204	305
1779088248363222	204	309
1779088248363223	204	313
1779088248363223	204	315
1779088248363224	204	316
1779088248363224	204	318
1779088248363224	204	320
1779088248363225	204	327
1779088248363226	204	342
1779088248363226	204	345
1779088248363226	204	348
1779088248363227	204	350
1779088248363227	204	353
1779088248363228	204	355
1779088248372666	204	198
1779088248372667	204	220
1779088248372668	204	229
1779088248372670	204	236
1779088248372670	204	239
1779088248372671	204	246
1779088248372671	204	254
1779088248372672	204	257
1779088248372672	204	265
1779088248372673	204	268
1779088248372673	204	270
1779088248372674	204	278
1779088248372674	204	281
1779088248372675	204	298
1779088248372675	204	302
1779088248372676	204	366
1779088248372676	204	371
1779088248372676	204	379
1779088248372677	204	386
1779088248372677	204	404
1779088248372678	204	412
1779088248372678	204	415
1779088248372679	204	423
1779088248372679	204	426
1779088248372680	204	429
1779088248372680	204	435
1779088248372681	204	438
1779088248372681	204	445
1779088248372682	204	460
1779088248383227	204	229
1779088248383229	204	307
1779088248383229	204	316
1779088248383230	204	318
1779088248383230	204	323
1779088248383231	204	325
1779088248383231	204	333
1779088248383232	204	340
1779088248383232	204	342
1779088248383233	204	349
1779088248383233	204	352
1779088248383234	204	354
1779088248383234	204	372
1779088248383235	204	375
1779088248383235	204	378
1779088248383236	204	441
1779088248383236	204	449
1779088248383237	204	502
1779088248383237	204	506
1779088248383238	204	513
1779088248383238	204	520
1779088248383239	204	528
1779088248383239	204	530
1779088248383240	204	537
1779088248383240	204	540
1779088248383241	204	546
1779088248383241	204	549
1779088248383242	204	566
1779088248383242	204	568
1779088248383243	204	572
1779088248383243	204	573
1779088248392898	204	236
1779088248392899	204	249
1779088248392899	204	251
1779088248392900	204	255
1779088248392900	204	260
1779088248392901	204	262
1779088248392901	204	274
1779088248392902	204	278
1779088248392902	204	286
1779088248392903	204	288
1779088248392903	204	311
1779088248392904	204	313
1779088248392904	204	314
1779088248392905	204	322
1779088248392905	204	327
1779088248392906	204	355
1779088248392906	204	358
1779088248392907	204	362
1779088248392907	204	370
1779088248392908	204	371
1779088248392908	204	375
1779088248392908	204	396
1779088248392909	204	401
1779088248392909	204	403
1779088248392910	204	404
1779088248392910	204	415
1779088248392911	204	422
1779088248392911	204	424
1779088248392912	204	435
1779088248402424	204	218
1779088248402425	204	231
1779088248402426	204	233
1779088248402426	204	234
1779088248402427	204	235
1779088248402427	204	240
1779088248402428	204	241
1779088248402428	204	250
1779088248402429	204	254
1779088248402429	204	277
1779088248402430	204	279
1779088248402430	204	283
1779088248402431	204	285
1779088248402431	204	294
1779088248402432	204	312
1779088248402432	204	314
1779088248402432	204	322
1779088248402433	204	323
1779088248402433	204	328
1779088248402434	204	349
1779088248402434	204	351
1779088248402435	204	360
1779088248402435	204	369
1779088248402436	204	376
1779088248402436	204	399
1779088248402437	204	402
1779088248402437	204	406
1779088248402438	204	413
1779088248402438	204	417
1779088248412930	204	199
1779088248412931	204	210
1779088248412931	204	215
1779088248412932	204	226
1779088248412932	204	230
1779088248412933	204	242
1779088248412933	204	253
1779088248412934	204	258
1779088248412934	204	269
1779088248412935	204	270
1779088248412935	204	272
1779088248412936	204	279
1779088248412936	204	280
1779088248412937	204	302
1779088248412937	204	304
1779088248412937	204	370
1779088248412938	204	380
1779088248412938	204	381
1779088248412939	204	383
1779088248412939	204	387
1779088248412940	204	407
1779088248412940	204	409
1779088248412941	204	413
1779088248412941	204	423
1779088248412942	204	431
1779088248412942	204	432
1779088248412943	204	444
1779088248412943	204	452
1779088248412944	204	453
1779088248412944	204	464
1779088248412945	204	469
1779088248422496	204	189
1779088248422497	204	201
1779088248422497	204	205
1779088248422498	204	206
1779088248422498	204	210
1779088248422499	204	213
1779088248422499	204	217
1779088248422500	204	220
1779088248422500	204	228
1779088248422501	204	232
1779088248422501	204	234
1779088248422502	204	235
1779088248422502	204	236
1779088248422503	204	245
1779088248422503	204	247
1779088248422504	204	299
1779088248422504	204	301
1779088248422505	204	305
1779088248422506	204	309
1779088248422506	204	313
1779088248422507	204	314
1779088248422507	204	315
1779088248422508	204	319
1779088248422508	204	321
1779088248422509	204	325
1779088248422509	204	327
1779088248422510	204	328
1779088248422510	204	332
1779088248422511	204	342
1779088248432935	204	222
1779088248432936	204	235
1779088248432936	204	240
1779088248432937	204	244
1779088248432937	204	249
1779088248432938	204	254
1779088248432938	204	258
1779088248432939	204	259
1779088248432939	204	263
1779088248432940	204	268
1779088248432940	204	272
1779088248432941	204	284
1779088248432941	204	289
1779088248432942	204	290
1779088248432943	204	298
1779088248432943	204	355
1779088248432944	204	360
1779088248432944	204	362
1779088248432945	204	366
1779088248432945	204	368
1779088248432946	204	378
1779088248432946	204	379
1779088248432947	204	381
1779088248432947	204	385
1779088248432948	204	387
1779088248432948	204	388
1779088248432949	204	392
1779088248432949	204	394
1779088248432950	204	397
1779088248432950	204	399
1779088248432951	204	407
1779088248442433	204	170
1779088248442434	204	180
1779088248442434	204	184
1779088248442435	204	187
1779088248442435	204	195
1779088248442436	204	198
1779088248442437	204	209
1779088248442437	204	211
1779088248442438	204	215
1779088248442438	204	216
1779088248442439	204	220
1779088248442439	204	222
1779088248442440	204	226
1779088248442440	204	234
1779088248442441	204	238
1779088248442441	204	281
1779088248442442	204	286
1779088248442442	204	288
1779088248442443	204	289
1779088248442443	204	293
1779088248442443	204	295
1779088248442444	204	296
1779088248442444	204	300
1779088248442445	204	304
1779088248442445	204	315
1779088248442446	204	316
1779088248442446	204	320
1779088248442447	204	322
1779088248442447	204	323
1779088248452854	204	332
1779088248452856	204	343
1779088248452856	204	348
1779088248452857	204	367
1779088248452857	204	369
1779088248452858	204	370
1779088248452858	204	374
1779088248452859	204	382
1779088248452859	204	383
1779088248452860	204	385
1779088248452860	204	386
1779088248452861	204	390
1779088248452861	204	396
1779088248452862	204	400
1779088248452862	204	424
1779088248452863	204	430
1779088248452863	204	463
1779088248452864	204	466
1779088248452864	204	468
1779088248452865	204	471
1779088248452865	204	477
1779088248452865	204	485
1779088248452866	204	487
1779088248452866	204	494
1779088248452867	204	512
1779088248452867	204	520
1779088248452868	204	522
1779088248452868	204	529
1779088248452869	204	538
1779088248452869	204	540
1779088248452870	204	544
1779088248462505	204	209
1779088248462506	204	226
1779088248462507	204	230
1779088248462507	204	232
1779088248462508	204	233
1779088248462508	204	238
1779088248462510	204	238
1779088248462510	204	240
1779088248462511	204	245
1779088248462511	204	246
1779088248462512	204	247
1779088248462512	204	249
1779088248462513	204	262
1779088248462514	204	266
1779088248462514	204	268
1779088248462515	204	345
1779088248462515	204	347
1779088248462516	204	349
1779088248462516	204	350
1779088248462517	204	361
1779088248462517	204	365
1779088248462518	204	370
1779088248462518	204	372
1779088248462519	204	382
1779088248462519	204	384
1779088248462520	204	386
1779088248462520	204	387
1779088248462521	204	389
1779088248462521	204	393
1779088248472997	204	224
1779088248472998	204	235
1779088248472999	204	240
1779088248472999	204	245
1779088248473000	204	249
1779088248473000	204	253
1779088248473001	204	255
1779088248473001	204	259
1779088248473002	204	260
1779088248473002	204	264
1779088248473003	204	271
1779088248473003	204	276
1779088248473004	204	299
1779088248473004	204	302
1779088248473005	204	303
1779088248473005	204	347
1779088248473006	204	349
1779088248473006	204	354
1779088248473007	204	358
1779088248473007	204	363
1779088248473008	204	367
1779088248473008	204	371
1779088248473009	204	376
1779088248473009	204	380
1779088248473010	204	381
1779088248473010	204	382
1779088248473011	204	387
1779088248473011	204	391
1779088248473012	204	392
1779088248473012	204	396
1779088248473013	204	398
1779088248473014	204	408
1779088248482501	204	209
1779088248482503	204	225
1779088248482503	204	226
1779088248482504	204	230
1779088248482505	204	231
1779088248482505	204	236
1779088248482506	204	246
1779088248482506	204	250
1779088248482506	204	252
1779088248482507	204	258
1779088248482508	204	263
1779088248482508	204	283
1779088248482509	204	288
1779088248482509	204	308
1779088248482510	204	313
1779088248482510	204	314
1779088248482510	204	316
1779088248482511	204	338
1779088248482511	204	340
1779088248482512	204	341
1779088248482513	204	345
1779088248482513	204	346
1779088248482514	204	357
1779088248482514	204	371
1779088248482515	204	389
1779088248482515	204	391
1779088248482516	204	395
1779088248482516	204	414
1779088248493009	204	177
1779088248493010	204	189
1779088248493011	204	190
1779088248493011	204	193
1779088248493012	204	203
1779088248493012	204	204
1779088248493013	204	205
1779088248493014	204	208
1779088248493014	204	230
1779088248493015	204	232
1779088248493015	204	234
1779088248493016	204	239
1779088248493017	204	240
1779088248493017	204	260
1779088248493018	204	262
1779088248493018	204	335
1779088248493019	204	346
1779088248493019	204	348
1779088248493020	204	352
1779088248493020	204	373
1779088248493021	204	375
1779088248493021	204	380
1779088248493021	204	399
1779088248493022	204	401
1779088248493022	204	406
1779088248493023	204	407
1779088248493023	204	408
1779088248493024	204	416
1779088248493024	204	432
1779088248493025	204	434
1779088248493026	204	442
1779088248493026	204	449
1779088248502551	204	229
1779088248502552	204	239
1779088248502553	204	240
1779088248502553	204	246
1779088248502554	204	247
1779088248502554	204	249
1779088248502555	204	253
1779088248502555	204	257
1779088248502556	204	259
1779088248502556	204	263
1779088248502557	204	266
1779088248502557	204	268
1779088248502558	204	269
1779088248502558	204	273
1779088248502558	204	277
1779088248502559	204	281
1779088248502559	204	283
1779088248502560	204	287
1779088248502560	204	289
1779088248502561	204	293
1779088248502561	204	297
1779088248502562	204	301
1779088248502562	204	309
1779088248502563	204	311
1779088248502563	204	315
1779088248502564	204	316
1779088248502564	204	324
1779088248502565	204	326
1779088248512973	204	211
1779088248512974	204	222
1779088248512975	204	227
1779088248512975	204	228
1779088248512976	204	240
1779088248512976	204	241
1779088248512977	204	243
1779088248512977	204	247
1779088248512978	204	251
1779088248512978	204	253
1779088248512979	204	254
1779088248512979	204	258
1779088248512980	204	262
1779088248512980	204	264
1779088248512981	204	273
1779088248512981	204	321
1779088248512982	204	326
1779088248512982	204	328
1779088248512983	204	332
1779088248512983	204	336
1779088248512983	204	341
1779088248512984	204	343
1779088248512984	204	347
1779088248512985	204	349
1779088248512985	204	353
1779088248512986	204	354
1779088248512986	204	359
1779088248512987	204	370
1779088248512987	204	372
1779088248512988	204	376
1779088248512988	204	377
1779088248512989	204	385
1779088248522454	204	208
1779088248522456	204	226
1779088248522456	204	228
1779088248522457	204	232
1779088248522457	204	236
1779088248522458	204	240
1779088248522458	204	244
1779088248522459	204	253
1779088248522459	204	257
1779088248522460	204	280
1779088248522460	204	283
1779088248522461	204	287
1779088248522461	204	309
1779088248522462	204	312
1779088248522462	204	316
1779088248522463	204	323
1779088248522463	204	325
1779088248522464	204	326
1779088248522464	204	330
1779088248522465	204	352
1779088248522465	204	354
1779088248522466	204	355
1779088248522466	204	359
1779088248522467	204	361
1779088248522467	204	362
1779088248522468	204	369
1779088248522468	204	373
1779088248522469	204	400
1779088248532949	204	210
1779088248532950	204	222
1779088248532951	204	227
1779088248532951	204	231
1779088248532952	204	236
1779088248532952	204	244
1779088248532953	204	248
1779088248532953	204	277
1779088248532954	204	279
1779088248532954	204	286
1779088248532955	204	288
1779088248532955	204	289
1779088248532955	204	300
1779088248532956	204	308
1779088248532956	204	309
1779088248532957	204	387
1779088248532957	204	395
1779088248532958	204	400
1779088248532958	204	437
1779088248532959	204	440
1779088248532959	204	441
1779088248532960	204	442
1779088248532960	204	444
1779088248532961	204	445
1779088248532961	204	447
1779088248532962	204	448
1779088248532962	204	452
1779088248532963	204	456
1779088248532963	204	458
1779088248532964	204	459
1779088248532964	204	467
1779088248532965	204	469
1779088248542509	204	202
1779088248542510	204	210
1779088248542511	204	215
1779088248542511	204	219
1779088248542512	204	223
1779088248542512	204	233
1779088248542513	204	238
1779088248542513	204	247
1779088248542514	204	248
1779088248542514	204	250
1779088248542515	204	258
1779088248542515	204	262
1779088248542516	204	263
1779088248542516	204	265
1779088248542517	204	266
1779088248542517	204	271
1779088248542518	204	272
1779088248542518	204	277
1779088248542519	204	281
1779088248542519	204	285
1779088248542520	204	294
1779088248542520	204	296
1779088248542521	204	297
1779088248542521	204	299
1779088248542522	204	303
1779088248542522	204	304
1779088248542523	204	308
1779088248542523	204	316
1779088248552925	204	194
1779088248552926	204	208
1779088248552927	204	212
1779088248552927	204	214
1779088248552928	204	218
1779088248552928	204	220
1779088248552929	204	224
1779088248552929	204	225
1779088248552930	204	229
1779088248552930	204	234
1779088248552931	204	238
1779088248552931	204	242
1779088248552932	204	246
1779088248552932	204	248
1779088248552933	204	260
1779088248552933	204	302
1779088248552934	204	307
1779088248552934	204	309
1779088248552935	204	313
1779088248552935	204	314
1779088248552936	204	324
1779088248552936	204	326
1779088248552937	204	330
1779088248552937	204	332
1779088248552938	204	333
1779088248552938	204	334
1779088248552939	204	336
1779088248552939	204	337
1779088248552940	204	338
1779088248552940	204	340
1779088248552941	204	341
1779088248562365	204	229
1779088248562367	204	243
1779088248562367	204	248
1779088248562368	204	257
1779088248562368	204	259
1779088248562369	204	261
1779088248562369	204	262
1779088248562370	204	264
1779088248562370	204	268
1779088248562370	204	272
1779088248562371	204	279
1779088248562371	204	283
1779088248562372	204	311
1779088248562372	204	317
1779088248562373	204	318
1779088248562373	204	320
1779088248562374	204	342
1779088248562374	204	344
1779088248562375	204	351
1779088248562375	204	355
1779088248562376	204	357
1779088248562376	204	377
1779088248562377	204	379
1779088248562377	204	384
1779088248562378	204	385
1779088248562378	204	394
1779088248562379	204	401
1779088248562379	204	421
1779088248562380	204	426
1779088248572881	204	179
1779088248572882	204	189
1779088248572882	204	193
1779088248572883	204	197
1779088248572883	204	207
1779088248572884	204	214
1779088248572884	204	215
1779088248572885	204	244
1779088248572885	204	246
1779088248572886	204	248
1779088248572886	204	249
1779088248572887	204	254
1779088248572887	204	261
1779088248572888	204	262
1779088248572889	204	266
1779088248572889	204	349
1779088248572890	204	352
1779088248572890	204	366
1779088248572890	204	375
1779088248572891	204	378
1779088248572891	204	385
1779088248572892	204	387
1779088248572892	204	391
1779088248572893	204	395
1779088248572893	204	403
1779088248572894	204	407
1779088248572894	204	412
1779088248572895	204	413
1779088248572895	204	424
1779088248572896	204	429
1779088248572896	204	438
1779088248582413	204	221
1779088248582414	204	234
1779088248582414	204	236
1779088248582415	204	240
1779088248582415	204	245
1779088248582416	204	246
1779088248582416	204	250
1779088248582417	204	254
1779088248582417	204	266
1779088248582418	204	267
1779088248582418	204	272
1779088248582419	204	276
1779088248582419	204	280
1779088248582420	204	285
1779088248582420	204	294
1779088248582421	204	298
1779088248582421	204	306
1779088248582422	204	311
1779088248582422	204	312
1779088248582423	204	316
1779088248582423	204	323
1779088248582424	204	328
1779088248582424	204	329
1779088248582425	204	330
1779088248582425	204	332
1779088248582426	204	336
1779088248582426	204	340
1779088248582427	204	349
1779088248582427	204	353
1779088248592862	204	211
1779088248592863	204	226
1779088248592864	204	231
1779088248592864	204	235
1779088248592865	204	239
1779088248592865	204	243
1779088248592866	204	245
1779088248592866	204	249
1779088248592867	204	250
1779088248592867	204	255
1779088248592868	204	256
1779088248592868	204	260
1779088248592869	204	264
1779088248592869	204	276
1779088248592870	204	278
1779088248592870	204	328
1779088248592871	204	331
1779088248592871	204	335
1779088248592871	204	337
1779088248592872	204	341
1779088248592872	204	345
1779088248592873	204	356
1779088248592873	204	358
1779088248592874	204	362
1779088248592874	204	364
1779088248592875	204	365
1779088248592875	204	367
1779088248592876	204	371
1779088248592876	204	375
1779088248592877	204	376
1779088248592877	204	384
1779088248602335	204	216
1779088248602336	204	227
1779088248602337	204	229
1779088248602337	204	233
1779088248602338	204	234
1779088248602338	204	241
1779088248602339	204	246
1779088248602339	204	247
1779088248602340	204	249
1779088248602340	204	288
1779088248602341	204	290
1779088248602341	204	292
1779088248602342	204	293
1779088248602342	204	295
1779088248602343	204	296
1779088248602343	204	297
1779088248602343	204	299
1779088248602344	204	300
1779088248602344	204	304
1779088248602345	204	306
1779088248602345	204	313
1779088248602346	204	314
1779088248602346	204	319
1779088248602347	204	320
1779088248602347	204	321
1779088248602348	204	323
1779088248602348	204	324
1779088248602349	204	331
1779088248602349	204	335
1779088248612763	204	196
1779088248612764	204	204
1779088248612765	204	209
1779088248612765	204	212
1779088248612766	204	216
1779088248612766	204	221
1779088248612767	204	230
1779088248612767	204	236
1779088248612768	204	240
1779088248612768	204	249
1779088248612769	204	254
1779088248612769	204	299
1779088248612770	204	302
1779088248612770	204	304
1779088248612771	204	308
1779088248612771	204	387
1779088248612772	204	393
1779088248612772	204	395
1779088248612773	204	398
1779088248612773	204	400
1779088248612774	204	412
1779088248612774	204	415
1779088248612775	204	418
1779088248612775	204	421
1779088248612776	204	426
1779088248612776	204	438
1779088248612777	204	440
1779088248612777	204	441
1779088248612778	204	443
1779088248612778	204	444
1779088248612779	204	448
1779088248622303	204	213
1779088248622305	204	226
1779088248622305	204	228
1779088248622306	204	232
1779088248622306	204	236
1779088248622306	204	240
1779088248622307	204	241
1779088248622307	204	245
1779088248622308	204	247
1779088248622308	204	251
1779088248622309	204	252
1779088248622309	204	256
1779088248622310	204	260
1779088248622310	204	264
1779088248622311	204	268
1779088248622311	204	281
1779088248622312	204	285
1779088248622313	204	286
1779088248622313	204	287
1779088248622314	204	289
1779088248622314	204	294
1779088248622315	204	298
1779088248622315	204	302
1779088248622316	204	303
1779088248622316	204	307
1779088248622317	204	317
1779088248622317	204	321
1779088248622318	204	322
1779088248622318	204	331
1779088248632734	204	188
1779088248632735	204	210
1779088248632736	204	215
1779088248632736	204	219
1779088248632737	204	221
1779088248632737	204	225
1779088248632738	204	229
1779088248632738	204	231
1779088248632739	204	235
1779088248632739	204	236
1779088248632740	204	237
1779088248632740	204	239
1779088248632741	204	243
1779088248632741	204	247
1779088248632742	204	256
1779088248632742	204	317
1779088248632743	204	320
1779088248632743	204	321
1779088248632744	204	326
1779088248632744	204	327
1779088248632744	204	329
1779088248632745	204	330
1779088248632746	204	331
1779088248632746	204	335
1779088248632746	204	340
1779088248632747	204	344
1779088248632747	204	345
1779088248632748	204	346
1779088248632748	204	351
1779088248632749	204	362
1779088248632750	204	363
1779088248643196	204	205
1779088248643197	204	218
1779088248643198	204	223
1779088248643198	204	224
1779088248643199	204	226
1779088248643199	204	230
1779088248643199	204	232
1779088248643200	204	244
1779088248643200	204	248
1779088248643201	204	256
1779088248643201	204	264
1779088248643202	204	290
1779088248643202	204	293
1779088248643203	204	297
1779088248643203	204	305
1779088248643204	204	384
1779088248643204	204	396
1779088248643205	204	399
1779088248643205	204	406
1779088248643206	204	415
1779088248643206	204	416
1779088248643207	204	427
1779088248643207	204	428
1779088248643208	204	430
1779088248643208	204	434
1779088248643209	204	441
1779088248643209	204	446
1779088248643210	204	447
1779088248643210	204	470
1779088248643211	204	472
1779088248643211	204	481
1779088248652771	204	203
1779088248652772	204	214
1779088248652772	204	219
1779088248652773	204	223
1779088248652773	204	227
1779088248652773	204	235
1779088248652774	204	239
1779088248652774	204	241
1779088248652774	204	242
1779088248652775	204	244
1779088248652775	204	245
1779088248652776	204	250
1779088248652776	204	263
1779088248652776	204	265
1779088248652777	204	270
1779088248652777	204	274
1779088248652777	204	278
1779088248652778	204	280
1779088248652778	204	281
1779088248652779	204	285
1779088248652779	204	287
1779088248652779	204	292
1779088248652780	204	296
1779088248652780	204	300
1779088248652781	204	305
1779088248652781	204	316
1779088248652781	204	321
1779088248652782	204	323
1779088248652782	204	330
1779088248663191	204	199
1779088248663192	204	210
1779088248663193	204	212
1779088248663193	204	213
1779088248663194	204	217
1779088248663194	204	218
1779088248663195	204	221
1779088248663195	204	223
1779088248663196	204	232
1779088248663196	204	236
1779088248663197	204	238
1779088248663197	204	239
1779088248663198	204	241
1779088248663198	204	250
1779088248663199	204	252
1779088248663199	204	298
1779088248663200	204	303
1779088248663200	204	307
1779088248663201	204	317
1779088248663201	204	321
1779088248663202	204	323
1779088248663202	204	324
1779088248663203	204	326
1779088248663203	204	331
1779088248663204	204	332
1779088248663204	204	337
1779088248663205	204	340
1779088248663205	204	342
1779088248663206	204	350
1779088248663206	204	351
1779088248663207	204	353
1779088248672646	204	237
1779088248672648	204	249
1779088248672649	204	253
1779088248672649	204	258
1779088248672650	204	268
1779088248672651	204	269
1779088248672652	204	273
1779088248672652	204	281
1779088248672653	204	288
1779088248672654	204	289
1779088248672655	204	290
1779088248672655	204	301
1779088248672656	204	303
1779088248672657	204	307
1779088248672658	204	318
1779088248672659	204	322
1779088248672659	204	349
1779088248672660	204	352
1779088248672661	204	353
1779088248672662	204	357
1779088248672663	204	358
1779088248672663	204	359
1779088248672664	204	360
1779088248672665	204	361
1779088248672666	204	377
1779088248672667	204	384
1779088248672667	204	388
1779088248672668	204	400
1779088248672669	204	405
1779088248683148	204	158
1779088248683149	204	171
1779088248683149	204	175
1779088248683150	204	179
1779088248683150	204	180
1779088248683151	204	181
1779088248683151	204	190
1779088248683152	204	217
1779088248683152	204	219
1779088248683153	204	221
1779088248683153	204	222
1779088248683154	204	223
1779088248683154	204	225
1779088248683155	204	226
1779088248683155	204	243
1779088248683156	204	299
1779088248683156	204	301
1779088248683157	204	303
1779088248683157	204	312
1779088248683158	204	313
1779088248683158	204	317
1779088248683159	204	319
1779088248683159	204	329
1779088248683160	204	331
1779088248683160	204	338
1779088248683161	204	340
1779088248683161	204	341
1779088248683162	204	352
1779088248683162	204	354
1779088248683163	204	358
1779088248683163	204	380
1779088248692621	204	222
1779088248692622	204	235
1779088248692623	204	236
1779088248692623	204	241
1779088248692624	204	249
1779088248692624	204	251
1779088248692625	204	252
1779088248692626	204	256
1779088248692626	204	257
1779088248692627	204	259
1779088248692627	204	263
1779088248692628	204	267
1779088248692628	204	276
1779088248692629	204	281
1779088248692629	204	282
1779088248692630	204	291
1779088248692630	204	292
1779088248692631	204	297
1779088248692631	204	298
1779088248692632	204	302
1779088248692632	204	304
1779088248692633	204	308
1779088248692633	204	309
1779088248692634	204	318
1779088248692634	204	323
1779088248692635	204	327
1779088248692635	204	335
1779088248692636	204	340
1779088248692636	204	341
1779088248703055	204	157
1779088248703056	204	164
1779088248703056	204	165
1779088248703057	204	169
1779088248703057	204	173
1779088248703058	204	176
1779088248703058	204	177
1779088248703059	204	180
1779088248703059	204	182
1779088248703060	204	185
1779088248703060	204	189
1779088248703061	204	200
1779088248703061	204	204
1779088248703062	204	206
1779088248703062	204	213
1779088248703063	204	258
1779088248703063	204	263
1779088248703064	204	264
1779088248703064	204	269
1779088248703065	204	270
1779088248703065	204	272
1779088248703066	204	274
1779088248703066	204	278
1779088248703067	204	282
1779088248703067	204	292
1779088248703068	204	294
1779088248703068	204	295
1779088248703068	204	296
1779088248703069	204	300
1779088248703069	204	308
1779088248703070	204	310
1779088248712459	204	214
1779088248712460	204	224
1779088248712461	204	228
1779088248712461	204	233
1779088248712462	204	243
1779088248712462	204	247
1779088248712463	204	255
1779088248712463	204	275
1779088248712464	204	277
1779088248712464	204	279
1779088248712465	204	280
1779088248712465	204	282
1779088248712466	204	286
1779088248712466	204	294
1779088248712467	204	296
1779088248712467	204	297
1779088248712468	204	301
1779088248712468	204	321
1779088248712469	204	323
1779088248712469	204	328
1779088248712469	204	329
1779088248712470	204	331
1779088248712470	204	338
1779088248712471	204	346
1779088248712471	204	364
1779088248712472	204	370
1779088248712472	204	371
1779088248712473	204	390
1779088248722952	204	218
1779088248722954	204	231
1779088248722954	204	236
1779088248722955	204	237
1779088248722955	204	242
1779088248722956	204	246
1779088248722957	204	247
1779088248722957	204	259
1779088248722958	204	263
1779088248722958	204	275
1779088248722959	204	276
1779088248722959	204	278
1779088248722960	204	279
1779088248722960	204	283
1779088248722961	204	295
1779088248722961	204	386
1779088248722962	204	388
1779088248722962	204	389
1779088248722963	204	391
1779088248722963	204	392
1779088248722964	204	394
1779088248722964	204	395
1779088248722965	204	399
1779088248722965	204	408
1779088248722966	204	410
1779088248722966	204	411
1779088248722967	204	415
1779088248722967	204	416
1779088248722968	204	418
1779088248722968	204	425
1779088248722969	204	431
1779088248722969	204	433
1779088248732477	204	198
1779088248732478	204	208
1779088248732479	204	209
1779088248732479	204	210
1779088248732480	204	214
1779088248732480	204	220
1779088248732481	204	224
1779088248732481	204	242
1779088248732481	204	244
1779088248732482	204	249
1779088248732482	204	251
1779088248732483	204	255
1779088248732483	204	259
1779088248732484	204	269
1779088248732484	204	274
1779088248732485	204	279
1779088248732485	204	288
1779088248732486	204	289
1779088248732486	204	294
1779088248732487	204	298
1779088248732487	204	302
1779088248732488	204	306
1779088248732488	204	315
1779088248732489	204	320
1779088248732489	204	324
1779088248732490	204	326
1779088248732490	204	330
1779088248732491	204	351
1779088248742929	204	214
1779088248742931	204	229
1779088248742931	204	231
1779088248742932	204	232
1779088248742932	204	236
1779088248742933	204	240
1779088248742933	204	244
1779088248742934	204	248
1779088248742934	204	252
1779088248742935	204	256
1779088248742935	204	261
1779088248742936	204	262
1779088248742936	204	263
1779088248742937	204	267
1779088248742937	204	280
1779088248742938	204	329
1779088248742938	204	334
1779088248742939	204	338
1779088248742939	204	342
1779088248742940	204	351
1779088248742940	204	352
1779088248742941	204	356
1779088248742941	204	358
1779088248742942	204	359
1779088248742942	204	367
1779088248742943	204	368
1779088248742943	204	374
1779088248742944	204	376
1779088248742944	204	377
1779088248742945	204	378
1779088248742945	204	382
1779088248752411	204	305
1779088248752412	204	324
1779088248752412	204	327
1779088248752413	204	333
1779088248752414	204	339
1779088248752414	204	341
1779088248752414	204	362
1779088248752415	204	368
1779088248752415	204	380
1779088248752416	204	383
1779088248752416	204	385
1779088248752417	204	391
1779088248752417	204	393
1779088248752418	204	394
1779088248752418	204	395
1779088248752419	204	396
1779088248752419	204	397
1779088248752420	204	403
1779088248752421	204	405
1779088248752421	204	406
1779088248752422	204	409
1779088248752422	204	411
1779088248752423	204	422
1779088248752423	204	424
1779088248752424	204	440
1779088248752425	204	442
1779088248752425	204	444
1779088248752426	204	446
1779088248752427	204	447
1779088248762957	204	190
1779088248762959	204	200
1779088248762959	204	204
1779088248762960	204	208
1779088248762960	204	210
1779088248762961	204	211
1779088248762961	204	214
1779088248762962	204	225
1779088248762962	204	226
1779088248762963	204	230
1779088248762963	204	231
1779088248762964	204	240
1779088248762965	204	244
1779088248762965	204	245
1779088248762966	204	254
1779088248762966	204	307
1779088248762967	204	312
1779088248762967	204	316
1779088248762968	204	321
1779088248762968	204	325
1779088248762969	204	329
1779088248762969	204	333
1779088248762970	204	334
1779088248762970	204	339
1779088248762971	204	341
1779088248762971	204	342
1779088248762972	204	343
1779088248762972	204	347
1779088248762973	204	352
1779088248762973	204	368
1779088248762974	204	371
1779088248762974	204	374
1779088248772439	204	210
1779088248772441	204	233
1779088248772441	204	241
1779088248772442	204	249
1779088248772442	204	252
1779088248772443	204	269
1779088248772443	204	277
1779088248772444	204	281
1779088248772444	204	283
1779088248772445	204	286
1779088248772445	204	293
1779088248772446	204	296
1779088248772446	204	303
1779088248772447	204	306
1779088248772447	204	320
1779088248772448	204	382
1779088248772448	204	399
1779088248772449	204	402
1779088248772449	204	405
1779088248772450	204	408
1779088248772451	204	410
1779088248772451	204	412
1779088248772452	204	419
1779088248772452	204	435
1779088248772453	204	437
1779088248772453	204	438
1779088248772454	204	439
1779088248772454	204	441
1779088248782976	204	210
1779088248782978	204	223
1779088248782979	204	228
1779088248782979	204	232
1779088248782980	204	236
1779088248782981	204	240
1779088248782981	204	244
1779088248782982	204	248
1779088248782982	204	253
1779088248782982	204	258
1779088248782983	204	262
1779088248782984	204	274
1779088248782984	204	276
1779088248782985	204	281
1779088248782985	204	284
1779088248782986	204	342
1779088248782986	204	354
1779088248782987	204	358
1779088248782987	204	360
1779088248782988	204	364
1779088248782988	204	365
1779088248782989	204	369
1779088248782989	204	374
1779088248782990	204	383
1779088248782990	204	388
1779088248782991	204	396
1779088248782991	204	397
1779088248782992	204	399
1779088248782992	204	404
1779088248782993	204	405
1779088248782993	204	408
1779088248782994	204	421
1779088248792501	204	196
1779088248792503	204	216
1779088248792503	204	219
1779088248792504	204	226
1779088248792504	204	234
1779088248792505	204	237
1779088248792505	204	244
1779088248792506	204	259
1779088248792506	204	263
1779088248792507	204	266
1779088248792507	204	273
1779088248792508	204	287
1779088248792508	204	301
1779088248792509	204	304
1779088248792509	204	306
1779088248792510	204	360
1779088248792510	204	376
1779088248792511	204	379
1779088248792511	204	382
1779088248792511	204	389
1779088248792513	204	392
1779088248792513	204	399
1779088248792514	204	402
1779088248792514	204	405
1779088248792515	204	407
1779088248792515	204	414
1779088248792515	204	417
1779088248792516	204	432
1779088248803039	204	200
1779088248803040	204	213
1779088248803040	204	218
1779088248803041	204	219
1779088248803041	204	220
1779088248803042	204	225
1779088248803042	204	226
1779088248803043	204	228
1779088248803043	204	233
1779088248803044	204	234
1779088248803044	204	235
1779088248803045	204	240
1779088248803045	204	241
1779088248803046	204	245
1779088248803046	204	256
1779088248803047	204	317
1779088248803047	204	320
1779088248803048	204	322
1779088248803048	204	326
1779088248803049	204	327
1779088248803049	204	328
1779088248803050	204	332
1779088248803050	204	336
1779088248803051	204	346
1779088248803051	204	350
1779088248803052	204	352
1779088248803052	204	363
1779088248803053	204	365
1779088248803053	204	366
1779088248803054	204	368
1779088248803054	204	374
1779088248803055	204	376
1779088248812509	204	197
1779088248812510	204	216
1779088248812510	204	220
1779088248812511	204	227
1779088248812511	204	241
1779088248812512	204	244
1779088248812512	204	246
1779088248812513	204	254
1779088248812513	204	257
1779088248812514	204	259
1779088248812514	204	262
1779088248812515	204	269
1779088248812515	204	283
1779088248812516	204	286
1779088248812516	204	293
1779088248812517	204	372
1779088248812517	204	382
1779088248812518	204	385
1779088248812518	204	394
1779088248812519	204	402
1779088248812519	204	404
1779088248812520	204	406
1779088248812520	204	409
1779088248812521	204	411
1779088248812521	204	419
1779088248812522	204	423
1779088248812522	204	433
1779088248812523	204	435
1779088248823052	204	212
1779088248823053	204	227
1779088248823054	204	229
1779088248823055	204	233
1779088248823055	204	235
1779088248823055	204	238
1779088248823056	204	242
1779088248823056	204	247
1779088248823057	204	248
1779088248823057	204	250
1779088248823058	204	251
1779088248823058	204	255
1779088248823059	204	257
1779088248823059	204	258
1779088248823060	204	273
1779088248823060	204	321
1779088248823061	204	323
1779088248823061	204	325
1779088248823062	204	329
1779088248823062	204	331
1779088248823063	204	335
1779088248823063	204	336
1779088248823064	204	338
1779088248823064	204	339
1779088248823065	204	343
1779088248823065	204	347
1779088248823066	204	349
1779088248823066	204	352
1779088248823067	204	354
1779088248823067	204	357
1779088248823068	204	372
1779088248823069	204	375
1779088248832528	204	302
1779088248832529	204	312
1779088248832530	204	319
1779088248832531	204	326
1779088248832531	204	333
1779088248832532	204	335
1779088248832533	204	342
1779088248832534	204	358
1779088248832534	204	365
1779088248832535	204	377
1779088248832536	204	382
1779088248832536	204	383
1779088248832537	204	390
1779088248832538	204	394
1779088248832538	204	395
1779088248832539	204	414
1779088248832540	204	423
1779088248832541	204	427
1779088248832541	204	448
1779088248832542	204	452
1779088248832543	204	454
1779088248832543	204	461
1779088248832544	204	468
1779088248832545	204	501
1779088248832546	204	506
1779088248832546	204	528
1779088248832547	204	532
1779088248832548	204	533
1779088248843136	204	216
1779088248843138	204	238
1779088248843139	204	246
1779088248843139	204	253
1779088248843139	204	260
1779088248843140	204	268
1779088248843140	204	271
1779088248843140	204	273
1779088248843141	204	276
1779088248843141	204	279
1779088248843142	204	297
1779088248843142	204	300
1779088248843143	204	303
1779088248843143	204	306
1779088248843143	204	309
1779088248843144	204	316
1779088248843144	204	322
1779088248843144	204	325
1779088248843145	204	333
1779088248843145	204	341
1779088248843146	204	343
1779088248843146	204	346
1779088248843146	204	349
1779088248843147	204	356
1779088248843147	204	363
1779088248843148	204	370
1779088248843148	204	385
1779088248843148	204	402
1779088248843149	204	405
1779088248843149	204	408
1779088248843149	204	410
1779088248843150	204	413
1779088248852662	204	282
1779088248852664	204	380
1779088248852665	204	393
1779088248852665	204	398
1779088248852667	204	399
1779088248852667	204	403
1779088248852668	204	404
1779088248852669	204	407
1779088248852670	204	408
1779088248852671	204	412
1779088248852672	204	413
1779088248852672	204	414
1779088248852673	204	418
1779088248852674	204	421
1779088248852675	204	438
1779088248852676	204	494
1779088248852677	204	507
1779088248852677	204	509
1779088248852678	204	511
1779088248852679	204	513
1779088248852680	204	519
1779088248852681	204	526
1779088248852682	204	529
1779088248852683	204	539
1779088248852683	204	547
1779088248852684	204	549
1779088248852685	204	551
1779088248852686	204	554
1779088248852687	204	555
1779088248862322	204	190
1779088248862323	204	208
1779088248862324	204	216
1779088248862325	204	223
1779088248862325	204	231
1779088248862326	204	234
1779088248862326	204	241
1779088248862327	204	248
1779088248862327	204	267
1779088248862328	204	276
1779088248862328	204	279
1779088248862329	204	287
1779088248862329	204	290
1779088248862330	204	304
1779088248862330	204	307
1779088248862331	204	371
1779088248862331	204	380
1779088248862332	204	388
1779088248862332	204	395
1779088248862333	204	411
1779088248862333	204	415
1779088248862334	204	422
1779088248862334	204	425
1779088248862335	204	428
1779088248862335	204	430
1779088248862336	204	432
1779088248862336	204	435
1779088248862337	204	437
1779088248862337	204	439
1779088248872860	204	214
1779088248872861	204	228
1779088248872862	204	232
1779088248872863	204	233
1779088248872863	204	238
1779088248872864	204	242
1779088248872864	204	253
1779088248872864	204	255
1779088248872865	204	259
1779088248872865	204	261
1779088248872866	204	265
1779088248872866	204	266
1779088248872867	204	271
1779088248872868	204	272
1779088248872869	204	280
1779088248872869	204	329
1779088248872870	204	337
1779088248872870	204	339
1779088248872871	204	343
1779088248872871	204	348
1779088248872872	204	353
1779088248872872	204	356
1779088248872873	204	358
1779088248872873	204	362
1779088248872874	204	366
1779088248872874	204	370
1779088248872875	204	379
1779088248872875	204	381
1779088248872876	204	385
1779088248872876	204	389
1779088248872877	204	401
1779088248882364	204	192
1779088248882365	204	213
1779088248882366	204	221
1779088248882367	204	229
1779088248882367	204	232
1779088248882368	204	235
1779088248882368	204	242
1779088248882368	204	250
1779088248882369	204	265
1779088248882370	204	269
1779088248882370	204	276
1779088248882371	204	279
1779088248882371	204	282
1779088248882372	204	290
1779088248882372	204	305
1779088248882373	204	373
1779088248882373	204	377
1779088248882374	204	394
1779088248882375	204	398
1779088248882375	204	400
1779088248882376	204	403
1779088248882376	204	405
1779088248882377	204	413
1779088248882377	204	421
1779088248882378	204	424
1779088248882378	204	426
1779088248882379	204	434
1779088248882380	204	441
1779088248882380	204	455
1779088248892921	204	212
1779088248892922	204	226
1779088248892923	204	231
1779088248892924	204	235
1779088248892924	204	240
1779088248892925	204	244
1779088248892925	204	245
1779088248892926	204	250
1779088248892926	204	251
1779088248892927	204	253
1779088248892927	204	257
1779088248892928	204	261
1779088248892928	204	275
1779088248892929	204	282
1779088248892929	204	285
1779088248892930	204	330
1779088248892930	204	338
1779088248892931	204	340
1779088248892931	204	345
1779088248892932	204	346
1779088248892932	204	351
1779088248892933	204	356
1779088248892933	204	359
1779088248892934	204	361
1779088248892934	204	365
1779088248892935	204	369
1779088248892935	204	370
1779088248892935	204	374
1779088248892936	204	379
1779088248892936	204	383
1779088248892937	204	398
1779088248902416	204	187
1779088248902417	204	201
1779088248902418	204	209
1779088248902419	204	216
1779088248902419	204	225
1779088248902420	204	232
1779088248902420	204	235
1779088248902420	204	243
1779088248902421	204	250
1779088248902421	204	265
1779088248902422	204	274
1779088248902422	204	281
1779088248902423	204	284
1779088248902423	204	286
1779088248902424	204	303
1779088248902424	204	354
1779088248902425	204	364
1779088248902425	204	367
1779088248902426	204	376
1779088248902426	204	379
1779088248902427	204	386
1779088248902427	204	394
1779088248902428	204	397
1779088248902428	204	405
1779088248902429	204	408
1779088248902429	204	410
1779088248902430	204	413
1779088248902430	204	420
1779088248902431	204	436
1779088248912951	204	297
1779088248912953	204	317
1779088248912954	204	322
1779088248912954	204	324
1779088248912955	204	332
1779088248912955	204	333
1779088248912956	204	338
1779088248912956	204	339
1779088248912956	204	352
1779088248912957	204	360
1779088248912957	204	362
1779088248912958	204	383
1779088248912958	204	385
1779088248912959	204	389
1779088248912959	204	391
1779088248912960	204	401
1779088248912960	204	425
1779088248912961	204	427
1779088248912961	204	428
1779088248912962	204	436
1779088248912962	204	440
1779088248912963	204	467
1779088248912963	204	469
1779088248912964	204	473
1779088248912964	204	496
1779088248912965	204	498
1779088248912965	204	500
1779088248912966	204	501
1779088248912966	204	509
1779088248912967	204	518
1779088248912967	204	522
1779088248912968	204	530
1779088248922574	204	199
1779088248922575	204	207
1779088248922576	204	211
1779088248922576	204	215
1779088248922577	204	219
1779088248922577	204	223
1779088248922578	204	228
1779088248922578	204	239
1779088248922579	204	241
1779088248922579	204	245
1779088248922580	204	246
1779088248922580	204	250
1779088248922581	204	255
1779088248922581	204	256
1779088248922582	204	257
1779088248922582	204	266
1779088248922583	204	271
1779088248922583	204	272
1779088248922584	204	276
1779088248922584	204	285
1779088248922585	204	286
1779088248922585	204	290
1779088248922586	204	294
1779088248922586	204	298
1779088248922587	204	303
1779088248922587	204	312
1779088248922588	204	316
1779088248922588	204	327
1779088248932999	204	207
1779088248933000	204	217
1779088248933001	204	222
1779088248933001	204	226
1779088248933002	204	228
1779088248933002	204	232
1779088248933003	204	233
1779088248933003	204	237
1779088248933004	204	241
1779088248933004	204	242
1779088248933005	204	246
1779088248933005	204	250
1779088248933006	204	252
1779088248933006	204	255
1779088248933007	204	268
1779088248933007	204	320
1779088248933008	204	328
1779088248933008	204	334
1779088248933009	204	338
1779088248933010	204	342
1779088248933010	204	347
1779088248933011	204	354
1779088248933011	204	359
1779088248933011	204	360
1779088248933012	204	362
1779088248933012	204	363
1779088248933013	204	372
1779088248933013	204	376
1779088248933014	204	378
1779088248933014	204	382
1779088248933015	204	384
1779088248933015	204	397
1779088248942490	204	180
1779088248942491	204	198
1779088248942491	204	215
1779088248942492	204	218
1779088248942492	204	226
1779088248942493	204	240
1779088248942493	204	244
1779088248942494	204	246
1779088248942494	204	254
1779088248942495	204	256
1779088248942495	204	264
1779088248942496	204	267
1779088248942496	204	274
1779088248942497	204	287
1779088248942497	204	290
1779088248942498	204	356
1779088248942498	204	372
1779088248942499	204	376
1779088248942499	204	379
1779088248942500	204	382
1779088248942500	204	389
1779088248942501	204	392
1779088248942501	204	399
1779088248942502	204	406
1779088248942502	204	423
1779088248942503	204	427
1779088248942503	204	429
1779088248942504	204	430
1779088248953015	204	210
1779088248953016	204	223
1779088248953017	204	228
1779088248953017	204	229
1779088248953018	204	231
1779088248953018	204	235
1779088248953019	204	239
1779088248953019	204	244
1779088248953020	204	248
1779088248953020	204	249
1779088248953021	204	253
1779088248953021	204	261
1779088248953022	204	264
1779088248953022	204	281
1779088248953023	204	285
1779088248953023	204	292
1779088248953023	204	303
1779088248953024	204	305
1779088248953024	204	309
1779088248953025	204	316
1779088248953025	204	318
1779088248953026	204	322
1779088248953026	204	330
1779088248953027	204	332
1779088248953027	204	341
1779088248953028	204	345
1779088248953038	204	340
1779088248953039	204	342
1779088248953039	204	356
1779088248953040	204	360
1779088248953040	204	362
1779088248953041	204	365
1779088248962484	204	187
1779088248962485	204	204
1779088248962486	204	212
1779088248962486	204	219
1779088248962487	204	227
1779088248962488	204	230
1779088248962488	204	237
1779088248962488	204	250
1779088248962489	204	258
1779088248962489	204	261
1779088248962490	204	263
1779088248962490	204	266
1779088248962491	204	268
1779088248962491	204	284
1779088248962492	204	291
1779088248962492	204	357
1779088248962493	204	367
1779088248962493	204	370
1779088248962494	204	378
1779088248962494	204	381
1779088248962495	204	388
1779088248962495	204	396
1779088248962496	204	399
1779088248962496	204	406
1779088248962497	204	409
1779088248962497	204	411
1779088248962498	204	418
1779088248962498	204	434
1779088248973013	204	209
1779088248973014	204	222
1779088248973014	204	226
1779088248973015	204	230
1779088248973015	204	232
1779088248973016	204	235
1779088248973017	204	237
1779088248973017	204	238
1779088248973018	204	240
1779088248973018	204	244
1779088248973019	204	248
1779088248973019	204	249
1779088248973020	204	254
1779088248973020	204	266
1779088248973021	204	269
1779088248973021	204	324
1779088248973022	204	330
1779088248973022	204	331
1779088248973023	204	333
1779088248973023	204	337
1779088248973024	204	341
1779088248973024	204	345
1779088248973025	204	346
1779088248973025	204	347
1779088248973026	204	351
1779088248973026	204	355
1779088248973027	204	360
1779088248973027	204	376
1779088248973028	204	380
1779088248973039	204	372
1779088248973039	204	374
1779088248973040	204	377
1779088248982499	204	204
1779088248982500	204	219
1779088248982501	204	228
1779088248982501	204	231
1779088248982502	204	233
1779088248982502	204	241
1779088248982503	204	244
1779088248982503	204	247
1779088248982504	204	249
1779088248982504	204	252
1779088248982505	204	259
1779088248982505	204	267
1779088248982506	204	274
1779088248982506	204	281
1779088248982507	204	298
1779088248982507	204	357
1779088248982508	204	361
1779088248982508	204	370
1779088248982509	204	377
1779088248982509	204	385
1779088248982510	204	402
1779088248982510	204	415
1779088248982511	204	418
1779088248982511	204	426
1779088248982512	204	433
1779088248982512	204	436
1779088248982513	204	442
1779088248982513	204	457
1779088248993064	204	296
1779088248993065	204	308
1779088248993066	204	319
1779088248993067	204	321
1779088248993067	204	325
1779088248993068	204	332
1779088248993069	204	335
1779088248993070	204	337
1779088248993071	204	362
1779088248993071	204	364
1779088248993072	204	365
1779088248993073	204	369
1779088248993073	204	377
1779088248993074	204	382
1779088248993075	204	407
1779088248993075	204	409
1779088248993076	204	411
1779088248993076	204	415
1779088248993077	204	435
1779088248993077	204	437
1779088248993078	204	439
1779088248993078	204	443
1779088248993079	204	454
1779088248993079	204	461
1779088248993080	204	463
1779088248993080	204	487
1779088248993081	204	492
1779088248993081	204	499
1779088248993082	204	503
1779088248993082	204	527
1779088248993083	204	532
1779088248993083	204	533
1779088249002694	204	186
1779088249002695	204	196
1779088249002696	204	197
1779088249002696	204	199
1779088249002697	204	202
1779088249002697	204	206
1779088249002698	204	207
1779088249002698	204	218
1779088249002699	204	222
1779088249002699	204	224
1779088249002700	204	225
1779088249002700	204	229
1779088249002701	204	233
1779088249002701	204	242
1779088249002702	204	246
1779088249002702	204	293
1779088249002703	204	295
1779088249002703	204	300
1779088249002704	204	304
1779088249002704	204	305
1779088249002705	204	307
1779088249002705	204	308
1779088249002706	204	309
1779088249002706	204	314
1779088249002707	204	318
1779088249002707	204	335
1779088249002708	204	341
1779088249002708	204	357
1779088249002709	204	361
1779088249013151	204	196
1779088249013152	204	214
1779088249013153	204	218
1779088249013153	204	226
1779088249013154	204	233
1779088249013154	204	240
1779088249013155	204	260
1779088249013155	204	272
1779088249013156	204	275
1779088249013156	204	277
1779088249013157	204	285
1779088249013157	204	288
1779088249013157	204	302
1779088249013158	204	305
1779088249013158	204	307
1779088249013159	204	365
1779088249013159	204	375
1779088249013160	204	379
1779088249013160	204	381
1779088249013161	204	389
1779088249013161	204	397
1779088249013162	204	400
1779088249013162	204	408
1779088249013163	204	416
1779088249013163	204	433
1779088249013164	204	436
1779088249013164	204	443
1779088249013165	204	446
1779088249013165	204	448
1779088249013166	204	451
1779088249013166	204	453
1779088249022699	204	190
1779088249022700	204	206
1779088249022701	204	210
1779088249022701	204	215
1779088249022702	204	223
1779088249022702	204	224
1779088249022703	204	226
1779088249022703	204	230
1779088249022704	204	234
1779088249022704	204	235
1779088249022705	204	239
1779088249022705	204	256
1779088249022706	204	259
1779088249022706	204	262
1779088249022707	204	264
1779088249022707	204	272
1779088249022708	204	274
1779088249022708	204	276
1779088249022709	204	280
1779088249022709	204	290
1779088249022710	204	292
1779088249022710	204	296
1779088249022711	204	297
1779088249022711	204	299
1779088249022712	204	303
1779088249022712	204	306
1779088249022713	204	331
1779088249022713	204	334
1779088249022714	204	337
1779088249033135	204	214
1779088249033137	204	235
1779088249033137	204	244
1779088249033138	204	247
1779088249033138	204	254
1779088249033139	204	262
1779088249033139	204	270
1779088249033140	204	278
1779088249033140	204	286
1779088249033141	204	289
1779088249033141	204	292
1779088249033142	204	299
1779088249033142	204	318
1779088249033143	204	325
1779088249033143	204	328
1779088249033144	204	404
1779088249033144	204	414
1779088249033145	204	423
1779088249033145	204	426
1779088249033146	204	434
1779088249033146	204	442
1779088249033147	204	449
1779088249033147	204	452
1779088249033148	204	460
1779088249033148	204	463
1779088249033149	204	466
1779088249033149	204	474
1779088249033150	204	482
1779088249033150	204	490
1779088249033151	204	496
1779088249033151	204	514
1779088249042750	204	225
1779088249042751	204	236
1779088249042751	204	240
1779088249042752	204	244
1779088249042752	204	246
1779088249042753	204	250
1779088249042753	204	254
1779088249042754	204	255
1779088249042754	204	257
1779088249042755	204	263
1779088249042755	204	269
1779088249042756	204	289
1779088249042756	204	292
1779088249042757	204	298
1779088249042757	204	301
1779088249042758	204	309
1779088249042758	204	314
1779088249042759	204	318
1779088249042759	204	322
1779088249042760	204	326
1779088249042760	204	328
1779088249042761	204	329
1779088249042761	204	330
1779088249042762	204	332
1779088249042762	204	337
1779088249042763	204	343
1779088249042763	204	344
1779088249042764	204	348
1779088249042764	204	354
1779088249053194	204	161
1779088249053195	204	168
1779088249053196	204	169
1779088249053196	204	173
1779088249053197	204	177
1779088249053197	204	180
1779088249053197	204	181
1779088249053198	204	185
1779088249053198	204	189
1779088249053199	204	199
1779088249053199	204	202
1779088249053200	204	207
1779088249053200	204	208
1779088249053201	204	216
1779088249053201	204	220
1779088249053202	204	272
1779088249053202	204	283
1779088249053203	204	291
1779088249053203	204	293
1779088249053204	204	294
1779088249053204	204	295
1779088249053205	204	299
1779088249053205	204	303
1779088249053206	204	305
1779088249053206	204	306
1779088249053207	204	311
1779088249053207	204	317
1779088249053208	204	320
1779088249053208	204	327
1779088249053209	204	343
1779088249053209	204	346
1779088249062635	204	192
1779088249062636	204	205
1779088249062636	204	208
1779088249062637	204	215
1779088249062637	204	218
1779088249062638	204	225
1779088249062639	204	228
1779088249062639	204	231
1779088249062640	204	238
1779088249062640	204	246
1779088249062641	204	253
1779088249062641	204	255
1779088249062642	204	269
1779088249062642	204	272
1779088249062643	204	275
1779088249062643	204	328
1779088249062644	204	343
1779088249062644	204	346
1779088249062644	204	354
1779088249062645	204	361
1779088249062645	204	378
1779088249062646	204	397
1779088249062646	204	405
1779088249062647	204	408
1779088249062647	204	424
1779088249062648	204	432
1779088249062648	204	435
1779088249062649	204	437
1779088249062649	204	440
1779088249073173	204	273
1779088249073174	204	284
1779088249073175	204	296
1779088249073175	204	301
1779088249073176	204	302
1779088249073176	204	304
1779088249073177	204	311
1779088249073177	204	315
1779088249073178	204	344
1779088249073178	204	347
1779088249073179	204	351
1779088249073179	204	362
1779088249073180	204	363
1779088249073180	204	365
1779088249073181	204	367
1779088249073181	204	431
1779088249073182	204	442
1779088249073182	204	450
1779088249073183	204	462
1779088249073183	204	464
1779088249073184	204	471
1779088249073184	204	473
1779088249073185	204	476
1779088249073185	204	478
1779088249073186	204	485
1779088249073186	204	492
1779088249073187	204	498
1779088249073187	204	510
1779088249073188	204	517
1779088249073188	204	519
1779088249073189	204	522
1779088249082786	204	203
1779088249082787	204	218
1779088249082788	204	221
1779088249082788	204	228
1779088249082789	204	231
1779088249082789	204	233
1779088249082790	204	250
1779088249082790	204	257
1779088249082791	204	259
1779088249082791	204	265
1779088249082792	204	271
1779088249082792	204	273
1779088249082793	204	279
1779088249082793	204	304
1779088249082794	204	307
1779088249082794	204	319
1779088249082795	204	321
1779088249082795	204	328
1779088249082796	204	335
1779088249082796	204	342
1779088249082797	204	345
1779088249082797	204	347
1779088249082798	204	350
1779088249082798	204	357
1779088249082799	204	364
1779088249082799	204	366
1779088249082800	204	369
1779088249082800	204	371
1779088249082801	204	395
1779088249093288	204	217
1779088249093290	204	231
1779088249093290	204	234
1779088249093291	204	236
1779088249093291	204	242
1779088249093292	204	244
1779088249093292	204	251
1779088249093293	204	254
1779088249093293	204	257
1779088249093294	204	264
1779088249093294	204	266
1779088249093295	204	273
1779088249093295	204	276
1779088249093296	204	282
1779088249093296	204	301
1779088249093297	204	308
1779088249093297	204	322
1779088249093298	204	330
1779088249093298	204	333
1779088249093299	204	339
1779088249093299	204	347
1779088249093300	204	349
1779088249093300	204	352
1779088249093301	204	359
1779088249093301	204	361
1779088249093302	204	368
1779088249093302	204	371
1779088249093303	204	373
1779088249093303	204	380
1779088249093304	204	383
1779088249093304	204	389
1779088249093305	204	404
1779088249102789	204	171
1779088249102790	204	184
1779088249102790	204	190
1779088249102791	204	192
1779088249102791	204	199
1779088249102792	204	205
1779088249102792	204	212
1779088249102793	204	214
1779088249102793	204	216
1779088249102794	204	223
1779088249102794	204	230
1779088249102795	204	249
1779088249102795	204	256
1779088249102796	204	263
1779088249102796	204	281
1779088249102797	204	289
1779088249102797	204	291
1779088249102798	204	294
1779088249102798	204	301
1779088249102799	204	304
1779088249102799	204	311
1779088249102800	204	314
1779088249102800	204	317
1779088249102801	204	319
1779088249102801	204	322
1779088249102801	204	325
1779088249102802	204	338
1779088249102802	204	341
1779088249113234	204	211
1779088249113236	204	223
1779088249113236	204	230
1779088249113237	204	233
1779088249113237	204	235
1779088249113238	204	242
1779088249113238	204	244
1779088249113239	204	251
1779088249113239	204	258
1779088249113240	204	265
1779088249113240	204	271
1779088249113241	204	278
1779088249113241	204	285
1779088249113242	204	292
1779088249113242	204	310
1779088249113243	204	324
1779088249113243	204	327
1779088249113244	204	329
1779088249113244	204	332
1779088249113245	204	335
1779088249113245	204	337
1779088249113246	204	340
1779088249113246	204	347
1779088249113247	204	350
1779088249113247	204	357
1779088249113248	204	363
1779088249113248	204	366
1779088249113249	204	380
1779088249113249	204	383
1779088249113250	204	385
1779088249113250	204	388
1779088249122730	204	209
1779088249122732	204	225
1779088249122732	204	232
1779088249122733	204	238
1779088249122734	204	254
1779088249122735	204	260
1779088249122735	204	262
1779088249122736	204	264
1779088249122736	204	270
1779088249122737	204	275
1779088249122738	204	282
1779088249122738	204	304
1779088249122739	204	306
1779088249122739	204	312
1779088249122740	204	314
1779088249122740	204	320
1779088249122741	204	322
1779088249122742	204	328
1779088249122742	204	331
1779088249122743	204	337
1779088249122743	204	343
1779088249122744	204	349
1779088249122744	204	352
1779088249122745	204	354
1779088249122746	204	362
1779088249122746	204	364
1779088249122747	204	371
1779088249122747	204	374
1779088249122748	204	377
1779088249133209	204	201
1779088249133211	204	212
1779088249133211	204	221
1779088249133212	204	228
1779088249133212	204	235
1779088249133213	204	238
1779088249133213	204	241
1779088249133214	204	244
1779088249133214	204	251
1779088249133214	204	253
1779088249133215	204	256
1779088249133215	204	258
1779088249133216	204	265
1779088249133216	204	272
1779088249133217	204	289
1779088249133217	204	296
1779088249133218	204	299
1779088249133218	204	313
1779088249133219	204	316
1779088249133219	204	319
1779088249133220	204	326
1779088249133220	204	328
1779088249133221	204	335
1779088249133221	204	342
1779088249133222	204	356
1779088249133222	204	359
1779088249133223	204	362
1779088249133223	204	364
1779088249133224	204	367
1779088249133224	204	369
1779088249133225	204	372
1779088249142684	204	191
1779088249142686	204	202
1779088249142686	204	210
1779088249142686	204	213
1779088249142687	204	215
1779088249142687	204	221
1779088249142687	204	228
1779088249142688	204	235
1779088249142688	204	238
1779088249142688	204	245
1779088249142689	204	253
1779088249142689	204	256
1779088249142690	204	263
1779088249142690	204	284
1779088249142690	204	287
1779088249142691	204	294
1779088249142691	204	300
1779088249142691	204	303
1779088249142692	204	306
1779088249142692	204	309
1779088249142692	204	316
1779088249142693	204	319
1779088249142693	204	326
1779088249142693	204	329
1779088249142694	204	331
1779088249142694	204	350
1779088249142694	204	358
1779088249142695	204	373
1779088249142695	204	376
1779088249153163	204	190
1779088249153164	204	205
1779088249153164	204	207
1779088249153165	204	211
1779088249153165	204	212
1779088249153166	204	217
1779088249153166	204	218
1779088249153167	204	222
1779088249153167	204	234
1779088249153168	204	240
1779088249153168	204	242
1779088249153169	204	244
1779088249153169	204	247
1779088249153170	204	248
1779088249153171	204	251
1779088249153171	204	291
1779088249153172	204	295
1779088249153172	204	298
1779088249153173	204	304
1779088249153173	204	308
1779088249153174	204	312
1779088249153174	204	314
1779088249153175	204	315
1779088249153175	204	319
1779088249153176	204	331
1779088249153176	204	333
1779088249153177	204	340
1779088249153177	204	347
1779088249153178	204	353
1779088249153178	204	356
1779088249153179	204	371
1779088249162629	204	191
1779088249162630	204	204
1779088249162630	204	212
1779088249162631	204	219
1779088249162631	204	226
1779088249162632	204	233
1779088249162632	204	240
1779088249162633	204	243
1779088249162633	204	261
1779088249162634	204	265
1779088249162634	204	267
1779088249162635	204	270
1779088249162635	204	277
1779088249162636	204	279
1779088249162636	204	293
1779088249162637	204	353
1779088249162637	204	362
1779088249162638	204	370
1779088249162638	204	377
1779088249162639	204	407
1779088249162639	204	411
1779088249162640	204	419
1779088249162640	204	427
1779088249162641	204	435
1779088249162641	204	438
1779088249162642	204	445
1779088249162642	204	453
1779088249162643	204	469
1779088249162643	204	477
1779088249173205	204	204
1779088249173206	204	214
1779088249173206	204	219
1779088249173207	204	221
1779088249173207	204	222
1779088249173208	204	226
1779088249173209	204	231
1779088249173209	204	235
1779088249173210	204	236
1779088249173210	204	237
1779088249173211	204	241
1779088249173211	204	245
1779088249173212	204	249
1779088249173213	204	264
1779088249173213	204	267
1779088249173214	204	305
1779088249173214	204	308
1779088249173215	204	310
1779088249173215	204	311
1779088249173216	204	324
1779088249173216	204	327
1779088249173217	204	329
1779088249173217	204	332
1779088249173218	204	334
1779088249173218	204	337
1779088249173218	204	339
1779088249173219	204	346
1779088249173219	204	349
1779088249173220	204	351
1779088249173220	204	355
1779088249173221	204	365
1779088249182662	204	193
1779088249182663	204	212
1779088249182664	204	219
1779088249182664	204	223
1779088249182665	204	231
1779088249182665	204	247
1779088249182666	204	255
1779088249182666	204	267
1779088249182667	204	271
1779088249182667	204	273
1779088249182668	204	276
1779088249182668	204	284
1779088249182669	204	287
1779088249182669	204	301
1779088249182670	204	304
1779088249182670	204	374
1779088249182671	204	379
1779088249182671	204	388
1779088249182672	204	392
1779088249182672	204	399
1779088249182673	204	416
1779088249182673	204	419
1779088249182674	204	427
1779088249182674	204	434
1779088249182675	204	441
1779088249182675	204	454
1779088249182676	204	462
1779088249182676	204	464
1779088249182677	204	467
1779088249193227	204	199
1779088249193228	204	213
1779088249193229	204	218
1779088249193229	204	219
1779088249193230	204	223
1779088249193230	204	227
1779088249193231	204	232
1779088249193231	204	240
1779088249193232	204	245
1779088249193232	204	246
1779088249193233	204	258
1779088249193233	204	263
1779088249193234	204	266
1779088249193234	204	268
1779088249193235	204	270
1779088249193235	204	316
1779088249193236	204	319
1779088249193236	204	320
1779088249193237	204	322
1779088249193237	204	323
1779088249193238	204	325
1779088249193238	204	326
1779088249193239	204	327
1779088249193239	204	332
1779088249193240	204	335
1779088249193240	204	340
1779088249193241	204	342
1779088249193241	204	348
1779088249193241	204	355
1779088249193242	204	358
1779088249193242	204	374
1779088249202709	204	246
1779088249202710	204	271
1779088249202711	204	280
1779088249202712	204	289
1779088249202712	204	306
1779088249202713	204	315
1779088249202714	204	329
1779088249202714	204	346
1779088249202715	204	355
1779088249202716	204	358
1779088249202716	204	360
1779088249202717	204	377
1779088249202717	204	380
1779088249202718	204	382
1779088249202719	204	384
1779088249202719	204	460
1779088249202720	204	470
1779088249202720	204	475
1779088249202721	204	492
1779088249202721	204	496
1779088249202722	204	498
1779088249202723	204	506
1779088249202723	204	508
1779088249202724	204	511
1779088249202724	204	513
1779088249202725	204	515
1779088249202725	204	516
1779088249202726	204	517
1779088249202727	204	527
1779088249212331	204	186
1779088249212332	204	198
1779088249212333	204	202
1779088249212333	204	203
1779088249212334	204	213
1779088249212334	204	214
1779088249212335	204	219
1779088249212335	204	220
1779088249212336	204	221
1779088249212336	204	226
1779088249212337	204	230
1779088249212337	204	234
1779088249212338	204	244
1779088249212338	204	246
1779088249212339	204	249
1779088249212339	204	292
1779088249212340	204	299
1779088249212340	204	301
1779088249212341	204	305
1779088249212341	204	308
1779088249212342	204	313
1779088249212342	204	324
1779088249212343	204	327
1779088249212343	204	330
1779088249212344	204	332
1779088249212344	204	334
1779088249212345	204	337
1779088249212345	204	344
1779088249212346	204	347
1779088249222781	204	216
1779088249222782	204	231
1779088249222783	204	241
1779088249222784	204	262
1779088249222784	204	270
1779088249222784	204	273
1779088249222785	204	280
1779088249222785	204	283
1779088249222786	204	286
1779088249222786	204	293
1779088249222787	204	311
1779088249222787	204	321
1779088249222788	204	324
1779088249222789	204	326
1779088249222790	204	339
1779088249222790	204	409
1779088249222791	204	417
1779088249222791	204	426
1779088249222792	204	434
1779088249222792	204	437
1779088249222793	204	445
1779088249222793	204	448
1779088249222794	204	450
1779088249222794	204	453
1779088249222795	204	461
1779088249222795	204	463
1779088249222796	204	470
1779088249222796	204	486
1779088249222797	204	489
1779088249222797	204	492
1779088249222798	204	493
1779088249232377	204	227
1779088249232379	204	247
1779088249232380	204	264
1779088249232380	204	271
1779088249232381	204	277
1779088249232382	204	283
1779088249232383	204	285
1779088249232383	204	291
1779088249232384	204	297
1779088249232385	204	303
1779088249232385	204	309
1779088249232386	204	311
1779088249232387	204	339
1779088249232387	204	343
1779088249232388	204	345
1779088249232389	204	361
1779088249232389	204	364
1779088249232390	204	378
1779088249232391	204	385
1779088249232392	204	395
1779088249232392	204	396
1779088249232393	204	400
1779088249232394	204	447
1779088249232394	204	456
1779088249232395	204	459
1779088249232396	204	466
1779088249232396	204	474
1779088249232397	204	494
1779088249232398	204	497
1779088249242979	204	194
1779088249242980	204	206
1779088249242980	204	211
1779088249242981	204	215
1779088249242981	204	217
1779088249242982	204	221
1779088249242982	204	225
1779088249242983	204	229
1779088249242983	204	237
1779088249242984	204	242
1779088249242984	204	243
1779088249242985	204	245
1779088249242986	204	246
1779088249242986	204	247
1779088249242987	204	257
1779088249242987	204	308
1779088249242988	204	314
1779088249242988	204	324
1779088249242989	204	328
1779088249242989	204	330
1779088249242990	204	334
1779088249242990	204	339
1779088249242991	204	340
1779088249242991	204	349
1779088249242992	204	351
1779088249242992	204	355
1779088249242993	204	356
1779088249242993	204	360
1779088249242994	204	362
1779088249242994	204	366
1779088249242995	204	374
1779088249242995	204	376
1779088249252453	204	221
1779088249252454	204	234
1779088249252455	204	235
1779088249252455	204	243
1779088249252456	204	245
1779088249252456	204	246
1779088249252457	204	250
1779088249252457	204	252
1779088249252458	204	264
1779088249252458	204	269
1779088249252459	204	270
1779088249252459	204	291
1779088249252459	204	296
1779088249252460	204	298
1779088249252460	204	299
1779088249252461	204	311
1779088249252461	204	313
1779088249252462	204	317
1779088249252462	204	342
1779088249252463	204	347
1779088249252464	204	348
1779088249252464	204	360
1779088249252465	204	365
1779088249252465	204	395
1779088249252466	204	398
1779088249252466	204	400
1779088249252467	204	401
1779088249252467	204	405
1779088249262947	204	184
1779088249262948	204	192
1779088249262949	204	200
1779088249262949	204	203
1779088249262950	204	207
1779088249262950	204	217
1779088249262951	204	221
1779088249262951	204	227
1779088249262952	204	235
1779088249262952	204	258
1779088249262953	204	262
1779088249262953	204	270
1779088249262954	204	272
1779088249262954	204	276
1779088249262955	204	298
1779088249262955	204	373
1779088249262956	204	381
1779088249262956	204	386
1779088249262957	204	388
1779088249262957	204	389
1779088249262958	204	419
1779088249262958	204	421
1779088249262959	204	423
1779088249262959	204	424
1779088249262960	204	425
1779088249262960	204	430
1779088249262961	204	432
1779088249262961	204	439
1779088249262962	204	443
1779088249262962	204	444
1779088249262963	204	467
1779088249262963	204	469
1779088249272514	204	218
1779088249272515	204	231
1779088249272516	204	236
1779088249272516	204	240
1779088249272517	204	244
1779088249272517	204	248
1779088249272518	204	250
1779088249272518	204	254
1779088249272519	204	258
1779088249272519	204	268
1779088249272520	204	270
1779088249272520	204	274
1779088249272521	204	275
1779088249272521	204	280
1779088249272522	204	287
1779088249272522	204	291
1779088249272523	204	293
1779088249272523	204	294
1779088249272524	204	302
1779088249272524	204	304
1779088249272525	204	309
1779088249272525	204	313
1779088249272526	204	323
1779088249272526	204	327
1779088249272527	204	335
1779088249272527	204	339
1779088249272528	204	341
1779088249272528	204	342
1779088249282960	204	207
1779088249282962	204	222
1779088249282962	204	224
1779088249282963	204	228
1779088249282963	204	230
1779088249282964	204	234
1779088249282964	204	237
1779088249282965	204	239
1779088249282965	204	243
1779088249282966	204	245
1779088249282966	204	249
1779088249282967	204	250
1779088249282967	204	254
1779088249282968	204	267
1779088249282968	204	268
1779088249282969	204	314
1779088249282969	204	316
1779088249282970	204	325
1779088249282970	204	331
1779088249282971	204	332
1779088249282971	204	336
1779088249282972	204	338
1779088249282972	204	339
1779088249282973	204	343
1779088249282973	204	347
1779088249282974	204	349
1779088249282974	204	353
1779088249282975	204	357
1779088249282975	204	359
1779088249282976	204	362
1779088249282976	204	366
1779088249282977	204	377
1779088249292431	204	202
1779088249292432	204	210
1779088249292432	204	216
1779088249292433	204	219
1779088249292433	204	224
1779088249292434	204	234
1779088249292434	204	253
1779088249292435	204	255
1779088249292435	204	257
1779088249292436	204	264
1779088249292436	204	269
1779088249292437	204	302
1779088249292437	204	305
1779088249292438	204	309
1779088249292438	204	311
1779088249292439	204	312
1779088249292439	204	317
1779088249292440	204	321
1779088249292440	204	329
1779088249292441	204	354
1779088249292441	204	356
1779088249292442	204	357
1779088249292442	204	358
1779088249292442	204	360
1779088249292443	204	361
1779088249292444	204	362
1779088249292444	204	367
1779088249292444	204	375
1779088249302902	204	222
1779088249302903	204	235
1779088249302904	204	240
1779088249302905	204	244
1779088249302905	204	245
1779088249302906	204	255
1779088249302906	204	260
1779088249302907	204	261
1779088249302907	204	262
1779088249302907	204	264
1779088249302908	204	276
1779088249302909	204	278
1779088249302909	204	299
1779088249302910	204	301
1779088249302910	204	302
1779088249302911	204	372
1779088249302911	204	377
1779088249302912	204	379
1779088249302912	204	387
1779088249302913	204	389
1779088249302913	204	390
1779088249302914	204	391
1779088249302914	204	396
1779088249302915	204	397
1779088249302915	204	416
1779088249302916	204	418
1779088249302916	204	419
1779088249302917	204	427
1779088249302917	204	431
1779088249302918	204	432
1779088249302918	204	441
1779088249312463	204	232
1779088249312465	204	254
1779088249312466	204	262
1779088249312466	204	264
1779088249312467	204	266
1779088249312468	204	273
1779088249312469	204	281
1779088249312470	204	287
1779088249312470	204	294
1779088249312471	204	296
1779088249312472	204	303
1779088249312473	204	305
1779088249312473	204	308
1779088249312474	204	314
1779088249312475	204	336
1779088249312475	204	406
1779088249312476	204	412
1779088249312477	204	419
1779088249312477	204	425
1779088249312478	204	431
1779088249312479	204	450
1779088249312480	204	456
1779088249312480	204	458
1779088249312481	204	460
1779088249312482	204	462
1779088249312482	204	464
1779088249312483	204	466
1779088249312484	204	468
1779088249312484	204	470
1779088249323053	204	198
1779088249323055	204	212
1779088249323055	204	215
1779088249323056	204	221
1779088249323056	204	223
1779088249323057	204	231
1779088249323057	204	234
1779088249323058	204	236
1779088249323058	204	243
1779088249323059	204	250
1779088249323059	204	256
1779088249323060	204	263
1779088249323060	204	266
1779088249323061	204	272
1779088249323061	204	285
1779088249323062	204	292
1779088249323062	204	304
1779088249323063	204	307
1779088249323063	204	321
1779088249323064	204	328
1779088249323064	204	331
1779088249323065	204	334
1779088249323065	204	336
1779088249323066	204	339
1779088249323066	204	342
1779088249323067	204	348
1779088249323067	204	355
1779088249323068	204	363
1779088249323068	204	365
1779088249323069	204	372
1779088249323069	204	374
1779088249323070	204	390
1779088249332538	204	209
1779088249332539	204	222
1779088249332540	204	225
1779088249332540	204	230
1779088249332541	204	235
1779088249332541	204	241
1779088249332542	204	247
1779088249332542	204	250
1779088249332542	204	257
1779088249332543	204	260
1779088249332543	204	267
1779088249332544	204	269
1779088249332544	204	277
1779088249332545	204	280
1779088249332545	204	286
1779088249332546	204	293
1779088249332546	204	296
1779088249332547	204	302
1779088249332547	204	304
1779088249332548	204	307
1779088249332548	204	310
1779088249332549	204	317
1779088249332549	204	324
1779088249332550	204	331
1779088249332550	204	334
1779088249332551	204	337
1779088249332551	204	343
1779088249332552	204	350
1779088249342991	204	240
1779088249342992	204	270
1779088249342992	204	278
1779088249342993	204	285
1779088249342993	204	286
1779088249342994	204	291
1779088249342995	204	295
1779088249342995	204	299
1779088249342995	204	303
1779088249342996	204	313
1779088249342997	204	314
1779088249342997	204	318
1779088249342998	204	343
1779088249342998	204	345
1779088249342998	204	356
1779088249342999	204	407
1779088249343000	204	409
1779088249343000	204	414
1779088249343000	204	423
1779088249343001	204	428
1779088249343001	204	429
1779088249343002	204	430
1779088249343002	204	432
1779088249343003	204	433
1779088249343004	204	437
1779088249343004	204	441
1779088249343005	204	445
1779088249343005	204	449
1779088249343005	204	453
1779088249343006	204	455
1779088249343006	204	456
1779088249343007	204	465
1779088249352555	204	234
1779088249352556	204	249
1779088249352557	204	253
1779088249352557	204	257
1779088249352558	204	261
1779088249352558	204	266
1779088249352558	204	271
1779088249352559	204	284
1779088249352559	204	289
1779088249352560	204	290
1779088249352560	204	294
1779088249352561	204	302
1779088249352561	204	306
1779088249352562	204	308
1779088249352562	204	309
1779088249352563	204	311
1779088249352563	204	312
1779088249352564	204	313
1779088249352564	204	318
1779088249352565	204	327
1779088249352566	204	328
1779088249352567	204	329
1779088249352567	204	334
1779088249352568	204	335
1779088249352568	204	339
1779088249352568	204	340
1779088249352569	204	345
1779088249352569	204	353
1779088249363005	204	217
1779088249363006	204	230
1779088249363007	204	235
1779088249363007	204	236
1779088249363008	204	240
1779088249363008	204	245
1779088249363009	204	246
1779088249363010	204	247
1779088249363010	204	251
1779088249363011	204	255
1779088249363011	204	265
1779088249363012	204	269
1779088249363012	204	270
1779088249363013	204	283
1779088249363013	204	285
1779088249363014	204	346
1779088249363014	204	352
1779088249363015	204	353
1779088249363015	204	354
1779088249363016	204	356
1779088249363016	204	357
1779088249363017	204	359
1779088249363017	204	363
1779088249363018	204	365
1779088249363018	204	368
1779088249363019	204	372
1779088249363019	204	374
1779088249363020	204	378
1779088249363020	204	379
1779088249363021	204	381
1779088249363021	204	382
1779088249363022	204	392
1779088249372492	204	191
1779088249372493	204	203
1779088249372493	204	207
1779088249372494	204	215
1779088249372494	204	216
1779088249372495	204	221
1779088249372495	204	222
1779088249372496	204	232
1779088249372496	204	234
1779088249372497	204	235
1779088249372497	204	239
1779088249372498	204	241
1779088249372498	204	250
1779088249372498	204	252
1779088249372499	204	253
1779088249372499	204	300
1779088249372500	204	303
1779088249372500	204	305
1779088249372501	204	312
1779088249372501	204	319
1779088249372502	204	321
1779088249372503	204	324
1779088249372503	204	326
1779088249372504	204	329
1779088249372504	204	339
1779088249372505	204	341
1779088249372505	204	343
1779088249372506	204	344
1779088249382937	204	207
1779088249382938	204	221
1779088249382939	204	223
1779088249382940	204	227
1779088249382941	204	228
1779088249382941	204	232
1779088249382942	204	234
1779088249382942	204	238
1779088249382942	204	243
1779088249382943	204	245
1779088249382943	204	249
1779088249382944	204	251
1779088249382944	204	255
1779088249382945	204	258
1779088249382946	204	271
1779088249382946	204	323
1779088249382947	204	325
1779088249382947	204	326
1779088249382948	204	328
1779088249382948	204	329
1779088249382949	204	330
1779088249382949	204	332
1779088249382950	204	333
1779088249382950	204	338
1779088249382951	204	342
1779088249382951	204	343
1779088249382952	204	345
1779088249382952	204	346
1779088249382953	204	347
1779088249382953	204	356
1779088249382954	204	358
1779088249392386	204	198
1779088249392387	204	210
1779088249392387	204	220
1779088249392388	204	225
1779088249392388	204	227
1779088249392389	204	228
1779088249392389	204	229
1779088249392390	204	234
1779088249392390	204	235
1779088249392391	204	237
1779088249392391	204	241
1779088249392392	204	245
1779088249392392	204	247
1779088249392393	204	251
1779088249392393	204	270
1779088249392393	204	336
1779088249392394	204	351
1779088249392394	204	358
1779088249392395	204	361
1779088249392395	204	363
1779088249392396	204	369
1779088249392396	204	382
1779088249392397	204	388
1779088249392397	204	394
1779088249392398	204	400
1779088249392398	204	402
1779088249392399	204	404
1779088249392399	204	409
1779088249392400	204	438
1779088249402926	204	216
1779088249402928	204	230
1779088249402928	204	235
1779088249402929	204	237
1779088249402929	204	243
1779088249402930	204	245
1779088249402930	204	246
1779088249402931	204	248
1779088249402931	204	249
1779088249402932	204	254
1779088249402932	204	255
1779088249402933	204	256
1779088249402933	204	258
1779088249402934	204	259
1779088249402935	204	270
1779088249402935	204	310
1779088249402936	204	315
1779088249402936	204	319
1779088249402937	204	324
1779088249402937	204	335
1779088249402938	204	340
1779088249402938	204	344
1779088249402939	204	348
1779088249402939	204	356
1779088249402940	204	360
1779088249402940	204	361
1779088249402941	204	369
1779088249402941	204	373
1779088249402942	204	375
1779088249402942	204	383
1779088249402943	204	387
1779088249412408	204	230
1779088249412409	204	240
1779088249412410	204	244
1779088249412410	204	246
1779088249412411	204	250
1779088249412411	204	254
1779088249412412	204	258
1779088249412413	204	262
1779088249412413	204	266
1779088249412414	204	268
1779088249412414	204	275
1779088249412415	204	277
1779088249412415	204	281
1779088249412416	204	283
1779088249412416	204	284
1779088249412417	204	285
1779088249412417	204	290
1779088249412418	204	291
1779088249412418	204	295
1779088249412419	204	296
1779088249412419	204	301
1779088249412420	204	311
1779088249412420	204	315
1779088249412421	204	317
1779088249412421	204	318
1779088249412422	204	322
1779088249412422	204	323
1779088249412423	204	325
1779088249412423	204	333
1779088249422834	204	195
1779088249422835	204	219
1779088249422836	204	221
1779088249422837	204	226
1779088249422837	204	228
1779088249422838	204	232
1779088249422838	204	236
1779088249422839	204	240
1779088249422839	204	245
1779088249422839	204	258
1779088249422840	204	259
1779088249422840	204	263
1779088249422841	204	265
1779088249422841	204	273
1779088249422842	204	274
1779088249422842	204	326
1779088249422843	204	328
1779088249422843	204	330
1779088249422844	204	335
1779088249422844	204	339
1779088249422845	204	340
1779088249422845	204	344
1779088249422846	204	346
1779088249422846	204	356
1779088249422847	204	361
1779088249422847	204	362
1779088249422848	204	367
1779088249422848	204	375
1779088249422849	204	380
1779088249422849	204	381
1779088249422850	204	389
1779088249432316	204	185
1779088249432317	204	193
1779088249432317	204	198
1779088249432318	204	204
1779088249432319	204	209
1779088249432319	204	213
1779088249432320	204	217
1779088249432320	204	218
1779088249432321	204	220
1779088249432321	204	223
1779088249432322	204	228
1779088249432322	204	232
1779088249432323	204	236
1779088249432323	204	240
1779088249432324	204	252
1779088249432324	204	301
1779088249432325	204	310
1779088249432325	204	312
1779088249432326	204	319
1779088249432326	204	326
1779088249432327	204	328
1779088249432327	204	335
1779088249432328	204	343
1779088249432328	204	352
1779088249432329	204	358
1779088249432329	204	361
1779088249432330	204	368
1779088249432330	204	371
1779088249432331	204	382
1779088249442796	204	214
1779088249442798	204	226
1779088249442798	204	230
1779088249442799	204	247
1779088249442799	204	260
1779088249442800	204	264
1779088249442800	204	266
1779088249442801	204	270
1779088249442801	204	272
1779088249442802	204	276
1779088249442802	204	284
1779088249442803	204	289
1779088249442803	204	297
1779088249442804	204	301
1779088249442805	204	309
1779088249442805	204	361
1779088249442806	204	363
1779088249442806	204	367
1779088249442807	204	369
1779088249442807	204	373
1779088249442808	204	377
1779088249442808	204	378
1779088249442809	204	382
1779088249442809	204	391
1779088249442810	204	392
1779088249442810	204	396
1779088249442811	204	398
1779088249442811	204	400
1779088249442812	204	401
1779088249442812	204	410
1779088249442813	204	412
1779088249452302	204	180
1779088249452303	204	188
1779088249452303	204	193
1779088249452304	204	195
1779088249452304	204	199
1779088249452305	204	200
1779088249452305	204	205
1779088249452306	204	209
1779088249452306	204	213
1779088249452307	204	214
1779088249452307	204	218
1779088249452308	204	230
1779088249452308	204	232
1779088249452309	204	234
1779088249452309	204	238
1779088249452310	204	276
1779088249452310	204	281
1779088249452311	204	285
1779088249452311	204	292
1779088249452312	204	296
1779088249452313	204	298
1779088249452313	204	299
1779088249452313	204	300
1779088249452314	204	307
1779088249452314	204	309
1779088249452315	204	310
1779088249452315	204	312
1779088249452316	204	316
1779088249452316	204	317
1779088249462713	204	213
1779088249462714	204	227
1779088249462715	204	228
1779088249462715	204	230
1779088249462716	204	234
1779088249462716	204	238
1779088249462716	204	242
1779088249462717	204	246
1779088249462718	204	250
1779088249462718	204	262
1779088249462719	204	266
1779088249462719	204	268
1779088249462719	204	269
1779088249462720	204	277
1779088249462720	204	279
1779088249462721	204	338
1779088249462721	204	340
1779088249462722	204	346
1779088249462722	204	351
1779088249462723	204	352
1779088249462723	204	354
1779088249462724	204	358
1779088249462724	204	362
1779088249462725	204	364
1779088249462725	204	368
1779088249462726	204	379
1779088249462726	204	380
1779088249462727	204	385
1779088249462727	204	386
1779088249462728	204	388
1779088249462728	204	389
1779088249473203	204	325
1779088249473205	204	344
1779088249473205	204	348
1779088249473206	204	354
1779088249473207	204	355
1779088249473208	204	358
1779088249473208	204	362
1779088249473209	204	363
1779088249473210	204	383
1779088249473211	204	387
1779088249473211	204	388
1779088249473212	204	389
1779088249473213	204	396
1779088249473214	204	400
1779088249473214	204	407
1779088249473215	204	415
1779088249473216	204	438
1779088249473216	204	440
1779088249473217	204	441
1779088249473218	204	444
1779088249473219	204	446
1779088249473219	204	447
1779088249473220	204	464
1779088249473221	204	466
1779088249473222	204	466
1779088249473222	204	470
1779088249473223	204	471
1779088249473224	204	482
1779088249473225	204	483
1779088249473226	204	486
1779088249473227	204	507
1779088249482819	204	198
1779088249482821	204	224
1779088249482821	204	229
1779088249482822	204	233
1779088249482822	204	235
1779088249482823	204	240
1779088249482823	204	244
1779088249482824	204	248
1779088249482824	204	257
1779088249482825	204	259
1779088249482825	204	263
1779088249482826	204	264
1779088249482826	204	265
1779088249482827	204	267
1779088249482827	204	268
1779088249482828	204	313
1779088249482828	204	316
1779088249482829	204	320
1779088249482829	204	324
1779088249482830	204	336
1779088249482831	204	337
1779088249482831	204	341
1779088249482832	204	343
1779088249482832	204	344
1779088249482833	204	349
1779088249482833	204	353
1779088249482834	204	357
1779088249482834	204	359
1779088249482835	204	367
1779088249493288	204	214
1779088249493290	204	227
1779088249493290	204	232
1779088249493291	204	233
1779088249493291	204	239
1779088249493292	204	240
1779088249493292	204	242
1779088249493293	204	245
1779088249493293	204	247
1779088249493294	204	251
1779088249493294	204	255
1779088249493295	204	259
1779088249493295	204	263
1779088249493296	204	274
1779088249493296	204	276
1779088249493297	204	323
1779088249493297	204	325
1779088249493298	204	330
1779088249493298	204	340
1779088249493299	204	341
1779088249493300	204	343
1779088249493300	204	347
1779088249493301	204	349
1779088249493301	204	350
1779088249493302	204	352
1779088249493302	204	356
1779088249493303	204	360
1779088249493303	204	361
1779088249493304	204	366
1779088249493304	204	367
1779088249493305	204	371
1779088249493305	204	380
1779088249502761	204	200
1779088249502762	204	211
1779088249502762	204	212
1779088249502763	204	217
1779088249502764	204	221
1779088249502764	204	233
1779088249502764	204	234
1779088249502765	204	236
1779088249502765	204	237
1779088249502766	204	242
1779088249502766	204	254
1779088249502767	204	255
1779088249502767	204	257
1779088249502768	204	261
1779088249502768	204	274
1779088249502769	204	278
1779088249502769	204	283
1779088249502770	204	285
1779088249502770	204	286
1779088249502771	204	290
1779088249502771	204	294
1779088249502772	204	298
1779088249502772	204	302
1779088249502773	204	306
1779088249502773	204	310
1779088249502774	204	314
1779088249502774	204	325
1779088249502775	204	326
1779088249513184	204	206
1779088249513186	204	215
1779088249513186	204	220
1779088249513187	204	221
1779088249513187	204	227
1779088249513188	204	231
1779088249513189	204	232
1779088249513189	204	234
1779088249513190	204	235
1779088249513190	204	236
1779088249513191	204	238
1779088249513191	204	239
1779088249513192	204	243
1779088249513192	204	248
1779088249513193	204	256
1779088249513193	204	308
1779088249513194	204	315
1779088249513194	204	316
1779088249513195	204	320
1779088249513195	204	324
1779088249513196	204	326
1779088249513196	204	330
1779088249513197	204	334
1779088249513197	204	336
1779088249513198	204	337
1779088249513198	204	341
1779088249513199	204	352
1779088249513199	204	354
1779088249513200	204	355
1779088249513200	204	359
1779088249513201	204	361
1779088249522650	204	242
1779088249522652	204	259
1779088249522652	204	265
1779088249522653	204	271
1779088249522653	204	273
1779088249522654	204	275
1779088249522654	204	281
1779088249522655	204	288
1779088249522655	204	293
1779088249522655	204	300
1779088249522656	204	305
1779088249522656	204	308
1779088249522657	204	310
1779088249522657	204	316
1779088249522658	204	322
1779088249522658	204	324
1779088249522659	204	326
1779088249522659	204	329
1779088249522660	204	334
1779088249522660	204	340
1779088249522661	204	342
1779088249522661	204	348
1779088249522662	204	350
1779088249522662	204	353
1779088249522663	204	355
1779088249522663	204	357
1779088249522664	204	359
1779088249522664	204	389
1779088249522665	204	392
1779088249533141	204	168
1779088249533142	204	181
1779088249533143	204	187
1779088249533143	204	194
1779088249533144	204	200
1779088249533144	204	202
1779088249533145	204	208
1779088249533145	204	214
1779088249533146	204	223
1779088249533146	204	229
1779088249533147	204	235
1779088249533147	204	248
1779088249533148	204	255
1779088249533148	204	274
1779088249533149	204	277
1779088249533149	204	284
1779088249533150	204	296
1779088249533150	204	299
1779088249533151	204	307
1779088249533151	204	309
1779088249533152	204	312
1779088249533152	204	315
1779088249533153	204	317
1779088249533153	204	319
1779088249533154	204	327
1779088249533154	204	333
1779088249533155	204	336
1779088249533155	204	343
1779088249533156	204	350
1779088249533156	204	353
1779088249533157	204	367
1779088249542607	204	205
1779088249542608	204	220
1779088249542609	204	222
1779088249542609	204	229
1779088249542610	204	231
1779088249542610	204	234
1779088249542611	204	241
1779088249542611	204	244
1779088249542611	204	247
1779088249542612	204	249
1779088249542612	204	251
1779088249542613	204	254
1779088249542613	204	261
1779088249542614	204	263
1779088249542614	204	281
1779088249542615	204	289
1779088249542615	204	303
1779088249542616	204	305
1779088249542617	204	312
1779088249542617	204	320
1779088249542618	204	323
1779088249542618	204	330
1779088249542619	204	332
1779088249542619	204	335
1779088249542620	204	338
1779088249542620	204	340
1779088249542621	204	354
1779088249542621	204	357
1779088249542622	204	359
1779088249553073	204	256
1779088249553075	204	273
1779088249553075	204	276
1779088249553076	204	279
1779088249553077	204	286
1779088249553078	204	292
1779088249553078	204	311
1779088249553079	204	314
1779088249553080	204	317
1779088249553081	204	319
1779088249553081	204	327
1779088249553082	204	329
1779088249553083	204	336
1779088249553084	204	342
1779088249553085	204	355
1779088249553085	204	431
1779088249553086	204	450
1779088249553087	204	453
1779088249553088	204	459
1779088249553088	204	461
1779088249553089	204	468
1779088249553090	204	474
1779088249553091	204	476
1779088249553091	204	478
1779088249553092	204	480
1779088249553093	204	498
1779088249553094	204	521
1779088249553095	204	523
1779088249553096	204	525
1779088249553096	204	526
1779088249553097	204	528
1779088249562718	204	206
1779088249562719	204	228
1779088249562720	204	232
1779088249562720	204	240
1779088249562721	204	243
1779088249562721	204	250
1779088249562722	204	257
1779088249562722	204	265
1779088249562723	204	273
1779088249562723	204	276
1779088249562724	204	279
1779088249562724	204	281
1779088249562725	204	288
1779088249562725	204	320
1779088249562726	204	328
1779088249562726	204	398
1779088249562727	204	408
1779088249562727	204	411
1779088249562728	204	414
1779088249562728	204	429
1779088249562729	204	433
1779088249562729	204	436
1779088249562730	204	450
1779088249562730	204	453
1779088249562731	204	456
1779088249562731	204	462
1779088249562732	204	465
1779088249562732	204	478
1779088249562733	204	480
1779088249572297	204	223
1779088249572298	204	239
1779088249572299	204	241
1779088249572299	204	242
1779088249572300	204	247
1779088249572300	204	251
1779088249572300	204	255
1779088249572301	204	259
1779088249572301	204	264
1779088249572301	204	269
1779088249572302	204	270
1779088249572302	204	272
1779088249572303	204	276
1779088249572303	204	281
1779088249572303	204	289
1779088249572304	204	294
1779088249572304	204	295
1779088249572304	204	297
1779088249572305	204	298
1779088249572305	204	305
1779088249572306	204	307
1779088249572306	204	311
1779088249572306	204	323
1779088249572307	204	325
1779088249572307	204	330
1779088249572307	204	332
1779088249572308	204	335
1779088249572308	204	337
1779088249572308	204	340
1779088249582728	204	175
1779088249582729	204	187
1779088249582729	204	191
1779088249582730	204	192
1779088249582730	204	195
1779088249582731	204	198
1779088249582732	204	210
1779088249582732	204	212
1779088249582732	204	214
1779088249582733	204	218
1779088249582734	204	220
1779088249582734	204	224
1779088249582735	204	232
1779088249582735	204	235
1779088249582735	204	238
1779088249582736	204	277
1779088249582736	204	279
1779088249582737	204	285
1779088249582737	204	288
1779088249582738	204	311
1779088249582738	204	316
1779088249582739	204	317
1779088249582740	204	319
1779088249582740	204	320
1779088249582741	204	321
1779088249582741	204	323
1779088249582742	204	324
1779088249582742	204	330
1779088249582742	204	336
1779088249582743	204	339
1779088249582743	204	353
1779088249593183	204	217
1779088249593185	204	240
1779088249593185	204	244
1779088249593186	204	252
1779088249593186	204	259
1779088249593187	204	266
1779088249593188	204	283
1779088249593188	204	286
1779088249593189	204	293
1779088249593189	204	308
1779088249593190	204	311
1779088249593190	204	313
1779088249593191	204	321
1779088249593191	204	328
1779088249593192	204	342
1779088249593192	204	421
1779088249593193	204	437
1779088249593193	204	441
1779088249593194	204	444
1779088249593194	204	451
1779088249593195	204	459
1779088249593195	204	466
1779088249593196	204	474
1779088249593196	204	477
1779088249593197	204	485
1779088249593197	204	488
1779088249593197	204	495
1779088249593198	204	513
1779088249593199	204	517
1779088249593199	204	524
1779088249593200	204	527
1779088249602834	204	241
1779088249602835	204	252
1779088249602836	204	254
1779088249602837	204	258
1779088249602838	204	268
1779088249602838	204	272
1779088249602839	204	273
1779088249602840	204	279
1779088249602841	204	281
1779088249602841	204	283
1779088249602842	204	289
1779088249602843	204	291
1779088249602844	204	298
1779088249602845	204	304
1779088249602845	204	306
1779088249602846	204	313
1779088249602847	204	319
1779088249602848	204	326
1779088249602848	204	328
1779088249602849	204	334
1779088249602850	204	336
1779088249602851	204	342
1779088249602852	204	349
1779088249602853	204	356
1779088249602853	204	362
1779088249602854	204	369
1779088249602855	204	375
1779088249602856	204	382
1779088249602857	204	397
1779088249612333	204	187
1779088249612334	204	205
1779088249612334	204	208
1779088249612335	204	215
1779088249612335	204	217
1779088249612336	204	220
1779088249612336	204	226
1779088249612337	204	233
1779088249612337	204	240
1779088249612338	204	259
1779088249612338	204	267
1779088249612339	204	270
1779088249612339	204	278
1779088249612340	204	281
1779088249612340	204	299
1779088249612341	204	364
1779088249612341	204	373
1779088249612342	204	376
1779088249612342	204	392
1779088249612343	204	396
1779088249612343	204	403
1779088249612344	204	406
1779088249612344	204	409
1779088249612345	204	411
1779088249612345	204	426
1779088249612346	204	429
1779088249612346	204	431
1779088249612347	204	432
1779088249612347	204	433
1779088249622871	204	222
1779088249622872	204	237
1779088249622873	204	242
1779088249622873	204	248
1779088249622874	204	252
1779088249622874	204	253
1779088249622875	204	258
1779088249622875	204	259
1779088249622876	204	261
1779088249622876	204	262
1779088249622877	204	263
1779088249622877	204	265
1779088249622878	204	269
1779088249622878	204	282
1779088249622879	204	285
1779088249622879	204	316
1779088249622880	204	321
1779088249622880	204	323
1779088249622881	204	328
1779088249622881	204	340
1779088249622882	204	342
1779088249622882	204	343
1779088249622883	204	348
1779088249622883	204	350
1779088249622884	204	352
1779088249622884	204	358
1779088249622885	204	361
1779088249622885	204	363
1779088249622886	204	365
1779088249622886	204	368
1779088249622887	204	382
1779088249632344	204	180
1779088249632345	204	199
1779088249632345	204	202
1779088249632346	204	209
1779088249632346	204	217
1779088249632347	204	220
1779088249632347	204	222
1779088249632348	204	230
1779088249632348	204	238
1779088249632349	204	245
1779088249632349	204	264
1779088249632350	204	272
1779088249632350	204	286
1779088249632351	204	309
1779088249632351	204	313
1779088249632352	204	409
1779088249632352	204	429
1779088249632353	204	432
1779088249632353	204	440
1779088249632354	204	447
1779088249632354	204	453
1779088249632355	204	455
1779088249632355	204	457
1779088249632356	204	463
1779088249632356	204	469
1779088249632357	204	472
1779088249632357	204	478
1779088249632358	204	480
1779088249632358	204	507
1779088249642958	204	215
1779088249642960	204	231
1779088249642961	204	235
1779088249642961	204	237
1779088249642962	204	239
1779088249642962	204	241
1779088249642963	204	248
1779088249642963	204	251
1779088249642964	204	254
1779088249642964	204	261
1779088249642965	204	267
1779088249642965	204	270
1779088249642966	204	277
1779088249642966	204	294
1779088249642967	204	297
1779088249642967	204	311
1779088249642968	204	313
1779088249642968	204	328
1779088249642969	204	336
1779088249642969	204	339
1779088249642970	204	341
1779088249642970	204	344
1779088249642971	204	351
1779088249642971	204	358
1779088249642972	204	364
1779088249642972	204	367
1779088249642973	204	374
1779088249642973	204	377
1779088249642974	204	379
1779088249642974	204	382
1779088249642975	204	388
1779088249642975	204	403
1779088249652466	204	215
1779088249652467	204	230
1779088249652468	204	237
1779088249652468	204	240
1779088249652469	204	247
1779088249652469	204	250
1779088249652470	204	257
1779088249652470	204	264
1779088249652471	204	267
1779088249652471	204	270
1779088249652472	204	273
1779088249652472	204	275
1779088249652473	204	282
1779088249652473	204	289
1779088249652474	204	292
1779088249652474	204	299
1779088249652475	204	302
1779088249652475	204	304
1779088249652476	204	307
1779088249652476	204	313
1779088249652477	204	316
1779088249652477	204	318
1779088249652478	204	325
1779088249652478	204	328
1779088249652479	204	335
1779088249652479	204	342
1779088249652480	204	362
1779088249652480	204	365
1779088249662927	204	155
1779088249662928	204	166
1779088249662929	204	172
1779088249662929	204	179
1779088249662930	204	181
1779088249662930	204	184
1779088249662931	204	190
1779088249662931	204	192
1779088249662932	204	198
1779088249662932	204	201
1779088249662933	204	203
1779088249662933	204	210
1779088249662934	204	217
1779088249662934	204	223
1779088249662935	204	241
1779088249662935	204	248
1779088249662936	204	263
1779088249662936	204	266
1779088249662937	204	273
1779088249662937	204	280
1779088249662938	204	287
1779088249662938	204	294
1779088249662939	204	301
1779088249662939	204	304
1779088249662940	204	321
1779088249662940	204	328
1779088249662941	204	331
1779088249662941	204	334
1779088249662942	204	340
1779088249662942	204	356
1779088249662943	204	359
1779088249672393	204	205
1779088249672394	204	220
1779088249672394	204	223
1779088249672395	204	230
1779088249672395	204	236
1779088249672396	204	244
1779088249672396	204	247
1779088249672397	204	254
1779088249672397	204	256
1779088249672398	204	259
1779088249672398	204	265
1779088249672399	204	272
1779088249672399	204	279
1779088249672400	204	281
1779088249672400	204	288
1779088249672401	204	291
1779088249672401	204	298
1779088249672402	204	304
1779088249672402	204	311
1779088249672403	204	318
1779088249672403	204	320
1779088249672404	204	323
1779088249672404	204	326
1779088249672405	204	328
1779088249672405	204	335
1779088249672406	204	342
1779088249672406	204	360
1779088249672407	204	363
1779088249672407	204	366
1779088249682861	204	204
1779088249682862	204	219
1779088249682862	204	222
1779088249682863	204	228
1779088249682863	204	235
1779088249682864	204	238
1779088249682864	204	245
1779088249682865	204	252
1779088249682865	204	259
1779088249682866	204	266
1779088249682866	204	273
1779088249682867	204	275
1779088249682867	204	278
1779088249682868	204	280
1779088249682868	204	299
1779088249682869	204	329
1779088249682869	204	332
1779088249682870	204	339
1779088249682870	204	342
1779088249682871	204	350
1779088249682871	204	353
1779088249682872	204	356
1779088249682872	204	363
1779088249682873	204	366
1779088249682873	204	368
1779088249682874	204	375
1779088249682874	204	382
1779088249682875	204	385
1779088249682875	204	400
1779088249682876	204	403
1779088249682876	204	406
1779088249692362	204	163
1779088249692363	204	174
1779088249692363	204	181
1779088249692364	204	184
1779088249692364	204	191
1779088249692365	204	194
1779088249692365	204	201
1779088249692366	204	207
1779088249692366	204	214
1779088249692367	204	221
1779088249692367	204	228
1779088249692368	204	230
1779088249692368	204	237
1779088249692369	204	240
1779088249692369	204	257
1779088249692370	204	272
1779088249692370	204	288
1779088249692371	204	295
1779088249692371	204	310
1779088249692372	204	313
1779088249692372	204	319
1779088249692373	204	327
1779088249692373	204	329
1779088249692374	204	332
1779088249692374	204	335
1779088249692375	204	342
1779088249692375	204	348
1779088249692375	204	362
1779088249692376	204	364
1779088249702823	204	199
1779088249702824	204	224
1779088249702825	204	226
1779088249702825	204	233
1779088249702826	204	240
1779088249702826	204	246
1779088249702827	204	253
1779088249702828	204	260
1779088249702828	204	263
1779088249702828	204	265
1779088249702829	204	272
1779088249702829	204	278
1779088249702830	204	285
1779088249702830	204	292
1779088249702831	204	316
1779088249702831	204	330
1779088249702832	204	333
1779088249702832	204	347
1779088249702833	204	350
1779088249702833	204	357
1779088249702834	204	359
1779088249702834	204	362
1779088249702835	204	365
1779088249702835	204	367
1779088249702836	204	370
1779088249702836	204	377
1779088249702837	204	380
1779088249702837	204	383
1779088249702838	204	389
1779088249702838	204	396
1779088249702839	204	409
1779088249712327	204	171
1779088249712328	204	183
1779088249712329	204	190
1779088249712329	204	196
1779088249712330	204	199
1779088249712330	204	201
1779088249712331	204	207
1779088249712331	204	212
1779088249712331	204	215
1779088249712332	204	221
1779088249712332	204	223
1779088249712333	204	229
1779088249712333	204	231
1779088249712334	204	244
1779088249712334	204	247
1779088249712335	204	278
1779088249712335	204	281
1779088249712338	204	282
1779088249712338	204	290
1779088249712339	204	293
1779088249712339	204	300
1779088249712340	204	306
1779088249712340	204	309
1779088249712341	204	312
1779088249712341	204	318
1779088249712342	204	333
1779088249712342	204	336
1779088249712343	204	339
1779088249712343	204	342
1779088249722784	204	223
1779088249722786	204	241
1779088249722786	204	244
1779088249722787	204	263
1779088249722787	204	265
1779088249722788	204	272
1779088249722788	204	280
1779088249722789	204	287
1779088249722789	204	306
1779088249722790	204	309
1779088249722790	204	311
1779088249722791	204	318
1779088249722791	204	325
1779088249722792	204	332
1779088249722792	204	348
1779088249722793	204	356
1779088249722793	204	358
1779088249722794	204	365
1779088249722794	204	373
1779088249722795	204	376
1779088249722795	204	383
1779088249722796	204	385
1779088249722796	204	393
1779088249722797	204	400
1779088249722797	204	403
1779088249722798	204	410
1779088249722798	204	413
1779088249722799	204	416
1779088249722799	204	423
1779088249722800	204	430
1779088249722800	204	447
1779088249732346	204	194
1779088249732347	204	211
1779088249732348	204	218
1779088249732349	204	224
1779088249732349	204	230
1779088249732350	204	237
1779088249732350	204	245
1779088249732351	204	247
1779088249732351	204	254
1779088249732352	204	257
1779088249732352	204	264
1779088249732353	204	271
1779088249732353	204	274
1779088249732354	204	289
1779088249732354	204	291
1779088249732355	204	316
1779088249732355	204	323
1779088249732355	204	339
1779088249732356	204	342
1779088249732357	204	349
1779088249732357	204	357
1779088249732358	204	359
1779088249732358	204	362
1779088249732359	204	369
1779088249732359	204	376
1779088249732360	204	388
1779088249732360	204	395
1779088249732361	204	402
1779088249732361	204	417
1779088249742862	204	205
1779088249742863	204	219
1779088249742863	204	227
1779088249742864	204	229
1779088249742864	204	238
1779088249742865	204	241
1779088249742865	204	248
1779088249742866	204	254
1779088249742866	204	263
1779088249742867	204	269
1779088249742867	204	276
1779088249742868	204	283
1779088249742868	204	289
1779088249742869	204	292
1779088249742869	204	311
1779088249742870	204	318
1779088249742870	204	331
1779088249742871	204	334
1779088249742871	204	342
1779088249742872	204	345
1779088249742872	204	348
1779088249742873	204	350
1779088249742873	204	353
1779088249742874	204	356
1779088249742874	204	358
1779088249742874	204	361
1779088249742875	204	368
1779088249742875	204	375
1779088249742876	204	382
1779088249742876	204	385
1779088249742877	204	398
1779088249752367	204	190
1779088249752368	204	206
1779088249752369	204	213
1779088249752369	204	218
1779088249752370	204	225
1779088249752370	204	231
1779088249752371	204	234
1779088249752371	204	241
1779088249752372	204	244
1779088249752372	204	251
1779088249752373	204	258
1779088249752373	204	265
1779088249752374	204	268
1779088249752374	204	270
1779088249752375	204	286
1779088249752375	204	320
1779088249752376	204	323
1779088249752376	204	330
1779088249752377	204	333
1779088249752377	204	340
1779088249752378	204	342
1779088249752378	204	349
1779088249752379	204	367
1779088249752379	204	370
1779088249752380	204	372
1779088249752380	204	375
1779088249752381	204	378
1779088249752381	204	380
1779088249752382	204	383
1779088249762871	204	247
1779088249762872	204	271
1779088249762873	204	274
1779088249762874	204	281
1779088249762875	204	287
1779088249762876	204	294
1779088249762876	204	297
1779088249762877	204	299
1779088249762878	204	301
1779088249762879	204	303
1779088249762879	204	305
1779088249762880	204	311
1779088249762881	204	314
1779088249762882	204	320
1779088249762883	204	342
1779088249762883	204	349
1779088249762884	204	353
1779088249762885	204	360
1779088249762886	204	363
1779088249762887	204	370
1779088249762887	204	372
1779088249762888	204	375
1779088249762889	204	382
1779088249762890	204	389
1779088249762890	204	392
1779088249762891	204	398
1779088249762892	204	401
1779088249762893	204	403
1779088249762893	204	409
1779088249762894	204	411
1779088249762895	204	429
1779088249772415	204	263
1779088249772416	204	279
1779088249772417	204	288
1779088249772418	204	296
1779088249772418	204	298
1779088249772419	204	300
1779088249772420	204	306
1779088249772421	204	312
1779088249772421	204	315
1779088249772422	204	322
1779088249772423	204	328
1779088249772423	204	336
1779088249772424	204	338
1779088249772425	204	359
1779088249772425	204	362
1779088249772426	204	369
1779088249772427	204	386
1779088249772428	204	392
1779088249772428	204	406
1779088249772429	204	408
1779088249772430	204	410
1779088249772430	204	423
1779088249772431	204	427
1779088249772432	204	433
1779088249772432	204	435
1779088249772433	204	438
1779088249772434	204	444
1779088249772434	204	457
1779088249772435	204	460
1779088249782994	204	218
1779088249782995	204	233
1779088249782996	204	237
1779088249782996	204	241
1779088249782997	204	244
1779088249782997	204	248
1779088249782998	204	249
1779088249782998	204	253
1779088249782999	204	265
1779088249782999	204	267
1779088249783000	204	268
1779088249783000	204	272
1779088249783001	204	273
1779088249783001	204	274
1779088249783002	204	275
1779088249783002	204	344
1779088249783003	204	346
1779088249783003	204	350
1779088249783004	204	353
1779088249783004	204	354
1779088249783005	204	358
1779088249783005	204	367
1779088249783006	204	369
1779088249783006	204	373
1779088249783007	204	375
1779088249783007	204	379
1779088249783008	204	383
1779088249783008	204	384
1779088249783009	204	388
1779088249783009	204	393
1779088249783010	204	397
1779088249783011	204	405
1779088249792492	204	158
1779088249792493	204	168
1779088249792494	204	171
1779088249792494	204	176
1779088249792495	204	177
1779088249792495	204	186
1779088249792496	204	188
1779088249792496	204	192
1779088249792497	204	193
1779088249792497	204	197
1779088249792498	204	198
1779088249792498	204	200
1779088249792499	204	205
1779088249792499	204	213
1779088249792500	204	214
1779088249792500	204	262
1779088249792501	204	264
1779088249792501	204	274
1779088249792502	204	276
1779088249792502	204	277
1779088249792503	204	279
1779088249792503	204	280
1779088249792504	204	284
1779088249792504	204	286
1779088249792504	204	287
1779088249792505	204	288
1779088249792505	204	296
1779088249792506	204	298
1779088249802889	204	200
1779088249802891	204	214
1779088249802891	204	216
1779088249802892	204	220
1779088249802892	204	221
1779088249802893	204	226
1779088249802893	204	227
1779088249802894	204	231
1779088249802894	204	235
1779088249802895	204	236
1779088249802895	204	240
1779088249802896	204	244
1779088249802896	204	248
1779088249802897	204	261
1779088249802897	204	263
1779088249802898	204	319
1779088249802898	204	325
1779088249802899	204	349
1779088249802899	204	354
1779088249802900	204	355
1779088249802900	204	357
1779088249802901	204	363
1779088249802901	204	364
1779088249802902	204	369
1779088249802902	204	373
1779088249802903	204	375
1779088249802903	204	376
1779088249802904	204	380
1779088249802904	204	384
1779088249802905	204	385
1779088249802905	204	394
1779088249812391	204	195
1779088249812392	204	206
1779088249812393	204	211
1779088249812393	204	216
1779088249812394	204	221
1779088249812394	204	225
1779088249812395	204	227
1779088249812395	204	231
1779088249812396	204	234
1779088249812396	204	238
1779088249812397	204	244
1779088249812397	204	246
1779088249812398	204	249
1779088249812398	204	263
1779088249812399	204	265
1779088249812399	204	299
1779088249812400	204	305
1779088249812400	204	306
1779088249812401	204	311
1779088249812401	204	312
1779088249812402	204	316
1779088249812402	204	324
1779088249812403	204	326
1779088249812403	204	330
1779088249812404	204	332
1779088249812404	204	333
1779088249812405	204	335
1779088249812405	204	336
1779088249812406	204	337
1779088249822820	204	179
1779088249822821	204	187
1779088249822822	204	191
1779088249822822	204	192
1779088249822823	204	196
1779088249822823	204	200
1779088249822824	204	201
1779088249822824	204	202
1779088249822825	204	203
1779088249822825	204	204
1779088249822826	204	219
1779088249822826	204	223
1779088249822827	204	234
1779088249822827	204	236
1779088249822828	204	237
1779088249822828	204	293
1779088249822829	204	295
1779088249822829	204	299
1779088249822830	204	301
1779088249822830	204	305
1779088249822831	204	306
1779088249822831	204	311
1779088249822832	204	315
1779088249822832	204	319
1779088249822833	204	323
1779088249822833	204	325
1779088249822834	204	336
1779088249822834	204	340
1779088249822835	204	341
1779088249822835	204	343
1779088249822836	204	344
1779088249833266	204	186
1779088249833267	204	198
1779088249833268	204	203
1779088249833268	204	207
1779088249833269	204	208
1779088249833269	204	221
1779088249833270	204	225
1779088249833270	204	229
1779088249833271	204	231
1779088249833271	204	235
1779088249833272	204	238
1779088249833272	204	240
1779088249833273	204	241
1779088249833273	204	242
1779088249833274	204	255
1779088249833274	204	277
1779088249833275	204	283
1779088249833275	204	287
1779088249833276	204	291
1779088249833276	204	295
1779088249833277	204	297
1779088249833277	204	301
1779088249833278	204	302
1779088249833278	204	306
1779088249833279	204	310
1779088249833279	204	315
1779088249833280	204	316
1779088249833280	204	317
1779088249833281	204	322
1779088249833281	204	326
1779088249833282	204	336
1779088249842700	204	184
1779088249842701	204	200
1779088249842701	204	204
1779088249842702	204	207
1779088249842703	204	211
1779088249842703	204	212
1779088249842703	204	214
1779088249842704	204	215
1779088249842704	204	219
1779088249842705	204	225
1779088249842705	204	226
1779088249842706	204	228
1779088249842706	204	232
1779088249842707	204	233
1779088249842707	204	245
1779088249842708	204	300
1779088249842708	204	311
1779088249842709	204	313
1779088249842709	204	314
1779088249842710	204	318
1779088249842710	204	339
1779088249842711	204	344
1779088249842711	204	346
1779088249842712	204	347
1779088249842712	204	349
1779088249842713	204	350
1779088249842713	204	351
1779088249842714	204	353
1779088249842714	204	354
1779088249853156	204	226
1779088249853157	204	237
1779088249853158	204	244
1779088249853159	204	246
1779088249853159	204	247
1779088249853160	204	248
1779088249853161	204	249
1779088249853162	204	253
1779088249853162	204	262
1779088249853163	204	263
1779088249853164	204	264
1779088249853165	204	268
1779088249853166	204	272
1779088249853166	204	281
1779088249853167	204	285
1779088249853168	204	349
1779088249853169	204	354
1779088249853169	204	355
1779088249853170	204	357
1779088249853171	204	361
1779088249853172	204	369
1779088249853173	204	370
1779088249853173	204	371
1779088249853174	204	372
1779088249853175	204	376
1779088249853176	204	383
1779088249853177	204	385
1779088249853177	204	388
1779088249853178	204	396
1779088249853179	204	404
1779088249853180	204	405
1779088249862662	204	186
1779088249862663	204	198
1779088249862664	204	199
1779088249862664	204	201
1779088249862665	204	202
1779088249862665	204	206
1779088249862666	204	217
1779088249862667	204	221
1779088249862667	204	223
1779088249862668	204	224
1779088249862668	204	229
1779088249862669	204	233
1779088249862669	204	237
1779088249862670	204	242
1779088249862670	204	262
1779088249862671	204	312
1779088249862671	204	315
1779088249862672	204	316
1779088249862672	204	317
1779088249862673	204	319
1779088249862673	204	320
1779088249862674	204	321
1779088249862674	204	323
1779088249862675	204	328
1779088249862675	204	332
1779088249862676	204	336
1779088249862676	204	340
1779088249862677	204	342
1779088249862677	204	351
1779088249873132	204	253
1779088249873134	204	257
1779088249873134	204	263
1779088249873135	204	270
1779088249873136	204	284
1779088249873137	204	291
1779088249873138	204	300
1779088249873138	204	306
1779088249873139	204	308
1779088249873140	204	310
1779088249873141	204	320
1779088249873142	204	325
1779088249873143	204	373
1779088249873144	204	384
1779088249873144	204	432
1779088249873145	204	503
1779088249873146	204	516
1779088249873147	204	519
1779088249873148	204	525
1779088249873149	204	527
1779088249873150	204	529
1779088249873151	204	531
1779088249873151	204	537
1779088249873152	204	540
1779088249873153	204	546
1779088249873154	204	560
1779088249873155	204	567
1779088249873155	204	569
1779088249873156	204	572
1779088249873157	204	573
1779088249873158	204	585
1779088249882839	204	192
1779088249882840	204	214
1779088249882841	204	219
1779088249882842	204	222
1779088249882842	204	223
1779088249882843	204	224
1779088249882843	204	228
1779088249882844	204	232
1779088249882844	204	243
1779088249882845	204	248
1779088249882846	204	250
1779088249882846	204	254
1779088249882847	204	255
1779088249882847	204	259
1779088249882848	204	268
1779088249882848	204	316
1779088249882849	204	321
1779088249882849	204	336
1779088249882850	204	337
1779088249882851	204	342
1779088249882851	204	343
1779088249882852	204	347
1779088249882852	204	348
1779088249882853	204	354
1779088249882853	204	361
1779088249882854	204	364
1779088249882854	204	366
1779088249882855	204	368
1779088249882855	204	384
1779088249892333	204	213
1779088249892334	204	236
1779088249892335	204	244
1779088249892335	204	247
1779088249892336	204	250
1779088249892336	204	257
1779088249892337	204	265
1779088249892337	204	284
1779088249892338	204	293
1779088249892339	204	296
1779088249892339	204	299
1779088249892340	204	306
1779088249892340	204	314
1779088249892341	204	322
1779088249892341	204	337
1779088249892342	204	409
1779088249892342	204	419
1779088249892344	204	422
1779088249892344	204	429
1779088249892345	204	437
1779088249892345	204	445
1779088249892346	204	452
1779088249892346	204	460
1779088249892347	204	467
1779088249892347	204	470
1779088249892348	204	472
1779088249892348	204	490
1779088249892349	204	492
1779088249892349	204	494
1779088249902928	204	221
1779088249902929	204	231
1779088249902930	204	236
1779088249902930	204	237
1779088249902931	204	238
1779088249902931	204	243
1779088249902932	204	247
1779088249902932	204	251
1779088249902933	204	262
1779088249902933	204	263
1779088249902934	204	267
1779088249902934	204	272
1779088249902935	204	281
1779088249902935	204	285
1779088249902936	204	287
1779088249902936	204	331
1779088249902937	204	340
1779088249902937	204	341
1779088249902938	204	343
1779088249902938	204	344
1779088249902939	204	345
1779088249902939	204	347
1779088249902940	204	348
1779088249902940	204	353
1779088249902941	204	357
1779088249902941	204	360
1779088249902942	204	364
1779088249902942	204	370
1779088249902943	204	378
1779088249902943	204	380
1779088249902944	204	396
1779088249912425	204	222
1779088249912426	204	245
1779088249912427	204	253
1779088249912427	204	261
1779088249912428	204	264
1779088249912429	204	271
1779088249912429	204	275
1779088249912430	204	290
1779088249912430	204	299
1779088249912431	204	302
1779088249912431	204	304
1779088249912432	204	307
1779088249912432	204	309
1779088249912433	204	325
1779088249912433	204	328
1779088249912434	204	382
1779088249912434	204	401
1779088249912435	204	410
1779088249912436	204	413
1779088249912436	204	426
1779088249912437	204	429
1779088249912437	204	432
1779088249912438	204	434
1779088249912438	204	441
1779088249912439	204	444
1779088249912439	204	446
1779088249912440	204	449
1779088249912440	204	463
1779088249912441	204	465
1779088249923010	204	256
1779088249923012	204	279
1779088249923013	204	285
1779088249923014	204	288
1779088249923015	204	295
1779088249923016	204	301
1779088249923016	204	303
1779088249923017	204	309
1779088249923018	204	316
1779088249923019	204	318
1779088249923020	204	324
1779088249923020	204	330
1779088249923021	204	333
1779088249923022	204	339
1779088249923023	204	346
1779088249923024	204	354
1779088249923024	204	362
1779088249923025	204	365
1779088249923026	204	367
1779088249923027	204	370
1779088249923027	204	372
1779088249923028	204	380
1779088249923029	204	387
1779088249923030	204	394
1779088249923030	204	396
1779088249923031	204	399
1779088249923032	204	401
1779088249923043	204	393
1779088249923044	204	399
1779088249923045	204	404
1779088249923046	204	406
1779088249923047	204	430
1779088249932563	204	218
1779088249932564	204	227
1779088249932565	204	232
1779088249932565	204	234
1779088249932566	204	238
1779088249932566	204	243
1779088249932567	204	247
1779088249932567	204	251
1779088249932567	204	253
1779088249932568	204	254
1779088249932568	204	255
1779088249932569	204	260
1779088249932569	204	261
1779088249932570	204	263
1779088249932570	204	267
1779088249932570	204	268
1779088249932571	204	270
1779088249932571	204	272
1779088249932572	204	273
1779088249932572	204	278
1779088249932572	204	282
1779088249932573	204	283
1779088249932573	204	287
1779088249932574	204	289
1779088249932574	204	290
1779088249932575	204	292
1779088249932575	204	295
1779088249932575	204	308
1779088249942967	204	204
1779088249942969	204	215
1779088249942969	204	220
1779088249942970	204	231
1779088249942970	204	232
1779088249942971	204	237
1779088249942971	204	241
1779088249942972	204	242
1779088249942972	204	244
1779088249942973	204	247
1779088249942974	204	254
1779088249942974	204	256
1779088249942975	204	258
1779088249942975	204	259
1779088249942976	204	272
1779088249942976	204	309
1779088249942977	204	314
1779088249942977	204	321
1779088249942978	204	323
1779088249942978	204	327
1779088249942979	204	328
1779088249942979	204	330
1779088249942980	204	331
1779088249942980	204	335
1779088249942981	204	344
1779088249942981	204	346
1779088249942982	204	350
1779088249942982	204	351
1779088249942983	204	352
1779088249942983	204	356
1779088249942984	204	358
1779088249942984	204	366
1779088249952422	204	195
1779088249952423	204	205
1779088249952424	204	206
1779088249952424	204	213
1779088249952425	204	232
1779088249952425	204	234
1779088249952425	204	246
1779088249952426	204	248
1779088249952426	204	252
1779088249952427	204	264
1779088249952427	204	268
1779088249952428	204	288
1779088249952428	204	294
1779088249952429	204	295
1779088249952429	204	314
1779088249952430	204	321
1779088249952430	204	323
1779088249952431	204	334
1779088249952431	204	340
1779088249952432	204	357
1779088249952432	204	364
1779088249952433	204	378
1779088249952433	204	382
1779088249952434	204	392
1779088249952434	204	394
1779088249952435	204	395
1779088249952435	204	399
1779088249952436	204	410
1779088249962935	204	234
1779088249962936	204	250
1779088249962937	204	255
1779088249962938	204	256
1779088249962938	204	261
1779088249962939	204	264
1779088249962939	204	269
1779088249962940	204	273
1779088249962940	204	274
1779088249962941	204	279
1779088249962941	204	280
1779088249962942	204	282
1779088249962943	204	286
1779088249962943	204	290
1779088249962944	204	305
1779088249962944	204	343
1779088249962945	204	348
1779088249962945	204	350
1779088249962946	204	354
1779088249962946	204	359
1779088249962947	204	360
1779088249962947	204	362
1779088249962948	204	366
1779088249962948	204	370
1779088249962949	204	381
1779088249962949	204	386
1779088249962950	204	388
1779088249962950	204	401
1779088249962951	204	404
1779088249962951	204	406
1779088249962952	204	409
1779088249972443	204	206
1779088249972444	204	224
1779088249972445	204	231
1779088249972445	204	239
1779088249972446	204	256
1779088249972446	204	265
1779088249972447	204	277
1779088249972447	204	286
1779088249972448	204	289
1779088249972448	204	301
1779088249972449	204	309
1779088249972449	204	312
1779088249972450	204	351
1779088249972450	204	355
1779088249972451	204	358
1779088249972451	204	413
1779088249972452	204	428
1779088249972452	204	436
1779088249972453	204	439
1779088249972454	204	447
1779088249972454	204	450
1779088249972455	204	457
1779088249972455	204	466
1779088249972456	204	474
1779088249972456	204	482
1779088249972456	204	490
1779088249972457	204	498
1779088249972457	204	517
1779088249972458	204	520
1779088249983075	204	231
1779088249983077	204	245
1779088249983077	204	250
1779088249983078	204	251
1779088249983079	204	252
1779088249983079	204	257
1779088249983080	204	258
1779088249983080	204	260
1779088249983081	204	261
1779088249983081	204	266
1779088249983082	204	270
1779088249983082	204	271
1779088249983083	204	275
1779088249983083	204	279
1779088249983084	204	293
1779088249983084	204	340
1779088249983085	204	345
1779088249983085	204	349
1779088249983086	204	353
1779088249983086	204	355
1779088249983087	204	360
1779088249983087	204	364
1779088249983088	204	375
1779088249983088	204	376
1779088249983089	204	382
1779088249983089	204	385
1779088249983090	204	387
1779088249983090	204	389
1779088249983091	204	392
1779088249983091	204	394
1779088249983092	204	397
1779088249983092	204	399
1779088249992578	204	202
1779088249992579	204	220
1779088249992580	204	228
1779088249992580	204	234
1779088249992581	204	240
1779088249992581	204	258
1779088249992582	204	262
1779088249992582	204	269
1779088249992583	204	272
1779088249992583	204	274
1779088249992584	204	277
1779088249992584	204	280
1779088249992585	204	287
1779088249992585	204	289
1779088249992586	204	302
1779088249992586	204	363
1779088249992587	204	373
1779088249992587	204	382
1779088249992588	204	390
1779088249992588	204	393
1779088249992589	204	400
1779088249992589	204	407
1779088249992590	204	410
1779088249992590	204	427
1779088249992591	204	435
1779088249992591	204	438
1779088249992592	204	453
1779088249992592	204	454
1779088250003129	204	303
1779088250003131	204	322
1779088250003131	204	324
1779088250003132	204	328
1779088250003132	204	338
1779088250003133	204	340
1779088250003133	204	344
1779088250003134	204	345
1779088250003134	204	347
1779088250003135	204	355
1779088250003136	204	358
1779088250003136	204	360
1779088250003137	204	361
1779088250003137	204	363
1779088250003138	204	370
1779088250003138	204	371
1779088250003139	204	375
1779088250003139	204	377
1779088250003140	204	385
1779088250003140	204	387
1779088250003141	204	388
1779088250003141	204	389
1779088250003142	204	393
1779088250003142	204	395
1779088250003143	204	396
1779088250003143	204	397
1779088250003144	204	399
1779088250003144	204	403
1779088250003145	204	404
1779088250003145	204	408
1779088250003146	204	419
1779088250003146	204	422
1779088250012653	204	164
1779088250012654	204	176
1779088250012655	204	179
1779088250012655	204	188
1779088250012656	204	192
1779088250012656	204	193
1779088250012657	204	197
1779088250012657	204	198
1779088250012658	204	199
1779088250012658	204	200
1779088250012659	204	204
1779088250012659	204	208
1779088250012660	204	210
1779088250012660	204	211
1779088250012661	204	222
1779088250012661	204	261
1779088250012662	204	263
1779088250012662	204	265
1779088250012663	204	266
1779088250012663	204	267
1779088250012664	204	269
1779088250012664	204	273
1779088250012665	204	279
1779088250012665	204	282
1779088250012666	204	284
1779088250012666	204	286
1779088250012667	204	302
1779088250012667	204	305
1779088250012668	204	306
1779088250023061	204	203
1779088250023062	204	221
1779088250023063	204	224
1779088250023063	204	232
1779088250023064	204	235
1779088250023065	204	237
1779088250023065	204	244
1779088250023066	204	247
1779088250023066	204	254
1779088250023067	204	257
1779088250023067	204	260
1779088250023068	204	267
1779088250023068	204	286
1779088250023069	204	289
1779088250023069	204	296
1779088250023070	204	373
1779088250023070	204	383
1779088250023071	204	386
1779088250023071	204	394
1779088250023072	204	397
1779088250023072	204	400
1779088250023073	204	403
1779088250023073	204	410
1779088250023074	204	413
1779088250023074	204	420
1779088250023075	204	428
1779088250023075	204	435
1779088250023076	204	443
1779088250023076	204	445
1779088250023077	204	448
1779088250023077	204	464
1779088250032620	204	187
1779088250032621	204	198
1779088250032621	204	202
1779088250032622	204	206
1779088250032622	204	207
1779088250032623	204	219
1779088250032624	204	223
1779088250032624	204	225
1779088250032625	204	226
1779088250032625	204	230
1779088250032625	204	234
1779088250032626	204	236
1779088250032626	204	241
1779088250032627	204	242
1779088250032627	204	250
1779088250032628	204	298
1779088250032628	204	304
1779088250032629	204	305
1779088250032629	204	310
1779088250032630	204	314
1779088250032630	204	316
1779088250032631	204	320
1779088250032631	204	322
1779088250032632	204	326
1779088250032632	204	330
1779088250032633	204	334
1779088250032633	204	338
1779088250032634	204	339
1779088250032634	204	356
1779088250043071	204	210
1779088250043073	204	233
1779088250043073	204	242
1779088250043074	204	246
1779088250043074	204	254
1779088250043075	204	262
1779088250043075	204	269
1779088250043076	204	273
1779088250043076	204	281
1779088250043077	204	288
1779088250043077	204	303
1779088250043078	204	311
1779088250043078	204	330
1779088250043079	204	339
1779088250043079	204	355
1779088250043080	204	428
1779088250043080	204	438
1779088250043081	204	447
1779088250043081	204	450
1779088250043082	204	458
1779088250043082	204	466
1779088250043083	204	474
1779088250043083	204	482
1779088250043084	204	485
1779088250043084	204	492
1779088250043085	204	495
1779088250043085	204	497
1779088250043086	204	499
1779088250043086	204	507
1779088250043087	204	522
1779088250043087	204	532
1779088250052710	204	207
1779088250052711	204	222
1779088250052711	204	223
1779088250052712	204	227
1779088250052712	204	231
1779088250052713	204	233
1779088250052713	204	234
1779088250052714	204	238
1779088250052714	204	239
1779088250052715	204	242
1779088250052715	204	250
1779088250052716	204	254
1779088250052716	204	255
1779088250052717	204	257
1779088250052717	204	265
1779088250052718	204	327
1779088250052718	204	333
1779088250052720	204	343
1779088250052720	204	344
1779088250052721	204	348
1779088250052721	204	349
1779088250052722	204	351
1779088250052722	204	352
1779088250052723	204	354
1779088250052723	204	356
1779088250052724	204	358
1779088250052724	204	360
1779088250052724	204	367
1779088250052725	204	379
1779088250063192	204	206
1779088250063194	204	227
1779088250063194	204	234
1779088250063195	204	241
1779088250063195	204	244
1779088250063196	204	249
1779088250063196	204	252
1779088250063197	204	259
1779088250063197	204	266
1779088250063198	204	286
1779088250063198	204	290
1779088250063199	204	292
1779088250063199	204	300
1779088250063200	204	314
1779088250063200	204	317
1779088250063201	204	388
1779088250063201	204	392
1779088250063202	204	395
1779088250063202	204	398
1779088250063203	204	400
1779088250063203	204	408
1779088250063204	204	411
1779088250063204	204	414
1779088250063205	204	416
1779088250063205	204	419
1779088250063206	204	422
1779088250063206	204	430
1779088250063207	204	437
1779088250063207	204	444
1779088250063208	204	446
1779088250063208	204	459
1779088250072757	204	182
1779088250072758	204	202
1779088250072759	204	208
1779088250072759	204	214
1779088250072760	204	220
1779088250072760	204	227
1779088250072761	204	235
1779088250072761	204	241
1779088250072762	204	248
1779088250072762	204	251
1779088250072763	204	258
1779088250072763	204	264
1779088250072764	204	290
1779088250072764	204	293
1779088250072765	204	296
1779088250072765	204	302
1779088250072766	204	305
1779088250072766	204	307
1779088250072767	204	315
1779088250072767	204	323
1779088250072768	204	325
1779088250072768	204	328
1779088250072769	204	334
1779088250072769	204	341
1779088250072770	204	344
1779088250072770	204	350
1779088250072771	204	353
1779088250072771	204	369
1779088250072772	204	376
1779088250083254	204	252
1779088250083256	204	275
1779088250083257	204	282
1779088250083257	204	290
1779088250083258	204	293
1779088250083259	204	295
1779088250083260	204	297
1779088250083260	204	299
1779088250083261	204	305
1779088250083262	204	312
1779088250083262	204	314
1779088250083263	204	321
1779088250083264	204	327
1779088250083264	204	334
1779088250083265	204	362
1779088250083266	204	370
1779088250083267	204	377
1779088250083268	204	379
1779088250083268	204	387
1779088250083269	204	390
1779088250083270	204	397
1779088250083271	204	404
1779088250083271	204	410
1779088250083272	204	417
1779088250083273	204	419
1779088250083274	204	421
1779088250083274	204	427
1779088250083275	204	433
1779088250083276	204	440
1779088250083277	204	457
1779088250083277	204	460
1779088250092823	204	190
1779088250092824	204	202
1779088250092824	204	206
1779088250092825	204	223
1779088250092825	204	228
1779088250092826	204	230
1779088250092826	204	233
1779088250092827	204	238
1779088250092827	204	242
1779088250092828	204	243
1779088250092828	204	247
1779088250092829	204	257
1779088250092829	204	261
1779088250092830	204	262
1779088250092830	204	264
1779088250092831	204	317
1779088250092831	204	323
1779088250092832	204	324
1779088250092832	204	326
1779088250092833	204	327
1779088250092833	204	337
1779088250092834	204	339
1779088250092834	204	340
1779088250092835	204	344
1779088250092835	204	348
1779088250092836	204	353
1779088250092836	204	356
1779088250092837	204	361
1779088250092837	204	369
1779088250103308	204	274
1779088250103310	204	293
1779088250103310	204	302
1779088250103311	204	304
1779088250103312	204	311
1779088250103312	204	313
1779088250103313	204	321
1779088250103313	204	324
1779088250103314	204	326
1779088250103314	204	333
1779088250103316	204	339
1779088250103316	204	342
1779088250103317	204	344
1779088250103317	204	351
1779088250103318	204	371
1779088250103318	204	379
1779088250103319	204	386
1779088250103319	204	393
1779088250103320	204	396
1779088250103321	204	403
1779088250103321	204	406
1779088250103322	204	414
1779088250103322	204	417
1779088250103323	204	419
1779088250103324	204	422
1779088250103324	204	424
1779088250103325	204	432
1779088250103325	204	435
1779088250103326	204	437
1779088250103327	204	444
1779088250103327	204	451
1779088250103328	204	453
1779088250112878	204	268
1779088250112879	204	285
1779088250112880	204	292
1779088250112880	204	299
1779088250112881	204	302
1779088250112882	204	308
1779088250112883	204	316
1779088250112883	204	323
1779088250112884	204	330
1779088250112884	204	338
1779088250112885	204	345
1779088250112885	204	352
1779088250112886	204	355
1779088250112886	204	357
1779088250112887	204	365
1779088250112887	204	372
1779088250112888	204	379
1779088250112888	204	382
1779088250112889	204	388
1779088250112889	204	395
1779088250112890	204	402
1779088250112890	204	409
1779088250112891	204	415
1779088250112891	204	418
1779088250112892	204	421
1779088250112892	204	423
1779088250112893	204	430
1779088250112893	204	447
1779088250122438	204	247
1779088250122439	204	265
1779088250122440	204	272
1779088250122440	204	278
1779088250122441	204	285
1779088250122441	204	292
1779088250122442	204	298
1779088250122442	204	301
1779088250122443	204	308
1779088250122443	204	315
1779088250122444	204	322
1779088250122444	204	324
1779088250122445	204	331
1779088250122445	204	334
1779088250122446	204	341
1779088250122446	204	344
1779088250122447	204	346
1779088250122447	204	348
1779088250122448	204	351
1779088250122448	204	353
1779088250122449	204	360
1779088250122449	204	363
1779088250122450	204	370
1779088250122450	204	377
1779088250122451	204	383
1779088250122452	204	390
1779088250122452	204	393
1779088250122452	204	400
1779088250122453	204	402
1779088250132949	204	282
1779088250132951	204	299
1779088250132952	204	302
1779088250132952	204	308
1779088250132953	204	311
1779088250132953	204	312
1779088250132954	204	319
1779088250132954	204	326
1779088250132955	204	333
1779088250132955	204	336
1779088250132956	204	342
1779088250132956	204	349
1779088250132957	204	356
1779088250132957	204	364
1779088250132958	204	367
1779088250132958	204	375
1779088250132959	204	377
1779088250132959	204	380
1779088250132960	204	386
1779088250132960	204	394
1779088250132961	204	401
1779088250132961	204	408
1779088250132961	204	415
1779088250132962	204	422
1779088250132962	204	425
1779088250132963	204	431
1779088250132963	204	438
1779088250132964	204	445
1779088250132964	204	447
1779088250132965	204	450
1779088250132965	204	457
1779088250132966	204	473
1779088250142525	204	155
1779088250142526	204	163
1779088250142526	204	170
1779088250142527	204	172
1779088250142527	204	178
1779088250142528	204	180
1779088250142528	204	188
1779088250142529	204	194
1779088250142529	204	197
1779088250142530	204	202
1779088250142530	204	208
1779088250142531	204	214
1779088250142531	204	220
1779088250142532	204	227
1779088250142532	204	242
1779088250142533	204	248
1779088250142533	204	267
1779088250142534	204	270
1779088250142534	204	272
1779088250142535	204	274
1779088250142535	204	277
1779088250142536	204	283
1779088250142536	204	289
1779088250142537	204	302
1779088250142537	204	304
1779088250142538	204	306
1779088250142538	204	318
1779088250142539	204	320
1779088250152949	204	269
1779088250152951	204	281
1779088250152951	204	283
1779088250152952	204	291
1779088250152952	204	298
1779088250152953	204	300
1779088250152953	204	307
1779088250152954	204	309
1779088250152954	204	312
1779088250152955	204	315
1779088250152955	204	322
1779088250152956	204	329
1779088250152956	204	332
1779088250152957	204	338
1779088250152957	204	346
1779088250152958	204	348
1779088250152958	204	355
1779088250152959	204	358
1779088250152959	204	365
1779088250152960	204	367
1779088250152960	204	370
1779088250152961	204	376
1779088250152961	204	378
1779088250152962	204	380
1779088250152962	204	383
1779088250152963	204	386
1779088250152963	204	388
1779088250152964	204	395
1779088250152964	204	398
1779088250152965	204	418
1779088250152965	204	421
1779088250152966	204	439
1779088250162487	204	228
1779088250162489	204	241
1779088250162489	204	247
1779088250162490	204	252
1779088250162490	204	254
1779088250162491	204	255
1779088250162492	204	261
1779088250162492	204	267
1779088250162493	204	273
1779088250162493	204	276
1779088250162494	204	282
1779088250162494	204	290
1779088250162495	204	292
1779088250162495	204	300
1779088250162496	204	307
1779088250162496	204	314
1779088250162497	204	320
1779088250162497	204	327
1779088250162498	204	334
1779088250162498	204	341
1779088250162499	204	348
1779088250162499	204	355
1779088250162500	204	358
1779088250162500	204	360
1779088250162501	204	363
1779088250162501	204	370
1779088250162501	204	377
1779088250162502	204	380
1779088250172959	204	174
1779088250172960	204	187
1779088250172961	204	195
1779088250172961	204	202
1779088250172962	204	205
1779088250172962	204	207
1779088250172963	204	210
1779088250172963	204	217
1779088250172964	204	224
1779088250172964	204	227
1779088250172965	204	230
1779088250172965	204	233
1779088250172965	204	239
1779088250172966	204	242
1779088250172966	204	260
1779088250172967	204	267
1779088250172967	204	269
1779088250172968	204	284
1779088250172968	204	287
1779088250172969	204	290
1779088250172969	204	292
1779088250172970	204	295
1779088250172970	204	298
1779088250172971	204	300
1779088250172971	204	303
1779088250172972	204	310
1779088250172972	204	316
1779088250172973	204	323
1779088250172973	204	330
1779088250172974	204	344
1779088250172974	204	347
1779088250172975	204	350
1779088250182409	204	250
1779088250182410	204	262
1779088250182411	204	268
1779088250182412	204	276
1779088250182412	204	278
1779088250182412	204	290
1779088250182413	204	294
1779088250182413	204	301
1779088250182414	204	307
1779088250182414	204	310
1779088250182415	204	312
1779088250182415	204	319
1779088250182416	204	326
1779088250182416	204	333
1779088250182417	204	339
1779088250182417	204	346
1779088250182418	204	353
1779088250182418	204	359
1779088250182419	204	366
1779088250182419	204	373
1779088250182420	204	376
1779088250182421	204	384
1779088250182421	204	386
1779088250182422	204	389
1779088250182422	204	396
1779088250182423	204	403
1779088250182423	204	409
1779088250182424	204	412
1779088250192921	204	218
1779088250192922	204	234
1779088250192922	204	243
1779088250192923	204	249
1779088250192923	204	252
1779088250192924	204	259
1779088250192925	204	261
1779088250192925	204	269
1779088250192926	204	276
1779088250192926	204	279
1779088250192927	204	281
1779088250192927	204	284
1779088250192928	204	291
1779088250192928	204	308
1779088250192929	204	311
1779088250192929	204	322
1779088250192930	204	335
1779088250192930	204	343
1779088250192931	204	346
1779088250192931	204	348
1779088250192932	204	351
1779088250192932	204	358
1779088250192933	204	361
1779088250192933	204	368
1779088250192934	204	370
1779088250192934	204	377
1779088250192935	204	384
1779088250192935	204	387
1779088250192936	204	394
1779088250192936	204	397
1779088250192937	204	412
1779088250202437	204	256
1779088250202439	204	275
1779088250202440	204	277
1779088250202440	204	280
1779088250202441	204	282
1779088250202441	204	288
1779088250202442	204	291
1779088250202442	204	293
1779088250202443	204	301
1779088250202443	204	308
1779088250202444	204	310
1779088250202444	204	313
1779088250202444	204	320
1779088250202445	204	323
1779088250202446	204	330
1779088250202446	204	337
1779088250202447	204	340
1779088250202447	204	342
1779088250202448	204	349
1779088250202448	204	356
1779088250202449	204	362
1779088250202449	204	369
1779088250202450	204	372
1779088250202450	204	379
1779088250202451	204	382
1779088250202451	204	385
1779088250202452	204	391
1779088250202452	204	410
1779088250202453	204	412
1779088250212952	204	239
1779088250212954	204	257
1779088250212954	204	264
1779088250212955	204	270
1779088250212955	204	277
1779088250212956	204	279
1779088250212956	204	286
1779088250212957	204	293
1779088250212957	204	300
1779088250212958	204	303
1779088250212958	204	322
1779088250212959	204	325
1779088250212959	204	344
1779088250212960	204	347
1779088250212960	204	349
1779088250212961	204	357
1779088250212961	204	360
1779088250212962	204	367
1779088250212962	204	373
1779088250212963	204	380
1779088250212963	204	393
1779088250212964	204	396
1779088250212964	204	403
1779088250212965	204	409
1779088250212965	204	412
1779088250212966	204	414
1779088250212966	204	421
1779088250212967	204	428
1779088250212967	204	435
1779088250212968	204	438
1779088250212968	204	455
1779088250212969	204	457
1779088250222510	204	210
1779088250222511	204	221
1779088250222511	204	224
1779088250222512	204	226
1779088250222512	204	231
1779088250222513	204	237
1779088250222513	204	240
1779088250222514	204	247
1779088250222514	204	254
1779088250222515	204	261
1779088250222515	204	264
1779088250222516	204	266
1779088250222516	204	273
1779088250222517	204	280
1779088250222517	204	283
1779088250222518	204	286
1779088250222518	204	288
1779088250222519	204	291
1779088250222519	204	297
1779088250222520	204	304
1779088250222520	204	311
1779088250222521	204	318
1779088250222521	204	321
1779088250222522	204	324
1779088250222522	204	330
1779088250222523	204	333
1779088250222523	204	340
1779088250222524	204	359
1779088250232968	204	232
1779088250232969	204	246
1779088250232970	204	254
1779088250232970	204	261
1779088250232971	204	263
1779088250232971	204	270
1779088250232972	204	277
1779088250232972	204	280
1779088250232973	204	298
1779088250232973	204	301
1779088250232974	204	303
1779088250232974	204	306
1779088250232975	204	308
1779088250232975	204	311
1779088250232975	204	313
1779088250232976	204	321
1779088250232976	204	324
1779088250232977	204	336
1779088250232977	204	339
1779088250232978	204	342
1779088250232978	204	349
1779088250232979	204	352
1779088250232979	204	359
1779088250232980	204	365
1779088250232980	204	372
1779088250232981	204	379
1779088250232981	204	382
1779088250232982	204	384
1779088250232982	204	386
1779088250232983	204	389
1779088250232983	204	404
1779088250232984	204	406
1779088250242481	204	224
1779088250242483	204	239
1779088250242483	204	241
1779088250242484	204	243
1779088250242485	204	244
1779088250242486	204	246
1779088250242486	204	254
1779088250242487	204	261
1779088250242488	204	267
1779088250242488	204	274
1779088250242489	204	281
1779088250242490	204	283
1779088250242491	204	286
1779088250242491	204	288
1779088250242492	204	295
1779088250242493	204	302
1779088250242493	204	309
1779088250242494	204	316
1779088250242495	204	322
1779088250242495	204	329
1779088250242496	204	332
1779088250242497	204	339
1779088250242498	204	346
1779088250242499	204	354
1779088250242499	204	357
1779088250242500	204	363
1779088250242501	204	370
1779088250242502	204	373
1779088250252962	204	203
1779088250252963	204	218
1779088250252963	204	230
1779088250252964	204	237
1779088250252964	204	240
1779088250252965	204	242
1779088250252965	204	249
1779088250252965	204	252
1779088250252966	204	259
1779088250252966	204	262
1779088250252967	204	270
1779088250252967	204	281
1779088250252967	204	284
1779088250252968	204	291
1779088250252968	204	313
1779088250252968	204	322
1779088250252969	204	329
1779088250252969	204	332
1779088250252969	204	334
1779088250252970	204	341
1779088250252970	204	344
1779088250252971	204	351
1779088250252971	204	354
1779088250252971	204	361
1779088250252972	204	364
1779088250252972	204	366
1779088250252972	204	369
1779088250252973	204	376
1779088250252973	204	383
1779088250252973	204	390
1779088250252974	204	393
1779088250252974	204	408
1779088250262470	204	216
1779088250262472	204	232
1779088250262472	204	239
1779088250262473	204	241
1779088250262473	204	248
1779088250262474	204	255
1779088250262474	204	258
1779088250262475	204	265
1779088250262475	204	273
1779088250262476	204	280
1779088250262476	204	283
1779088250262477	204	285
1779088250262477	204	292
1779088250262477	204	299
1779088250262478	204	308
1779088250262478	204	311
1779088250262479	204	318
1779088250262479	204	327
1779088250262480	204	329
1779088250262480	204	337
1779088250262481	204	343
1779088250262481	204	346
1779088250262482	204	353
1779088250262482	204	356
1779088250262483	204	374
1779088250262483	204	381
1779088250262484	204	384
1779088250262484	204	401
1779088250272969	204	202
1779088250272970	204	210
1779088250272970	204	218
1779088250272971	204	224
1779088250272971	204	231
1779088250272972	204	238
1779088250272972	204	241
1779088250272973	204	248
1779088250272973	204	250
1779088250272974	204	257
1779088250272975	204	260
1779088250272975	204	267
1779088250272976	204	284
1779088250272976	204	287
1779088250272977	204	290
1779088250272977	204	297
1779088250272977	204	300
1779088250272978	204	315
1779088250272978	204	318
1779088250272979	204	325
1779088250272979	204	332
1779088250272980	204	335
1779088250272980	204	342
1779088250272981	204	344
1779088250272981	204	351
1779088250272982	204	354
1779088250272982	204	361
1779088250272983	204	364
1779088250272983	204	366
1779088250272984	204	368
1779088250272984	204	375
1779088250272985	204	390
1779088250282461	204	230
1779088250282462	204	245
1779088250282462	204	248
1779088250282463	204	259
1779088250282463	204	262
1779088250282464	204	270
1779088250282464	204	272
1779088250282465	204	275
1779088250282465	204	278
1779088250282466	204	284
1779088250282466	204	287
1779088250282467	204	294
1779088250282467	204	306
1779088250282468	204	313
1779088250282468	204	321
1779088250282469	204	324
1779088250282469	204	326
1779088250282470	204	328
1779088250282470	204	331
1779088250282471	204	333
1779088250282471	204	340
1779088250282472	204	347
1779088250282472	204	350
1779088250282473	204	352
1779088250282473	204	354
1779088250282474	204	361
1779088250282474	204	378
1779088250282475	204	380
1779088250292940	204	271
1779088250292941	204	286
1779088250292941	204	293
1779088250292942	204	301
1779088250292942	204	308
1779088250292943	204	311
1779088250292943	204	314
1779088250292944	204	316
1779088250292944	204	319
1779088250292945	204	326
1779088250292945	204	334
1779088250292946	204	337
1779088250292946	204	344
1779088250292947	204	347
1779088250292947	204	354
1779088250292948	204	357
1779088250292948	204	359
1779088250292949	204	362
1779088250292949	204	364
1779088250292950	204	366
1779088250292950	204	369
1779088250292951	204	371
1779088250292951	204	379
1779088250292952	204	387
1779088250292952	204	389
1779088250292953	204	396
1779088250292953	204	399
1779088250292954	204	402
1779088250292954	204	409
1779088250292955	204	416
1779088250292955	204	419
1779088250292956	204	425
1779088250302463	204	161
1779088250302464	204	171
1779088250302465	204	178
1779088250302465	204	180
1779088250302466	204	186
1779088250302466	204	188
1779088250302467	204	190
1779088250302467	204	192
1779088250302468	204	199
1779088250302468	204	201
1779088250302469	204	207
1779088250302469	204	213
1779088250302470	204	219
1779088250302470	204	235
1779088250302471	204	238
1779088250302471	204	245
1779088250302472	204	259
1779088250302472	204	267
1779088250302473	204	270
1779088250302473	204	277
1779088250302474	204	283
1779088250302474	204	290
1779088250302475	204	297
1779088250302475	204	300
1779088250302476	204	306
1779088250302476	204	309
1779088250302476	204	323
1779088250302477	204	326
1779088250312889	204	229
1779088250312891	204	245
1779088250312891	204	252
1779088250312892	204	258
1779088250312892	204	260
1779088250312893	204	265
1779088250312894	204	268
1779088250312894	204	275
1779088250312895	204	282
1779088250312895	204	285
1779088250312896	204	292
1779088250312896	204	299
1779088250312897	204	316
1779088250312897	204	319
1779088250312898	204	322
1779088250312898	204	360
1779088250312899	204	363
1779088250312899	204	372
1779088250312900	204	374
1779088250312900	204	377
1779088250312901	204	380
1779088250312901	204	387
1779088250312902	204	390
1779088250312902	204	397
1779088250312903	204	400
1779088250312903	204	406
1779088250312904	204	413
1779088250312904	204	426
1779088250312905	204	428
1779088250312905	204	444
1779088250312906	204	447
1779088250322454	204	339
1779088250322457	204	353
1779088250322458	204	359
1779088250322459	204	365
1779088250322459	204	367
1779088250322460	204	369
1779088250322461	204	375
1779088250322462	204	381
1779088250322462	204	383
1779088250322463	204	401
1779088250322464	204	406
1779088250322465	204	412
1779088250322466	204	418
1779088250322467	204	428
1779088250322468	204	433
1779088250322469	204	435
1779088250322469	204	442
1779088250322470	204	444
1779088250322471	204	451
1779088250322472	204	457
1779088250322473	204	462
1779088250322473	204	464
1779088250322474	204	466
1779088250322475	204	473
1779088250322476	204	480
1779088250322477	204	483
1779088250322478	204	485
1779088250322478	204	491
1779088250322479	204	498
1779088250333074	204	197
1779088250333077	204	204
1779088250333077	204	210
1779088250333078	204	218
1779088250333078	204	225
1779088250333079	204	232
1779088250333079	204	240
1779088250333080	204	242
1779088250333080	204	245
1779088250333081	204	252
1779088250333082	204	258
1779088250333082	204	265
1779088250333083	204	272
1779088250333084	204	274
1779088250333084	204	293
1779088250333085	204	300
1779088250333085	204	304
1779088250333086	204	311
1779088250333086	204	318
1779088250333087	204	321
1779088250333087	204	328
1779088250333088	204	331
1779088250333088	204	338
1779088250333089	204	341
1779088250333090	204	348
1779088250333090	204	355
1779088250333091	204	361
1779088250333091	204	368
1779088250333092	204	384
1779088250333092	204	387
1779088250333093	204	390
1779088250333093	204	392
1779088250342601	204	292
1779088250342603	204	310
1779088250342604	204	317
1779088250342605	204	319
1779088250342606	204	325
1779088250342607	204	333
1779088250342608	204	335
1779088250342609	204	337
1779088250342610	204	344
1779088250342610	204	350
1779088250342611	204	352
1779088250342612	204	358
1779088250342613	204	377
1779088250342614	204	380
1779088250342615	204	382
1779088250342616	204	389
1779088250342616	204	391
1779088250342618	204	392
1779088250342619	204	399
1779088250342620	204	402
1779088250342620	204	408
1779088250342621	204	427
1779088250342622	204	429
1779088250342623	204	431
1779088250342624	204	433
1779088250342625	204	436
1779088250342626	204	438
1779088250342626	204	452
1779088250353167	204	244
1779088250353168	204	259
1779088250353168	204	265
1779088250353169	204	268
1779088250353170	204	274
1779088250353170	204	281
1779088250353170	204	284
1779088250353171	204	287
1779088250353172	204	294
1779088250353172	204	304
1779088250353173	204	311
1779088250353173	204	313
1779088250353174	204	320
1779088250353174	204	337
1779088250353175	204	340
1779088250353175	204	346
1779088250353176	204	359
1779088250353177	204	362
1779088250353177	204	369
1779088250353178	204	376
1779088250353178	204	383
1779088250353179	204	385
1779088250353179	204	388
1779088250353180	204	395
1779088250353180	204	402
1779088250353181	204	409
1779088250353181	204	425
1779088250353182	204	428
1779088250353182	204	431
1779088250353183	204	437
1779088250353183	204	444
1779088250353184	204	457
1779088250362736	204	282
1779088250362738	204	295
1779088250362739	204	313
1779088250362739	204	320
1779088250362740	204	327
1779088250362740	204	334
1779088250362741	204	337
1779088250362741	204	339
1779088250362742	204	342
1779088250362742	204	344
1779088250362743	204	351
1779088250362743	204	354
1779088250362744	204	356
1779088250362745	204	359
1779088250362745	204	366
1779088250362746	204	368
1779088250362746	204	375
1779088250362747	204	381
1779088250362748	204	388
1779088250362748	204	390
1779088250362749	204	392
1779088250362750	204	399
1779088250362750	204	402
1779088250362751	204	409
1779088250362751	204	415
1779088250362752	204	418
1779088250362753	204	425
1779088250362753	204	446
1779088250362754	204	449
1779088250373294	204	231
1779088250373295	204	248
1779088250373296	204	255
1779088250373296	204	261
1779088250373297	204	270
1779088250373298	204	277
1779088250373298	204	284
1779088250373299	204	286
1779088250373299	204	289
1779088250373300	204	291
1779088250373301	204	298
1779088250373301	204	305
1779088250373302	204	307
1779088250373302	204	310
1779088250373303	204	328
1779088250373303	204	335
1779088250373304	204	337
1779088250373304	204	340
1779088250373305	204	347
1779088250373305	204	354
1779088250373306	204	357
1779088250373306	204	364
1779088250373307	204	367
1779088250373307	204	382
1779088250373308	204	385
1779088250373308	204	392
1779088250373309	204	407
1779088250373309	204	410
1779088250373310	204	413
1779088250373310	204	416
1779088250373311	204	418
1779088250373311	204	421
1779088250382825	204	274
1779088250382826	204	289
1779088250382827	204	292
1779088250382828	204	298
1779088250382828	204	305
1779088250382829	204	313
1779088250382829	204	315
1779088250382830	204	318
1779088250382830	204	321
1779088250382830	204	323
1779088250382831	204	326
1779088250382831	204	332
1779088250382832	204	339
1779088250382832	204	347
1779088250382833	204	349
1779088250382833	204	356
1779088250382834	204	359
1779088250382834	204	366
1779088250382835	204	372
1779088250382835	204	386
1779088250382836	204	389
1779088250382836	204	392
1779088250382837	204	395
1779088250382837	204	397
1779088250382838	204	404
1779088250382838	204	410
1779088250382839	204	431
1779088250382839	204	434
1779088250392366	204	255
1779088250392367	204	271
1779088250392368	204	278
1779088250392368	204	280
1779088250392369	204	286
1779088250392369	204	293
1779088250392370	204	296
1779088250392370	204	299
1779088250392371	204	301
1779088250392371	204	308
1779088250392372	204	311
1779088250392372	204	318
1779088250392373	204	325
1779088250392373	204	331
1779088250392374	204	334
1779088250392374	204	341
1779088250392375	204	349
1779088250392375	204	351
1779088250392376	204	353
1779088250392376	204	355
1779088250392377	204	357
1779088250392377	204	360
1779088250392378	204	367
1779088250392378	204	374
1779088250392379	204	381
1779088250392379	204	387
1779088250392380	204	394
1779088250392381	204	396
1779088250392381	204	415
1779088250402886	204	345
1779088250402888	204	361
1779088250402888	204	368
1779088250402889	204	371
1779088250402889	204	377
1779088250402890	204	395
1779088250402890	204	398
1779088250402891	204	406
1779088250402891	204	408
1779088250402892	204	411
1779088250402892	204	418
1779088250402893	204	425
1779088250402893	204	431
1779088250402894	204	446
1779088250402894	204	449
1779088250402895	204	455
1779088250402895	204	463
1779088250402896	204	465
1779088250402897	204	468
1779088250402897	204	471
1779088250402898	204	477
1779088250402898	204	484
1779088250402899	204	492
1779088250402899	204	495
1779088250402900	204	501
1779088250402900	204	509
1779088250402901	204	516
1779088250402901	204	528
1779088250402902	204	536
1779088250402902	204	538
1779088250402903	204	541
1779088250412529	204	227
1779088250412530	204	242
1779088250412531	204	248
1779088250412531	204	254
1779088250412532	204	260
1779088250412533	204	262
1779088250412533	204	268
1779088250412534	204	270
1779088250412534	204	277
1779088250412535	204	284
1779088250412535	204	291
1779088250412536	204	298
1779088250412536	204	306
1779088250412537	204	312
1779088250412537	204	319
1779088250412538	204	321
1779088250412538	204	324
1779088250412539	204	331
1779088250412539	204	334
1779088250412540	204	336
1779088250412540	204	339
1779088250412541	204	342
1779088250412541	204	348
1779088250412542	204	356
1779088250412542	204	358
1779088250412543	204	365
1779088250412543	204	367
1779088250412544	204	370
1779088250412544	204	373
1779088250423009	204	211
1779088250423010	204	227
1779088250423010	204	229
1779088250423011	204	231
1779088250423011	204	244
1779088250423012	204	250
1779088250423012	204	252
1779088250423013	204	258
1779088250423013	204	264
1779088250423014	204	266
1779088250423014	204	272
1779088250423015	204	277
1779088250423015	204	280
1779088250423016	204	294
1779088250423016	204	297
1779088250423017	204	305
1779088250423017	204	317
1779088250423018	204	325
1779088250423018	204	327
1779088250423019	204	329
1779088250423019	204	337
1779088250423020	204	339
1779088250423021	204	346
1779088250423021	204	349
1779088250423021	204	351
1779088250423022	204	354
1779088250423022	204	357
1779088250423023	204	359
1779088250423024	204	373
1779088250423024	204	376
1779088250423025	204	379
1779088250423025	204	382
1779088250432489	204	220
1779088250432490	204	228
1779088250432491	204	230
1779088250432492	204	236
1779088250432492	204	242
1779088250432493	204	249
1779088250432493	204	269
1779088250432494	204	276
1779088250432494	204	282
1779088250432495	204	289
1779088250432495	204	292
1779088250432496	204	295
1779088250432496	204	301
1779088250432496	204	308
1779088250432497	204	315
1779088250432497	204	318
1779088250432498	204	326
1779088250432498	204	328
1779088250432499	204	335
1779088250432499	204	342
1779088250432500	204	344
1779088250432501	204	351
1779088250432501	204	354
1779088250432502	204	361
1779088250432502	204	364
1779088250432503	204	366
1779088250432503	204	369
1779088250432504	204	371
1779088250442967	204	246
1779088250442969	204	262
1779088250442969	204	268
1779088250442970	204	275
1779088250442970	204	278
1779088250442971	204	285
1779088250442971	204	288
1779088250442972	204	291
1779088250442972	204	293
1779088250442973	204	301
1779088250442973	204	308
1779088250442974	204	315
1779088250442974	204	333
1779088250442975	204	336
1779088250442975	204	339
1779088250442976	204	368
1779088250442976	204	376
1779088250442977	204	383
1779088250442977	204	391
1779088250442978	204	398
1779088250442978	204	406
1779088250442979	204	409
1779088250442979	204	411
1779088250442980	204	414
1779088250442980	204	416
1779088250442981	204	432
1779088250442981	204	435
1779088250442982	204	438
1779088250442982	204	440
1779088250442983	204	443
1779088250442983	204	445
1779088250442984	204	448
1779088250452532	204	265
1779088250452534	204	291
1779088250452534	204	293
1779088250452535	204	300
1779088250452535	204	302
1779088250452535	204	304
1779088250452536	204	310
1779088250452536	204	313
1779088250452537	204	319
1779088250452537	204	326
1779088250452537	204	332
1779088250452538	204	334
1779088250452538	204	336
1779088250452539	204	339
1779088250452539	204	350
1779088250452540	204	352
1779088250452540	204	354
1779088250452540	204	361
1779088250452541	204	364
1779088250452541	204	366
1779088250452542	204	372
1779088250452542	204	375
1779088250452543	204	380
1779088250452543	204	383
1779088250452543	204	385
1779088250452544	204	387
1779088250452544	204	393
1779088250452545	204	423
1779088250463030	204	235
1779088250463031	204	256
1779088250463032	204	259
1779088250463032	204	265
1779088250463033	204	273
1779088250463033	204	276
1779088250463033	204	278
1779088250463034	204	285
1779088250463034	204	288
1779088250463046	204	279
1779088250463048	204	284
1779088250463048	204	292
1779088250463049	204	295
1779088250463049	204	297
1779088250463049	204	306
1779088250463050	204	313
1779088250463050	204	316
1779088250463051	204	318
1779088250463051	204	325
1779088250463051	204	332
1779088250463052	204	339
1779088250463052	204	348
1779088250463053	204	351
1779088250463053	204	354
1779088250463054	204	356
1779088250463054	204	364
1779088250463054	204	367
1779088250463055	204	374
1779088250463055	204	377
1779088250463055	204	380
1779088250463056	204	382
1779088250463056	204	385
1779088250472540	204	249
1779088250472542	204	263
1779088250472542	204	270
1779088250472543	204	277
1779088250472543	204	284
1779088250472544	204	292
1779088250472544	204	299
1779088250472545	204	305
1779088250472546	204	312
1779088250472546	204	314
1779088250472547	204	317
1779088250472547	204	324
1779088250472548	204	330
1779088250472548	204	333
1779088250472549	204	340
1779088250472550	204	347
1779088250472550	204	350
1779088250472551	204	352
1779088250472551	204	354
1779088250472552	204	361
1779088250472552	204	368
1779088250472553	204	370
1779088250472553	204	377
1779088250472554	204	380
1779088250472555	204	382
1779088250472555	204	389
1779088250472556	204	410
1779088250472556	204	412
1779088250483083	204	245
1779088250483085	204	266
1779088250483086	204	273
1779088250483086	204	279
1779088250483087	204	286
1779088250483088	204	288
1779088250483088	204	294
1779088250483089	204	302
1779088250483090	204	308
1779088250483091	204	314
1779088250483091	204	317
1779088250483092	204	323
1779088250483093	204	329
1779088250483094	204	331
1779088250483094	204	352
1779088250483095	204	364
1779088250483096	204	391
1779088250483096	204	394
1779088250483097	204	396
1779088250483098	204	398
1779088250483099	204	405
1779088250483099	204	411
1779088250483100	204	425
1779088250483101	204	432
1779088250483102	204	438
1779088250483102	204	444
1779088250483103	204	450
1779088250483104	204	456
1779088250483105	204	462
1779088250483105	204	474
1779088250483106	204	492
1779088250483107	204	494
1779088250492690	204	192
1779088250492692	204	206
1779088250492692	204	208
1779088250492693	204	209
1779088250492693	204	212
1779088250492694	204	216
1779088250492694	204	220
1779088250492695	204	221
1779088250492695	204	227
1779088250492696	204	232
1779088250492696	204	233
1779088250492697	204	235
1779088250492697	204	243
1779088250492698	204	245
1779088250492698	204	249
1779088250492699	204	309
1779088250492699	204	321
1779088250492700	204	331
1779088250492700	204	332
1779088250492701	204	354
1779088250492701	204	356
1779088250492702	204	358
1779088250492702	204	359
1779088250492703	204	364
1779088250492703	204	365
1779088250492704	204	369
1779088250492704	204	371
1779088250492705	204	372
1779088250492705	204	380
1779088250503177	204	221
1779088250503178	204	236
1779088250503179	204	238
1779088250503179	204	243
1779088250503180	204	247
1779088250503180	204	252
1779088250503181	204	253
1779088250503181	204	255
1779088250503182	204	256
1779088250503182	204	260
1779088250503183	204	264
1779088250503183	204	268
1779088250503184	204	272
1779088250503184	204	276
1779088250503185	204	289
1779088250503185	204	343
1779088250503186	204	345
1779088250503186	204	350
1779088250503187	204	354
1779088250503187	204	355
1779088250503188	204	357
1779088250503188	204	361
1779088250503189	204	365
1779088250503189	204	366
1779088250503190	204	367
1779088250503190	204	372
1779088250503191	204	373
1779088250503191	204	377
1779088250503192	204	379
1779088250503192	204	380
1779088250503193	204	390
1779088250512669	204	206
1779088250512671	204	217
1779088250512671	204	221
1779088250512672	204	225
1779088250512672	204	235
1779088250512673	204	238
1779088250512674	204	239
1779088250512674	204	243
1779088250512675	204	250
1779088250512675	204	254
1779088250512676	204	255
1779088250512676	204	262
1779088250512677	204	264
1779088250512677	204	265
1779088250512678	204	269
1779088250512678	204	318
1779088250512679	204	323
1779088250512680	204	325
1779088250512680	204	327
1779088250512681	204	328
1779088250512681	204	329
1779088250512682	204	334
1779088250512682	204	344
1779088250512683	204	346
1779088250512683	204	350
1779088250512684	204	364
1779088250512684	204	366
1779088250512685	204	367
1779088250512685	204	369
1779088250523142	204	200
1779088250523144	204	214
1779088250523144	204	218
1779088250523145	204	220
1779088250523145	204	221
1779088250523146	204	224
1779088250523146	204	228
1779088250523147	204	229
1779088250523147	204	230
1779088250523148	204	231
1779088250523148	204	242
1779088250523149	204	246
1779088250523149	204	250
1779088250523150	204	263
1779088250523150	204	265
1779088250523151	204	307
1779088250523151	204	309
1779088250523152	204	314
1779088250523152	204	315
1779088250523153	204	319
1779088250523153	204	323
1779088250523154	204	325
1779088250523154	204	326
1779088250523155	204	330
1779088250523155	204	341
1779088250523156	204	346
1779088250523156	204	347
1779088250523157	204	348
1779088250523157	204	350
1779088250523158	204	351
1779088250523158	204	352
1779088250532606	204	228
1779088250532607	204	240
1779088250532608	204	245
1779088250532608	204	249
1779088250532609	204	250
1779088250532609	204	255
1779088250532609	204	259
1779088250532610	204	263
1779088250532610	204	265
1779088250532611	204	269
1779088250532611	204	275
1779088250532611	204	279
1779088250532612	204	281
1779088250532612	204	285
1779088250532613	204	297
1779088250532613	204	302
1779088250532613	204	303
1779088250532614	204	305
1779088250532614	204	306
1779088250532615	204	307
1779088250532615	204	312
1779088250532616	204	316
1779088250532616	204	317
1779088250532617	204	319
1779088250532617	204	323
1779088250532617	204	328
1779088250532618	204	332
1779088250532618	204	341
1779088250543057	204	188
1779088250543058	204	201
1779088250543059	204	206
1779088250543059	204	207
1779088250543060	204	208
1779088250543060	204	209
1779088250543061	204	220
1779088250543061	204	225
1779088250543062	204	230
1779088250543062	204	234
1779088250543063	204	238
1779088250543063	204	239
1779088250543064	204	252
1779088250543064	204	254
1779088250543065	204	255
1779088250543065	204	311
1779088250543066	204	317
1779088250543066	204	319
1779088250543067	204	324
1779088250543067	204	328
1779088250543068	204	329
1779088250543068	204	334
1779088250543069	204	345
1779088250543069	204	346
1779088250543070	204	348
1779088250543070	204	349
1779088250543071	204	351
1779088250543071	204	352
1779088250543072	204	354
1779088250543072	204	358
1779088250543073	204	362
1779088250543074	204	369
1779088250552531	204	229
1779088250552532	204	243
1779088250552532	204	247
1779088250552533	204	251
1779088250552533	204	255
1779088250552534	204	256
1779088250552534	204	259
1779088250552535	204	263
1779088250552535	204	276
1779088250552536	204	277
1779088250552536	204	281
1779088250552537	204	286
1779088250552537	204	287
1779088250552538	204	291
1779088250552538	204	295
1779088250552539	204	302
1779088250552539	204	307
1779088250552540	204	308
1779088250552540	204	321
1779088250552541	204	322
1779088250552541	204	324
1779088250552542	204	325
1779088250552542	204	334
1779088250552543	204	336
1779088250552543	204	340
1779088250552544	204	344
1779088250552544	204	353
1779088250552545	204	354
1779088250562991	204	215
1779088250562993	204	235
1779088250562994	204	237
1779088250562994	204	242
1779088250562995	204	246
1779088250562995	204	250
1779088250562996	204	251
1779088250562996	204	256
1779088250562997	204	257
1779088250562997	204	259
1779088250562998	204	263
1779088250562999	204	264
1779088250562999	204	268
1779088250563000	204	277
1779088250563000	204	279
1779088250563001	204	324
1779088250563001	204	327
1779088250563001	204	328
1779088250563002	204	333
1779088250563002	204	337
1779088250563003	204	338
1779088250563003	204	342
1779088250563004	204	346
1779088250563004	204	351
1779088250563005	204	359
1779088250563006	204	361
1779088250563006	204	365
1779088250563006	204	366
1779088250563007	204	367
1779088250563008	204	369
1779088250563008	204	378
1779088250563009	204	380
1779088250572464	204	179
1779088250572465	204	187
1779088250572465	204	191
1779088250572466	204	192
1779088250572466	204	193
1779088250572467	204	197
1779088250572467	204	207
1779088250572468	204	211
1779088250572468	204	212
1779088250572469	204	216
1779088250572469	204	217
1779088250572470	204	220
1779088250572470	204	227
1779088250572471	204	231
1779088250572471	204	232
1779088250572472	204	307
1779088250572472	204	314
1779088250572472	204	315
1779088250572473	204	319
1779088250572473	204	323
1779088250572474	204	325
1779088250572475	204	326
1779088250572475	204	327
1779088250572476	204	329
1779088250572476	204	333
1779088250572477	204	336
1779088250572477	204	340
1779088250572478	204	349
1779088250582912	204	215
1779088250582913	204	229
1779088250582914	204	231
1779088250582915	204	236
1779088250582915	204	240
1779088250582916	204	245
1779088250582916	204	247
1779088250582916	204	248
1779088250582917	204	249
1779088250582917	204	251
1779088250582918	204	255
1779088250582918	204	257
1779088250582919	204	261
1779088250582919	204	265
1779088250582920	204	277
1779088250582920	204	333
1779088250582921	204	339
1779088250582921	204	344
1779088250582922	204	355
1779088250582922	204	359
1779088250582923	204	364
1779088250582923	204	372
1779088250582924	204	376
1779088250582924	204	378
1779088250582925	204	379
1779088250582925	204	381
1779088250582926	204	382
1779088250582926	204	383
1779088250582927	204	387
1779088250582927	204	391
1779088250582928	204	399
1779088250592404	204	188
1779088250592405	204	197
1779088250592406	204	199
1779088250592406	204	200
1779088250592407	204	201
1779088250592407	204	208
1779088250592408	204	212
1779088250592408	204	216
1779088250592409	204	217
1779088250592409	204	221
1779088250592410	204	225
1779088250592410	204	229
1779088250592411	204	233
1779088250592411	204	235
1779088250592412	204	244
1779088250592412	204	283
1779088250592413	204	286
1779088250592413	204	287
1779088250592414	204	299
1779088250592414	204	300
1779088250592415	204	301
1779088250592415	204	306
1779088250592416	204	308
1779088250592416	204	311
1779088250592417	204	315
1779088250592417	204	325
1779088250592418	204	327
1779088250592418	204	328
1779088250592419	204	329
1779088250602830	204	204
1779088250602831	204	231
1779088250602832	204	233
1779088250602832	204	234
1779088250602833	204	238
1779088250602833	204	242
1779088250602834	204	244
1779088250602834	204	248
1779088250602835	204	252
1779088250602835	204	253
1779088250602836	204	255
1779088250602836	204	262
1779088250602837	204	274
1779088250602837	204	276
1779088250602838	204	278
1779088250602838	204	330
1779088250602839	204	339
1779088250602839	204	341
1779088250602840	204	345
1779088250602840	204	347
1779088250602841	204	356
1779088250602841	204	360
1779088250602842	204	365
1779088250602842	204	374
1779088250602843	204	379
1779088250602843	204	380
1779088250602843	204	381
1779088250602844	204	389
1779088250602844	204	391
1779088250602845	204	392
1779088250602845	204	394
1779088250612322	204	190
1779088250612323	204	200
1779088250612324	204	206
1779088250612324	204	207
1779088250612325	204	211
1779088250612326	204	214
1779088250612326	204	218
1779088250612326	204	222
1779088250612327	204	223
1779088250612327	204	227
1779088250612328	204	228
1779088250612328	204	229
1779088250612329	204	233
1779088250612329	204	243
1779088250612330	204	245
1779088250612330	204	291
1779088250612331	204	293
1779088250612331	204	297
1779088250612332	204	299
1779088250612332	204	303
1779088250612333	204	314
1779088250612333	204	315
1779088250612334	204	317
1779088250612334	204	318
1779088250612335	204	323
1779088250612335	204	324
1779088250612336	204	325
1779088250612336	204	333
1779088250612337	204	335
1779088250622747	204	162
1779088250622748	204	173
1779088250622748	204	174
1779088250622749	204	175
1779088250622749	204	179
1779088250622750	204	188
1779088250622750	204	190
1779088250622751	204	191
1779088250622751	204	192
1779088250622752	204	196
1779088250622752	204	197
1779088250622753	204	200
1779088250622753	204	208
1779088250622754	204	210
1779088250622754	204	212
1779088250622755	204	265
1779088250622755	204	275
1779088250622756	204	291
1779088250622756	204	297
1779088250622757	204	302
1779088250622757	204	303
1779088250622758	204	307
1779088250622758	204	311
1779088250622759	204	315
1779088250622759	204	317
1779088250622759	204	318
1779088250622760	204	320
1779088250622760	204	324
1779088250622761	204	325
1779088250622761	204	327
1779088250622762	204	336
1779088250633180	204	203
1779088250633181	204	212
1779088250633182	204	218
1779088250633182	204	221
1779088250633183	204	225
1779088250633184	204	226
1779088250633185	204	231
1779088250633185	204	232
1779088250633185	204	236
1779088250633186	204	240
1779088250633186	204	244
1779088250633187	204	246
1779088250633187	204	257
1779088250633188	204	259
1779088250633188	204	261
1779088250633189	204	327
1779088250633189	204	329
1779088250633190	204	331
1779088250633190	204	332
1779088250633191	204	334
1779088250633191	204	335
1779088250633192	204	340
1779088250633192	204	344
1779088250633193	204	345
1779088250633193	204	349
1779088250633194	204	351
1779088250633194	204	360
1779088250633195	204	362
1779088250633195	204	363
1779088250633196	204	365
1779088250633196	204	366
1779088250642646	204	270
1779088250642648	204	287
1779088250642649	204	293
1779088250642649	204	300
1779088250642650	204	310
1779088250642651	204	314
1779088250642652	204	315
1779088250642652	204	340
1779088250642653	204	343
1779088250642654	204	351
1779088250642655	204	363
1779088250642656	204	366
1779088250642656	204	372
1779088250642657	204	397
1779088250642658	204	400
1779088250642659	204	463
1779088250642660	204	476
1779088250642661	204	482
1779088250642662	204	485
1779088250642663	204	487
1779088250642663	204	489
1779088250642664	204	491
1779088250642665	204	493
1779088250642666	204	494
1779088250642667	204	499
1779088250642667	204	503
1779088250642668	204	506
1779088250642669	204	507
1779088250642670	204	516
1779088250653281	204	241
1779088250653283	204	255
1779088250653283	204	277
1779088250653284	204	281
1779088250653285	204	285
1779088250653285	204	289
1779088250653286	204	293
1779088250653287	204	294
1779088250653288	204	295
1779088250653288	204	299
1779088250653289	204	300
1779088250653290	204	304
1779088250653290	204	308
1779088250653291	204	309
1779088250653291	204	325
1779088250653292	204	348
1779088250653293	204	349
1779088250653293	204	351
1779088250653294	204	352
1779088250653295	204	353
1779088250653295	204	357
1779088250653296	204	361
1779088250653296	204	365
1779088250653297	204	367
1779088250653298	204	368
1779088250653299	204	369
1779088250653299	204	370
1779088250653300	204	375
1779088250653301	204	379
1779088250653301	204	380
1779088250653302	204	395
1779088250662776	204	198
1779088250662777	204	211
1779088250662778	204	215
1779088250662779	204	216
1779088250662779	204	218
1779088250662780	204	219
1779088250662780	204	222
1779088250662780	204	227
1779088250662781	204	235
1779088250662781	204	239
1779088250662782	204	286
1779088250662782	204	288
1779088250662783	204	290
1779088250662783	204	291
1779088250662784	204	301
1779088250662784	204	359
1779088250662785	204	367
1779088250662785	204	372
1779088250662786	204	373
1779088250662786	204	385
1779088250662787	204	390
1779088250662787	204	420
1779088250662788	204	423
1779088250662788	204	424
1779088250662789	204	428
1779088250662789	204	429
1779088250662790	204	436
1779088250662790	204	441
1779088250662791	204	442
1779088250672313	204	223
1779088250672314	204	237
1779088250672315	204	238
1779088250672315	204	242
1779088250672316	204	246
1779088250672316	204	249
1779088250672317	204	253
1779088250672317	204	260
1779088250672318	204	267
1779088250672318	204	268
1779088250672319	204	269
1779088250672319	204	271
1779088250672320	204	272
1779088250672320	204	279
1779088250672321	204	283
1779088250672321	204	284
1779088250672322	204	288
1779088250672322	204	296
1779088250672323	204	300
1779088250672323	204	307
1779088250672324	204	311
1779088250672324	204	320
1779088250672325	204	321
1779088250672325	204	325
1779088250672326	204	329
1779088250672326	204	333
1779088250672326	204	342
1779088250672327	204	347
1779088250672327	204	348
1779088250682758	204	207
1779088250682760	204	218
1779088250682760	204	223
1779088250682761	204	227
1779088250682761	204	232
1779088250682762	204	236
1779088250682762	204	240
1779088250682763	204	242
1779088250682763	204	246
1779088250682764	204	255
1779088250682764	204	259
1779088250682765	204	282
1779088250682765	204	288
1779088250682766	204	289
1779088250682766	204	298
1779088250682767	204	353
1779088250682767	204	355
1779088250682768	204	359
1779088250682768	204	363
1779088250682769	204	367
1779088250682769	204	371
1779088250682770	204	381
1779088250682770	204	386
1779088250682771	204	387
1779088250682771	204	389
1779088250682772	204	390
1779088250682772	204	392
1779088250682773	204	395
1779088250682773	204	400
1779088250682774	204	403
1779088250682774	204	412
1779088250693269	204	197
1779088250693270	204	209
1779088250693270	204	210
1779088250693271	204	214
1779088250693271	204	218
1779088250693272	204	223
1779088250693273	204	234
1779088250693273	204	238
1779088250693273	204	246
1779088250693274	204	266
1779088250693274	204	268
1779088250693275	204	270
1779088250693275	204	279
1779088250693276	204	280
1779088250693276	204	289
1779088250693277	204	377
1779088250693277	204	380
1779088250693278	204	381
1779088250693278	204	383
1779088250693279	204	384
1779088250693279	204	389
1779088250693280	204	390
1779088250693280	204	398
1779088250693281	204	406
1779088250693281	204	408
1779088250693282	204	409
1779088250693282	204	411
1779088250693283	204	412
1779088250693283	204	422
1779088250693284	204	424
1779088250693284	204	425
1779088250702784	204	181
1779088250702785	204	192
1779088250702786	204	195
1779088250702786	204	199
1779088250702787	204	202
1779088250702787	204	206
1779088250702788	204	217
1779088250702788	204	222
1779088250702789	204	226
1779088250702789	204	234
1779088250702790	204	239
1779088250702790	204	257
1779088250702791	204	259
1779088250702791	204	264
1779088250702791	204	265
1779088250702792	204	315
1779088250702792	204	320
1779088250702793	204	324
1779088250702793	204	328
1779088250702794	204	333
1779088250702794	204	344
1779088250702795	204	348
1779088250702795	204	350
1779088250702796	204	351
1779088250702796	204	355
1779088250702797	204	357
1779088250702797	204	361
1779088250702798	204	369
1779088250702798	204	370
1779088250713251	204	201
1779088250713252	204	214
1779088250713253	204	218
1779088250713254	204	221
1779088250713254	204	222
1779088250713255	204	224
1779088250713255	204	228
1779088250713256	204	240
1779088250713256	204	244
1779088250713257	204	253
1779088250713257	204	254
1779088250713258	204	258
1779088250713258	204	281
1779088250713259	204	286
1779088250713259	204	294
1779088250713260	204	368
1779088250713260	204	378
1779088250713261	204	380
1779088250713261	204	381
1779088250713262	204	386
1779088250713262	204	387
1779088250713263	204	407
1779088250713263	204	409
1779088250713264	204	413
1779088250713264	204	415
1779088250713265	204	416
1779088250713265	204	424
1779088250713265	204	431
1779088250713266	204	457
1779088250713266	204	459
1779088250713267	204	461
1779088250722813	204	261
1779088250722814	204	271
1779088250722815	204	272
1779088250722816	204	276
1779088250722816	204	277
1779088250722817	204	281
1779088250722818	204	282
1779088250722819	204	292
1779088250722819	204	295
1779088250722820	204	296
1779088250722821	204	299
1779088250722822	204	307
1779088250722822	204	308
1779088250722823	204	311
1779088250722824	204	318
1779088250722825	204	368
1779088250722826	204	381
1779088250722826	204	386
1779088250722827	204	387
1779088250722828	204	411
1779088250722829	204	413
1779088250722830	204	414
1779088250722830	204	415
1779088250722831	204	419
1779088250722832	204	425
1779088250722832	204	426
1779088250722833	204	430
1779088250722834	204	437
1779088250722835	204	441
1779088250732361	204	243
1779088250732363	204	261
1779088250732363	204	266
1779088250732364	204	268
1779088250732364	204	272
1779088250732365	204	276
1779088250732365	204	277
1779088250732365	204	283
1779088250732366	204	288
1779088250732366	204	291
1779088250732367	204	295
1779088250732367	204	300
1779088250732368	204	304
1779088250732368	204	305
1779088250732369	204	309
1779088250732369	204	313
1779088250732370	204	315
1779088250732370	204	316
1779088250732371	204	320
1779088250732371	204	324
1779088250732372	204	326
1779088250732372	204	327
1779088250732373	204	329
1779088250732373	204	330
1779088250732374	204	332
1779088250732374	204	337
1779088250732375	204	339
1779088250732375	204	343
1779088250732376	204	347
1779088250742804	204	196
1779088250742805	204	210
1779088250742806	204	212
1779088250742806	204	216
1779088250742807	204	221
1779088250742807	204	225
1779088250742808	204	227
1779088250742808	204	238
1779088250742809	204	243
1779088250742809	204	247
1779088250742810	204	249
1779088250742810	204	250
1779088250742811	204	254
1779088250742812	204	258
1779088250742812	204	272
1779088250742812	204	327
1779088250742813	204	329
1779088250742813	204	336
1779088250742814	204	338
1779088250742814	204	341
1779088250742815	204	347
1779088250742815	204	353
1779088250742816	204	355
1779088250742816	204	363
1779088250742817	204	364
1779088250742817	204	366
1779088250742818	204	370
1779088250742818	204	374
1779088250742819	204	378
1779088250742819	204	380
1779088250742820	204	389
1779088250752287	204	161
1779088250752288	204	172
1779088250752288	204	176
1779088250752289	204	180
1779088250752289	204	184
1779088250752290	204	185
1779088250752290	204	186
1779088250752291	204	190
1779088250752291	204	193
1779088250752291	204	197
1779088250752292	204	201
1779088250752292	204	208
1779088250752293	204	212
1779088250752293	204	214
1779088250752294	204	222
1779088250752294	204	270
1779088250752295	204	272
1779088250752296	204	277
1779088250752296	204	278
1779088250752297	204	282
1779088250752297	204	284
1779088250752298	204	288
1779088250752298	204	298
1779088250752299	204	300
1779088250752299	204	304
1779088250752300	204	313
1779088250752300	204	314
1779088250752301	204	316
1779088250752301	204	317
1779088250762700	204	214
1779088250762701	204	235
1779088250762702	204	237
1779088250762702	204	242
1779088250762703	204	247
1779088250762703	204	251
1779088250762704	204	255
1779088250762704	204	256
1779088250762705	204	263
1779088250762705	204	267
1779088250762706	204	271
1779088250762706	204	272
1779088250762707	204	274
1779088250762707	204	275
1779088250762708	204	288
1779088250762708	204	292
1779088250762709	204	303
1779088250762709	204	305
1779088250762710	204	309
1779088250762710	204	311
1779088250762711	204	312
1779088250762711	204	319
1779088250762712	204	321
1779088250762712	204	322
1779088250762713	204	335
1779088250762713	204	336
1779088250762714	204	341
1779088250762714	204	343
1779088250762715	204	347
1779088250762715	204	351
1779088250762716	204	361
1779088250773155	204	189
1779088250773156	204	201
1779088250773157	204	211
1779088250773157	204	215
1779088250773158	204	216
1779088250773158	204	220
1779088250773158	204	228
1779088250773159	204	231
1779088250773159	204	232
1779088250773160	204	233
1779088250773160	204	240
1779088250773161	204	242
1779088250773161	204	243
1779088250773162	204	244
1779088250773162	204	245
1779088250773163	204	284
1779088250773163	204	292
1779088250773164	204	294
1779088250773164	204	295
1779088250773165	204	298
1779088250773165	204	300
1779088250773166	204	309
1779088250773166	204	311
1779088250773167	204	312
1779088250773167	204	313
1779088250773168	204	314
1779088250773168	204	315
1779088250773169	204	319
1779088250773169	204	320
1779088250773170	204	323
1779088250773170	204	330
1779088250782586	204	200
1779088250782587	204	216
1779088250782588	204	221
1779088250782588	204	225
1779088250782589	204	229
1779088250782589	204	233
1779088250782590	204	239
1779088250782590	204	241
1779088250782591	204	245
1779088250782591	204	249
1779088250782592	204	250
1779088250782592	204	254
1779088250782593	204	259
1779088250782593	204	271
1779088250782594	204	273
1779088250782594	204	319
1779088250782595	204	321
1779088250782595	204	323
1779088250782596	204	328
1779088250782596	204	329
1779088250782597	204	330
1779088250782597	204	335
1779088250782598	204	336
1779088250782598	204	340
1779088250782599	204	344
1779088250782599	204	349
1779088250782600	204	353
1779088250782600	204	363
1779088250793059	204	216
1779088250793060	204	231
1779088250793061	204	236
1779088250793061	204	238
1779088250793062	204	242
1779088250793062	204	253
1779088250793063	204	258
1779088250793064	204	265
1779088250793064	204	270
1779088250793065	204	271
1779088250793065	204	273
1779088250793066	204	281
1779088250793066	204	283
1779088250793066	204	284
1779088250793067	204	286
1779088250793067	204	328
1779088250793068	204	330
1779088250793068	204	334
1779088250793069	204	339
1779088250793069	204	347
1779088250793070	204	353
1779088250793070	204	358
1779088250793071	204	359
1779088250793071	204	360
1779088250793072	204	364
1779088250793072	204	369
1779088250793073	204	370
1779088250793073	204	372
1779088250793074	204	376
1779088250793074	204	377
1779088250793075	204	381
1779088250793076	204	390
1779088250802562	204	332
1779088250802565	204	358
1779088250802566	204	367
1779088250802566	204	375
1779088250802567	204	381
1779088250802568	204	389
1779088250802569	204	396
1779088250802570	204	398
1779088250802571	204	401
1779088250802572	204	408
1779088250802573	204	431
1779088250802573	204	434
1779088250802574	204	436
1779088250802575	204	439
1779088250802576	204	446
1779088250802576	204	449
1779088250802577	204	456
1779088250802578	204	472
1779088250802579	204	475
1779088250802580	204	482
1779088250802580	204	490
1779088250802581	204	497
1779088250802582	204	504
1779088250802583	204	512
1779088250802583	204	519
1779088250802584	204	521
1779088250802585	204	528
1779088250802586	204	544
1779088250813217	204	210
1779088250813218	204	229
1779088250813219	204	236
1779088250813220	204	239
1779088250813220	204	247
1779088250813221	204	254
1779088250813221	204	261
1779088250813222	204	268
1779088250813222	204	271
1779088250813223	204	278
1779088250813224	204	296
1779088250813224	204	300
1779088250813225	204	303
1779088250813225	204	310
1779088250813226	204	323
1779088250813226	204	403
1779088250813227	204	419
1779088250813227	204	422
1779088250813228	204	425
1779088250813228	204	432
1779088250813229	204	440
1779088250813229	204	443
1779088250813230	204	450
1779088250813230	204	469
1779088250813231	204	472
1779088250813231	204	475
1779088250813232	204	478
1779088250813232	204	481
1779088250813233	204	488
1779088250813233	204	491
1779088250813234	204	497
1779088250813234	204	511
1779088250822829	204	247
1779088250822830	204	262
1779088250822830	204	267
1779088250822831	204	271
1779088250822831	204	272
1779088250822832	204	276
1779088250822832	204	280
1779088250822833	204	282
1779088250822833	204	287
1779088250822834	204	289
1779088250822834	204	292
1779088250822835	204	296
1779088250822835	204	301
1779088250822836	204	302
1779088250822836	204	313
1779088250822837	204	315
1779088250822837	204	319
1779088250822839	204	323
1779088250822839	204	324
1779088250822840	204	325
1779088250822840	204	329
1779088250822841	204	331
1779088250822841	204	335
1779088250822842	204	336
1779088250822842	204	345
1779088250822843	204	350
1779088250822843	204	351
1779088250822844	204	356
1779088250822844	204	368
1779088250832292	204	171
1779088250832293	204	183
1779088250832294	204	190
1779088250832294	204	194
1779088250832295	204	195
1779088250832295	204	199
1779088250832296	204	201
1779088250832296	204	205
1779088250832297	204	210
1779088250832297	204	213
1779088250832298	204	218
1779088250832298	204	219
1779088250832299	204	224
1779088250832299	204	225
1779088250832300	204	240
1779088250832300	204	277
1779088250832301	204	279
1779088250832301	204	284
1779088250832302	204	288
1779088250832302	204	299
1779088250832302	204	303
1779088250832303	204	305
1779088250832303	204	306
1779088250832304	204	307
1779088250832304	204	312
1779088250832305	204	316
1779088250832305	204	321
1779088250832306	204	325
1779088250832306	204	339
1779088250842730	204	206
1779088250842731	204	225
1779088250842732	204	233
1779088250842732	204	241
1779088250842733	204	258
1779088250842733	204	266
1779088250842734	204	281
1779088250842734	204	285
1779088250842735	204	292
1779088250842735	204	295
1779088250842736	204	314
1779088250842736	204	317
1779088250842737	204	325
1779088250842737	204	339
1779088250842738	204	343
1779088250842738	204	413
1779088250842739	204	430
1779088250842739	204	433
1779088250842740	204	436
1779088250842740	204	439
1779088250842741	204	446
1779088250842741	204	449
1779088250842742	204	452
1779088250842742	204	455
1779088250842743	204	463
1779088250842743	204	470
1779088250842744	204	486
1779088250842744	204	488
1779088250842745	204	490
1779088250842745	204	491
1779088250842746	204	492
1779088250852321	204	275
1779088250852323	204	289
1779088250852323	204	291
1779088250852324	204	295
1779088250852324	204	299
1779088250852325	204	304
1779088250852325	204	305
1779088250852326	204	310
1779088250852326	204	314
1779088250852326	204	316
1779088250852327	204	317
1779088250852327	204	321
1779088250852328	204	325
1779088250852328	204	329
1779088250852329	204	330
1779088250852329	204	334
1779088250852330	204	338
1779088250852331	204	344
1779088250852331	204	351
1779088250852332	204	358
1779088250852332	204	361
1779088250852333	204	363
1779088250852333	204	370
1779088250852334	204	377
1779088250852334	204	380
1779088250852335	204	388
1779088250852335	204	400
1779088250852336	204	403
1779088250852336	204	420
1779088250862840	204	188
1779088250862841	204	205
1779088250862842	204	210
1779088250862842	204	216
1779088250862843	204	220
1779088250862843	204	225
1779088250862844	204	226
1779088250862844	204	228
1779088250862845	204	229
1779088250862845	204	234
1779088250862846	204	236
1779088250862846	204	241
1779088250862847	204	245
1779088250862847	204	260
1779088250862848	204	263
1779088250862848	204	306
1779088250862849	204	310
1779088250862849	204	316
1779088250862850	204	318
1779088250862850	204	319
1779088250862850	204	320
1779088250862851	204	322
1779088250862851	204	326
1779088250862852	204	330
1779088250862852	204	331
1779088250862853	204	335
1779088250862853	204	339
1779088250862854	204	344
1779088250862854	204	348
1779088250862855	204	366
1779088250862855	204	383
1779088250872323	204	202
1779088250872324	204	222
1779088250872324	204	226
1779088250872325	204	233
1779088250872325	204	236
1779088250872326	204	244
1779088250872327	204	257
1779088250872327	204	261
1779088250872328	204	268
1779088250872328	204	271
1779088250872329	204	274
1779088250872329	204	290
1779088250872330	204	298
1779088250872330	204	302
1779088250872331	204	315
1779088250872331	204	377
1779088250872332	204	387
1779088250872332	204	390
1779088250872333	204	399
1779088250872333	204	406
1779088250872334	204	409
1779088250872334	204	417
1779088250872335	204	424
1779088250872335	204	427
1779088250872336	204	434
1779088250872336	204	442
1779088250872337	204	444
1779088250872337	204	461
1779088250872338	204	466
1779088250882896	204	291
1779088250882898	204	368
1779088250882899	204	382
1779088250882900	204	386
1779088250882900	204	389
1779088250882902	204	406
1779088250882902	204	413
1779088250882903	204	415
1779088250882904	204	421
1779088250882905	204	423
1779088250882905	204	429
1779088250882906	204	431
1779088250882907	204	445
1779088250882908	204	451
1779088250882909	204	453
1779088250882910	204	520
1779088250882911	204	527
1779088250882912	204	538
1779088250882912	204	544
1779088250882913	204	546
1779088250882914	204	548
1779088250882915	204	550
1779088250882916	204	557
1779088250882917	204	567
1779088250882917	204	574
1779088250882918	204	577
1779088250882919	204	579
1779088250882920	204	587
1779088250882920	204	588
1779088250882921	204	592
1779088250882922	204	593
1779088250892592	204	221
1779088250892593	204	231
1779088250892593	204	242
1779088250892594	204	251
1779088250892594	204	252
1779088250892595	204	254
1779088250892595	204	255
1779088250892596	204	266
1779088250892596	204	268
1779088250892597	204	272
1779088250892597	204	293
1779088250892598	204	313
1779088250892598	204	315
1779088250892599	204	317
1779088250892599	204	318
1779088250892600	204	328
1779088250892600	204	332
1779088250892601	204	340
1779088250892601	204	356
1779088250892602	204	357
1779088250892602	204	365
1779088250892603	204	373
1779088250892603	204	375
1779088250892604	204	394
1779088250892604	204	398
1779088250892605	204	422
1779088250892605	204	424
1779088250892606	204	444
1779088250892606	204	445
1779088250903135	204	219
1779088250903136	204	235
1779088250903137	204	239
1779088250903137	204	250
1779088250903138	204	252
1779088250903138	204	253
1779088250903139	204	254
1779088250903139	204	259
1779088250903140	204	260
1779088250903140	204	261
1779088250903141	204	262
1779088250903142	204	266
1779088250903142	204	268
1779088250903143	204	271
1779088250903143	204	279
1779088250903144	204	315
1779088250903144	204	317
1779088250903145	204	319
1779088250903145	204	323
1779088250903146	204	333
1779088250903146	204	337
1779088250903147	204	339
1779088250903147	204	340
1779088250903148	204	344
1779088250903148	204	345
1779088250903149	204	349
1779088250903149	204	351
1779088250903150	204	352
1779088250903150	204	357
1779088250903151	204	365
1779088250903151	204	367
1779088250903152	204	368
1779088250912598	204	207
1779088250912599	204	223
1779088250912600	204	228
1779088250912600	204	229
1779088250912601	204	237
1779088250912601	204	244
1779088250912602	204	263
1779088250912602	204	268
1779088250912603	204	291
1779088250912603	204	294
1779088250912603	204	298
1779088250912604	204	317
1779088250912604	204	322
1779088250912605	204	324
1779088250912605	204	335
1779088250912606	204	357
1779088250912606	204	359
1779088250912607	204	360
1779088250912607	204	362
1779088250912608	204	363
1779088250912609	204	371
1779088250912609	204	373
1779088250912610	204	378
1779088250912610	204	379
1779088250912611	204	381
1779088250912611	204	382
1779088250912612	204	394
1779088250912612	204	395
1779088250923087	204	212
1779088250923088	204	231
1779088250923088	204	233
1779088250923089	204	243
1779088250923090	204	244
1779088250923091	204	245
1779088250923091	204	247
1779088250923092	204	248
1779088250923092	204	250
1779088250923092	204	251
1779088250923093	204	258
1779088250923094	204	263
1779088250923094	204	277
1779088250923095	204	286
1779088250923095	204	288
1779088250923096	204	345
1779088250923096	204	353
1779088250923097	204	358
1779088250923097	204	360
1779088250923098	204	361
1779088250923098	204	362
1779088250923099	204	366
1779088250923099	204	368
1779088250923100	204	369
1779088250923100	204	374
1779088250923100	204	378
1779088250923101	204	382
1779088250923101	204	384
1779088250923102	204	388
1779088250923102	204	398
1779088250923103	204	402
1779088250923103	204	403
1779088250932591	204	224
1779088250932592	204	239
1779088250932592	204	241
1779088250932593	204	245
1779088250932593	204	249
1779088250932594	204	251
1779088250932594	204	255
1779088250932595	204	260
1779088250932595	204	265
1779088250932596	204	266
1779088250932596	204	271
1779088250932597	204	272
1779088250932597	204	276
1779088250932598	204	280
1779088250932598	204	284
1779088250932599	204	288
1779088250932599	204	290
1779088250932600	204	291
1779088250932600	204	296
1779088250932601	204	300
1779088250932601	204	304
1779088250932602	204	308
1779088250932602	204	313
1779088250932603	204	323
1779088250932603	204	328
1779088250932604	204	330
1779088250932604	204	334
1779088250932605	204	342
1779088250943025	204	183
1779088250943026	204	194
1779088250943027	204	196
1779088250943027	204	197
1779088250943028	204	201
1779088250943028	204	204
1779088250943029	204	211
1779088250943029	204	213
1779088250943029	204	214
1779088250943030	204	217
1779088250943030	204	219
1779088250943031	204	220
1779088250943031	204	221
1779088250943032	204	230
1779088250943032	204	234
1779088250943033	204	286
1779088250943033	204	289
1779088250943034	204	290
1779088250943034	204	297
1779088250943035	204	299
1779088250943035	204	303
1779088250943036	204	304
1779088250943036	204	309
1779088250943037	204	318
1779088250943047	204	313
1779088250943047	204	321
1779088250943048	204	326
1779088250943048	204	327
1779088250943049	204	329
1779088250943049	204	336
1779088250943050	204	338
1779088250943050	204	339
1779088250952467	204	220
1779088250952468	204	233
1779088250952468	204	237
1779088250952469	204	242
1779088250952469	204	243
1779088250952470	204	248
1779088250952470	204	250
1779088250952471	204	254
1779088250952471	204	263
1779088250952472	204	268
1779088250952472	204	270
1779088250952473	204	275
1779088250952473	204	276
1779088250952474	204	281
1779088250952474	204	282
1779088250952475	204	291
1779088250952475	204	295
1779088250952475	204	297
1779088250952476	204	301
1779088250952476	204	305
1779088250952477	204	313
1779088250952478	204	318
1779088250952478	204	325
1779088250952479	204	327
1779088250952479	204	331
1779088250952480	204	332
1779088250952480	204	334
1779088250952481	204	341
1779088250962901	204	242
1779088250962902	204	260
1779088250962902	204	337
1779088250962903	204	349
1779088250962903	204	354
1779088250962904	204	358
1779088250962904	204	359
1779088250962905	204	360
1779088250962905	204	364
1779088250962906	204	368
1779088250962906	204	369
1779088250962907	204	370
1779088250962907	204	374
1779088250962908	204	390
1779088250962908	204	393
1779088250962909	204	445
1779088250962909	204	453
1779088250962910	204	468
1779088250962910	204	475
1779088250962911	204	488
1779088250962911	204	491
1779088250962912	204	493
1779088250962912	204	505
1779088250962913	204	507
1779088250962913	204	509
1779088250962914	204	510
1779088250962914	204	512
1779088250962915	204	516
1779088250962915	204	520
1779088250962916	204	521
1779088250962916	204	530
1779088250972531	204	201
1779088250972533	204	217
1779088250972534	204	222
1779088250972534	204	233
1779088250972535	204	234
1779088250972535	204	239
1779088250972536	204	246
1779088250972536	204	250
1779088250972536	204	288
1779088250972537	204	290
1779088250972538	204	292
1779088250972538	204	293
1779088250972539	204	298
1779088250972539	204	299
1779088250972540	204	300
1779088250972540	204	363
1779088250972541	204	366
1779088250972541	204	371
1779088250972542	204	372
1779088250972542	204	384
1779088250972543	204	386
1779088250972543	204	393
1779088250972544	204	394
1779088250972544	204	396
1779088250972545	204	404
1779088250972545	204	418
1779088250972546	204	429
1779088250972546	204	431
1779088250972547	204	432
1779088250983069	204	218
1779088250983070	204	234
1779088250983071	204	237
1779088250983071	204	238
1779088250983072	204	242
1779088250983072	204	246
1779088250983073	204	250
1779088250983073	204	252
1779088250983073	204	253
1779088250983074	204	258
1779088250983075	204	263
1779088250983075	204	266
1779088250983075	204	271
1779088250983076	204	272
1779088250983076	204	286
1779088250983077	204	333
1779088250983077	204	336
1779088250983078	204	338
1779088250983078	204	342
1779088250983079	204	343
1779088250983079	204	348
1779088250983080	204	349
1779088250983080	204	353
1779088250983081	204	355
1779088250983081	204	360
1779088250983082	204	363
1779088250983082	204	368
1779088250983083	204	379
1779088250983083	204	380
1779088250983084	204	385
1779088250983084	204	386
1779088250983085	204	394
1779088250992551	204	171
1779088250992552	204	183
1779088250992553	204	187
1779088250992553	204	197
1779088250992554	204	199
1779088250992554	204	203
1779088250992555	204	205
1779088250992555	204	231
1779088250992556	204	233
1779088250992556	204	235
1779088250992557	204	236
1779088250992557	204	238
1779088250992558	204	242
1779088250992558	204	243
1779088250992559	204	251
1779088250992559	204	322
1779088250992560	204	332
1779088250992560	204	339
1779088250992561	204	358
1779088250992561	204	363
1779088250992562	204	383
1779088250992562	204	388
1779088250992562	204	411
1779088250992563	204	413
1779088250992563	204	414
1779088250992564	204	418
1779088250992564	204	429
1779088250992565	204	433
1779088251003080	204	203
1779088251003081	204	218
1779088251003082	204	223
1779088251003083	204	225
1779088251003083	204	229
1779088251003084	204	234
1779088251003084	204	239
1779088251003085	204	240
1779088251003085	204	245
1779088251003085	204	246
1779088251003086	204	247
1779088251003086	204	251
1779088251003087	204	253
1779088251003087	204	257
1779088251003088	204	269
1779088251003088	204	310
1779088251003089	204	321
1779088251003089	204	326
1779088251003090	204	328
1779088251003090	204	329
1779088251003091	204	333
1779088251003091	204	335
1779088251003092	204	336
1779088251003092	204	337
1779088251003093	204	339
1779088251003093	204	343
1779088251003094	204	347
1779088251003094	204	348
1779088251003095	204	350
1779088251003095	204	354
1779088251003096	204	362
1779088251003096	204	364
1779088251012551	204	202
1779088251012552	204	212
1779088251012553	204	214
1779088251012554	204	218
1779088251012554	204	222
1779088251012554	204	226
1779088251012555	204	228
1779088251012555	204	232
1779088251012556	204	233
1779088251012556	204	246
1779088251012557	204	251
1779088251012557	204	252
1779088251012558	204	260
1779088251012558	204	264
1779088251012559	204	294
1779088251012559	204	353
1779088251012560	204	358
1779088251012560	204	381
1779088251012561	204	386
1779088251012561	204	387
1779088251012562	204	389
1779088251012562	204	390
1779088251012563	204	398
1779088251012563	204	407
1779088251012564	204	408
1779088251012564	204	430
1779088251012565	204	433
1779088251012565	204	437
1779088251023079	204	194
1779088251023080	204	205
1779088251023081	204	207
1779088251023081	204	208
1779088251023082	204	212
1779088251023082	204	216
1779088251023083	204	226
1779088251023083	204	230
1779088251023083	204	239
1779088251023084	204	243
1779088251023085	204	251
1779088251023085	204	252
1779088251023086	204	254
1779088251023086	204	258
1779088251023087	204	266
1779088251023087	204	313
1779088251023087	204	318
1779088251023088	204	320
1779088251023088	204	324
1779088251023089	204	325
1779088251023089	204	327
1779088251023090	204	330
1779088251023090	204	341
1779088251023091	204	343
1779088251023091	204	347
1779088251023092	204	350
1779088251023092	204	353
1779088251023093	204	360
1779088251023093	204	362
1779088251023094	204	369
1779088251023094	204	380
1779088251023095	204	383
1779088251032556	204	195
1779088251032557	204	207
1779088251032557	204	209
1779088251032558	204	212
1779088251032558	204	216
1779088251032559	204	220
1779088251032559	204	224
1779088251032560	204	228
1779088251032560	204	241
1779088251032561	204	245
1779088251032561	204	247
1779088251032562	204	251
1779088251032562	204	255
1779088251032563	204	256
1779088251032563	204	261
1779088251032564	204	270
1779088251032564	204	274
1779088251032565	204	278
1779088251032565	204	282
1779088251032566	204	283
1779088251032566	204	285
1779088251032567	204	286
1779088251032567	204	292
1779088251032568	204	297
1779088251032568	204	298
1779088251032569	204	302
1779088251032569	204	304
1779088251032570	204	305
1779088251042963	204	265
1779088251042965	204	284
1779088251042965	204	343
1779088251042966	204	355
1779088251042967	204	358
1779088251042968	204	365
1779088251042968	204	371
1779088251042969	204	379
1779088251042970	204	381
1779088251042971	204	388
1779088251042972	204	408
1779088251042972	204	411
1779088251042973	204	418
1779088251042974	204	432
1779088251042975	204	435
1779088251042975	204	499
1779088251042976	204	502
1779088251042977	204	504
1779088251042978	204	506
1779088251042979	204	513
1779088251042980	204	519
1779088251042980	204	522
1779088251042981	204	528
1779088251042982	204	534
1779088251042983	204	536
1779088251042984	204	538
1779088251042984	204	545
1779088251042985	204	552
1779088251042986	204	554
1779088251042987	204	559
1779088251042988	204	574
1779088251042988	204	576
1779088251052644	204	214
1779088251052645	204	224
1779088251052646	204	232
1779088251052646	204	234
1779088251052647	204	238
1779088251052647	204	262
1779088251052648	204	264
1779088251052648	204	266
1779088251052648	204	270
1779088251052649	204	272
1779088251052650	204	273
1779088251052650	204	274
1779088251052651	204	276
1779088251052651	204	277
1779088251052652	204	281
1779088251052652	204	283
1779088251052653	204	284
1779088251052653	204	285
1779088251052654	204	287
1779088251052654	204	291
1779088251052654	204	295
1779088251052655	204	297
1779088251052655	204	298
1779088251052656	204	300
1779088251052656	204	301
1779088251052657	204	302
1779088251052657	204	304
1779088251052658	204	312
1779088251052658	204	313
1779088251063068	204	213
1779088251063069	204	225
1779088251063070	204	230
1779088251063070	204	232
1779088251063071	204	233
1779088251063071	204	238
1779088251063072	204	239
1779088251063072	204	243
1779088251063072	204	245
1779088251063073	204	250
1779088251063074	204	251
1779088251063074	204	255
1779088251063075	204	257
1779088251063075	204	258
1779088251063076	204	267
1779088251063076	204	310
1779088251063076	204	315
1779088251063077	204	317
1779088251063077	204	328
1779088251063078	204	330
1779088251063078	204	331
1779088251063079	204	336
1779088251063079	204	337
1779088251063080	204	339
1779088251063080	204	340
1779088251063081	204	341
1779088251063081	204	343
1779088251063082	204	347
1779088251063082	204	348
1779088251063083	204	353
1779088251063084	204	362
1779088251072532	204	204
1779088251072533	204	219
1779088251072533	204	221
1779088251072534	204	225
1779088251072535	204	227
1779088251072535	204	231
1779088251072536	204	235
1779088251072536	204	236
1779088251072537	204	240
1779088251072537	204	244
1779088251072538	204	246
1779088251072538	204	247
1779088251072539	204	248
1779088251072539	204	258
1779088251072540	204	260
1779088251072540	204	300
1779088251072541	204	305
1779088251072541	204	309
1779088251072542	204	319
1779088251072542	204	321
1779088251072543	204	323
1779088251072543	204	327
1779088251072544	204	328
1779088251072544	204	332
1779088251072545	204	336
1779088251072545	204	338
1779088251072546	204	342
1779088251072546	204	350
1779088251082980	204	218
1779088251082982	204	232
1779088251082982	204	237
1779088251082983	204	239
1779088251082983	204	240
1779088251082984	204	242
1779088251082985	204	243
1779088251082985	204	244
1779088251082986	204	248
1779088251082986	204	258
1779088251082987	204	259
1779088251082987	204	263
1779088251082988	204	265
1779088251082988	204	292
1779088251082989	204	297
1779088251082989	204	375
1779088251082990	204	377
1779088251082990	204	388
1779088251082991	204	393
1779088251082991	204	399
1779088251082992	204	404
1779088251082992	204	406
1779088251082993	204	433
1779088251082993	204	435
1779088251082994	204	448
1779088251082994	204	452
1779088251082995	204	461
1779088251082995	204	463
1779088251082996	204	467
1779088251082996	204	475
1779088251082997	204	476
1779088251082997	204	480
1779088251092557	204	191
1779088251092559	204	204
1779088251092559	204	208
1779088251092560	204	212
1779088251092560	204	214
1779088251092561	204	218
1779088251092561	204	219
1779088251092562	204	221
1779088251092562	204	222
1779088251092562	204	226
1779088251092563	204	230
1779088251092563	204	240
1779088251092564	204	242
1779088251092564	204	243
1779088251092565	204	247
1779088251092565	204	287
1779088251092566	204	289
1779088251092566	204	300
1779088251092567	204	301
1779088251092567	204	303
1779088251092568	204	307
1779088251092568	204	308
1779088251092569	204	310
1779088251092569	204	311
1779088251092570	204	312
1779088251092570	204	316
1779088251092571	204	318
1779088251092571	204	326
1779088251102973	204	201
1779088251102973	204	211
1779088251102974	204	220
1779088251102975	204	221
1779088251102975	204	225
1779088251102976	204	227
1779088251102976	204	228
1779088251102977	204	252
1779088251102977	204	254
1779088251102978	204	259
1779088251102978	204	260
1779088251102979	204	261
1779088251102979	204	266
1779088251102980	204	274
1779088251102980	204	278
1779088251102981	204	383
1779088251102981	204	385
1779088251102982	204	387
1779088251102982	204	388
1779088251102983	204	390
1779088251102983	204	391
1779088251102984	204	392
1779088251102984	204	394
1779088251102985	204	395
1779088251102985	204	399
1779088251102986	204	403
1779088251102986	204	411
1779088251102986	204	413
1779088251102987	204	414
1779088251102988	204	418
1779088251102988	204	420
1779088251102989	204	421
1779088251112507	204	208
1779088251112508	204	219
1779088251112509	204	225
1779088251112510	204	227
1779088251112510	204	234
1779088251112511	204	240
1779088251112512	204	242
1779088251112512	204	244
1779088251112513	204	250
1779088251112514	204	256
1779088251112515	204	262
1779088251112515	204	267
1779088251112516	204	269
1779088251112517	204	285
1779088251112517	204	288
1779088251112518	204	294
1779088251112519	204	297
1779088251112519	204	303
1779088251112520	204	309
1779088251112521	204	312
1779088251112521	204	317
1779088251112522	204	319
1779088251112523	204	326
1779088251112524	204	328
1779088251112524	204	334
1779088251112525	204	340
1779088251112526	204	354
1779088251112526	204	357
1779088251122979	204	348
1779088251122981	204	371
1779088251122982	204	379
1779088251122982	204	382
1779088251122983	204	388
1779088251122984	204	394
1779088251122985	204	400
1779088251122986	204	403
1779088251122986	204	409
1779088251122987	204	416
1779088251122988	204	418
1779088251122989	204	420
1779088251122990	204	422
1779088251122990	204	429
1779088251122991	204	431
1779088251122992	204	439
1779088251122993	204	446
1779088251122993	204	453
1779088251122994	204	455
1779088251122995	204	460
1779088251122996	204	479
1779088251122996	204	485
1779088251122997	204	487
1779088251122998	204	497
1779088251122999	204	503
1779088251123000	204	505
1779088251123000	204	507
1779088251123001	204	509
1779088251123001	204	521
1779088251123002	204	523
1779088251123003	204	525
1779088251123004	204	527
1779088251132624	204	198
1779088251132626	204	215
1779088251132626	204	217
1779088251132627	204	221
1779088251132628	204	225
1779088251132629	204	226
1779088251132629	204	230
1779088251132630	204	234
1779088251132630	204	236
1779088251132631	204	239
1779088251132632	204	241
1779088251132632	204	242
1779088251132633	204	246
1779088251132633	204	258
1779088251132634	204	260
1779088251132634	204	285
1779088251132635	204	294
1779088251132635	204	296
1779088251132636	204	297
1779088251132636	204	299
1779088251132637	204	300
1779088251132637	204	301
1779088251132638	204	311
1779088251132639	204	312
1779088251132639	204	316
1779088251132640	204	317
1779088251132640	204	326
1779088251132641	204	328
1779088251132641	204	329
1779088251143069	204	241
1779088251143071	204	257
1779088251143071	204	259
1779088251143072	204	263
1779088251143073	204	267
1779088251143073	204	271
1779088251143074	204	275
1779088251143075	204	286
1779088251143075	204	291
1779088251143076	204	295
1779088251143076	204	296
1779088251143077	204	297
1779088251143078	204	299
1779088251143078	204	302
1779088251143079	204	315
1779088251143079	204	361
1779088251143080	204	367
1779088251143081	204	371
1779088251143081	204	380
1779088251143082	204	384
1779088251143082	204	393
1779088251143083	204	397
1779088251143084	204	402
1779088251143085	204	411
1779088251143085	204	415
1779088251143086	204	416
1779088251143086	204	421
1779088251143087	204	429
1779088251143087	204	431
1779088251143088	204	432
1779088251143088	204	433
1779088251152603	204	187
1779088251152604	204	199
1779088251152605	204	204
1779088251152605	204	205
1779088251152606	204	209
1779088251152606	204	214
1779088251152607	204	226
1779088251152607	204	228
1779088251152608	204	232
1779088251152608	204	234
1779088251152609	204	236
1779088251152609	204	240
1779088251152610	204	248
1779088251152610	204	250
1779088251152611	204	251
1779088251152611	204	282
1779088251152612	204	292
1779088251152612	204	294
1779088251152613	204	295
1779088251152613	204	299
1779088251152614	204	301
1779088251152614	204	302
1779088251152615	204	306
1779088251152615	204	308
1779088251152616	204	315
1779088251152616	204	317
1779088251152617	204	318
1779088251152618	204	320
1779088251163029	204	221
1779088251163030	204	233
1779088251163031	204	238
1779088251163031	204	242
1779088251163034	204	244
1779088251163035	204	245
1779088251163035	204	249
1779088251163036	204	253
1779088251163036	204	257
1779088251163037	204	261
1779088251163037	204	265
1779088251163048	204	259
1779088251163048	204	261
1779088251163049	204	275
1779088251163049	204	279
1779088251163050	204	329
1779088251163050	204	331
1779088251163051	204	333
1779088251163051	204	334
1779088251163052	204	335
1779088251163052	204	340
1779088251163053	204	341
1779088251163053	204	343
1779088251163054	204	344
1779088251163054	204	345
1779088251163055	204	350
1779088251163055	204	351
1779088251163056	204	353
1779088251163057	204	357
1779088251163057	204	358
1779088251163058	204	360
1779088251163059	204	367
1779088251172532	204	245
1779088251172534	204	261
1779088251172534	204	269
1779088251172535	204	276
1779088251172536	204	283
1779088251172537	204	291
1779088251172537	204	293
1779088251172538	204	301
1779088251172539	204	304
1779088251172540	204	311
1779088251172540	204	318
1779088251172541	204	321
1779088251172542	204	328
1779088251172542	204	336
1779088251172543	204	339
1779088251172544	204	347
1779088251172544	204	350
1779088251172545	204	358
1779088251172546	204	360
1779088251172547	204	367
1779088251172548	204	368
1779088251172549	204	375
1779088251172550	204	382
1779088251172551	204	384
1779088251172551	204	387
1779088251172552	204	393
1779088251172553	204	395
1779088251172554	204	397
1779088251183037	204	220
1779088251183048	204	222
1779088251183049	204	227
1779088251183049	204	231
1779088251183050	204	233
1779088251183050	204	237
1779088251183051	204	238
1779088251183051	204	242
1779088251183052	204	244
1779088251183052	204	245
1779088251183053	204	249
1779088251183053	204	254
1779088251183054	204	255
1779088251183054	204	259
1779088251183055	204	272
1779088251183055	204	317
1779088251183056	204	327
1779088251183056	204	329
1779088251183057	204	331
1779088251183057	204	332
1779088251183058	204	333
1779088251183058	204	335
1779088251183059	204	339
1779088251183059	204	341
1779088251183060	204	342
1779088251183060	204	343
1779088251183061	204	345
1779088251183061	204	346
1779088251183062	204	347
1779088251183062	204	349
1779088251183063	204	350
1779088251183063	204	351
1779088251192497	204	224
1779088251192498	204	239
1779088251192499	204	244
1779088251192499	204	248
1779088251192499	204	252
1779088251192500	204	256
1779088251192500	204	258
1779088251192501	204	262
1779088251192501	204	274
1779088251192502	204	275
1779088251192503	204	279
1779088251192503	204	284
1779088251192503	204	293
1779088251192504	204	294
1779088251192504	204	299
1779088251192505	204	300
1779088251192505	204	309
1779088251192506	204	311
1779088251192507	204	312
1779088251192507	204	316
1779088251192508	204	326
1779088251192508	204	331
1779088251192509	204	335
1779088251192509	204	336
1779088251192510	204	340
1779088251192510	204	341
1779088251192511	204	345
1779088251192511	204	354
1779088251202962	204	339
1779088251202963	204	356
1779088251202964	204	366
1779088251202965	204	372
1779088251202965	204	378
1779088251202966	204	384
1779088251202967	204	386
1779088251202967	204	392
1779088251202968	204	398
1779088251202968	204	404
1779088251202969	204	433
1779088251202970	204	436
1779088251202970	204	439
1779088251202971	204	441
1779088251202971	204	443
1779088251202972	204	449
1779088251202973	204	451
1779088251202973	204	457
1779088251202974	204	463
1779088251202975	204	473
1779088251202975	204	479
1779088251202976	204	485
1779088251202977	204	491
1779088251202977	204	497
1779088251202978	204	499
1779088251202978	204	505
1779088251202979	204	511
1779088251202980	204	513
1779088251202980	204	519
1779088251202981	204	531
1779088251202982	204	538
1779088251202983	204	540
1779088251212608	204	185
1779088251212609	204	196
1779088251212610	204	204
1779088251212610	204	211
1779088251212611	204	218
1779088251212611	204	225
1779088251212612	204	233
1779088251212612	204	235
1779088251212613	204	242
1779088251212613	204	245
1779088251212614	204	247
1779088251212614	204	254
1779088251212615	204	261
1779088251212615	204	282
1779088251212616	204	285
1779088251212616	204	292
1779088251212617	204	295
1779088251212617	204	302
1779088251212618	204	310
1779088251212618	204	312
1779088251212619	204	315
1779088251212619	204	318
1779088251212620	204	320
1779088251212620	204	323
1779088251212621	204	330
1779088251212621	204	333
1779088251212622	204	347
1779088251212622	204	350
1779088251212623	204	352
1779088251223065	204	202
1779088251223066	204	216
1779088251223067	204	223
1779088251223067	204	230
1779088251223068	204	237
1779088251223068	204	244
1779088251223069	204	247
1779088251223069	204	254
1779088251223070	204	257
1779088251223070	204	260
1779088251223071	204	266
1779088251223071	204	269
1779088251223072	204	276
1779088251223072	204	293
1779088251223073	204	295
1779088251223073	204	324
1779088251223074	204	332
1779088251223074	204	339
1779088251223075	204	342
1779088251223075	204	345
1779088251223076	204	348
1779088251223076	204	350
1779088251223077	204	357
1779088251223077	204	360
1779088251223078	204	367
1779088251223078	204	370
1779088251223079	204	373
1779088251223079	204	380
1779088251223080	204	382
1779088251223080	204	397
1779088251223081	204	400
1779088251232563	204	201
1779088251232564	204	216
1779088251232565	204	223
1779088251232565	204	230
1779088251232566	204	238
1779088251232566	204	244
1779088251232567	204	247
1779088251232567	204	249
1779088251232568	204	256
1779088251232568	204	259
1779088251232569	204	266
1779088251232569	204	268
1779088251232570	204	271
1779088251232570	204	278
1779088251232571	204	284
1779088251232571	204	291
1779088251232572	204	301
1779088251232572	204	309
1779088251232573	204	316
1779088251232573	204	323
1779088251232574	204	325
1779088251232575	204	332
1779088251232575	204	339
1779088251232576	204	346
1779088251232576	204	349
1779088251232577	204	351
1779088251232577	204	354
1779088251232578	204	356
1779088251243026	204	210
1779088251243028	204	226
1779088251243028	204	233
1779088251243029	204	240
1779088251243029	204	247
1779088251243030	204	254
1779088251243031	204	257
1779088251243031	204	265
1779088251243031	204	272
1779088251243032	204	275
1779088251243033	204	282
1779088251243033	204	284
1779088251243034	204	291
1779088251243034	204	298
1779088251243035	204	305
1779088251243035	204	312
1779088251243036	204	320
1779088251243036	204	327
1779088251243037	204	334
1779088251243037	204	341
1779088251243038	204	349
1779088251243047	204	347
1779088251243048	204	354
1779088251243048	204	361
1779088251243049	204	369
1779088251243049	204	376
1779088251243050	204	378
1779088251243050	204	381
1779088251243051	204	384
1779088251243051	204	401
1779088251243052	204	404
1779088251243053	204	406
1779088251252545	204	212
1779088251252546	204	222
1779088251252547	204	228
1779088251252547	204	244
1779088251252548	204	247
1779088251252548	204	253
1779088251252549	204	261
1779088251252549	204	264
1779088251252550	204	271
1779088251252550	204	278
1779088251252551	204	284
1779088251252551	204	291
1779088251252552	204	298
1779088251252552	204	301
1779088251252553	204	307
1779088251252553	204	310
1779088251252554	204	317
1779088251252554	204	325
1779088251252555	204	332
1779088251252555	204	334
1779088251252556	204	341
1779088251252556	204	348
1779088251252557	204	355
1779088251252557	204	358
1779088251252558	204	361
1779088251252558	204	367
1779088251252559	204	370
1779088251252559	204	373
1779088251263012	204	183
1779088251263013	204	196
1779088251263014	204	201
1779088251263015	204	208
1779088251263015	204	210
1779088251263016	204	213
1779088251263016	204	219
1779088251263016	204	225
1779088251263017	204	228
1779088251263017	204	236
1779088251263018	204	238
1779088251263018	204	241
1779088251263019	204	248
1779088251263019	204	254
1779088251263020	204	273
1779088251263020	204	307
1779088251263021	204	311
1779088251263021	204	313
1779088251263022	204	316
1779088251263022	204	318
1779088251263023	204	325
1779088251263023	204	328
1779088251263024	204	331
1779088251263024	204	333
1779088251263025	204	336
1779088251263025	204	342
1779088251263026	204	349
1779088251263026	204	356
1779088251263027	204	359
1779088251263027	204	365
1779088251263028	204	372
1779088251263028	204	387
1779088251272502	204	213
1779088251272503	204	224
1779088251272504	204	232
1779088251272505	204	239
1779088251272505	204	246
1779088251272506	204	253
1779088251272506	204	256
1779088251272507	204	263
1779088251272507	204	266
1779088251272508	204	273
1779088251272508	204	275
1779088251272509	204	282
1779088251272509	204	290
1779088251272510	204	297
1779088251272510	204	304
1779088251272511	204	311
1779088251272511	204	319
1779088251272512	204	322
1779088251272512	204	325
1779088251272513	204	332
1779088251272513	204	335
1779088251272513	204	342
1779088251272514	204	349
1779088251272514	204	352
1779088251272515	204	359
1779088251272515	204	366
1779088251272516	204	373
1779088251272516	204	380
1779088251282990	204	251
1779088251282991	204	268
1779088251282992	204	275
1779088251282993	204	278
1779088251282993	204	285
1779088251282994	204	292
1779088251282994	204	298
1779088251282995	204	301
1779088251282995	204	304
1779088251282996	204	307
1779088251282997	204	314
1779088251282997	204	320
1779088251282998	204	323
1779088251282998	204	330
1779088251282999	204	348
1779088251282999	204	404
1779088251283000	204	416
1779088251283000	204	475
1779088251283001	204	479
1779088251283001	204	482
1779088251283002	204	485
1779088251283002	204	487
1779088251283003	204	489
1779088251283003	204	497
1779088251283004	204	500
1779088251283004	204	507
1779088251283005	204	514
1779088251283005	204	516
1779088251283006	204	519
1779088251283006	204	521
1779088251283007	204	524
1779088251283008	204	539
1779088251292627	204	186
1779088251292628	204	199
1779088251292629	204	205
1779088251292629	204	208
1779088251292630	204	214
1779088251292630	204	217
1779088251292631	204	223
1779088251292631	204	226
1779088251292632	204	232
1779088251292632	204	240
1779088251292633	204	247
1779088251292633	204	254
1779088251292634	204	256
1779088251292634	204	263
1779088251292635	204	280
1779088251292635	204	288
1779088251292636	204	304
1779088251292636	204	307
1779088251292637	204	310
1779088251292637	204	313
1779088251292638	204	320
1779088251292638	204	323
1779088251292639	204	325
1779088251292639	204	328
1779088251292640	204	331
1779088251292640	204	333
1779088251292641	204	346
1779088251292641	204	349
1779088251292642	204	352
1779088251303076	204	194
1779088251303077	204	208
1779088251303078	204	214
1779088251303078	204	219
1779088251303079	204	225
1779088251303079	204	232
1779088251303080	204	235
1779088251303080	204	238
1779088251303081	204	244
1779088251303081	204	252
1779088251303082	204	254
1779088251303082	204	257
1779088251303082	204	263
1779088251303083	204	282
1779088251303084	204	284
1779088251303084	204	291
1779088251303085	204	298
1779088251303085	204	305
1779088251303086	204	321
1779088251303086	204	324
1779088251303087	204	332
1779088251303087	204	334
1779088251303088	204	341
1779088251303088	204	344
1779088251303089	204	346
1779088251303089	204	353
1779088251303090	204	359
1779088251303090	204	366
1779088251303090	204	369
1779088251303091	204	372
1779088251303091	204	388
1779088251312564	204	210
1779088251312565	204	221
1779088251312566	204	228
1779088251312566	204	235
1779088251312567	204	241
1779088251312567	204	248
1779088251312568	204	255
1779088251312568	204	258
1779088251312569	204	260
1779088251312569	204	267
1779088251312570	204	274
1779088251312570	204	277
1779088251312571	204	280
1779088251312571	204	282
1779088251312572	204	289
1779088251312572	204	292
1779088251312573	204	299
1779088251312573	204	305
1779088251312574	204	308
1779088251312574	204	311
1779088251312575	204	317
1779088251312575	204	324
1779088251312576	204	327
1779088251312576	204	333
1779088251312577	204	340
1779088251312577	204	347
1779088251312578	204	366
1779088251312578	204	369
1779088251323037	204	201
1779088251323038	204	216
1779088251323049	204	209
1779088251323049	204	215
1779088251323050	204	222
1779088251323050	204	225
1779088251323051	204	227
1779088251323051	204	230
1779088251323052	204	237
1779088251323052	204	239
1779088251323053	204	246
1779088251323053	204	253
1779088251323054	204	256
1779088251323054	204	262
1779088251323055	204	280
1779088251323055	204	287
1779088251323056	204	302
1779088251323056	204	309
1779088251323057	204	317
1779088251323057	204	320
1779088251323058	204	323
1779088251323058	204	326
1779088251323059	204	328
1779088251323059	204	335
1779088251323060	204	342
1779088251323060	204	349
1779088251323061	204	352
1779088251323061	204	358
1779088251323062	204	361
1779088251323062	204	368
1779088251323063	204	383
1779088251323063	204	385
1779088251332534	204	198
1779088251332535	204	209
1779088251332535	204	212
1779088251332536	204	220
1779088251332536	204	222
1779088251332537	204	229
1779088251332537	204	237
1779088251332538	204	244
1779088251332538	204	247
1779088251332539	204	253
1779088251332539	204	256
1779088251332540	204	263
1779088251332540	204	266
1779088251332541	204	269
1779088251332541	204	271
1779088251332542	204	279
1779088251332542	204	287
1779088251332543	204	294
1779088251332543	204	301
1779088251332544	204	308
1779088251332544	204	314
1779088251332545	204	317
1779088251332545	204	320
1779088251332546	204	326
1779088251332546	204	333
1779088251332547	204	336
1779088251332547	204	343
1779088251332548	204	361
1779088251343000	204	283
1779088251343001	204	295
1779088251343002	204	303
1779088251343002	204	310
1779088251343003	204	313
1779088251343003	204	316
1779088251343005	204	323
1779088251343005	204	330
1779088251343006	204	337
1779088251343006	204	345
1779088251343007	204	352
1779088251343007	204	359
1779088251343008	204	361
1779088251343008	204	380
1779088251343009	204	383
1779088251343009	204	437
1779088251343010	204	441
1779088251343010	204	443
1779088251343011	204	446
1779088251343011	204	453
1779088251343012	204	460
1779088251343012	204	463
1779088251343013	204	470
1779088251343013	204	473
1779088251343014	204	476
1779088251343014	204	478
1779088251343014	204	486
1779088251343015	204	489
1779088251343015	204	495
1779088251343016	204	498
1779088251343016	204	514
1779088251343017	204	517
1779088251352613	204	224
1779088251352614	204	234
1779088251352615	204	236
1779088251352615	204	244
1779088251352616	204	250
1779088251352616	204	253
1779088251352616	204	260
1779088251352617	204	267
1779088251352617	204	273
1779088251352618	204	280
1779088251352618	204	287
1779088251352619	204	290
1779088251352619	204	297
1779088251352620	204	300
1779088251352620	204	302
1779088251352621	204	305
1779088251352621	204	307
1779088251352622	204	316
1779088251352622	204	322
1779088251352623	204	330
1779088251352623	204	337
1779088251352624	204	344
1779088251352624	204	347
1779088251352625	204	354
1779088251352625	204	361
1779088251352626	204	364
1779088251352626	204	366
1779088251352627	204	369
1779088251352627	204	376
1779088251363082	204	254
1779088251363083	204	275
1779088251363083	204	296
1779088251363084	204	304
1779088251363084	204	312
1779088251363085	204	314
1779088251363086	204	323
1779088251363086	204	326
1779088251363087	204	333
1779088251363087	204	340
1779088251363088	204	360
1779088251363088	204	368
1779088251363089	204	381
1779088251363089	204	389
1779088251363090	204	391
1779088251363090	204	484
1779088251363091	204	545
1779088251363091	204	551
1779088251363092	204	553
1779088251363092	204	561
1779088251363093	204	568
1779088251363093	204	576
1779088251363094	204	583
1779088251363094	204	586
1779088251363095	204	593
1779088251363095	204	612
1779088251363096	204	615
1779088251363096	204	622
1779088251363097	204	630
1779088251363097	204	644
1779088251363098	204	648
1779088251372825	204	224
1779088251372826	204	237
1779088251372827	204	242
1779088251372827	204	246
1779088251372828	204	248
1779088251372828	204	260
1779088251372829	204	264
1779088251372829	204	266
1779088251372829	204	270
1779088251372830	204	271
1779088251372830	204	273
1779088251372831	204	281
1779088251372831	204	286
1779088251372832	204	288
1779088251372832	204	289
1779088251372833	204	290
1779088251372833	204	292
1779088251372834	204	296
1779088251372835	204	300
1779088251372835	204	309
1779088251372836	204	313
1779088251372836	204	315
1779088251372837	204	319
1779088251372837	204	323
1779088251372838	204	333
1779088251372838	204	336
1779088251372839	204	338
1779088251372839	204	345
1779088251372840	204	347
1779088251383275	204	226
1779088251383277	204	237
1779088251383277	204	242
1779088251383278	204	246
1779088251383278	204	250
1779088251383279	204	253
1779088251383280	204	257
1779088251383280	204	261
1779088251383281	204	265
1779088251383281	204	269
1779088251383282	204	282
1779088251383282	204	285
1779088251383283	204	287
1779088251383283	204	290
1779088251383284	204	292
1779088251383284	204	339
1779088251383285	204	341
1779088251383285	204	343
1779088251383286	204	344
1779088251383286	204	346
1779088251383287	204	347
1779088251383287	204	348
1779088251383288	204	352
1779088251383288	204	356
1779088251383289	204	361
1779088251383289	204	362
1779088251383290	204	364
1779088251383290	204	368
1779088251383291	204	371
1779088251383291	204	377
1779088251383292	204	385
1779088251383292	204	399
1779088251392782	204	235
1779088251392783	204	247
1779088251392784	204	252
1779088251392785	204	267
1779088251392785	204	272
1779088251392786	204	273
1779088251392786	204	277
1779088251392787	204	281
1779088251392788	204	285
1779088251392789	204	286
1779088251392789	204	287
1779088251392790	204	291
1779088251392791	204	292
1779088251392792	204	293
1779088251392792	204	309
1779088251392793	204	338
1779088251392794	204	340
1779088251392795	204	344
1779088251392796	204	348
1779088251392797	204	349
1779088251392797	204	351
1779088251392798	204	352
1779088251392799	204	356
1779088251392800	204	360
1779088251392800	204	361
1779088251392801	204	365
1779088251392802	204	369
1779088251392802	204	379
1779088251403264	204	211
1779088251403265	204	226
1779088251403266	204	228
1779088251403267	204	232
1779088251403267	204	234
1779088251403267	204	238
1779088251403269	204	242
1779088251403269	204	246
1779088251403269	204	251
1779088251403270	204	252
1779088251403270	204	256
1779088251403271	204	257
1779088251403271	204	261
1779088251403272	204	263
1779088251403272	204	275
1779088251403273	204	326
1779088251403273	204	328
1779088251403274	204	332
1779088251403274	204	336
1779088251403275	204	341
1779088251403275	204	342
1779088251403276	204	343
1779088251403276	204	348
1779088251403277	204	349
1779088251403277	204	351
1779088251403278	204	352
1779088251403278	204	356
1779088251403279	204	360
1779088251403279	204	364
1779088251403280	204	366
1779088251403280	204	376
1779088251412737	204	220
1779088251412738	204	234
1779088251412739	204	240
1779088251412739	204	242
1779088251412740	204	243
1779088251412740	204	247
1779088251412741	204	249
1779088251412741	204	253
1779088251412742	204	254
1779088251412742	204	259
1779088251412743	204	263
1779088251412743	204	264
1779088251412744	204	268
1779088251412744	204	272
1779088251412745	204	274
1779088251412745	204	287
1779088251412746	204	292
1779088251412746	204	305
1779088251412747	204	309
1779088251412747	204	313
1779088251412748	204	319
1779088251412748	204	323
1779088251412749	204	328
1779088251412749	204	329
1779088251412750	204	333
1779088251412750	204	335
1779088251412751	204	336
1779088251412751	204	340
1779088251412752	204	341
1779088251423170	204	157
1779088251423171	204	164
1779088251423172	204	166
1779088251423172	204	170
1779088251423173	204	171
1779088251423173	204	174
1779088251423174	204	178
1779088251423174	204	182
1779088251423175	204	183
1779088251423175	204	187
1779088251423176	204	196
1779088251423176	204	200
1779088251423177	204	202
1779088251423177	204	206
1779088251423178	204	214
1779088251423178	204	269
1779088251423179	204	279
1779088251423179	204	283
1779088251423180	204	288
1779088251423180	204	292
1779088251423181	204	296
1779088251423181	204	300
1779088251423182	204	311
1779088251423182	204	313
1779088251423183	204	314
1779088251423183	204	318
1779088251423184	204	320
1779088251423184	204	326
1779088251423185	204	330
1779088251423185	204	338
1779088251423186	204	340
1779088251432606	204	240
1779088251432607	204	250
1779088251432607	204	255
1779088251432608	204	257
1779088251432608	204	261
1779088251432609	204	262
1779088251432610	204	267
1779088251432610	204	269
1779088251432611	204	273
1779088251432611	204	275
1779088251432612	204	278
1779088251432612	204	280
1779088251432613	204	281
1779088251432613	204	285
1779088251432613	204	289
1779088251432614	204	294
1779088251432614	204	295
1779088251432615	204	297
1779088251432615	204	301
1779088251432616	204	312
1779088251432616	204	317
1779088251432617	204	321
1779088251432617	204	323
1779088251432618	204	327
1779088251432618	204	336
1779088251432619	204	338
1779088251432619	204	342
1779088251432620	204	344
1779088251432620	204	351
1779088251443063	204	240
1779088251443064	204	258
1779088251443065	204	266
1779088251443066	204	273
1779088251443067	204	279
1779088251443068	204	281
1779088251443068	204	284
1779088251443069	204	291
1779088251443070	204	297
1779088251443071	204	304
1779088251443071	204	307
1779088251443072	204	309
1779088251443073	204	315
1779088251443074	204	321
1779088251443075	204	339
1779088251443076	204	394
1779088251443077	204	402
1779088251443077	204	404
1779088251443078	204	406
1779088251443079	204	413
1779088251443080	204	415
1779088251443081	204	417
1779088251443082	204	419
1779088251443082	204	425
1779088251443083	204	427
1779088251443084	204	434
1779088251443085	204	437
1779088251443085	204	439
1779088251443086	204	441
1779088251443087	204	456
1779088251443088	204	458
1779088251452627	204	209
1779088251452628	204	221
1779088251452629	204	225
1779088251452629	204	226
1779088251452630	204	230
1779088251452630	204	232
1779088251452631	204	233
1779088251452631	204	237
1779088251452632	204	242
1779088251452632	204	254
1779088251452633	204	255
1779088251452633	204	260
1779088251452634	204	261
1779088251452634	204	266
1779088251452635	204	267
1779088251452635	204	268
1779088251452635	204	270
1779088251452636	204	274
1779088251452636	204	278
1779088251452637	204	282
1779088251452637	204	283
1779088251452638	204	285
1779088251452638	204	289
1779088251452639	204	293
1779088251452639	204	298
1779088251452640	204	308
1779088251452640	204	312
1779088251452641	204	314
1779088251452641	204	322
1779088251463058	204	211
1779088251463059	204	225
1779088251463060	204	226
1779088251463061	204	230
1779088251463061	204	234
1779088251463062	204	238
1779088251463063	204	242
1779088251463063	204	247
1779088251463064	204	249
1779088251463064	204	250
1779088251463065	204	252
1779088251463065	204	253
1779088251463066	204	254
1779088251463066	204	258
1779088251463067	204	270
1779088251463067	204	336
1779088251463068	204	338
1779088251463068	204	339
1779088251463069	204	347
1779088251463069	204	354
1779088251463070	204	361
1779088251463070	204	365
1779088251463071	204	366
1779088251463071	204	370
1779088251463072	204	372
1779088251463072	204	377
1779088251463073	204	378
1779088251463073	204	382
1779088251463074	204	386
1779088251463074	204	390
1779088251463075	204	410
1779088251472583	204	215
1779088251472585	204	227
1779088251472586	204	234
1779088251472586	204	240
1779088251472587	204	243
1779088251472587	204	245
1779088251472588	204	252
1779088251472589	204	260
1779088251472589	204	266
1779088251472590	204	269
1779088251472590	204	276
1779088251472591	204	282
1779088251472592	204	288
1779088251472592	204	291
1779088251472593	204	309
1779088251472594	204	332
1779088251472595	204	339
1779088251472595	204	346
1779088251472596	204	353
1779088251472597	204	356
1779088251472597	204	358
1779088251472598	204	365
1779088251472599	204	371
1779088251472600	204	378
1779088251472600	204	384
1779088251472601	204	387
1779088251472602	204	395
1779088251472602	204	410
1779088251483101	204	201
1779088251483102	204	215
1779088251483103	204	218
1779088251483103	204	223
1779088251483104	204	229
1779088251483104	204	236
1779088251483104	204	243
1779088251483105	204	246
1779088251483105	204	252
1779088251483106	204	259
1779088251483106	204	262
1779088251483107	204	268
1779088251483107	204	271
1779088251483108	204	289
1779088251483108	204	292
1779088251483109	204	298
1779088251483109	204	301
1779088251483110	204	308
1779088251483110	204	315
1779088251483111	204	322
1779088251483111	204	328
1779088251483112	204	336
1779088251483112	204	338
1779088251483113	204	341
1779088251483113	204	348
1779088251483114	204	351
1779088251483114	204	353
1779088251483114	204	360
1779088251483115	204	363
1779088251483116	204	366
1779088251483116	204	368
1779088251483117	204	383
1779088251492586	204	291
1779088251492587	204	302
1779088251492588	204	304
1779088251492588	204	311
1779088251492589	204	318
1779088251492589	204	326
1779088251492589	204	329
1779088251492590	204	336
1779088251492590	204	348
1779088251492591	204	356
1779088251492591	204	359
1779088251492592	204	376
1779088251492592	204	383
1779088251492593	204	400
1779088251492593	204	403
1779088251492594	204	405
1779088251492594	204	413
1779088251492595	204	427
1779088251492595	204	430
1779088251492596	204	433
1779088251492596	204	440
1779088251492597	204	452
1779088251492597	204	461
1779088251492598	204	468
1779088251492598	204	475
1779088251492599	204	478
1779088251492599	204	485
1779088251492600	204	500
1779088251503181	204	191
1779088251503182	204	204
1779088251503182	204	210
1779088251503183	204	216
1779088251503183	204	223
1779088251503184	204	225
1779088251503184	204	231
1779088251503185	204	238
1779088251503185	204	241
1779088251503186	204	248
1779088251503186	204	254
1779088251503187	204	272
1779088251503187	204	274
1779088251503188	204	276
1779088251503188	204	279
1779088251503189	204	319
1779088251503189	204	322
1779088251503190	204	329
1779088251503190	204	332
1779088251503191	204	335
1779088251503191	204	342
1779088251503192	204	350
1779088251503192	204	353
1779088251503193	204	360
1779088251503193	204	367
1779088251503194	204	373
1779088251503194	204	376
1779088251503195	204	379
1779088251503195	204	381
1779088251503196	204	384
1779088251503196	204	387
1779088251503197	204	402
1779088251512684	204	226
1779088251512685	204	244
1779088251512686	204	250
1779088251512686	204	253
1779088251512687	204	260
1779088251512687	204	263
1779088251512688	204	265
1779088251512688	204	268
1779088251512689	204	275
1779088251512689	204	288
1779088251512690	204	295
1779088251512690	204	298
1779088251512691	204	304
1779088251512691	204	311
1779088251512692	204	314
1779088251512692	204	321
1779088251512693	204	323
1779088251512693	204	330
1779088251512694	204	337
1779088251512694	204	344
1779088251512695	204	357
1779088251512695	204	365
1779088251512696	204	367
1779088251512696	204	370
1779088251512697	204	373
1779088251512697	204	375
1779088251512698	204	382
1779088251512698	204	402
1779088251512699	204	405
1779088251523203	204	235
1779088251523205	204	257
1779088251523206	204	263
1779088251523206	204	266
1779088251523207	204	273
1779088251523208	204	280
1779088251523209	204	283
1779088251523210	204	290
1779088251523210	204	304
1779088251523211	204	307
1779088251523212	204	313
1779088251523212	204	333
1779088251523213	204	340
1779088251523214	204	342
1779088251523214	204	357
1779088251523215	204	414
1779088251523216	204	417
1779088251523217	204	420
1779088251523217	204	427
1779088251523218	204	430
1779088251523219	204	432
1779088251523220	204	439
1779088251523220	204	445
1779088251523221	204	448
1779088251523222	204	454
1779088251523223	204	470
1779088251523224	204	473
1779088251523224	204	479
1779088251523225	204	482
1779088251523226	204	494
1779088251523227	204	497
1779088251532806	204	178
1779088251532807	204	187
1779088251532808	204	195
1779088251532808	204	201
1779088251532809	204	208
1779088251532809	204	210
1779088251532810	204	213
1779088251532810	204	216
1779088251532811	204	223
1779088251532811	204	241
1779088251532812	204	244
1779088251532812	204	247
1779088251532812	204	249
1779088251532813	204	252
1779088251532814	204	259
1779088251532814	204	282
1779088251532815	204	284
1779088251532815	204	292
1779088251532816	204	299
1779088251532816	204	306
1779088251532817	204	313
1779088251532817	204	316
1779088251532818	204	319
1779088251532818	204	321
1779088251532819	204	324
1779088251532819	204	331
1779088251532820	204	333
1779088251532820	204	336
1779088251532821	204	351
1779088251543258	204	219
1779088251543259	204	235
1779088251543260	204	243
1779088251543261	204	245
1779088251543261	204	251
1779088251543261	204	258
1779088251543262	204	265
1779088251543262	204	272
1779088251543263	204	279
1779088251543263	204	282
1779088251543264	204	285
1779088251543264	204	287
1779088251543265	204	294
1779088251543268	204	297
1779088251543269	204	317
1779088251543269	204	323
1779088251543270	204	335
1779088251543270	204	343
1779088251543270	204	345
1779088251543271	204	348
1779088251543271	204	351
1779088251543272	204	358
1779088251543272	204	367
1779088251543273	204	369
1779088251543273	204	372
1779088251543274	204	379
1779088251543274	204	386
1779088251543275	204	388
1779088251543275	204	395
1779088251543276	204	402
1779088251543276	204	417
1779088251552773	204	212
1779088251552774	204	224
1779088251552775	204	231
1779088251552775	204	233
1779088251552776	204	239
1779088251552776	204	246
1779088251552777	204	249
1779088251552777	204	252
1779088251552778	204	254
1779088251552778	204	257
1779088251552779	204	275
1779088251552779	204	278
1779088251552780	204	281
1779088251552780	204	283
1779088251552781	204	290
1779088251552781	204	297
1779088251552782	204	300
1779088251552782	204	303
1779088251552782	204	310
1779088251552783	204	312
1779088251552783	204	320
1779088251552784	204	323
1779088251552784	204	330
1779088251552785	204	332
1779088251552785	204	339
1779088251552786	204	346
1779088251552786	204	353
1779088251552787	204	355
1779088251552787	204	374
1779088251563243	204	185
1779088251563244	204	198
1779088251563245	204	204
1779088251563245	204	209
1779088251563246	204	211
1779088251563246	204	218
1779088251563247	204	224
1779088251563247	204	231
1779088251563247	204	238
1779088251563248	204	241
1779088251563248	204	247
1779088251563249	204	250
1779088251563249	204	258
1779088251563250	204	265
1779088251563250	204	281
1779088251563251	204	289
1779088251563251	204	297
1779088251563252	204	304
1779088251563252	204	311
1779088251563253	204	313
1779088251563253	204	316
1779088251563254	204	323
1779088251563254	204	326
1779088251563255	204	334
1779088251563255	204	341
1779088251563256	204	344
1779088251563256	204	347
1779088251563257	204	353
1779088251563257	204	360
1779088251563258	204	375
1779088251563258	204	378
1779088251572733	204	324
1779088251572735	204	345
1779088251572736	204	353
1779088251572736	204	361
1779088251572737	204	373
1779088251572738	204	376
1779088251572739	204	379
1779088251572740	204	381
1779088251572740	204	388
1779088251572741	204	391
1779088251572742	204	393
1779088251572743	204	396
1779088251572744	204	403
1779088251572745	204	406
1779088251572745	204	408
1779088251572746	204	415
1779088251572747	204	422
1779088251572748	204	424
1779088251572749	204	426
1779088251572750	204	433
1779088251572751	204	441
1779088251572752	204	448
1779088251572753	204	451
1779088251572753	204	458
1779088251572754	204	475
1779088251572755	204	478
1779088251572756	204	494
1779088251572757	204	497
1779088251572758	204	510
1779088251582355	204	192
1779088251582356	204	205
1779088251582357	204	209
1779088251582357	204	210
1779088251582358	204	214
1779088251582358	204	225
1779088251582359	204	229
1779088251582359	204	230
1779088251582359	204	235
1779088251582360	204	236
1779088251582360	204	241
1779088251582361	204	245
1779088251582361	204	246
1779088251582362	204	250
1779088251582362	204	263
1779088251582363	204	297
1779088251582363	204	299
1779088251582364	204	308
1779088251582364	204	313
1779088251582365	204	314
1779088251582365	204	316
1779088251582366	204	317
1779088251582366	204	318
1779088251582367	204	323
1779088251582367	204	324
1779088251582368	204	326
1779088251582368	204	329
1779088251582369	204	338
1779088251582369	204	339
1779088251592791	204	211
1779088251592792	204	224
1779088251592792	204	228
1779088251592793	204	238
1779088251592794	204	240
1779088251592794	204	244
1779088251592795	204	265
1779088251592795	204	267
1779088251592796	204	268
1779088251592796	204	273
1779088251592797	204	275
1779088251592797	204	278
1779088251592798	204	282
1779088251592798	204	291
1779088251592799	204	292
1779088251592799	204	347
1779088251592800	204	353
1779088251592800	204	357
1779088251592801	204	362
1779088251592801	204	372
1779088251592802	204	374
1779088251592802	204	375
1779088251592803	204	379
1779088251592803	204	381
1779088251592804	204	385
1779088251592804	204	389
1779088251592804	204	391
1779088251592805	204	393
1779088251592805	204	394
1779088251592806	204	395
1779088251592806	204	403
1779088251602284	204	180
1779088251602285	204	190
1779088251602285	204	195
1779088251602286	204	205
1779088251602286	204	209
1779088251602287	204	217
1779088251602287	204	219
1779088251602288	204	223
1779088251602288	204	227
1779088251602289	204	235
1779088251602289	204	240
1779088251602290	204	241
1779088251602290	204	243
1779088251602291	204	244
1779088251602291	204	245
1779088251602292	204	294
1779088251602292	204	297
1779088251602293	204	302
1779088251602293	204	303
1779088251602294	204	307
1779088251602294	204	309
1779088251602295	204	313
1779088251602295	204	314
1779088251602296	204	319
1779088251602296	204	323
1779088251602297	204	324
1779088251602297	204	328
1779088251602298	204	330
1779088251602298	204	338
1779088251612727	204	206
1779088251612728	204	220
1779088251612729	204	225
1779088251612729	204	230
1779088251612730	204	234
1779088251612730	204	235
1779088251612731	204	239
1779088251612731	204	243
1779088251612732	204	247
1779088251612732	204	249
1779088251612733	204	253
1779088251612733	204	255
1779088251612733	204	259
1779088251612734	204	260
1779088251612734	204	274
1779088251612735	204	333
1779088251612735	204	336
1779088251612736	204	338
1779088251612736	204	347
1779088251612737	204	348
1779088251612737	204	350
1779088251612738	204	351
1779088251612738	204	355
1779088251612739	204	356
1779088251612739	204	361
1779088251612740	204	362
1779088251612740	204	364
1779088251612741	204	368
1779088251612742	204	369
1779088251612742	204	370
1779088251612743	204	379
1779088251623207	204	251
1779088251623208	204	267
1779088251623209	204	272
1779088251623210	204	274
1779088251623210	204	275
1779088251623211	204	277
1779088251623211	204	281
1779088251623211	204	282
1779088251623212	204	286
1779088251623212	204	290
1779088251623213	204	295
1779088251623213	204	299
1779088251623214	204	302
1779088251623215	204	303
1779088251623216	204	305
1779088251623216	204	308
1779088251623217	204	313
1779088251623217	204	314
1779088251623218	204	315
1779088251623218	204	320
1779088251623218	204	324
1779088251623219	204	328
1779088251623219	204	329
1779088251623220	204	330
1779088251623220	204	336
1779088251623221	204	340
1779088251623221	204	342
1779088251623222	204	346
1779088251623222	204	347
1779088251623223	204	348
1779088251623224	204	349
1779088251632651	204	159
1779088251632652	204	168
1779088251632653	204	172
1779088251632653	204	176
1779088251632654	204	177
1779088251632654	204	182
1779088251632655	204	185
1779088251632655	204	189
1779088251632656	204	192
1779088251632656	204	196
1779088251632657	204	205
1779088251632657	204	210
1779088251632658	204	221
1779088251632658	204	222
1779088251632659	204	223
1779088251632659	204	264
1779088251632660	204	276
1779088251632660	204	278
1779088251632661	204	279
1779088251632661	204	281
1779088251632662	204	282
1779088251632662	204	283
1779088251632663	204	287
1779088251632663	204	291
1779088251632664	204	299
1779088251632664	204	301
1779088251632665	204	303
1779088251632665	204	304
1779088251632666	204	305
1779088251643058	204	202
1779088251643060	204	215
1779088251643060	204	217
1779088251643061	204	221
1779088251643061	204	226
1779088251643062	204	237
1779088251643062	204	242
1779088251643063	204	251
1779088251643063	204	255
1779088251643064	204	257
1779088251643064	204	261
1779088251643064	204	270
1779088251643065	204	272
1779088251643065	204	276
1779088251643066	204	283
1779088251643066	204	341
1779088251643067	204	349
1779088251643067	204	352
1779088251643068	204	355
1779088251643068	204	356
1779088251643069	204	357
1779088251643069	204	359
1779088251643070	204	360
1779088251643070	204	365
1779088251643071	204	369
1779088251643071	204	373
1779088251643072	204	377
1779088251643072	204	381
1779088251643073	204	391
1779088251643073	204	397
1779088251643074	204	399
1779088251652555	204	288
1779088251652556	204	302
1779088251652556	204	312
1779088251652557	204	313
1779088251652557	204	317
1779088251652558	204	331
1779088251652559	204	336
1779088251652559	204	363
1779088251652560	204	366
1779088251652560	204	370
1779088251652561	204	382
1779088251652561	204	384
1779088251652562	204	388
1779088251652562	204	407
1779088251652563	204	412
1779088251652563	204	423
1779088251652564	204	430
1779088251652564	204	456
1779088251652565	204	458
1779088251652565	204	460
1779088251652566	204	464
1779088251652566	204	466
1779088251652567	204	467
1779088251652567	204	469
1779088251652568	204	470
1779088251652568	204	490
1779088251652569	204	492
1779088251652569	204	493
1779088251663150	204	202
1779088251663151	204	214
1779088251663152	204	218
1779088251663153	204	222
1779088251663153	204	225
1779088251663154	204	233
1779088251663154	204	235
1779088251663155	204	236
1779088251663155	204	241
1779088251663156	204	242
1779088251663156	204	244
1779088251663157	204	245
1779088251663157	204	250
1779088251663158	204	257
1779088251663158	204	262
1779088251663159	204	326
1779088251663159	204	334
1779088251663160	204	341
1779088251663160	204	344
1779088251663160	204	347
1779088251663161	204	353
1779088251663161	204	355
1779088251663162	204	356
1779088251663162	204	360
1779088251663163	204	364
1779088251663163	204	368
1779088251663164	204	372
1779088251663164	204	376
1779088251663165	204	380
1779088251663165	204	381
1779088251663166	204	383
1779088251663167	204	394
1779088251672643	204	203
1779088251672645	204	216
1779088251672645	204	220
1779088251672646	204	224
1779088251672646	204	225
1779088251672647	204	226
1779088251672647	204	231
1779088251672648	204	235
1779088251672648	204	236
1779088251672649	204	241
1779088251672649	204	242
1779088251672650	204	244
1779088251672650	204	248
1779088251672651	204	252
1779088251672651	204	265
1779088251672652	204	305
1779088251672652	204	314
1779088251672653	204	316
1779088251672653	204	320
1779088251672654	204	328
1779088251672654	204	329
1779088251672655	204	333
1779088251672655	204	341
1779088251672656	204	345
1779088251672656	204	346
1779088251672657	204	357
1779088251672657	204	359
1779088251672658	204	360
1779088251672658	204	362
1779088251683095	204	246
1779088251683096	204	255
1779088251683096	204	265
1779088251683097	204	267
1779088251683097	204	268
1779088251683098	204	269
1779088251683098	204	271
1779088251683099	204	274
1779088251683099	204	281
1779088251683100	204	294
1779088251683100	204	301
1779088251683101	204	313
1779088251683101	204	326
1779088251683102	204	338
1779088251683102	204	346
1779088251683102	204	424
1779088251683103	204	431
1779088251683103	204	439
1779088251683104	204	446
1779088251683104	204	459
1779088251683105	204	462
1779088251683105	204	464
1779088251683106	204	466
1779088251683106	204	473
1779088251683107	204	486
1779088251683107	204	501
1779088251683108	204	503
1779088251683108	204	504
1779088251683109	204	505
1779088251683109	204	507
1779088251683110	204	508
1779088251692699	204	195
1779088251692700	204	207
1779088251692701	204	211
1779088251692702	204	212
1779088251692702	204	215
1779088251692703	204	222
1779088251692703	204	227
1779088251692704	204	228
1779088251692704	204	237
1779088251692705	204	241
1779088251692705	204	242
1779088251692706	204	244
1779088251692706	204	246
1779088251692707	204	254
1779088251692707	204	258
1779088251692708	204	313
1779088251692708	204	328
1779088251692708	204	331
1779088251692709	204	344
1779088251692709	204	347
1779088251692710	204	355
1779088251692710	204	359
1779088251692711	204	365
1779088251692711	204	367
1779088251692712	204	371
1779088251692712	204	375
1779088251692713	204	379
1779088251692713	204	383
1779088251692714	204	394
1779088251703188	204	241
1779088251703189	204	255
1779088251703190	204	261
1779088251703190	204	266
1779088251703191	204	269
1779088251703191	204	273
1779088251703192	204	278
1779088251703192	204	279
1779088251703193	204	291
1779088251703193	204	293
1779088251703194	204	294
1779088251703194	204	296
1779088251703195	204	300
1779088251703198	204	299
1779088251703198	204	303
1779088251703199	204	307
1779088251703199	204	311
1779088251703200	204	315
1779088251703200	204	319
1779088251703201	204	324
1779088251703201	204	333
1779088251703202	204	338
1779088251703202	204	345
1779088251703203	204	349
1779088251703203	204	350
1779088251703204	204	352
1779088251703204	204	353
1779088251703205	204	362
1779088251703205	204	363
1779088251703206	204	367
1779088251703206	204	375
1779088251712658	204	172
1779088251712659	204	180
1779088251712660	204	185
1779088251712660	204	187
1779088251712660	204	191
1779088251712661	204	193
1779088251712661	204	197
1779088251712662	204	201
1779088251712662	204	205
1779088251712662	204	209
1779088251712663	204	213
1779088251712663	204	215
1779088251712663	204	216
1779088251712664	204	220
1779088251712664	204	222
1779088251712665	204	223
1779088251712665	204	227
1779088251712665	204	231
1779088251712666	204	235
1779088251712666	204	240
1779088251712666	204	241
1779088251712667	204	243
1779088251712667	204	247
1779088251712667	204	254
1779088251712668	204	260
1779088251712668	204	262
1779088251712669	204	263
1779088251712669	204	267
1779088251712669	204	271
1779088251723022	204	268
1779088251723023	204	282
1779088251723023	204	286
1779088251723024	204	291
1779088251723024	204	293
1779088251723025	204	294
1779088251723025	204	298
1779088251723026	204	302
1779088251723026	204	306
1779088251723027	204	310
1779088251723027	204	314
1779088251723028	204	318
1779088251723028	204	320
1779088251723029	204	325
1779088251723029	204	326
1779088251723030	204	330
1779088251723030	204	334
1779088251723031	204	336
1779088251723031	204	340
1779088251723032	204	341
1779088251723032	204	343
1779088251723033	204	344
1779088251723033	204	348
1779088251723034	204	350
1779088251723034	204	354
1779088251723035	204	359
1779088251723035	204	364
1779088251723036	204	368
1779088251723036	204	380
1779088251723037	204	381
1779088251723037	204	383
1779088251732500	204	269
1779088251732501	204	282
1779088251732501	204	292
1779088251732502	204	296
1779088251732502	204	309
1779088251732503	204	330
1779088251732503	204	332
1779088251732504	204	334
1779088251732504	204	335
1779088251732505	204	336
1779088251732505	204	342
1779088251732506	204	349
1779088251732506	204	357
1779088251732507	204	358
1779088251732507	204	370
1779088251732508	204	374
1779088251732508	204	394
1779088251732509	204	399
1779088251732509	204	424
1779088251732510	204	429
1779088251732510	204	437
1779088251732511	204	445
1779088251732511	204	468
1779088251732512	204	473
1779088251732512	204	475
1779088251732513	204	476
1779088251732513	204	478
1779088251732514	204	479
1779088251743079	204	207
1779088251743080	204	222
1779088251743081	204	226
1779088251743081	204	230
1779088251743082	204	234
1779088251743082	204	235
1779088251743083	204	240
1779088251743083	204	242
1779088251743083	204	243
1779088251743084	204	247
1779088251743084	204	261
1779088251743085	204	263
1779088251743085	204	267
1779088251743086	204	271
1779088251743086	204	280
1779088251743087	204	329
1779088251743087	204	335
1779088251743088	204	338
1779088251743088	204	345
1779088251743089	204	352
1779088251743089	204	354
1779088251743090	204	362
1779088251743090	204	366
1779088251743091	204	368
1779088251743091	204	369
1779088251743092	204	374
1779088251743092	204	375
1779088251743093	204	379
1779088251743093	204	380
1779088251743094	204	384
1779088251743094	204	396
1779088251743097	204	395
1779088251752572	204	212
1779088251752574	204	223
1779088251752574	204	229
1779088251752575	204	230
1779088251752575	204	231
1779088251752576	204	237
1779088251752576	204	246
1779088251752577	204	248
1779088251752577	204	252
1779088251752578	204	256
1779088251752578	204	260
1779088251752579	204	264
1779088251752579	204	273
1779088251752580	204	275
1779088251752580	204	276
1779088251752581	204	317
1779088251752581	204	323
1779088251752582	204	324
1779088251752582	204	329
1779088251752583	204	330
1779088251752583	204	332
1779088251752584	204	336
1779088251752584	204	337
1779088251752585	204	341
1779088251752585	204	343
1779088251752586	204	347
1779088251752586	204	348
1779088251752587	204	360
1779088251763022	204	184
1779088251763023	204	194
1779088251763024	204	204
1779088251763024	204	206
1779088251763025	204	207
1779088251763025	204	208
1779088251763026	204	209
1779088251763026	204	213
1779088251763027	204	214
1779088251763027	204	218
1779088251763028	204	219
1779088251763029	204	223
1779088251763029	204	226
1779088251763030	204	233
1779088251763030	204	235
1779088251763031	204	298
1779088251763031	204	307
1779088251763032	204	324
1779088251763032	204	326
1779088251763032	204	327
1779088251763033	204	329
1779088251763033	204	330
1779088251763034	204	334
1779088251763034	204	342
1779088251763035	204	348
1779088251763035	204	364
1779088251763036	204	371
1779088251763036	204	374
1779088251763037	204	388
1779088251763037	204	392
1779088251763038	204	397
1779088251763039	204	399
1779088251772518	204	201
1779088251772519	204	214
1779088251772520	204	219
1779088251772520	204	223
1779088251772521	204	224
1779088251772521	204	229
1779088251772522	204	236
1779088251772522	204	238
1779088251772523	204	239
1779088251772523	204	241
1779088251772524	204	245
1779088251772524	204	246
1779088251772525	204	248
1779088251772525	204	249
1779088251772526	204	257
1779088251772526	204	297
1779088251772527	204	302
1779088251772527	204	312
1779088251772528	204	317
1779088251772528	204	318
1779088251772529	204	319
1779088251772530	204	320
1779088251772530	204	322
1779088251772531	204	323
1779088251772531	204	324
1779088251772532	204	326
1779088251772532	204	327
1779088251772533	204	328
1779088251782947	204	230
1779088251782948	204	256
1779088251782949	204	260
1779088251782949	204	267
1779088251782950	204	270
1779088251782950	204	272
1779088251782950	204	278
1779088251782951	204	281
1779088251782951	204	288
1779088251782951	204	295
1779088251782952	204	302
1779088251782952	204	305
1779088251782953	204	312
1779088251782953	204	319
1779088251782953	204	342
1779088251782954	204	357
1779088251782954	204	361
1779088251782954	204	374
1779088251782955	204	378
1779088251782955	204	381
1779088251782955	204	395
1779088251782956	204	412
1779088251782956	204	416
1779088251782957	204	418
1779088251782957	204	426
1779088251782957	204	433
1779088251782958	204	436
1779088251782958	204	439
1779088251782958	204	447
1779088251782959	204	450
1779088251782959	204	457
1779088251782960	204	471
1779088251792520	204	227
1779088251792521	204	241
1779088251792522	204	245
1779088251792522	204	251
1779088251792523	204	252
1779088251792523	204	257
1779088251792524	204	261
1779088251792524	204	265
1779088251792525	204	266
1779088251792525	204	279
1779088251792526	204	281
1779088251792526	204	285
1779088251792527	204	287
1779088251792527	204	288
1779088251792528	204	292
1779088251792528	204	296
1779088251792529	204	304
1779088251792529	204	306
1779088251792530	204	307
1779088251792530	204	309
1779088251792531	204	313
1779088251792531	204	315
1779088251792532	204	328
1779088251792532	204	333
1779088251792533	204	337
1779088251792533	204	344
1779088251792534	204	361
1779088251792534	204	363
1779088251802985	204	224
1779088251802986	204	239
1779088251802987	204	241
1779088251802987	204	245
1779088251802988	204	249
1779088251802988	204	253
1779088251802989	204	257
1779088251802989	204	262
1779088251802990	204	264
1779088251802990	204	265
1779088251802992	204	269
1779088251802992	204	270
1779088251802993	204	272
1779088251802993	204	273
1779088251802994	204	289
1779088251802994	204	326
1779088251802995	204	331
1779088251802995	204	336
1779088251802996	204	337
1779088251802996	204	348
1779088251802997	204	352
1779088251802997	204	354
1779088251802998	204	355
1779088251802998	204	359
1779088251802999	204	361
1779088251802999	204	365
1779088251803000	204	369
1779088251803000	204	370
1779088251803001	204	374
1779088251803001	204	376
1779088251803002	204	378
1779088251803002	204	393
1779088251812487	204	298
1779088251812488	204	314
1779088251812489	204	316
1779088251812490	204	326
1779088251812490	204	331
1779088251812491	204	332
1779088251812492	204	339
1779088251812492	204	343
1779088251812493	204	372
1779088251812493	204	374
1779088251812494	204	378
1779088251812494	204	387
1779088251812495	204	389
1779088251812495	204	407
1779088251812496	204	409
1779088251812496	204	410
1779088251812497	204	412
1779088251812497	204	420
1779088251812498	204	421
1779088251812498	204	425
1779088251812499	204	444
1779088251812499	204	446
1779088251812500	204	447
1779088251812500	204	457
1779088251812501	204	461
1779088251812501	204	468
1779088251812502	204	475
1779088251812502	204	477
1779088251823062	204	182
1779088251823063	204	191
1779088251823064	204	199
1779088251823064	204	202
1779088251823065	204	206
1779088251823065	204	209
1779088251823066	204	210
1779088251823066	204	214
1779088251823067	204	222
1779088251823067	204	226
1779088251823068	204	227
1779088251823068	204	233
1779088251823069	204	238
1779088251823069	204	250
1779088251823070	204	252
1779088251823070	204	313
1779088251823071	204	328
1779088251823071	204	330
1779088251823072	204	331
1779088251823072	204	335
1779088251823073	204	339
1779088251823073	204	341
1779088251823074	204	342
1779088251823074	204	343
1779088251823075	204	345
1779088251823075	204	349
1779088251823076	204	353
1779088251823076	204	357
1779088251823077	204	359
1779088251823077	204	360
1779088251823078	204	369
1779088251823078	204	370
1779088251832527	204	218
1779088251832528	204	231
1779088251832529	204	236
1779088251832529	204	240
1779088251832530	204	243
1779088251832531	204	247
1779088251832531	204	249
1779088251832532	204	253
1779088251832532	204	255
1779088251832533	204	256
1779088251832533	204	260
1779088251832534	204	273
1779088251832534	204	274
1779088251832535	204	279
1779088251832535	204	280
1779088251832536	204	281
1779088251832536	204	283
1779088251832537	204	287
1779088251832537	204	288
1779088251832538	204	290
1779088251832538	204	294
1779088251832539	204	298
1779088251832539	204	301
1779088251832540	204	303
1779088251832540	204	312
1779088251832541	204	313
1779088251832541	204	315
1779088251832542	204	316
1779088251842933	204	176
1779088251842934	204	183
1779088251842935	204	187
1779088251842935	204	191
1779088251842936	204	201
1779088251842936	204	202
1779088251842937	204	206
1779088251842937	204	207
1779088251842938	204	209
1779088251842938	204	210
1779088251842939	204	212
1779088251842939	204	216
1779088251842940	204	217
1779088251842940	204	221
1779088251842941	204	229
1779088251842941	204	272
1779088251842942	204	277
1779088251842942	204	279
1779088251842943	204	280
1779088251842943	204	285
1779088251842944	204	286
1779088251842944	204	287
1779088251842945	204	292
1779088251842945	204	296
1779088251842946	204	300
1779088251842946	204	304
1779088251842946	204	306
1779088251842947	204	307
1779088251842947	204	311
1779088251842948	204	321
1779088251842948	204	323
1779088251852356	204	340
1779088251852358	204	364
1779088251852359	204	373
1779088251852360	204	381
1779088251852360	204	384
1779088251852361	204	386
1779088251852362	204	388
1779088251852363	204	410
1779088251852364	204	413
1779088251852364	204	416
1779088251852365	204	423
1779088251852366	204	431
1779088251852367	204	438
1779088251852367	204	441
1779088251852368	204	453
1779088251852369	204	461
1779088251852370	204	468
1779088251852370	204	475
1779088251852371	204	483
1779088251852372	204	490
1779088251852373	204	492
1779088251852374	204	500
1779088251852374	204	526
1779088251852375	204	530
1779088251852376	204	537
1779088251852377	204	539
1779088251852378	204	541
1779088251852379	204	543
1779088251852379	204	545
1779088251863013	204	235
1779088251863014	204	254
1779088251863015	204	261
1779088251863015	204	264
1779088251863016	204	271
1779088251863017	204	273
1779088251863017	204	276
1779088251863018	204	285
1779088251863018	204	292
1779088251863019	204	300
1779088251863019	204	303
1779088251863020	204	311
1779088251863020	204	314
1779088251863021	204	332
1779088251863021	204	335
1779088251863022	204	409
1779088251863022	204	417
1779088251863023	204	426
1779088251863023	204	434
1779088251863024	204	436
1779088251863024	204	439
1779088251863025	204	442
1779088251863025	204	449
1779088251863026	204	452
1779088251863026	204	455
1779088251863027	204	462
1779088251863027	204	470
1779088251863028	204	488
1779088251863028	204	491
1779088251863029	204	494
1779088251863029	204	501
1779088251863030	204	503
1779088251872618	204	202
1779088251872620	204	216
1779088251872620	204	218
1779088251872621	204	221
1779088251872621	204	225
1779088251872622	204	226
1779088251872623	204	227
1779088251872623	204	228
1779088251872624	204	232
1779088251872624	204	233
1779088251872625	204	237
1779088251872625	204	240
1779088251872626	204	244
1779088251872626	204	257
1779088251872627	204	260
1779088251872627	204	315
1779088251872628	204	319
1779088251872628	204	322
1779088251872628	204	327
1779088251872629	204	331
1779088251872629	204	333
1779088251872630	204	334
1779088251872630	204	339
1779088251872631	204	342
1779088251872631	204	348
1779088251872632	204	351
1779088251872632	204	354
1779088251872633	204	368
1779088251872633	204	370
1779088251883087	204	229
1779088251883089	204	254
1779088251883089	204	263
1779088251883090	204	267
1779088251883090	204	269
1779088251883091	204	277
1779088251883091	204	284
1779088251883092	204	287
1779088251883092	204	295
1779088251883093	204	298
1779088251883093	204	305
1779088251883094	204	324
1779088251883094	204	328
1779088251883095	204	334
1779088251883095	204	337
1779088251883096	204	412
1779088251883096	204	422
1779088251883097	204	425
1779088251883097	204	428
1779088251883098	204	431
1779088251883098	204	433
1779088251883099	204	436
1779088251883099	204	444
1779088251883100	204	451
1779088251883100	204	454
1779088251883100	204	461
1779088251883101	204	471
1779088251883101	204	472
1779088251883102	204	485
1779088251883102	204	486
1779088251883103	204	488
1779088251892668	204	209
1779088251892670	204	228
1779088251892670	204	232
1779088251892671	204	240
1779088251892671	204	247
1779088251892672	204	255
1779088251892672	204	272
1779088251892672	204	276
1779088251892673	204	279
1779088251892673	204	286
1779088251892674	204	289
1779088251892674	204	297
1779088251892675	204	300
1779088251892675	204	304
1779088251892676	204	318
1779088251892676	204	402
1779088251892677	204	412
1779088251892677	204	421
1779088251892678	204	424
1779088251892678	204	432
1779088251892679	204	435
1779088251892679	204	442
1779088251892680	204	445
1779088251892680	204	452
1779088251892681	204	460
1779088251892681	204	479
1779088251892682	204	483
1779088251892682	204	490
1779088251892683	204	492
1779088251903253	204	180
1779088251903255	204	187
1779088251903255	204	188
1779088251903256	204	190
1779088251903256	204	191
1779088251903257	204	195
1779088251903257	204	196
1779088251903257	204	200
1779088251903258	204	203
1779088251903258	204	204
1779088251903259	204	205
1779088251903259	204	207
1779088251903260	204	218
1779088251903261	204	219
1779088251903262	204	221
1779088251903262	204	250
1779088251903263	204	256
1779088251903263	204	258
1779088251903264	204	262
1779088251903264	204	273
1779088251903265	204	277
1779088251903265	204	288
1779088251903266	204	289
1779088251903266	204	291
1779088251903267	204	295
1779088251903267	204	299
1779088251903268	204	301
1779088251903268	204	303
1779088251903269	204	310
1779088251903269	204	316
1779088251903270	204	332
1779088251912688	204	198
1779088251912689	204	218
1779088251912689	204	225
1779088251912690	204	231
1779088251912690	204	233
1779088251912691	204	240
1779088251912692	204	247
1779088251912692	204	250
1779088251912693	204	252
1779088251912693	204	255
1779088251912694	204	263
1779088251912694	204	270
1779088251912695	204	278
1779088251912695	204	281
1779088251912696	204	300
1779088251912696	204	361
1779088251912697	204	384
1779088251912697	204	387
1779088251912698	204	390
1779088251912698	204	393
1779088251912699	204	395
1779088251912699	204	403
1779088251912700	204	406
1779088251912700	204	409
1779088251912701	204	411
1779088251912701	204	418
1779088251912702	204	421
1779088251912702	204	435
1779088251912703	204	437
1779088251923226	204	199
1779088251923227	204	214
1779088251923227	204	215
1779088251923228	204	219
1779088251923228	204	224
1779088251923229	204	225
1779088251923229	204	227
1779088251923230	204	231
1779088251923230	204	233
1779088251923231	204	240
1779088251923231	204	243
1779088251923232	204	247
1779088251923232	204	249
1779088251923233	204	253
1779088251923233	204	266
1779088251923234	204	315
1779088251923234	204	318
1779088251923235	204	321
1779088251923235	204	329
1779088251923236	204	335
1779088251923236	204	338
1779088251923237	204	344
1779088251923237	204	347
1779088251923238	204	354
1779088251923238	204	357
1779088251923238	204	360
1779088251923239	204	367
1779088251923239	204	373
1779088251923240	204	392
1779088251923240	204	395
1779088251923241	204	398
1779088251932752	204	276
1779088251932755	204	308
1779088251932756	204	317
1779088251932757	204	326
1779088251932758	204	335
1779088251932759	204	338
1779088251932760	204	341
1779088251932761	204	344
1779088251932762	204	353
1779088251932763	204	361
1779088251932765	204	369
1779088251932766	204	379
1779088251932767	204	387
1779088251932768	204	390
1779088251932769	204	393
1779088251932770	204	419
1779088251932771	204	423
1779088251932772	204	431
1779088251932773	204	440
1779088251932774	204	444
1779088251932776	204	447
1779088251932777	204	450
1779088251932778	204	458
1779088251932779	204	461
1779088251932780	204	469
1779088251932781	204	472
1779088251932782	204	475
1779088251932783	204	483
1779088251932785	204	492
1779088251942389	204	238
1779088251942391	204	253
1779088251942391	204	262
1779088251942392	204	265
1779088251942393	204	272
1779088251942394	204	274
1779088251942394	204	277
1779088251942395	204	279
1779088251942396	204	282
1779088251942396	204	284
1779088251942397	204	291
1779088251942398	204	298
1779088251942399	204	305
1779088251942399	204	313
1779088251942400	204	315
1779088251942401	204	322
1779088251942402	204	330
1779088251942403	204	332
1779088251942404	204	339
1779088251942405	204	341
1779088251942405	204	344
1779088251942406	204	346
1779088251942407	204	353
1779088251942407	204	356
1779088251942408	204	359
1779088251942409	204	362
1779088251942410	204	369
1779088251942410	204	372
1779088251942411	204	395
1779088251952895	204	217
1779088251952896	204	231
1779088251952896	204	236
1779088251952897	204	240
1779088251952897	204	245
1779088251952898	204	249
1779088251952899	204	251
1779088251952899	204	255
1779088251952900	204	257
1779088251952900	204	271
1779088251952901	204	276
1779088251952901	204	277
1779088251952902	204	279
1779088251952902	204	287
1779088251952903	204	289
1779088251952903	204	332
1779088251952904	204	336
1779088251952904	204	338
1779088251952904	204	340
1779088251952905	204	344
1779088251952905	204	348
1779088251952906	204	349
1779088251952906	204	358
1779088251952907	204	369
1779088251952907	204	371
1779088251952908	204	373
1779088251952908	204	374
1779088251952909	204	378
1779088251952909	204	380
1779088251952910	204	381
1779088251952910	204	382
1779088251962374	204	206
1779088251962375	204	220
1779088251962376	204	222
1779088251962376	204	226
1779088251962377	204	236
1779088251962378	204	238
1779088251962378	204	239
1779088251962379	204	241
1779088251962379	204	245
1779088251962380	204	249
1779088251962380	204	253
1779088251962381	204	257
1779088251962381	204	261
1779088251962382	204	263
1779088251962382	204	275
1779088251962383	204	298
1779088251962383	204	308
1779088251962384	204	313
1779088251962384	204	315
1779088251962385	204	319
1779088251962385	204	326
1779088251962386	204	328
1779088251962386	204	332
1779088251962387	204	333
1779088251962387	204	335
1779088251962388	204	336
1779088251962388	204	337
1779088251962389	204	341
1779088251962389	204	356
1779088251972828	204	244
1779088251972829	204	266
1779088251972830	204	269
1779088251972830	204	272
1779088251972831	204	275
1779088251972831	204	282
1779088251972832	204	285
1779088251972832	204	288
1779088251972833	204	296
1779088251972833	204	299
1779088251972834	204	305
1779088251972834	204	308
1779088251972835	204	316
1779088251972835	204	334
1779088251972836	204	342
1779088251972836	204	417
1779088251972837	204	427
1779088251972837	204	436
1779088251972838	204	439
1779088251972838	204	442
1779088251972839	204	449
1779088251972839	204	452
1779088251972840	204	460
1779088251972840	204	467
1779088251972841	204	484
1779088251972841	204	492
1779088251972842	204	495
1779088251972842	204	498
1779088251972842	204	500
1779088251972843	204	503
1779088251972843	204	505
1779088251982431	204	190
1779088251982432	204	203
1779088251982432	204	213
1779088251982433	204	218
1779088251982433	204	219
1779088251982434	204	220
1779088251982435	204	224
1779088251982435	204	226
1779088251982436	204	227
1779088251982436	204	231
1779088251982437	204	235
1779088251982437	204	239
1779088251982438	204	248
1779088251982438	204	253
1779088251982439	204	260
1779088251982439	204	297
1779088251982440	204	308
1779088251982441	204	309
1779088251982441	204	311
1779088251982442	204	312
1779088251982442	204	313
1779088251982443	204	318
1779088251982443	204	322
1779088251982443	204	326
1779088251982444	204	328
1779088251982444	204	332
1779088251982445	204	333
1779088251982446	204	336
1779088251982446	204	350
1779088251992877	204	228
1779088251992878	204	244
1779088251992879	204	247
1779088251992879	204	256
1779088251992880	204	272
1779088251992880	204	280
1779088251992881	204	288
1779088251992881	204	295
1779088251992881	204	302
1779088251992882	204	310
1779088251992882	204	313
1779088251992883	204	316
1779088251992883	204	319
1779088251992884	204	326
1779088251992884	204	344
1779088251992885	204	403
1779088251992885	204	408
1779088251992886	204	411
1779088251992886	204	419
1779088251992887	204	435
1779088251992887	204	439
1779088251992888	204	441
1779088251992888	204	449
1779088251992889	204	452
1779088251992889	204	454
1779088251992890	204	457
1779088251992890	204	464
1779088251992891	204	467
1779088251992891	204	480
1779088251992892	204	483
1779088251992892	204	484
1779088252002453	204	178
1779088252002454	204	189
1779088252002455	204	198
1779088252002456	204	199
1779088252002456	204	201
1779088252002457	204	202
1779088252002457	204	206
1779088252002458	204	207
1779088252002458	204	209
1779088252002458	204	213
1779088252002459	204	220
1779088252002459	204	222
1779088252002460	204	223
1779088252002460	204	228
1779088252002461	204	229
1779088252002461	204	272
1779088252002462	204	277
1779088252002462	204	288
1779088252002463	204	290
1779088252002463	204	291
1779088252002464	204	296
1779088252002464	204	297
1779088252002465	204	302
1779088252002465	204	303
1779088252002466	204	305
1779088252002466	204	309
1779088252002467	204	313
1779088252002467	204	319
1779088252002468	204	334
1779088252012887	204	228
1779088252012888	204	249
1779088252012888	204	258
1779088252012889	204	261
1779088252012889	204	269
1779088252012890	204	272
1779088252012890	204	279
1779088252012891	204	286
1779088252012891	204	295
1779088252012892	204	303
1779088252012892	204	310
1779088252012893	204	329
1779088252012893	204	337
1779088252012893	204	340
1779088252012894	204	342
1779088252012894	204	412
1779088252012895	204	428
1779088252012895	204	431
1779088252012896	204	439
1779088252012896	204	458
1779088252012897	204	466
1779088252012897	204	469
1779088252012898	204	476
1779088252012898	204	479
1779088252012899	204	482
1779088252012899	204	485
1779088252012900	204	492
1779088252012900	204	499
1779088252012901	204	506
1779088252012901	204	509
1779088252012902	204	525
1779088252022510	204	197
1779088252022512	204	209
1779088252022512	204	214
1779088252022513	204	215
1779088252022513	204	216
1779088252022514	204	220
1779088252022514	204	221
1779088252022515	204	222
1779088252022515	204	225
1779088252022515	204	229
1779088252022516	204	230
1779088252022516	204	239
1779088252022517	204	240
1779088252022517	204	244
1779088252022518	204	252
1779088252022518	204	292
1779088252022519	204	302
1779088252022519	204	304
1779088252022520	204	308
1779088252022520	204	309
1779088252022521	204	320
1779088252022521	204	325
1779088252022522	204	326
1779088252022522	204	328
1779088252022523	204	332
1779088252022523	204	333
1779088252022524	204	336
1779088252022524	204	349
1779088252022525	204	353
1779088252032959	204	210
1779088252032960	204	228
1779088252032961	204	235
1779088252032961	204	238
1779088252032962	204	253
1779088252032962	204	257
1779088252032963	204	265
1779088252032963	204	268
1779088252032964	204	271
1779088252032964	204	274
1779088252032965	204	276
1779088252032965	204	279
1779088252032966	204	281
1779088252032966	204	283
1779088252032967	204	298
1779088252032967	204	366
1779088252032968	204	377
1779088252032968	204	385
1779088252032968	204	388
1779088252032969	204	391
1779088252032969	204	398
1779088252032970	204	405
1779088252032970	204	413
1779088252032971	204	420
1779088252032971	204	427
1779088252032972	204	430
1779088252032972	204	437
1779088252032973	204	452
1779088252032973	204	455
1779088252032974	204	463
1779088252032974	204	465
1779088252032975	204	479
1779088252042542	204	194
1779088252042543	204	208
1779088252042544	204	217
1779088252042544	204	218
1779088252042545	204	220
1779088252042545	204	224
1779088252042545	204	225
1779088252042546	204	229
1779088252042546	204	232
1779088252042547	204	236
1779088252042547	204	244
1779088252042548	204	249
1779088252042548	204	250
1779088252042549	204	254
1779088252042549	204	263
1779088252042550	204	303
1779088252042550	204	312
1779088252042551	204	314
1779088252042551	204	315
1779088252042552	204	320
1779088252042552	204	322
1779088252042553	204	323
1779088252042553	204	325
1779088252042554	204	326
1779088252042554	204	328
1779088252042555	204	331
1779088252042555	204	337
1779088252042556	204	351
1779088252052994	204	243
1779088252052995	204	266
1779088252052996	204	276
1779088252052996	204	279
1779088252052997	204	282
1779088252052997	204	289
1779088252052998	204	297
1779088252052998	204	305
1779088252052999	204	312
1779088252052999	204	328
1779088252053000	204	336
1779088252053000	204	339
1779088252053001	204	342
1779088252053001	204	356
1779088252053002	204	359
1779088252053002	204	422
1779088252053003	204	446
1779088252053003	204	454
1779088252053004	204	457
1779088252053004	204	460
1779088252053005	204	467
1779088252053005	204	470
1779088252053006	204	478
1779088252053006	204	485
1779088252053007	204	493
1779088252053007	204	509
1779088252053008	204	517
1779088252053008	204	519
1779088252053009	204	522
1779088252053009	204	541
1779088252053010	204	545
1779088252053010	204	547
1779088252062637	204	182
1779088252062638	204	193
1779088252062639	204	194
1779088252062639	204	196
1779088252062640	204	199
1779088252062640	204	200
1779088252062641	204	204
1779088252062641	204	212
1779088252062642	204	217
1779088252062642	204	225
1779088252062643	204	229
1779088252062643	204	231
1779088252062643	204	232
1779088252062644	204	234
1779088252062644	204	241
1779088252062645	204	295
1779088252062645	204	301
1779088252062646	204	303
1779088252062646	204	305
1779088252062647	204	308
1779088252062647	204	315
1779088252062648	204	318
1779088252062648	204	320
1779088252062649	204	335
1779088252062649	204	337
1779088252062650	204	339
1779088252062650	204	340
1779088252062651	204	342
1779088252062651	204	343
1779088252073079	204	229
1779088252073080	204	246
1779088252073081	204	262
1779088252073081	204	272
1779088252073082	204	280
1779088252073082	204	288
1779088252073083	204	292
1779088252073083	204	299
1779088252073084	204	302
1779088252073084	204	308
1779088252073085	204	311
1779088252073085	204	313
1779088252073086	204	315
1779088252073087	204	333
1779088252073088	204	337
1779088252073088	204	372
1779088252073089	204	377
1779088252073089	204	391
1779088252073089	204	394
1779088252073090	204	397
1779088252073091	204	400
1779088252073091	204	407
1779088252073091	204	410
1779088252073092	204	418
1779088252073092	204	421
1779088252073093	204	428
1779088252073093	204	441
1779088252073094	204	448
1779088252073094	204	451
1779088252073095	204	453
1779088252073095	204	455
1779088252082634	204	190
1779088252082635	204	204
1779088252082636	204	207
1779088252082637	204	214
1779088252082637	204	218
1779088252082638	204	219
1779088252082638	204	220
1779088252082638	204	221
1779088252082639	204	227
1779088252082640	204	231
1779088252082640	204	249
1779088252082641	204	251
1779088252082641	204	253
1779088252082642	204	257
1779088252082642	204	258
1779088252082643	204	306
1779088252082643	204	316
1779088252082643	204	317
1779088252082644	204	322
1779088252082644	204	323
1779088252082645	204	327
1779088252082645	204	331
1779088252082646	204	335
1779088252082646	204	339
1779088252082647	204	344
1779088252082647	204	348
1779088252082648	204	350
1779088252082648	204	369
1779088252082649	204	372
1779088252093105	204	202
1779088252093106	204	221
1779088252093107	204	224
1779088252093107	204	231
1779088252093108	204	239
1779088252093108	204	247
1779088252093109	204	250
1779088252093109	204	253
1779088252093109	204	260
1779088252093110	204	263
1779088252093111	204	271
1779088252093111	204	284
1779088252093111	204	301
1779088252093112	204	305
1779088252093112	204	307
1779088252093113	204	378
1779088252093113	204	388
1779088252093114	204	392
1779088252093114	204	394
1779088252093115	204	397
1779088252093115	204	405
1779088252093116	204	408
1779088252093116	204	415
1779088252093117	204	423
1779088252093117	204	430
1779088252093118	204	438
1779088252093118	204	441
1779088252093119	204	443
1779088252093119	204	450
1779088252093120	204	457
1779088252093120	204	473
1779088252102677	204	203
1779088252102678	204	227
1779088252102678	204	235
1779088252102679	204	241
1779088252102679	204	244
1779088252102680	204	246
1779088252102680	204	252
1779088252102681	204	259
1779088252102681	204	267
1779088252102682	204	273
1779088252102682	204	276
1779088252102683	204	282
1779088252102683	204	288
1779088252102684	204	312
1779088252102684	204	314
1779088252102685	204	377
1779088252102685	204	380
1779088252102686	204	383
1779088252102686	204	386
1779088252102687	204	388
1779088252102687	204	391
1779088252102687	204	393
1779088252102688	204	401
1779088252102688	204	404
1779088252102689	204	411
1779088252102689	204	418
1779088252102690	204	420
1779088252102690	204	423
1779088252102691	204	436
1779088252113213	204	211
1779088252113215	204	222
1779088252113216	204	223
1779088252113216	204	228
1779088252113216	204	232
1779088252113217	204	236
1779088252113217	204	239
1779088252113218	204	241
1779088252113218	204	242
1779088252113219	204	243
1779088252113219	204	247
1779088252113220	204	248
1779088252113220	204	253
1779088252113221	204	257
1779088252113221	204	270
1779088252113222	204	318
1779088252113222	204	320
1779088252113223	204	324
1779088252113223	204	335
1779088252113224	204	337
1779088252113224	204	341
1779088252113225	204	343
1779088252113225	204	347
1779088252113226	204	348
1779088252113226	204	350
1779088252113227	204	351
1779088252113227	204	355
1779088252113228	204	357
1779088252113228	204	361
1779088252113229	204	365
1779088252113229	204	374
1779088252122678	204	191
1779088252122679	204	199
1779088252122680	204	209
1779088252122681	204	210
1779088252122681	204	211
1779088252122681	204	212
1779088252122682	204	216
1779088252122682	204	217
1779088252122683	204	225
1779088252122683	204	227
1779088252122684	204	245
1779088252122684	204	247
1779088252122685	204	248
1779088252122685	204	260
1779088252122686	204	262
1779088252122686	204	329
1779088252122687	204	334
1779088252122688	204	335
1779088252122688	204	369
1779088252122689	204	371
1779088252122689	204	373
1779088252122690	204	377
1779088252122690	204	383
1779088252122691	204	385
1779088252122691	204	386
1779088252122692	204	394
1779088252122692	204	395
1779088252122693	204	399
1779088252122693	204	401
1779088252133175	204	301
1779088252133176	204	317
1779088252133177	204	327
1779088252133178	204	329
1779088252133178	204	333
1779088252133179	204	340
1779088252133180	204	344
1779088252133180	204	373
1779088252133180	204	375
1779088252133181	204	376
1779088252133182	204	377
1779088252133182	204	379
1779088252133183	204	383
1779088252133183	204	392
1779088252133184	204	394
1779088252133184	204	399
1779088252133185	204	400
1779088252133185	204	419
1779088252133186	204	424
1779088252133186	204	447
1779088252133187	204	452
1779088252133187	204	453
1779088252133188	204	475
1779088252133188	204	478
1779088252133189	204	479
1779088252133189	204	480
1779088252133190	204	485
1779088252133190	204	487
1779088252133191	204	495
1779088252133191	204	502
1779088252133192	204	503
1779088252142771	204	198
1779088252142772	204	207
1779088252142773	204	208
1779088252142773	204	213
1779088252142773	204	217
1779088252142774	204	221
1779088252142775	204	223
1779088252142775	204	227
1779088252142775	204	231
1779088252142776	204	232
1779088252142776	204	234
1779088252142777	204	237
1779088252142778	204	239
1779088252142778	204	250
1779088252142778	204	252
1779088252142779	204	308
1779088252142779	204	310
1779088252142780	204	312
1779088252142780	204	316
1779088252142781	204	317
1779088252142781	204	326
1779088252142782	204	328
1779088252142782	204	332
1779088252142783	204	334
1779088252142783	204	335
1779088252142784	204	336
1779088252142784	204	340
1779088252142785	204	348
1779088252142785	204	350
1779088252153214	204	198
1779088252153215	204	207
1779088252153216	204	211
1779088252153216	204	212
1779088252153217	204	213
1779088252153217	204	214
1779088252153218	204	218
1779088252153218	204	222
1779088252153219	204	233
1779088252153219	204	237
1779088252153220	204	245
1779088252153220	204	268
1779088252153221	204	270
1779088252153221	204	271
1779088252153222	204	280
1779088252153222	204	364
1779088252153223	204	367
1779088252153223	204	368
1779088252153224	204	370
1779088252153224	204	374
1779088252153225	204	376
1779088252153225	204	383
1779088252153226	204	385
1779088252153226	204	386
1779088252153227	204	390
1779088252153227	204	403
1779088252153228	204	410
1779088252153228	204	411
1779088252153229	204	432
1779088252153229	204	440
1779088252153230	204	444
1779088252162755	204	190
1779088252162756	204	198
1779088252162757	204	202
1779088252162758	204	206
1779088252162758	204	210
1779088252162759	204	214
1779088252162759	204	218
1779088252162760	204	223
1779088252162760	204	227
1779088252162761	204	229
1779088252162761	204	233
1779088252162762	204	234
1779088252162762	204	238
1779088252162763	204	243
1779088252162763	204	255
1779088252162764	204	361
1779088252162764	204	374
1779088252162765	204	377
1779088252162765	204	379
1779088252162766	204	381
1779088252162766	204	383
1779088252162767	204	385
1779088252162767	204	388
1779088252162768	204	390
1779088252162768	204	391
1779088252162768	204	399
1779088252162769	204	401
1779088252162769	204	407
1779088252162770	204	409
1779088252173270	204	205
1779088252173271	204	218
1779088252173271	204	224
1779088252173272	204	228
1779088252173273	204	229
1779088252173273	204	233
1779088252173274	204	235
1779088252173274	204	239
1779088252173274	204	243
1779088252173275	204	253
1779088252173275	204	257
1779088252173276	204	287
1779088252173276	204	289
1779088252173277	204	290
1779088252173277	204	292
1779088252173278	204	357
1779088252173278	204	362
1779088252173279	204	386
1779088252173279	204	388
1779088252173280	204	393
1779088252173280	204	394
1779088252173281	204	405
1779088252173281	204	421
1779088252173282	204	422
1779088252173282	204	424
1779088252173283	204	425
1779088252173283	204	433
1779088252173284	204	437
1779088252173284	204	457
1779088252173285	204	463
1779088252173285	204	472
1779088252182838	204	254
1779088252182839	204	270
1779088252182840	204	275
1779088252182840	204	276
1779088252182841	204	277
1779088252182841	204	282
1779088252182842	204	284
1779088252182842	204	285
1779088252182843	204	286
1779088252182843	204	290
1779088252182844	204	292
1779088252182844	204	296
1779088252182845	204	300
1779088252182845	204	301
1779088252182846	204	305
1779088252182846	204	310
1779088252182847	204	311
1779088252182847	204	313
1779088252182848	204	314
1779088252182848	204	318
1779088252182849	204	322
1779088252182849	204	326
1779088252182850	204	330
1779088252182850	204	342
1779088252182851	204	344
1779088252182851	204	348
1779088252182851	204	352
1779088252182852	204	353
1779088252182852	204	361
1779088252192288	204	193
1779088252192289	204	203
1779088252192289	204	207
1779088252192290	204	208
1779088252192290	204	212
1779088252192291	204	220
1779088252192292	204	223
1779088252192292	204	225
1779088252192292	204	245
1779088252192293	204	246
1779088252192293	204	248
1779088252192294	204	258
1779088252192294	204	260
1779088252192295	204	264
1779088252192295	204	265
1779088252192296	204	267
1779088252192296	204	268
1779088252192297	204	270
1779088252192297	204	278
1779088252192298	204	282
1779088252192298	204	286
1779088252192299	204	288
1779088252192299	204	289
1779088252192300	204	291
1779088252192300	204	299
1779088252192301	204	301
1779088252192301	204	302
1779088252192302	204	304
1779088252192302	204	305
1779088252202698	204	315
1779088252202700	204	336
1779088252202700	204	356
1779088252202701	204	364
1779088252202702	204	371
1779088252202703	204	378
1779088252202703	204	398
1779088252202704	204	405
1779088252202705	204	420
1779088252202706	204	428
1779088252202706	204	430
1779088252202707	204	443
1779088252202708	204	445
1779088252202709	204	447
1779088252202709	204	455
1779088252202710	204	457
1779088252202711	204	463
1779088252202712	204	476
1779088252202712	204	484
1779088252202713	204	486
1779088252202714	204	488
1779088252202715	204	501
1779088252202715	204	504
1779088252202716	204	510
1779088252202717	204	518
1779088252202718	204	525
1779088252202719	204	536
1779088252202720	204	542
1779088252202720	204	544
1779088252202721	204	557
1779088252202722	204	564
1779088252212375	204	252
1779088252212377	204	271
1779088252212378	204	278
1779088252212378	204	285
1779088252212379	204	292
1779088252212380	204	305
1779088252212381	204	312
1779088252212382	204	315
1779088252212382	204	329
1779088252212383	204	332
1779088252212384	204	339
1779088252212385	204	342
1779088252212385	204	354
1779088252212386	204	357
1779088252212387	204	364
1779088252212388	204	432
1779088252212389	204	440
1779088252212389	204	442
1779088252212390	204	444
1779088252212391	204	446
1779088252212392	204	448
1779088252212392	204	456
1779088252212393	204	463
1779088252212394	204	469
1779088252212394	204	483
1779088252212395	204	489
1779088252212395	204	492
1779088252212396	204	495
1779088252212396	204	497
1779088252222983	204	208
1779088252222984	204	219
1779088252222985	204	224
1779088252222985	204	228
1779088252222986	204	232
1779088252222986	204	235
1779088252222986	204	236
1779088252222987	204	240
1779088252222987	204	241
1779088252222988	204	245
1779088252222988	204	248
1779088252222989	204	250
1779088252222989	204	251
1779088252222990	204	255
1779088252222990	204	268
1779088252222991	204	325
1779088252222991	204	339
1779088252222992	204	341
1779088252222992	204	343
1779088252222993	204	344
1779088252222993	204	345
1779088252222994	204	350
1779088252222994	204	354
1779088252222995	204	355
1779088252222995	204	359
1779088252222996	204	361
1779088252222996	204	365
1779088252222997	204	369
1779088252222997	204	373
1779088252222998	204	378
1779088252222998	204	388
1779088252222999	204	397
1779088252232480	204	202
1779088252232482	204	213
1779088252232482	204	217
1779088252232483	204	221
1779088252232483	204	225
1779088252232484	204	228
1779088252232484	204	229
1779088252232485	204	230
1779088252232485	204	234
1779088252232486	204	236
1779088252232486	204	237
1779088252232487	204	241
1779088252232487	204	246
1779088252232488	204	263
1779088252232488	204	275
1779088252232489	204	318
1779088252232489	204	326
1779088252232490	204	331
1779088252232490	204	333
1779088252232491	204	334
1779088252232491	204	343
1779088252232492	204	344
1779088252232492	204	346
1779088252232493	204	350
1779088252232493	204	351
1779088252232493	204	353
1779088252232494	204	354
1779088252232494	204	362
1779088252242956	204	234
1779088252242958	204	246
1779088252242958	204	248
1779088252242959	204	253
1779088252242960	204	257
1779088252242960	204	261
1779088252242961	204	265
1779088252242962	204	269
1779088252242962	204	271
1779088252242963	204	272
1779088252242964	204	273
1779088252242964	204	277
1779088252242965	204	280
1779088252242966	204	282
1779088252242967	204	291
1779088252242967	204	325
1779088252242968	204	334
1779088252242969	204	335
1779088252242969	204	339
1779088252242970	204	341
1779088252242971	204	346
1779088252242971	204	356
1779088252242972	204	361
1779088252242973	204	365
1779088252242973	204	373
1779088252242974	204	377
1779088252242975	204	379
1779088252242975	204	380
1779088252242976	204	384
1779088252242977	204	387
1779088252242978	204	395
1779088252242978	204	397
1779088252252461	204	176
1779088252252462	204	190
1779088252252463	204	194
1779088252252463	204	195
1779088252252464	204	199
1779088252252464	204	202
1779088252252465	204	206
1779088252252465	204	209
1779088252252465	204	211
1779088252252466	204	215
1779088252252467	204	216
1779088252252467	204	220
1779088252252468	204	224
1779088252252468	204	227
1779088252252468	204	240
1779088252252469	204	294
1779088252252469	204	305
1779088252252470	204	310
1779088252252470	204	318
1779088252252471	204	323
1779088252252471	204	324
1779088252252472	204	325
1779088252252472	204	330
1779088252252473	204	331
1779088252252473	204	332
1779088252252474	204	334
1779088252252474	204	338
1779088252252475	204	346
1779088252262909	204	226
1779088252262911	204	237
1779088252262911	204	242
1779088252262912	204	243
1779088252262913	204	246
1779088252262913	204	250
1779088252262914	204	255
1779088252262914	204	257
1779088252262915	204	261
1779088252262915	204	265
1779088252262916	204	269
1779088252262917	204	277
1779088252262917	204	282
1779088252262918	204	282
1779088252262919	204	288
1779088252262920	204	339
1779088252262920	204	344
1779088252262921	204	349
1779088252262921	204	361
1779088252262922	204	363
1779088252262923	204	367
1779088252262923	204	368
1779088252262924	204	372
1779088252262924	204	377
1779088252262925	204	378
1779088252262925	204	379
1779088252262926	204	380
1779088252262927	204	384
1779088252262927	204	393
1779088252262928	204	395
1779088252262928	204	396
1779088252272411	204	190
1779088252272412	204	201
1779088252272413	204	203
1779088252272413	204	208
1779088252272414	204	214
1779088252272414	204	215
1779088252272415	204	220
1779088252272415	204	224
1779088252272415	204	228
1779088252272416	204	233
1779088252272416	204	236
1779088252272417	204	241
1779088252272417	204	242
1779088252272418	204	244
1779088252272418	204	245
1779088252272418	204	247
1779088252272419	204	251
1779088252272419	204	255
1779088252272420	204	259
1779088252272420	204	263
1779088252272421	204	267
1779088252272421	204	271
1779088252272421	204	284
1779088252272422	204	289
1779088252272422	204	296
1779088252272423	204	301
1779088252272423	204	302
1779088252272423	204	304
1779088252272424	204	305
1779088252282814	204	184
1779088252282815	204	198
1779088252282816	204	202
1779088252282816	204	203
1779088252282817	204	207
1779088252282817	204	208
1779088252282818	204	211
1779088252282818	204	215
1779088252282819	204	218
1779088252282819	204	222
1779088252282820	204	239
1779088252282820	204	241
1779088252282821	204	245
1779088252282821	204	249
1779088252282822	204	262
1779088252282822	204	327
1779088252282823	204	334
1779088252282823	204	335
1779088252282824	204	336
1779088252282824	204	341
1779088252282825	204	342
1779088252282825	204	344
1779088252282826	204	348
1779088252282826	204	350
1779088252282827	204	354
1779088252282827	204	355
1779088252282828	204	359
1779088252282828	204	361
1779088252282829	204	374
1779088252282829	204	384
1779088252282830	204	386
1779088252292308	204	314
1779088252292310	204	325
1779088252292310	204	328
1779088252292311	204	336
1779088252292312	204	342
1779088252292313	204	347
1779088252292314	204	353
1779088252292314	204	358
1779088252292315	204	364
1779088252292315	204	366
1779088252292316	204	371
1779088252292317	204	376
1779088252292317	204	399
1779088252292318	204	405
1779088252292318	204	418
1779088252292319	204	420
1779088252292320	204	422
1779088252292321	204	427
1779088252292321	204	433
1779088252292322	204	445
1779088252292323	204	451
1779088252292323	204	462
1779088252292324	204	468
1779088252292324	204	477
1779088252292325	204	479
1779088252292325	204	491
1779088252292326	204	504
1779088252292327	204	510
1779088252292328	204	513
1779088252302926	204	224
1779088252302928	204	237
1779088252302929	204	242
1779088252302929	204	243
1779088252302930	204	247
1779088252302930	204	248
1779088252302931	204	253
1779088252302931	204	257
1779088252302931	204	259
1779088252302932	204	263
1779088252302933	204	267
1779088252302933	204	271
1779088252302934	204	284
1779088252302934	204	288
1779088252302935	204	289
1779088252302935	204	335
1779088252302935	204	337
1779088252302936	204	342
1779088252302936	204	346
1779088252302937	204	350
1779088252302937	204	361
1779088252302938	204	362
1779088252302938	204	367
1779088252302939	204	371
1779088252302939	204	378
1779088252302940	204	383
1779088252302940	204	384
1779088252302941	204	386
1779088252302941	204	387
1779088252302942	204	388
1779088252302942	204	390
1779088252312412	204	213
1779088252312413	204	228
1779088252312414	204	233
1779088252312414	204	237
1779088252312415	204	241
1779088252312415	204	245
1779088252312416	204	248
1779088252312416	204	253
1779088252312417	204	257
1779088252312417	204	258
1779088252312418	204	262
1779088252312418	204	274
1779088252312419	204	276
1779088252312419	204	282
1779088252312420	204	283
1779088252312420	204	284
1779088252312421	204	286
1779088252312421	204	287
1779088252312421	204	288
1779088252312422	204	290
1779088252312422	204	294
1779088252312423	204	296
1779088252312423	204	300
1779088252312424	204	305
1779088252312424	204	309
1779088252312425	204	313
1779088252312425	204	317
1779088252312426	204	326
1779088252312426	204	328
1779088252322829	204	150
1779088252322830	204	161
1779088252322830	204	164
1779088252322831	204	174
1779088252322831	204	175
1779088252322832	204	179
1779088252322832	204	180
1779088252322833	204	181
1779088252322833	204	184
1779088252322834	204	185
1779088252322834	204	189
1779088252322835	204	191
1779088252322835	204	195
1779088252322836	204	196
1779088252322836	204	203
1779088252322837	204	273
1779088252322837	204	279
1779088252322838	204	280
1779088252322838	204	281
1779088252322839	204	286
1779088252322839	204	290
1779088252322840	204	294
1779088252322840	204	299
1779088252322841	204	303
1779088252322841	204	307
1779088252322842	204	318
1779088252322842	204	319
1779088252322843	204	323
1779088252322843	204	325
1779088252322844	204	326
1779088252322844	204	327
1779088252333254	204	245
1779088252333255	204	259
1779088252333255	204	263
1779088252333256	204	265
1779088252333256	204	269
1779088252333257	204	280
1779088252333257	204	282
1779088252333258	204	291
1779088252333258	204	292
1779088252333259	204	297
1779088252333259	204	301
1779088252333260	204	310
1779088252333260	204	312
1779088252333261	204	313
1779088252333261	204	314
1779088252333262	204	318
1779088252333262	204	320
1779088252333263	204	321
1779088252333263	204	325
1779088252333264	204	329
1779088252333264	204	331
1779088252333265	204	332
1779088252333265	204	336
1779088252333266	204	340
1779088252333266	204	344
1779088252333267	204	346
1779088252333267	204	350
1779088252333268	204	354
1779088252333268	204	364
1779088252333269	204	368
1779088252333269	204	369
1779088252342732	204	286
1779088252342734	204	303
1779088252342734	204	305
1779088252342735	204	321
1779088252342735	204	329
1779088252342736	204	333
1779088252342736	204	354
1779088252342737	204	357
1779088252342737	204	361
1779088252342738	204	373
1779088252342738	204	386
1779088252342739	204	397
1779088252342739	204	399
1779088252342740	204	415
1779088252342740	204	417
1779088252342741	204	418
1779088252342741	204	419
1779088252342742	204	430
1779088252342742	204	434
1779088252342743	204	441
1779088252342743	204	446
1779088252342744	204	467
1779088252342744	204	469
1779088252342745	204	474
1779088252342745	204	485
1779088252342746	204	489
1779088252342746	204	491
1779088252342747	204	508
1779088252342747	204	513
1779088252352338	204	206
1779088252352339	204	216
1779088252352340	204	220
1779088252352340	204	221
1779088252352341	204	225
1779088252352341	204	229
1779088252352342	204	232
1779088252352342	204	233
1779088252352343	204	237
1779088252352343	204	247
1779088252352344	204	251
1779088252352344	204	255
1779088252352345	204	256
1779088252352345	204	265
1779088252352346	204	269
1779088252352346	204	276
1779088252352347	204	281
1779088252352347	204	282
1779088252352348	204	283
1779088252352348	204	285
1779088252352349	204	294
1779088252352349	204	298
1779088252352350	204	299
1779088252352350	204	304
1779088252352351	204	312
1779088252352351	204	314
1779088252352352	204	319
1779088252352352	204	323
1779088252352353	204	330
1779088252362763	204	189
1779088252362764	204	201
1779088252362765	204	203
1779088252362765	204	204
1779088252362766	204	205
1779088252362766	204	209
1779088252362766	204	210
1779088252362767	204	211
1779088252362767	204	212
1779088252362768	204	216
1779088252362768	204	217
1779088252362769	204	227
1779088252362769	204	229
1779088252362770	204	232
1779088252362770	204	240
1779088252362771	204	289
1779088252362771	204	308
1779088252362772	204	310
1779088252362772	204	311
1779088252362773	204	313
1779088252362773	204	314
1779088252362774	204	320
1779088252362774	204	321
1779088252362775	204	322
1779088252362775	204	324
1779088252362776	204	328
1779088252362776	204	329
1779088252362777	204	333
1779088252362777	204	335
1779088252362778	204	344
1779088252362778	204	346
1779088252373202	204	317
1779088252373204	204	333
1779088252373204	204	341
1779088252373205	204	345
1779088252373205	204	359
1779088252373206	204	363
1779088252373206	204	387
1779088252373206	204	404
1779088252373207	204	406
1779088252373207	204	408
1779088252373208	204	416
1779088252373208	204	431
1779088252373209	204	433
1779088252373209	204	451
1779088252373210	204	456
1779088252373210	204	484
1779088252373211	204	486
1779088252373211	204	488
1779088252373212	204	489
1779088252373212	204	493
1779088252373213	204	495
1779088252373213	204	496
1779088252373214	204	497
1779088252373214	204	518
1779088252373215	204	521
1779088252373215	204	522
1779088252373216	204	523
1779088252373216	204	525
1779088252373217	204	526
1779088252373217	204	531
1779088252373218	204	538
1779088252382836	204	230
1779088252382837	204	244
1779088252382838	204	246
1779088252382838	204	250
1779088252382839	204	252
1779088252382840	204	255
1779088252382840	204	259
1779088252382841	204	263
1779088252382841	204	273
1779088252382842	204	278
1779088252382842	204	287
1779088252382843	204	288
1779088252382843	204	290
1779088252382844	204	294
1779088252382844	204	298
1779088252382844	204	299
1779088252382845	204	303
1779088252382845	204	308
1779088252382846	204	312
1779088252382846	204	320
1779088252382847	204	324
1779088252382847	204	326
1779088252382848	204	333
1779088252382848	204	335
1779088252382849	204	339
1779088252382849	204	347
1779088252382850	204	351
1779088252382850	204	358
1779088252382851	204	362
1779088252392295	204	224
1779088252392296	204	236
1779088252392297	204	237
1779088252392297	204	241
1779088252392298	204	245
1779088252392298	204	249
1779088252392299	204	253
1779088252392300	204	255
1779088252392300	204	256
1779088252392300	204	257
1779088252392301	204	259
1779088252392301	204	263
1779088252392302	204	267
1779088252392302	204	280
1779088252392303	204	282
1779088252392303	204	283
1779088252392304	204	287
1779088252392304	204	289
1779088252392305	204	293
1779088252392305	204	294
1779088252392306	204	298
1779088252392306	204	302
1779088252392307	204	304
1779088252392307	204	305
1779088252392308	204	309
1779088252392308	204	322
1779088252392309	204	326
1779088252392309	204	336
1779088252392310	204	338
1779088252402730	204	190
1779088252402731	204	201
1779088252402732	204	203
1779088252402732	204	213
1779088252402733	204	217
1779088252402733	204	221
1779088252402734	204	225
1779088252402734	204	226
1779088252402735	204	231
1779088252402735	204	232
1779088252402736	204	237
1779088252402736	204	238
1779088252402737	204	240
1779088252402738	204	243
1779088252402738	204	255
1779088252402739	204	300
1779088252402739	204	302
1779088252402740	204	324
1779088252402740	204	327
1779088252402741	204	331
1779088252402741	204	332
1779088252402742	204	334
1779088252402742	204	335
1779088252402743	204	339
1779088252402743	204	348
1779088252402744	204	350
1779088252402744	204	351
1779088252402745	204	352
1779088252402745	204	354
1779088252402746	204	358
1779088252402746	204	359
1779088252413185	204	211
1779088252413186	204	224
1779088252413187	204	227
1779088252413187	204	238
1779088252413188	204	242
1779088252413188	204	249
1779088252413189	204	253
1779088252413189	204	255
1779088252413190	204	262
1779088252413190	204	267
1779088252413191	204	278
1779088252413191	204	280
1779088252413192	204	284
1779088252413192	204	285
1779088252413193	204	293
1779088252413193	204	335
1779088252413194	204	345
1779088252413194	204	347
1779088252413195	204	348
1779088252413195	204	349
1779088252413196	204	354
1779088252413196	204	358
1779088252413197	204	362
1779088252413197	204	363
1779088252413198	204	367
1779088252413198	204	371
1779088252413199	204	381
1779088252413199	204	385
1779088252413200	204	393
1779088252413200	204	395
1779088252413201	204	396
1779088252422679	204	254
1779088252422680	204	264
1779088252422680	204	266
1779088252422681	204	267
1779088252422681	204	269
1779088252422682	204	273
1779088252422682	204	277
1779088252422683	204	281
1779088252422683	204	283
1779088252422684	204	287
1779088252422684	204	290
1779088252422684	204	292
1779088252422685	204	296
1779088252422685	204	308
1779088252422686	204	313
1779088252422686	204	314
1779088252422687	204	315
1779088252422687	204	317
1779088252422688	204	321
1779088252422688	204	325
1779088252422689	204	334
1779088252422689	204	336
1779088252422690	204	340
1779088252422690	204	342
1779088252422691	204	343
1779088252422691	204	351
1779088252422692	204	363
1779088252422692	204	365
1779088252422693	204	366
1779088252433135	204	152
1779088252433136	204	159
1779088252433136	204	163
1779088252433137	204	164
1779088252433137	204	168
1779088252433138	204	172
1779088252433138	204	175
1779088252433139	204	179
1779088252433139	204	191
1779088252433140	204	195
1779088252433140	204	197
1779088252433141	204	199
1779088252433141	204	203
1779088252433141	204	207
1779088252433142	204	215
1779088252433142	204	262
1779088252433143	204	267
1779088252433143	204	268
1779088252433144	204	272
1779088252433144	204	282
1779088252433145	204	287
1779088252433145	204	288
1779088252433146	204	292
1779088252433146	204	297
1779088252433147	204	305
1779088252433147	204	310
1779088252433148	204	312
1779088252433148	204	313
1779088252433149	204	317
1779088252433149	204	318
1779088252433150	204	326
1779088252442556	204	194
1779088252442558	204	209
1779088252442558	204	211
1779088252442559	204	212
1779088252442559	204	216
1779088252442560	204	220
1779088252442560	204	225
1779088252442560	204	230
1779088252442561	204	232
1779088252442561	204	236
1779088252442562	204	240
1779088252442562	204	244
1779088252442563	204	249
1779088252442563	204	251
1779088252442564	204	262
1779088252442564	204	304
1779088252442565	204	315
1779088252442565	204	320
1779088252442566	204	322
1779088252442566	204	323
1779088252442567	204	327
1779088252442568	204	331
1779088252442568	204	335
1779088252442569	204	339
1779088252442569	204	341
1779088252442570	204	345
1779088252442570	204	354
1779088252442571	204	356
1779088252453024	204	232
1779088252453026	204	257
1779088252453027	204	264
1779088252453028	204	267
1779088252453029	204	273
1779088252453029	204	280
1779088252453030	204	282
1779088252453031	204	284
1779088252453031	204	290
1779088252453032	204	293
1779088252453033	204	306
1779088252453034	204	313
1779088252453034	204	315
1779088252453035	204	321
1779088252453036	204	345
1779088252453036	204	352
1779088252453037	204	358
1779088252453038	204	372
1779088252453038	204	379
1779088252453039	204	381
1779088252453040	204	387
1779088252453041	204	394
1779088252453041	204	396
1779088252453042	204	407
1779088252453043	204	413
1779088252453054	204	405
1779088252453055	204	407
1779088252453055	204	409
1779088252453056	204	412
1779088252453057	204	419
1779088252453058	204	421
1779088252453059	204	433
1779088252462564	204	218
1779088252462565	204	237
1779088252462566	204	247
1779088252462567	204	250
1779088252462567	204	258
1779088252462568	204	265
1779088252462568	204	272
1779088252462569	204	290
1779088252462569	204	294
1779088252462570	204	301
1779088252462570	204	315
1779088252462571	204	318
1779088252462571	204	320
1779088252462572	204	323
1779088252462572	204	325
1779088252462573	204	370
1779088252462573	204	379
1779088252462574	204	394
1779088252462574	204	398
1779088252462574	204	406
1779088252462575	204	409
1779088252462576	204	411
1779088252462576	204	419
1779088252462576	204	426
1779088252462577	204	433
1779088252462577	204	447
1779088252462578	204	460
1779088252462578	204	462
1779088252473137	204	237
1779088252473138	204	261
1779088252473139	204	265
1779088252473139	204	274
1779088252473140	204	282
1779088252473140	204	285
1779088252473141	204	292
1779088252473141	204	300
1779088252473142	204	308
1779088252473142	204	311
1779088252473143	204	313
1779088252473143	204	320
1779088252473144	204	323
1779088252473144	204	342
1779088252473145	204	346
1779088252473145	204	419
1779088252473146	204	429
1779088252473146	204	438
1779088252473147	204	441
1779088252473147	204	448
1779088252473148	204	456
1779088252473148	204	459
1779088252473149	204	465
1779088252473149	204	473
1779088252473150	204	480
1779088252473150	204	487
1779088252473151	204	490
1779088252473151	204	493
1779088252473152	204	500
1779088252473152	204	508
1779088252473153	204	526
1779088252473153	204	529
1779088252482760	204	183
1779088252482762	204	193
1779088252482762	204	195
1779088252482763	204	202
1779088252482763	204	204
1779088252482764	204	208
1779088252482764	204	209
1779088252482764	204	210
1779088252482765	204	213
1779088252482765	204	215
1779088252482766	204	222
1779088252482766	204	227
1779088252482767	204	234
1779088252482767	204	238
1779088252482768	204	240
1779088252482768	204	296
1779088252482769	204	302
1779088252482769	204	311
1779088252482770	204	316
1779088252482770	204	320
1779088252482771	204	322
1779088252482771	204	326
1779088252482772	204	331
1779088252482772	204	332
1779088252482773	204	341
1779088252482773	204	346
1779088252482774	204	348
1779088252482774	204	350
1779088252482775	204	363
1779088252493225	204	215
1779088252493226	204	237
1779088252493226	204	241
1779088252493227	204	249
1779088252493227	204	256
1779088252493228	204	259
1779088252493228	204	267
1779088252493229	204	275
1779088252493229	204	283
1779088252493230	204	286
1779088252493230	204	293
1779088252493231	204	296
1779088252493231	204	303
1779088252493232	204	324
1779088252493232	204	332
1779088252493232	204	406
1779088252493233	204	422
1779088252493233	204	430
1779088252493234	204	434
1779088252493234	204	441
1779088252493235	204	444
1779088252493235	204	447
1779088252493236	204	454
1779088252493236	204	457
1779088252493237	204	460
1779088252493237	204	467
1779088252493238	204	471
1779088252493238	204	473
1779088252493239	204	480
1779088252493239	204	483
1779088252493240	204	499
1779088252502818	204	206
1779088252502820	204	217
1779088252502820	204	221
1779088252502821	204	222
1779088252502821	204	237
1779088252502822	204	241
1779088252502822	204	242
1779088252502823	204	247
1779088252502823	204	252
1779088252502824	204	253
1779088252502824	204	258
1779088252502825	204	262
1779088252502825	204	266
1779088252502826	204	267
1779088252502826	204	271
1779088252502827	204	273
1779088252502827	204	277
1779088252502828	204	278
1779088252502828	204	288
1779088252502829	204	292
1779088252502829	204	294
1779088252502830	204	295
1779088252502830	204	304
1779088252502831	204	305
1779088252502831	204	310
1779088252502832	204	314
1779088252502832	204	317
1779088252502833	204	332
1779088252502833	204	335
1779088252513247	204	155
1779088252513248	204	164
1779088252513249	204	174
1779088252513249	204	175
1779088252513250	204	177
1779088252513250	204	181
1779088252513251	204	182
1779088252513251	204	183
1779088252513252	204	187
1779088252513252	204	190
1779088252513253	204	193
1779088252513253	204	197
1779088252513254	204	203
1779088252513254	204	207
1779088252513255	204	208
1779088252513255	204	265
1779088252513256	204	270
1779088252513256	204	272
1779088252513257	204	277
1779088252513257	204	281
1779088252513258	204	285
1779088252513258	204	290
1779088252513259	204	291
1779088252513259	204	295
1779088252513259	204	305
1779088252513260	204	306
1779088252513260	204	310
1779088252513261	204	320
1779088252513261	204	327
1779088252513262	204	330
1779088252513262	204	332
1779088252522677	204	223
1779088252522678	204	238
1779088252522678	204	248
1779088252522679	204	252
1779088252522679	204	254
1779088252522680	204	257
1779088252522680	204	259
1779088252522681	204	267
1779088252522681	204	276
1779088252522681	204	284
1779088252522682	204	291
1779088252522682	204	299
1779088252522682	204	309
1779088252522683	204	327
1779088252522683	204	330
1779088252522683	204	387
1779088252522684	204	405
1779088252522684	204	414
1779088252522685	204	417
1779088252522685	204	420
1779088252522685	204	427
1779088252522686	204	435
1779088252522686	204	438
1779088252522686	204	446
1779088252522687	204	454
1779088252522687	204	462
1779088252522687	204	475
1779088252522688	204	482
1779088252522688	204	485
1779088252533256	204	265
1779088252533257	204	283
1779088252533258	204	294
1779088252533258	204	296
1779088252533259	204	297
1779088252533259	204	306
1779088252533260	204	311
1779088252533260	204	338
1779088252533261	204	341
1779088252533261	204	345
1779088252533262	204	353
1779088252533262	204	356
1779088252533263	204	374
1779088252533263	204	376
1779088252533263	204	378
1779088252533264	204	461
1779088252533264	204	468
1779088252533265	204	473
1779088252533265	204	474
1779088252533266	204	476
1779088252533266	204	477
1779088252533267	204	481
1779088252533267	204	490
1779088252533268	204	494
1779088252533268	204	502
1779088252533269	204	503
1779088252533269	204	508
1779088252533270	204	509
1779088252533270	204	517
1779088252533271	204	526
1779088252533271	204	527
1779088252542875	204	191
1779088252542875	204	209
1779088252542876	204	216
1779088252542876	204	223
1779088252542877	204	225
1779088252542877	204	227
1779088252542878	204	235
1779088252542878	204	242
1779088252542879	204	258
1779088252542879	204	266
1779088252542880	204	269
1779088252542880	204	289
1779088252542881	204	292
1779088252542881	204	294
1779088252542882	204	297
1779088252542882	204	354
1779088252542883	204	369
1779088252542883	204	378
1779088252542884	204	381
1779088252542884	204	383
1779088252542885	204	386
1779088252542885	204	389
1779088252542886	204	391
1779088252542886	204	398
1779088252542887	204	406
1779088252542887	204	414
1779088252542888	204	421
1779088252542888	204	428
1779088252542889	204	446
1779088252552414	204	224
1779088252552415	204	237
1779088252552415	204	238
1779088252552416	204	240
1779088252552416	204	241
1779088252552417	204	245
1779088252552417	204	247
1779088252552418	204	251
1779088252552418	204	260
1779088252552419	204	262
1779088252552419	204	266
1779088252552420	204	267
1779088252552420	204	269
1779088252552421	204	270
1779088252552421	204	271
1779088252552422	204	276
1779088252552422	204	280
1779088252552423	204	281
1779088252552423	204	285
1779088252552424	204	289
1779088252552424	204	291
1779088252552425	204	295
1779088252552425	204	296
1779088252552426	204	300
1779088252552426	204	305
1779088252552427	204	315
1779088252552427	204	319
1779088252552428	204	323
1779088252552428	204	333
1779088252562841	204	157
1779088252562842	204	164
1779088252562842	204	168
1779088252562843	204	172
1779088252562843	204	175
1779088252562844	204	176
1779088252562845	204	177
1779088252562845	204	181
1779088252562846	204	192
1779088252562846	204	196
1779088252562847	204	218
1779088252562847	204	220
1779088252562848	204	221
1779088252562848	204	227
1779088252562848	204	229
1779088252562849	204	265
1779088252562850	204	267
1779088252562850	204	271
1779088252562850	204	273
1779088252562851	204	277
1779088252562851	204	281
1779088252562852	204	282
1779088252562852	204	286
1779088252562853	204	288
1779088252562853	204	292
1779088252562854	204	301
1779088252562854	204	305
1779088252562855	204	307
1779088252562855	204	311
1779088252562856	204	316
1779088252562856	204	328
1779088252573264	204	202
1779088252573265	204	215
1779088252573266	204	223
1779088252573266	204	226
1779088252573267	204	242
1779088252573267	204	249
1779088252573268	204	252
1779088252573268	204	255
1779088252573269	204	262
1779088252573269	204	270
1779088252573270	204	273
1779088252573270	204	279
1779088252573270	204	295
1779088252573271	204	299
1779088252573271	204	301
1779088252573272	204	365
1779088252573272	204	380
1779088252573273	204	388
1779088252573273	204	396
1779088252573274	204	412
1779088252573274	204	420
1779088252573275	204	423
1779088252573275	204	436
1779088252573276	204	444
1779088252573276	204	447
1779088252573277	204	450
1779088252573277	204	452
1779088252573278	204	455
1779088252573278	204	457
1779088252573279	204	459
1779088252573279	204	474
1779088252582833	204	248
1779088252582834	204	260
1779088252582835	204	270
1779088252582836	204	275
1779088252582836	204	276
1779088252582837	204	278
1779088252582837	204	286
1779088252582838	204	290
1779088252582838	204	292
1779088252582839	204	293
1779088252582839	204	298
1779088252582840	204	306
1779088252582840	204	310
1779088252582841	204	319
1779088252582841	204	323
1779088252582842	204	331
1779088252582842	204	338
1779088252582843	204	340
1779088252582843	204	341
1779088252582844	204	348
1779088252582844	204	350
1779088252582845	204	351
1779088252582845	204	355
1779088252582846	204	365
1779088252582846	204	367
1779088252582847	204	368
1779088252582847	204	369
1779088252582848	204	374
1779088252582848	204	385
1779088252592311	204	157
1779088252592312	204	168
1779088252592312	204	172
1779088252592313	204	174
1779088252592313	204	177
1779088252592314	204	181
1779088252592314	204	184
1779088252592315	204	188
1779088252592315	204	191
1779088252592316	204	199
1779088252592316	204	203
1779088252592317	204	204
1779088252592317	204	211
1779088252592318	204	215
1779088252592318	204	223
1779088252592319	204	273
1779088252592319	204	279
1779088252592320	204	280
1779088252592320	204	284
1779088252592321	204	288
1779088252592321	204	290
1779088252592322	204	294
1779088252592322	204	298
1779088252592322	204	302
1779088252592323	204	304
1779088252592323	204	308
1779088252592324	204	310
1779088252592324	204	312
1779088252592325	204	329
1779088252602746	204	228
1779088252602747	204	251
1779088252602748	204	254
1779088252602748	204	262
1779088252602749	204	269
1779088252602749	204	277
1779088252602750	204	293
1779088252602750	204	308
1779088252602750	204	317
1779088252602751	204	330
1779088252602751	204	334
1779088252602752	204	337
1779088252602752	204	339
1779088252602752	204	347
1779088252602753	204	349
1779088252602753	204	434
1779088252602754	204	445
1779088252602754	204	454
1779088252602755	204	463
1779088252602755	204	466
1779088252602755	204	468
1779088252602756	204	476
1779088252602756	204	484
1779088252602757	204	487
1779088252602757	204	490
1779088252602757	204	497
1779088252602758	204	504
1779088252602758	204	511
1779088252602759	204	518
1779088252602759	204	521
1779088252602760	204	534
1779088252612400	204	238
1779088252612401	204	253
1779088252612402	204	261
1779088252612403	204	268
1779088252612404	204	275
1779088252612405	204	281
1779088252612406	204	288
1779088252612406	204	291
1779088252612407	204	293
1779088252612408	204	295
1779088252612408	204	302
1779088252612409	204	304
1779088252612410	204	306
1779088252612410	204	327
1779088252612411	204	330
1779088252612412	204	356
1779088252612412	204	369
1779088252612413	204	376
1779088252612414	204	391
1779088252612414	204	398
1779088252612415	204	423
1779088252612416	204	426
1779088252612417	204	428
1779088252612417	204	431
1779088252612418	204	437
1779088252612419	204	440
1779088252612419	204	442
1779088252612420	204	445
1779088252612421	204	447
1779088252622956	204	216
1779088252622957	204	229
1779088252622958	204	231
1779088252622959	204	236
1779088252622959	204	240
1779088252622960	204	242
1779088252622960	204	243
1779088252622961	204	247
1779088252622961	204	249
1779088252622962	204	253
1779088252622962	204	256
1779088252622963	204	258
1779088252622963	204	259
1779088252622964	204	263
1779088252622964	204	275
1779088252622965	204	316
1779088252622965	204	318
1779088252622966	204	320
1779088252622966	204	325
1779088252622967	204	326
1779088252622967	204	328
1779088252622968	204	329
1779088252622968	204	337
1779088252622969	204	341
1779088252622969	204	343
1779088252622970	204	365
1779088252622970	204	367
1779088252622971	204	371
1779088252622971	204	372
1779088252622972	204	381
1779088252622972	204	383
1779088252622973	204	384
1779088252632441	204	224
1779088252632443	204	239
1779088252632443	204	248
1779088252632444	204	250
1779088252632444	204	251
1779088252632445	204	255
1779088252632446	204	268
1779088252632446	204	270
1779088252632446	204	274
1779088252632447	204	296
1779088252632447	204	301
1779088252632448	204	309
1779088252632448	204	310
1779088252632449	204	327
1779088252632449	204	329
1779088252632450	204	330
1779088252632450	204	338
1779088252632451	204	340
1779088252632451	204	344
1779088252632452	204	364
1779088252632452	204	369
1779088252632453	204	370
1779088252632453	204	372
1779088252632454	204	373
1779088252632454	204	393
1779088252632455	204	395
1779088252632455	204	397
1779088252632456	204	398
1779088252642936	204	181
1779088252642937	204	193
1779088252642938	204	194
1779088252642938	204	198
1779088252642939	204	199
1779088252642939	204	200
1779088252642940	204	202
1779088252642940	204	205
1779088252642941	204	214
1779088252642941	204	215
1779088252642942	204	219
1779088252642942	204	233
1779088252642943	204	240
1779088252642943	204	264
1779088252642944	204	267
1779088252642944	204	328
1779088252642945	204	338
1779088252642945	204	340
1779088252642946	204	341
1779088252642946	204	345
1779088252642947	204	365
1779088252642947	204	367
1779088252642948	204	368
1779088252642948	204	373
1779088252642948	204	374
1779088252642949	204	382
1779088252642949	204	389
1779088252642950	204	391
1779088252642950	204	409
1779088252642951	204	411
1779088252642952	204	415
1779088252652452	204	205
1779088252652454	204	219
1779088252652454	204	221
1779088252652455	204	222
1779088252652455	204	223
1779088252652456	204	227
1779088252652456	204	233
1779088252652457	204	237
1779088252652457	204	241
1779088252652458	204	245
1779088252652458	204	257
1779088252652459	204	259
1779088252652459	204	260
1779088252652460	204	264
1779088252652460	204	265
1779088252652461	204	307
1779088252652461	204	309
1779088252652462	204	311
1779088252652462	204	315
1779088252652463	204	319
1779088252652463	204	323
1779088252652464	204	327
1779088252652464	204	331
1779088252652465	204	333
1779088252652465	204	334
1779088252652466	204	336
1779088252652466	204	340
1779088252652466	204	350
1779088252652467	204	352
1779088252662918	204	220
1779088252662919	204	232
1779088252662920	204	237
1779088252662920	204	242
1779088252662921	204	246
1779088252662921	204	251
1779088252662922	204	255
1779088252662922	204	257
1779088252662922	204	258
1779088252662923	204	262
1779088252662923	204	275
1779088252662924	204	280
1779088252662924	204	288
1779088252662924	204	293
1779088252662925	204	294
1779088252662925	204	391
1779088252662926	204	394
1779088252662926	204	395
1779088252662927	204	397
1779088252662927	204	398
1779088252662927	204	400
1779088252662928	204	401
1779088252662928	204	405
1779088252662929	204	407
1779088252662929	204	412
1779088252662930	204	420
1779088252662930	204	422
1779088252662931	204	423
1779088252662931	204	424
1779088252662931	204	426
1779088252662932	204	427
1779088252672435	204	181
1779088252672435	204	194
1779088252672436	204	198
1779088252672437	204	202
1779088252672437	204	211
1779088252672438	204	213
1779088252672438	204	214
1779088252672438	204	217
1779088252672439	204	221
1779088252672439	204	225
1779088252672440	204	226
1779088252672440	204	235
1779088252672441	204	239
1779088252672441	204	243
1779088252672442	204	255
1779088252672442	204	288
1779088252672443	204	290
1779088252672444	204	294
1779088252672444	204	299
1779088252672445	204	309
1779088252672445	204	311
1779088252672446	204	315
1779088252672446	204	317
1779088252672447	204	321
1779088252672447	204	322
1779088252672448	204	324
1779088252672448	204	332
1779088252672449	204	333
1779088252672449	204	334
1779088252682872	204	227
1779088252682873	204	240
1779088252682874	204	242
1779088252682875	204	246
1779088252682875	204	248
1779088252682876	204	252
1779088252682876	204	257
1779088252682876	204	258
1779088252682877	204	262
1779088252682877	204	267
1779088252682878	204	272
1779088252682878	204	276
1779088252682879	204	280
1779088252682880	204	281
1779088252682880	204	294
1779088252682881	204	339
1779088252682881	204	344
1779088252682882	204	345
1779088252682882	204	350
1779088252682883	204	351
1779088252682883	204	352
1779088252682884	204	357
1779088252682884	204	361
1779088252682885	204	365
1779088252682885	204	369
1779088252682886	204	377
1779088252682886	204	379
1779088252682887	204	384
1779088252682887	204	385
1779088252682888	204	386
1779088252682888	204	388
1779088252692350	204	222
1779088252692351	204	244
1779088252692351	204	251
1779088252692352	204	253
1779088252692352	204	259
1779088252692353	204	266
1779088252692353	204	271
1779088252692354	204	274
1779088252692354	204	280
1779088252692355	204	282
1779088252692355	204	287
1779088252692356	204	293
1779088252692356	204	316
1779088252692357	204	319
1779088252692357	204	321
1779088252692358	204	336
1779088252692358	204	339
1779088252692359	204	351
1779088252692359	204	353
1779088252692360	204	356
1779088252692361	204	357
1779088252692361	204	358
1779088252692362	204	362
1779088252692363	204	365
1779088252692363	204	368
1779088252692364	204	369
1779088252692365	204	372
1779088252692366	204	384
1779088252692366	204	386
1779088252702852	204	252
1779088252702854	204	285
1779088252702854	204	289
1779088252702855	204	292
1779088252702855	204	300
1779088252702856	204	303
1779088252702856	204	319
1779088252702857	204	328
1779088252702857	204	343
1779088252702858	204	346
1779088252702858	204	349
1779088252702859	204	356
1779088252702859	204	370
1779088252702860	204	373
1779088252702860	204	376
1779088252702861	204	452
1779088252702861	204	466
1779088252702862	204	470
1779088252702862	204	477
1779088252702863	204	480
1779088252702863	204	498
1779088252702864	204	506
1779088252702864	204	509
1779088252702865	204	512
1779088252702866	204	514
1779088252702866	204	524
1779088252702867	204	531
1779088252702867	204	538
1779088252702868	204	545
1779088252702868	204	561
1779088252702869	204	563
1779088252712523	204	237
1779088252712525	204	248
1779088252712525	204	249
1779088252712525	204	251
1779088252712526	204	252
1779088252712526	204	257
1779088252712527	204	257
1779088252712527	204	261
1779088252712528	204	264
1779088252712528	204	269
1779088252712528	204	273
1779088252712529	204	277
1779088252712529	204	281
1779088252712530	204	283
1779088252712530	204	287
1779088252712530	204	288
1779088252712531	204	293
1779088252712531	204	304
1779088252712531	204	306
1779088252712532	204	307
1779088252712532	204	309
1779088252712533	204	310
1779088252712533	204	315
1779088252712533	204	319
1779088252712534	204	323
1779088252712534	204	327
1779088252712534	204	332
1779088252712535	204	334
1779088252712535	204	348
1779088252722969	204	187
1779088252722970	204	198
1779088252722970	204	202
1779088252722971	204	203
1779088252722971	204	206
1779088252722972	204	214
1779088252722973	204	215
1779088252722973	204	219
1779088252722974	204	220
1779088252722974	204	221
1779088252722975	204	223
1779088252722975	204	224
1779088252722976	204	227
1779088252722976	204	237
1779088252722976	204	241
1779088252722977	204	307
1779088252722977	204	313
1779088252722978	204	318
1779088252722978	204	319
1779088252722979	204	329
1779088252722979	204	331
1779088252722980	204	333
1779088252722980	204	336
1779088252722981	204	343
1779088252722981	204	345
1779088252722982	204	348
1779088252722982	204	355
1779088252722983	204	358
1779088252722984	204	360
1779088252722984	204	366
1779088252722985	204	369
1779088252722985	204	382
1779088252732453	204	234
1779088252732455	204	254
1779088252732456	204	258
1779088252732456	204	261
1779088252732457	204	268
1779088252732457	204	275
1779088252732458	204	283
1779088252732458	204	299
1779088252732459	204	307
1779088252732459	204	322
1779088252732460	204	325
1779088252732460	204	332
1779088252732461	204	340
1779088252732461	204	355
1779088252732462	204	362
1779088252732462	204	443
1779088252732463	204	453
1779088252732463	204	463
1779088252732464	204	466
1779088252732464	204	469
1779088252732465	204	472
1779088252732465	204	474
1779088252732466	204	477
1779088252732466	204	484
1779088252732467	204	487
1779088252732467	204	493
1779088252732468	204	501
1779088252732468	204	511
1779088252743072	204	202
1779088252743073	204	214
1779088252743074	204	218
1779088252743074	204	221
1779088252743075	204	225
1779088252743075	204	228
1779088252743076	204	230
1779088252743076	204	240
1779088252743077	204	242
1779088252743077	204	245
1779088252743078	204	249
1779088252743078	204	254
1779088252743079	204	256
1779088252743079	204	257
1779088252743080	204	271
1779088252743080	204	317
1779088252743081	204	319
1779088252743081	204	325
1779088252743082	204	326
1779088252743082	204	328
1779088252743083	204	329
1779088252743083	204	333
1779088252743084	204	337
1779088252743084	204	341
1779088252743085	204	343
1779088252743085	204	347
1779088252743086	204	357
1779088252743086	204	359
1779088252743087	204	363
1779088252743087	204	366
1779088252743088	204	378
1779088252743088	204	382
1779088252752548	204	184
1779088252752549	204	201
1779088252752549	204	204
1779088252752550	204	212
1779088252752550	204	215
1779088252752551	204	231
1779088252752551	204	235
1779088252752552	204	242
1779088252752552	204	255
1779088252752553	204	258
1779088252752553	204	261
1779088252752554	204	263
1779088252752554	204	271
1779088252752555	204	279
1779088252752555	204	293
1779088252752556	204	363
1779088252752556	204	378
1779088252752557	204	386
1779088252752557	204	389
1779088252752558	204	392
1779088252752558	204	395
1779088252752559	204	402
1779088252752559	204	410
1779088252752560	204	427
1779088252752560	204	431
1779088252752561	204	438
1779088252752561	204	441
1779088252752562	204	443
1779088252763097	204	219
1779088252763099	204	232
1779088252763100	204	237
1779088252763100	204	238
1779088252763101	204	243
1779088252763102	204	244
1779088252763102	204	248
1779088252763103	204	250
1779088252763103	204	251
1779088252763103	204	255
1779088252763104	204	259
1779088252763104	204	263
1779088252763105	204	268
1779088252763105	204	269
1779088252763106	204	284
1779088252763107	204	342
1779088252763107	204	347
1779088252763108	204	349
1779088252763108	204	350
1779088252763109	204	354
1779088252763109	204	359
1779088252763110	204	360
1779088252763110	204	364
1779088252763111	204	368
1779088252763111	204	369
1779088252763111	204	371
1779088252763112	204	372
1779088252763112	204	376
1779088252763113	204	382
1779088252763114	204	385
1779088252763114	204	401
1779088252763115	204	404
1779088252772607	204	231
1779088252772609	204	243
1779088252772610	204	252
1779088252772611	204	255
1779088252772612	204	262
1779088252772612	204	265
1779088252772613	204	268
1779088252772614	204	275
1779088252772615	204	277
1779088252772615	204	284
1779088252772616	204	297
1779088252772617	204	305
1779088252772618	204	307
1779088252772618	204	310
1779088252772619	204	323
1779088252772620	204	398
1779088252772621	204	408
1779088252772622	204	416
1779088252772622	204	438
1779088252772623	204	446
1779088252772624	204	449
1779088252772625	204	455
1779088252772626	204	458
1779088252772627	204	465
1779088252772627	204	467
1779088252772628	204	474
1779088252772629	204	490
1779088252772629	204	494
1779088252783205	204	202
1779088252783206	204	220
1779088252783206	204	227
1779088252783207	204	246
1779088252783207	204	253
1779088252783208	204	256
1779088252783209	204	263
1779088252783209	204	271
1779088252783210	204	279
1779088252783210	204	287
1779088252783211	204	290
1779088252783211	204	298
1779088252783212	204	317
1779088252783212	204	321
1779088252783213	204	328
1779088252783213	204	391
1779088252783214	204	401
1779088252783214	204	408
1779088252783214	204	425
1779088252783215	204	433
1779088252783215	204	436
1779088252783216	204	449
1779088252783216	204	453
1779088252783217	204	456
1779088252783217	204	458
1779088252783218	204	461
1779088252783218	204	469
1779088252783219	204	472
1779088252783219	204	479
1779088252783220	204	485
1779088252783220	204	488
1779088252783221	204	504
1779088252792824	204	258
1779088252792826	204	273
1779088252792827	204	281
1779088252792828	204	283
1779088252792829	204	289
1779088252792829	204	295
1779088252792830	204	302
1779088252792831	204	304
1779088252792832	204	310
1779088252792833	204	312
1779088252792834	204	318
1779088252792834	204	321
1779088252792835	204	327
1779088252792836	204	342
1779088252792837	204	345
1779088252792837	204	352
1779088252792838	204	354
1779088252792840	204	360
1779088252792841	204	366
1779088252792842	204	372
1779088252792842	204	379
1779088252792843	204	385
1779088252792844	204	387
1779088252792845	204	389
1779088252792846	204	391
1779088252792846	204	394
1779088252792847	204	408
1779088252792848	204	411
1779088252792849	204	413
1779088252802341	204	192
1779088252802342	204	210
1779088252802343	204	214
1779088252802343	204	220
1779088252802344	204	227
1779088252802344	204	240
1779088252802345	204	247
1779088252802345	204	250
1779088252802346	204	252
1779088252802346	204	254
1779088252802347	204	257
1779088252802347	204	273
1779088252802348	204	282
1779088252802348	204	285
1779088252802349	204	299
1779088252802349	204	353
1779088252802350	204	368
1779088252802350	204	376
1779088252802350	204	380
1779088252802351	204	387
1779088252802351	204	404
1779088252802352	204	413
1779088252802352	204	416
1779088252802353	204	418
1779088252802353	204	426
1779088252802354	204	440
1779088252802354	204	444
1779088252802355	204	446
1779088252802355	204	448
1779088252812888	204	225
1779088252812890	204	234
1779088252812891	204	244
1779088252812891	204	245
1779088252812892	204	249
1779088252812892	204	253
1779088252812893	204	254
1779088252812893	204	260
1779088252812894	204	262
1779088252812894	204	263
1779088252812895	204	267
1779088252812895	204	271
1779088252812896	204	282
1779088252812896	204	285
1779088252812897	204	287
1779088252812897	204	323
1779088252812898	204	329
1779088252812898	204	339
1779088252812899	204	344
1779088252812899	204	346
1779088252812900	204	350
1779088252812900	204	359
1779088252812901	204	360
1779088252812901	204	362
1779088252812902	204	366
1779088252812902	204	367
1779088252812903	204	371
1779088252812903	204	374
1779088252812904	204	390
1779088252812904	204	393
1779088252812905	204	395
1779088252822381	204	195
1779088252822382	204	213
1779088252822383	204	221
1779088252822383	204	230
1779088252822384	204	236
1779088252822384	204	244
1779088252822385	204	247
1779088252822385	204	255
1779088252822386	204	258
1779088252822386	204	276
1779088252822387	204	284
1779088252822387	204	287
1779088252822388	204	290
1779088252822388	204	293
1779088252822389	204	307
1779088252822389	204	362
1779088252822390	204	367
1779088252822391	204	369
1779088252822391	204	372
1779088252822392	204	379
1779088252822392	204	387
1779088252822393	204	404
1779088252822393	204	412
1779088252822394	204	415
1779088252822394	204	417
1779088252822395	204	431
1779088252822395	204	433
1779088252822396	204	436
1779088252822396	204	439
1779088252832913	204	192
1779088252832914	204	204
1779088252832915	204	205
1779088252832915	204	207
1779088252832916	204	210
1779088252832916	204	214
1779088252832917	204	225
1779088252832917	204	227
1779088252832918	204	231
1779088252832918	204	240
1779088252832919	204	242
1779088252832919	204	243
1779088252832920	204	245
1779088252832920	204	250
1779088252832921	204	252
1779088252832921	204	296
1779088252832922	204	299
1779088252832922	204	313
1779088252832923	204	315
1779088252832923	204	319
1779088252832924	204	322
1779088252832924	204	326
1779088252832925	204	330
1779088252832925	204	332
1779088252832926	204	336
1779088252832926	204	337
1779088252832927	204	343
1779088252832927	204	345
1779088252832928	204	348
1779088252832928	204	363
1779088252832929	204	366
1779088252842390	204	224
1779088252842392	204	242
1779088252842393	204	244
1779088252842393	204	248
1779088252842394	204	252
1779088252842394	204	254
1779088252842395	204	258
1779088252842395	204	263
1779088252842396	204	264
1779088252842396	204	268
1779088252842397	204	270
1779088252842397	204	273
1779088252842398	204	277
1779088252842398	204	286
1779088252842399	204	290
1779088252842399	204	294
1779088252842400	204	296
1779088252842400	204	300
1779088252842401	204	304
1779088252842401	204	306
1779088252842402	204	310
1779088252842402	204	314
1779088252842403	204	318
1779088252842403	204	331
1779088252842403	204	336
1779088252842404	204	337
1779088252842404	204	351
1779088252842405	204	353
1779088252842405	204	354
1779088252852855	204	266
1779088252852857	204	285
1779088252852858	204	291
1779088252852858	204	297
1779088252852859	204	299
1779088252852860	204	304
1779088252852861	204	309
1779088252852862	204	315
1779088252852862	204	320
1779088252852863	204	326
1779088252852864	204	328
1779088252852864	204	334
1779088252852865	204	339
1779088252852866	204	341
1779088252852867	204	367
1779088252852867	204	394
1779088252852868	204	397
1779088252852868	204	399
1779088252852869	204	400
1779088252852870	204	406
1779088252852871	204	411
1779088252852871	204	417
1779088252852872	204	419
1779088252852873	204	420
1779088252852874	204	426
1779088252852874	204	431
1779088252852875	204	437
1779088252852876	204	453
1779088252852877	204	456
1779088252852878	204	458
1779088252852878	204	460
1779088252862424	204	207
1779088252862425	204	221
1779088252862426	204	224
1779088252862427	204	228
1779088252862427	204	229
1779088252862428	204	230
1779088252862428	204	231
1779088252862429	204	236
1779088252862429	204	239
1779088252862430	204	244
1779088252862430	204	253
1779088252862431	204	257
1779088252862431	204	259
1779088252862432	204	269
1779088252862432	204	270
1779088252862433	204	312
1779088252862433	204	317
1779088252862434	204	322
1779088252862434	204	332
1779088252862435	204	333
1779088252862435	204	335
1779088252862436	204	336
1779088252862436	204	340
1779088252862437	204	345
1779088252862437	204	349
1779088252862438	204	350
1779088252862438	204	352
1779088252862439	204	353
1779088252862439	204	362
1779088252872895	204	236
1779088252872896	204	253
1779088252872897	204	258
1779088252872897	204	262
1779088252872898	204	267
1779088252872898	204	271
1779088252872898	204	276
1779088252872899	204	277
1779088252872899	204	279
1779088252872900	204	283
1779088252872900	204	284
1779088252872901	204	288
1779088252872901	204	292
1779088252872902	204	301
1779088252872902	204	303
1779088252872903	204	356
1779088252872903	204	358
1779088252872904	204	360
1779088252872904	204	361
1779088252872905	204	362
1779088252872905	204	367
1779088252872906	204	368
1779088252872906	204	372
1779088252872907	204	376
1779088252872907	204	380
1779088252872908	204	382
1779088252872908	204	383
1779088252872909	204	392
1779088252872909	204	396
1779088252872910	204	400
1779088252872910	204	413
1779088252882401	204	194
1779088252882401	204	208
1779088252882402	204	209
1779088252882403	204	213
1779088252882403	204	214
1779088252882403	204	215
1779088252882404	204	216
1779088252882405	204	217
1779088252882405	204	221
1779088252882406	204	230
1779088252882406	204	231
1779088252882407	204	236
1779088252882407	204	244
1779088252882408	204	245
1779088252882408	204	247
1779088252882409	204	292
1779088252882409	204	297
1779088252882410	204	307
1779088252882410	204	309
1779088252882410	204	310
1779088252882411	204	314
1779088252882411	204	316
1779088252882412	204	317
1779088252882412	204	319
1779088252882413	204	323
1779088252882413	204	327
1779088252882414	204	331
1779088252882414	204	339
1779088252882415	204	340
1779088252892832	204	193
1779088252892834	204	227
1779088252892834	204	229
1779088252892835	204	234
1779088252892835	204	238
1779088252892836	204	242
1779088252892836	204	243
1779088252892836	204	247
1779088252892837	204	251
1779088252892837	204	253
1779088252892838	204	254
1779088252892838	204	256
1779088252892839	204	260
1779088252892839	204	272
1779088252892840	204	274
1779088252892840	204	300
1779088252892841	204	302
1779088252892841	204	306
1779088252892842	204	310
1779088252892842	204	312
1779088252892843	204	316
1779088252892843	204	324
1779088252892844	204	329
1779088252892844	204	330
1779088252892845	204	332
1779088252892845	204	333
1779088252892846	204	337
1779088252892846	204	346
1779088252892847	204	351
1779088252892847	204	352
1779088252892848	204	360
1779088252903295	204	328
1779088252903297	204	344
1779088252903297	204	347
1779088252903298	204	352
1779088252903299	204	356
1779088252903300	204	360
1779088252903300	204	372
1779088252903301	204	376
1779088252903302	204	385
1779088252903303	204	388
1779088252903304	204	399
1779088252903304	204	404
1779088252903305	204	405
1779088252903306	204	406
1779088252903307	204	412
1779088252903308	204	416
1779088252903308	204	417
1779088252903309	204	425
1779088252903310	204	429
1779088252903311	204	431
1779088252903312	204	432
1779088252903313	204	440
1779088252903313	204	444
1779088252903314	204	452
1779088252903315	204	453
1779088252903316	204	454
1779088252903316	204	456
1779088252903317	204	457
1779088252903318	204	461
1779088252903319	204	469
1779088252903319	204	470
1779088252903320	204	473
1779088252912869	204	216
1779088252912869	204	227
1779088252912870	204	228
1779088252912871	204	232
1779088252912871	204	236
1779088252912871	204	237
1779088252912872	204	244
1779088252912872	204	248
1779088252912873	204	250
1779088252912873	204	255
1779088252912874	204	258
1779088252912874	204	263
1779088252912875	204	264
1779088252912875	204	268
1779088252912876	204	272
1779088252912876	204	285
1779088252912877	204	290
1779088252912877	204	291
1779088252912878	204	296
1779088252912878	204	300
1779088252912879	204	308
1779088252912879	204	313
1779088252912880	204	314
1779088252912880	204	316
1779088252912881	204	317
1779088252912881	204	318
1779088252912882	204	320
1779088252912882	204	321
1779088252923293	204	227
1779088252923295	204	239
1779088252923295	204	245
1779088252923296	204	247
1779088252923296	204	251
1779088252923297	204	255
1779088252923297	204	257
1779088252923298	204	258
1779088252923298	204	260
1779088252923299	204	264
1779088252923299	204	268
1779088252923299	204	272
1779088252923300	204	283
1779088252923300	204	284
1779088252923301	204	286
1779088252923301	204	339
1779088252923302	204	345
1779088252923302	204	347
1779088252923303	204	348
1779088252923303	204	350
1779088252923304	204	351
1779088252923304	204	353
1779088252923305	204	357
1779088252923305	204	358
1779088252923306	204	362
1779088252923306	204	364
1779088252923307	204	365
1779088252923307	204	369
1779088252923308	204	371
1779088252923308	204	372
1779088252923309	204	382
1779088252923309	204	384
1779088252932768	204	204
1779088252932769	204	215
1779088252932770	204	217
1779088252932770	204	218
1779088252932771	204	223
1779088252932771	204	227
1779088252932772	204	228
1779088252932772	204	230
1779088252932773	204	231
1779088252932773	204	235
1779088252932774	204	239
1779088252932774	204	243
1779088252932775	204	251
1779088252932775	204	253
1779088252932776	204	254
1779088252932776	204	259
1779088252932777	204	261
1779088252932777	204	262
1779088252932777	204	263
1779088252932778	204	278
1779088252932778	204	283
1779088252932779	204	293
1779088252932779	204	298
1779088252932780	204	306
1779088252932780	204	308
1779088252932781	204	309
1779088252932781	204	311
1779088252932782	204	314
1779088252943178	204	200
1779088252943179	204	210
1779088252943179	204	214
1779088252943180	204	215
1779088252943180	204	219
1779088252943181	204	221
1779088252943181	204	225
1779088252943182	204	230
1779088252943182	204	232
1779088252943183	204	236
1779088252943183	204	237
1779088252943184	204	241
1779088252943184	204	245
1779088252943185	204	267
1779088252943185	204	269
1779088252943185	204	307
1779088252943186	204	310
1779088252943186	204	311
1779088252943187	204	312
1779088252943187	204	317
1779088252943188	204	318
1779088252943188	204	324
1779088252943189	204	329
1779088252943189	204	333
1779088252943190	204	334
1779088252943190	204	338
1779088252943191	204	340
1779088252943191	204	344
1779088252943192	204	345
1779088252943192	204	349
1779088252943193	204	359
1779088252952634	204	196
1779088252952635	204	209
1779088252952636	204	211
1779088252952636	204	213
1779088252952637	204	217
1779088252952637	204	219
1779088252952638	204	222
1779088252952639	204	226
1779088252952639	204	228
1779088252952640	204	232
1779088252952640	204	233
1779088252952641	204	238
1779088252952641	204	242
1779088252952641	204	246
1779088252952642	204	256
1779088252952642	204	299
1779088252952643	204	304
1779088252952643	204	309
1779088252952644	204	313
1779088252952644	204	318
1779088252952645	204	322
1779088252952645	204	323
1779088252952646	204	327
1779088252952646	204	329
1779088252952647	204	340
1779088252952647	204	344
1779088252952648	204	345
1779088252952648	204	347
1779088252952649	204	348
1779088252963073	204	195
1779088252963074	204	202
1779088252963075	204	206
1779088252963075	204	215
1779088252963076	204	219
1779088252963076	204	221
1779088252963077	204	222
1779088252963077	204	226
1779088252963078	204	233
1779088252963078	204	235
1779088252963079	204	239
1779088252963079	204	247
1779088252963080	204	249
1779088252963083	204	247
1779088252963083	204	251
1779088252963084	204	315
1779088252963084	204	324
1779088252963085	204	326
1779088252963085	204	327
1779088252963086	204	329
1779088252963086	204	330
1779088252963087	204	334
1779088252963087	204	343
1779088252963088	204	348
1779088252963088	204	349
1779088252963089	204	353
1779088252963089	204	358
1779088252963089	204	359
1779088252963090	204	364
1779088252963090	204	372
1779088252963091	204	376
1779088252972548	204	219
1779088252972549	204	229
1779088252972550	204	231
1779088252972550	204	236
1779088252972551	204	240
1779088252972551	204	241
1779088252972552	204	245
1779088252972552	204	250
1779088252972553	204	254
1779088252972553	204	255
1779088252972554	204	259
1779088252972554	204	263
1779088252972555	204	267
1779088252972555	204	268
1779088252972556	204	281
1779088252972556	204	283
1779088252972557	204	284
1779088252972557	204	285
1779088252972558	204	287
1779088252972558	204	291
1779088252972559	204	292
1779088252972559	204	296
1779088252972560	204	298
1779088252972560	204	302
1779088252972561	204	305
1779088252972561	204	307
1779088252972562	204	315
1779088252972562	204	317
1779088252982963	204	229
1779088252982964	204	246
1779088252982965	204	253
1779088252982965	204	256
1779088252982966	204	265
1779088252982967	204	273
1779088252982967	204	279
1779088252982968	204	286
1779088252982968	204	289
1779088252982969	204	291
1779088252982969	204	298
1779088252982970	204	301
1779088252982970	204	307
1779088252982971	204	314
1779088252982971	204	333
1779088252982972	204	388
1779088252982972	204	391
1779088252982973	204	398
1779088252982973	204	404
1779088252982974	204	411
1779088252982974	204	414
1779088252982974	204	421
1779088252982975	204	424
1779088252982975	204	426
1779088252982976	204	430
1779088252982976	204	432
1779088252982977	204	434
1779088252982977	204	436
1779088252982978	204	438
1779088252982978	204	453
1779088252982979	204	457
1779088252982980	204	458
1779088252992521	204	176
1779088252992522	204	189
1779088252992523	204	190
1779088252992523	204	192
1779088252992524	204	196
1779088252992525	204	200
1779088252992525	204	202
1779088252992526	204	203
1779088252992526	204	205
1779088252992527	204	208
1779088252992527	204	210
1779088252992528	204	214
1779088252992528	204	218
1779088252992529	204	227
1779088252992529	204	229
1779088252992530	204	269
1779088252992530	204	272
1779088252992531	204	276
1779088252992531	204	280
1779088252992532	204	284
1779088252992532	204	289
1779088252992533	204	292
1779088252992533	204	297
1779088252992534	204	301
1779088252992534	204	303
1779088252992535	204	313
1779088252992535	204	324
1779088252992536	204	325
1779088253002942	204	222
1779088253002943	204	235
1779088253002944	204	240
1779088253002945	204	245
1779088253002945	204	247
1779088253002946	204	250
1779088253002946	204	252
1779088253002947	204	257
1779088253002947	204	260
1779088253002948	204	265
1779088253002948	204	269
1779088253002949	204	283
1779088253002949	204	287
1779088253002950	204	292
1779088253002950	204	300
1779088253002951	204	355
1779088253002951	204	361
1779088253002952	204	363
1779088253002952	204	364
1779088253002953	204	369
1779088253002953	204	370
1779088253002954	204	371
1779088253002954	204	375
1779088253002955	204	379
1779088253002955	204	393
1779088253002956	204	400
1779088253002956	204	403
1779088253002956	204	409
1779088253002957	204	411
1779088253002957	204	417
1779088253002958	204	420
1779088253002958	204	431
1779088253012469	204	172
1779088253012470	204	180
1779088253012470	204	185
1779088253012471	204	188
1779088253012471	204	189
1779088253012472	204	193
1779088253012472	204	196
1779088253012473	204	198
1779088253012473	204	207
1779088253012474	204	208
1779088253012474	204	210
1779088253012475	204	213
1779088253012475	204	214
1779088253012476	204	216
1779088253012476	204	228
1779088253012477	204	268
1779088253012477	204	271
1779088253012478	204	275
1779088253012478	204	279
1779088253012479	204	281
1779088253012480	204	284
1779088253012480	204	295
1779088253012481	204	299
1779088253012481	204	300
1779088253012482	204	302
1779088253012482	204	303
1779088253012482	204	305
1779088253012483	204	306
1779088253022868	204	204
1779088253022869	204	217
1779088253022870	204	222
1779088253022870	204	223
1779088253022871	204	225
1779088253022871	204	229
1779088253022872	204	233
1779088253022872	204	235
1779088253022873	204	236
1779088253022873	204	238
1779088253022874	204	242
1779088253022874	204	246
1779088253022875	204	257
1779088253022876	204	258
1779088253022876	204	260
1779088253022876	204	310
1779088253022877	204	319
1779088253022877	204	324
1779088253022878	204	325
1779088253022878	204	327
1779088253022879	204	328
1779088253022879	204	335
1779088253022880	204	340
1779088253022880	204	358
1779088253022881	204	360
1779088253022881	204	365
1779088253022882	204	370
1779088253022882	204	374
1779088253022883	204	378
1779088253022883	204	388
1779088253022884	204	390
1779088253032366	204	210
1779088253032368	204	232
1779088253032369	204	235
1779088253032369	204	243
1779088253032370	204	246
1779088253032370	204	253
1779088253032371	204	263
1779088253032371	204	266
1779088253032372	204	283
1779088253032372	204	287
1779088253032373	204	294
1779088253032373	204	297
1779088253032374	204	304
1779088253032374	204	306
1779088253032375	204	320
1779088253032375	204	369
1779088253032376	204	385
1779088253032377	204	388
1779088253032377	204	390
1779088253032378	204	398
1779088253032378	204	401
1779088253032379	204	408
1779088253032379	204	416
1779088253032380	204	431
1779088253032380	204	435
1779088253032381	204	442
1779088253032381	204	445
1779088253032382	204	452
1779088253032382	204	466
1779088253042932	204	207
1779088253042933	204	220
1779088253042933	204	221
1779088253042934	204	226
1779088253042934	204	230
1779088253042935	204	235
1779088253042935	204	239
1779088253042936	204	243
1779088253042936	204	248
1779088253042937	204	249
1779088253042937	204	262
1779088253042938	204	267
1779088253042938	204	268
1779088253042939	204	276
1779088253042939	204	279
1779088253042940	204	335
1779088253042940	204	346
1779088253042941	204	350
1779088253042941	204	354
1779088253042942	204	356
1779088253042942	204	366
1779088253042943	204	368
1779088253042943	204	372
1779088253042944	204	373
1779088253042944	204	385
1779088253042945	204	388
1779088253042945	204	391
1779088253042946	204	393
1779088253042946	204	396
1779088253042947	204	404
1779088253042947	204	406
1779088253052430	204	184
1779088253052431	204	203
1779088253052432	204	206
1779088253052433	204	212
1779088253052433	204	227
1779088253052434	204	231
1779088253052434	204	239
1779088253052435	204	242
1779088253052435	204	249
1779088253052435	204	262
1779088253052436	204	269
1779088253052436	204	285
1779088253052437	204	288
1779088253052437	204	290
1779088253052438	204	304
1779088253052438	204	360
1779088253052439	204	364
1779088253052439	204	382
1779088253052440	204	385
1779088253052440	204	388
1779088253052441	204	390
1779088253052441	204	398
1779088253052442	204	408
1779088253052442	204	411
1779088253052443	204	418
1779088253052443	204	425
1779088253052444	204	432
1779088253052444	204	447
1779088253052445	204	451
1779088253063001	204	239
1779088253063003	204	265
1779088253063004	204	268
1779088253063005	204	271
1779088253063006	204	273
1779088253063006	204	280
1779088253063007	204	289
1779088253063008	204	291
1779088253063009	204	297
1779088253063009	204	300
1779088253063010	204	307
1779088253063011	204	309
1779088253063012	204	311
1779088253063013	204	329
1779088253063013	204	332
1779088253063014	204	377
1779088253063015	204	395
1779088253063016	204	402
1779088253063017	204	409
1779088253063017	204	420
1779088253063018	204	427
1779088253063019	204	430
1779088253063020	204	432
1779088253063021	204	434
1779088253063022	204	436
1779088253063022	204	439
1779088253063023	204	445
1779088253063024	204	452
1779088253063025	204	458
1779088253063025	204	461
1779088253063026	204	467
1779088253063027	204	482
1779088253072599	204	232
1779088253072600	204	242
1779088253072601	204	244
1779088253072601	204	258
1779088253072602	204	259
1779088253072602	204	261
1779088253072603	204	265
1779088253072603	204	266
1779088253072604	204	277
1779088253072604	204	283
1779088253072605	204	305
1779088253072605	204	310
1779088253072606	204	339
1779088253072606	204	342
1779088253072607	204	343
1779088253072607	204	407
1779088253072608	204	430
1779088253072608	204	433
1779088253072609	204	434
1779088253072609	204	436
1779088253072611	204	449
1779088253072611	204	450
1779088253072612	204	455
1779088253072612	204	456
1779088253072613	204	458
1779088253072613	204	459
1779088253072614	204	460
1779088253072614	204	468
1779088253083167	204	205
1779088253083169	204	214
1779088253083169	204	216
1779088253083170	204	220
1779088253083170	204	225
1779088253083171	204	227
1779088253083171	204	231
1779088253083172	204	235
1779088253083172	204	239
1779088253083173	204	243
1779088253083173	204	247
1779088253083174	204	256
1779088253083174	204	260
1779088253083175	204	272
1779088253083175	204	274
1779088253083176	204	316
1779088253083176	204	321
1779088253083177	204	323
1779088253083177	204	330
1779088253083178	204	334
1779088253083178	204	336
1779088253083179	204	337
1779088253083179	204	346
1779088253083180	204	348
1779088253083180	204	352
1779088253083180	204	354
1779088253083181	204	358
1779088253083182	204	366
1779088253083182	204	367
1779088253083183	204	371
1779088253083183	204	373
1779088253083184	204	374
1779088253092631	204	191
1779088253092632	204	203
1779088253092633	204	211
1779088253092633	204	218
1779088253092634	204	239
1779088253092634	204	244
1779088253092635	204	245
1779088253092635	204	271
1779088253092636	204	273
1779088253092636	204	278
1779088253092637	204	279
1779088253092637	204	301
1779088253092638	204	304
1779088253092638	204	308
1779088253092639	204	310
1779088253092639	204	384
1779088253092640	204	389
1779088253092640	204	390
1779088253092641	204	391
1779088253092641	204	402
1779088253092642	204	414
1779088253092642	204	419
1779088253092643	204	420
1779088253092643	204	444
1779088253092644	204	449
1779088253092644	204	450
1779088253092645	204	458
1779088253092645	204	463
1779088253092646	204	464
1779088253103196	204	204
1779088253103197	204	218
1779088253103198	204	222
1779088253103198	204	227
1779088253103199	204	231
1779088253103199	204	236
1779088253103200	204	237
1779088253103200	204	239
1779088253103200	204	240
1779088253103201	204	242
1779088253103201	204	246
1779088253103202	204	250
1779088253103202	204	254
1779088253103203	204	255
1779088253103204	204	267
1779088253103204	204	312
1779088253103205	204	317
1779088253103205	204	318
1779088253103206	204	320
1779088253103206	204	321
1779088253103207	204	326
1779088253103207	204	331
1779088253103208	204	335
1779088253103208	204	339
1779088253103209	204	350
1779088253103210	204	361
1779088253103210	204	362
1779088253103210	204	364
1779088253103211	204	368
1779088253103211	204	376
1779088253103212	204	378
1779088253112671	204	191
1779088253112672	204	207
1779088253112672	204	213
1779088253112673	204	215
1779088253112673	204	216
1779088253112674	204	221
1779088253112674	204	222
1779088253112675	204	226
1779088253112675	204	230
1779088253112676	204	234
1779088253112676	204	236
1779088253112677	204	237
1779088253112677	204	241
1779088253112678	204	259
1779088253112678	204	263
1779088253112679	204	274
1779088253112679	204	287
1779088253112680	204	289
1779088253112680	204	293
1779088253112681	204	295
1779088253112681	204	296
1779088253112682	204	298
1779088253112682	204	304
1779088253112682	204	308
1779088253112683	204	310
1779088253112683	204	313
1779088253112684	204	315
1779088253112684	204	322
1779088253112685	204	335
1779088253123102	204	219
1779088253123103	204	240
1779088253123103	204	252
1779088253123104	204	260
1779088253123104	204	263
1779088253123105	204	266
1779088253123105	204	273
1779088253123106	204	282
1779088253123106	204	289
1779088253123107	204	297
1779088253123107	204	312
1779088253123107	204	320
1779088253123108	204	323
1779088253123108	204	326
1779088253123109	204	328
1779088253123109	204	415
1779088253123110	204	426
1779088253123110	204	429
1779088253123111	204	432
1779088253123111	204	435
1779088253123112	204	437
1779088253123112	204	447
1779088253123113	204	454
1779088253123113	204	463
1779088253123114	204	471
1779088253123114	204	474
1779088253123115	204	481
1779088253123115	204	489
1779088253123116	204	496
1779088253123116	204	512
1779088253123117	204	514
1779088253132719	204	211
1779088253132721	204	229
1779088253132721	204	232
1779088253132722	204	238
1779088253132722	204	240
1779088253132723	204	242
1779088253132724	204	244
1779088253132724	204	246
1779088253132725	204	253
1779088253132725	204	256
1779088253132726	204	263
1779088253132726	204	265
1779088253132727	204	272
1779088253132727	204	292
1779088253132728	204	295
1779088253132728	204	350
1779088253132729	204	353
1779088253132730	204	356
1779088253132730	204	359
1779088253132731	204	366
1779088253132731	204	372
1779088253132732	204	379
1779088253132732	204	386
1779088253132733	204	393
1779088253132733	204	400
1779088253132734	204	402
1779088253132734	204	409
1779088253132735	204	426
1779088253132735	204	429
1779088253143257	204	284
1779088253143258	204	303
1779088253143259	204	311
1779088253143260	204	314
1779088253143260	204	321
1779088253143261	204	327
1779088253143261	204	330
1779088253143262	204	337
1779088253143262	204	339
1779088253143263	204	341
1779088253143264	204	348
1779088253143264	204	356
1779088253143264	204	363
1779088253143265	204	369
1779088253143266	204	391
1779088253143266	204	430
1779088253143267	204	434
1779088253143267	204	441
1779088253143268	204	453
1779088253143268	204	461
1779088253143269	204	463
1779088253143269	204	466
1779088253143270	204	469
1779088253143270	204	471
1779088253143271	204	485
1779088253143271	204	488
1779088253143272	204	490
1779088253143272	204	493
1779088253143273	204	495
1779088253143273	204	502
1779088253143274	204	515
1779088253152870	204	198
1779088253152871	204	209
1779088253152872	204	212
1779088253152872	204	216
1779088253152873	204	224
1779088253152873	204	228
1779088253152873	204	232
1779088253152874	204	233
1779088253152874	204	241
1779088253152875	204	242
1779088253152875	204	246
1779088253152876	204	248
1779088253152876	204	249
1779088253152877	204	259
1779088253152877	204	263
1779088253152878	204	311
1779088253152878	204	313
1779088253152879	204	314
1779088253152879	204	316
1779088253152880	204	320
1779088253152880	204	322
1779088253152881	204	326
1779088253152881	204	328
1779088253152882	204	329
1779088253152882	204	330
1779088253152883	204	332
1779088253152883	204	336
1779088253152884	204	339
1779088253152884	204	349
1779088253162317	204	225
1779088253162318	204	236
1779088253162318	204	240
1779088253162319	204	244
1779088253162319	204	246
1779088253162320	204	247
1779088253162320	204	252
1779088253162321	204	256
1779088253162321	204	264
1779088253162322	204	278
1779088253162322	204	297
1779088253162323	204	299
1779088253162323	204	301
1779088253162324	204	302
1779088253162324	204	306
1779088253162325	204	314
1779088253162325	204	316
1779088253162326	204	322
1779088253162326	204	344
1779088253162327	204	347
1779088253162327	204	351
1779088253162328	204	372
1779088253162328	204	377
1779088253162329	204	379
1779088253162329	204	399
1779088253162330	204	401
1779088253162330	204	405
1779088253162331	204	407
1779088253162331	204	408
1779088253172818	204	176
1779088253172819	204	189
1779088253172820	204	191
1779088253172820	204	195
1779088253172821	204	198
1779088253172821	204	208
1779088253172822	204	210
1779088253172822	204	211
1779088253172823	204	212
1779088253172823	204	216
1779088253172824	204	222
1779088253172824	204	233
1779088253172825	204	237
1779088253172825	204	261
1779088253172825	204	265
1779088253172826	204	339
1779088253172826	204	348
1779088253172827	204	352
1779088253172827	204	354
1779088253172828	204	355
1779088253172828	204	368
1779088253172829	204	376
1779088253172829	204	377
1779088253172830	204	398
1779088253172830	204	400
1779088253172831	204	402
1779088253172831	204	407
1779088253172832	204	414
1779088253172832	204	418
1779088253172833	204	441
1779088253172833	204	446
1779088253182362	204	243
1779088253182363	204	256
1779088253182364	204	257
1779088253182364	204	259
1779088253182365	204	262
1779088253182365	204	266
1779088253182366	204	269
1779088253182366	204	270
1779088253182367	204	271
1779088253182367	204	275
1779088253182368	204	284
1779088253182368	204	286
1779088253182369	204	287
1779088253182369	204	292
1779088253182370	204	293
1779088253182370	204	295
1779088253182371	204	296
1779088253182371	204	311
1779088253182371	204	312
1779088253182372	204	314
1779088253182372	204	318
1779088253182373	204	322
1779088253182373	204	326
1779088253182374	204	328
1779088253182374	204	332
1779088253182375	204	336
1779088253182375	204	337
1779088253182376	204	341
1779088253182376	204	351
1779088253192813	204	201
1779088253192815	204	213
1779088253192816	204	216
1779088253192817	204	219
1779088253192817	204	223
1779088253192818	204	227
1779088253192818	204	241
1779088253192819	204	245
1779088253192819	204	249
1779088253192820	204	259
1779088253192820	204	263
1779088253192821	204	264
1779088253192821	204	266
1779088253192822	204	274
1779088253192823	204	276
1779088253192823	204	329
1779088253192824	204	332
1779088253192824	204	333
1779088253192825	204	337
1779088253192825	204	341
1779088253192826	204	343
1779088253192826	204	344
1779088253192827	204	349
1779088253192827	204	352
1779088253192828	204	354
1779088253192828	204	355
1779088253192829	204	360
1779088253192829	204	364
1779088253192830	204	366
1779088253192830	204	369
1779088253192831	204	379
1779088253202293	204	194
1779088253202294	204	206
1779088253202295	204	216
1779088253202295	204	219
1779088253202296	204	246
1779088253202296	204	247
1779088253202297	204	249
1779088253202297	204	250
1779088253202298	204	251
1779088253202298	204	252
1779088253202299	204	256
1779088253202299	204	263
1779088253202300	204	267
1779088253202300	204	297
1779088253202301	204	299
1779088253202301	204	376
1779088253202302	204	379
1779088253202303	204	380
1779088253202303	204	381
1779088253202304	204	385
1779088253202304	204	393
1779088253202305	204	397
1779088253202305	204	420
1779088253202306	204	425
1779088253202306	204	427
1779088253202307	204	434
1779088253202307	204	438
1779088253202308	204	440
1779088253202308	204	441
1779088253212830	204	209
1779088253212832	204	232
1779088253212832	204	237
1779088253212833	204	242
1779088253212833	204	244
1779088253212834	204	247
1779088253212835	204	252
1779088253212835	204	264
1779088253212836	204	266
1779088253212836	204	267
1779088253212837	204	272
1779088253212837	204	277
1779088253212838	204	278
1779088253212838	204	282
1779088253212839	204	290
1779088253212839	204	342
1779088253212840	204	344
1779088253212840	204	346
1779088253212841	204	347
1779088253212841	204	349
1779088253212842	204	354
1779088253212842	204	355
1779088253212843	204	360
1779088253212843	204	364
1779088253212844	204	375
1779088253212844	204	380
1779088253212845	204	384
1779088253212845	204	385
1779088253212846	204	389
1779088253212846	204	390
1779088253212847	204	401
1779088253222329	204	217
1779088253222330	204	226
1779088253222331	204	228
1779088253222331	204	231
1779088253222332	204	239
1779088253222332	204	241
1779088253222333	204	244
1779088253222333	204	267
1779088253222334	204	273
1779088253222334	204	281
1779088253222334	204	282
1779088253222335	204	286
1779088253222335	204	312
1779088253222336	204	315
1779088253222336	204	319
1779088253222337	204	344
1779088253222337	204	346
1779088253222338	204	351
1779088253222338	204	352
1779088253222339	204	353
1779088253222339	204	361
1779088253222340	204	365
1779088253222340	204	390
1779088253222341	204	394
1779088253222341	204	416
1779088253222342	204	418
1779088253222342	204	422
1779088253222343	204	430
1779088253222343	204	437
1779088253232861	204	213
1779088253232863	204	226
1779088253232863	204	236
1779088253232864	204	240
1779088253232864	204	241
1779088253232865	204	242
1779088253232865	204	249
1779088253232866	204	250
1779088253232866	204	271
1779088253232867	204	273
1779088253232867	204	274
1779088253232868	204	282
1779088253232868	204	287
1779088253232869	204	309
1779088253232869	204	314
1779088253232870	204	406
1779088253232870	204	412
1779088253232871	204	414
1779088253232871	204	415
1779088253232872	204	416
1779088253232872	204	418
1779088253232873	204	420
1779088253232873	204	425
1779088253232874	204	426
1779088253232874	204	427
1779088253232875	204	429
1779088253232875	204	433
1779088253232876	204	434
1779088253232876	204	438
1779088253232877	204	446
1779088253232877	204	450
1779088253242411	204	203
1779088253242412	204	215
1779088253242413	204	216
1779088253242413	204	221
1779088253242414	204	225
1779088253242414	204	227
1779088253242415	204	228
1779088253242415	204	232
1779088253242415	204	234
1779088253242416	204	235
1779088253242416	204	240
1779088253242417	204	243
1779088253242417	204	247
1779088253242418	204	256
1779088253242418	204	258
1779088253242419	204	299
1779088253242419	204	305
1779088253242420	204	309
1779088253242420	204	313
1779088253242421	204	318
1779088253242421	204	322
1779088253242422	204	324
1779088253242422	204	332
1779088253242423	204	354
1779088253242423	204	356
1779088253242424	204	360
1779088253242424	204	362
1779088253242425	204	363
1779088253242425	204	372
1779088253252875	204	194
1779088253252876	204	207
1779088253252876	204	214
1779088253252877	204	219
1779088253252877	204	220
1779088253252878	204	245
1779088253252878	204	248
1779088253252878	204	249
1779088253252879	204	253
1779088253252879	204	280
1779088253252880	204	282
1779088253252880	204	284
1779088253252881	204	285
1779088253252881	204	294
1779088253252882	204	295
1779088253252882	204	378
1779088253252883	204	381
1779088253252883	204	382
1779088253252884	204	384
1779088253252884	204	388
1779088253252885	204	392
1779088253252885	204	400
1779088253252886	204	407
1779088253252886	204	408
1779088253252887	204	410
1779088253252887	204	418
1779088253252888	204	425
1779088253252888	204	444
1779088253252889	204	446
1779088253252889	204	451
1779088253252890	204	452
1779088253262421	204	194
1779088253262422	204	204
1779088253262423	204	209
1779088253262423	204	211
1779088253262423	204	216
1779088253262424	204	220
1779088253262424	204	222
1779088253262424	204	226
1779088253262425	204	230
1779088253262425	204	232
1779088253262425	204	233
1779088253262426	204	237
1779088253262426	204	239
1779088253262426	204	243
1779088253262427	204	252
1779088253262427	204	286
1779088253262428	204	295
1779088253262428	204	296
1779088253262429	204	298
1779088253262429	204	299
1779088253262430	204	301
1779088253262430	204	302
1779088253262430	204	307
1779088253262431	204	311
1779088253262431	204	315
1779088253262431	204	319
1779088253262432	204	321
1779088253262432	204	322
1779088253262433	204	332
1779088253272849	204	260
1779088253272850	204	271
1779088253272851	204	276
1779088253272851	204	280
1779088253272852	204	285
1779088253272853	204	288
1779088253272853	204	292
1779088253272854	204	296
1779088253272854	204	310
1779088253272855	204	324
1779088253272855	204	329
1779088253272856	204	330
1779088253272857	204	337
1779088253272857	204	341
1779088253272858	204	342
1779088253272859	204	427
1779088253272860	204	429
1779088253272860	204	437
1779088253272861	204	444
1779088253272862	204	475
1779088253272862	204	477
1779088253272863	204	478
1779088253272864	204	479
1779088253272865	204	483
1779088253272865	204	490
1779088253272866	204	492
1779088253272866	204	493
1779088253272867	204	494
1779088253272868	204	495
1779088253272868	204	499
1779088253272869	204	507
1779088253282451	204	177
1779088253282452	204	193
1779088253282452	204	197
1779088253282453	204	198
1779088253282453	204	199
1779088253282454	204	201
1779088253282454	204	205
1779088253282455	204	209
1779088253282455	204	218
1779088253282456	204	222
1779088253282456	204	230
1779088253282457	204	231
1779088253282457	204	235
1779088253282458	204	237
1779088253282458	204	238
1779088253282459	204	282
1779088253282459	204	287
1779088253282460	204	291
1779088253282460	204	300
1779088253282461	204	304
1779088253282461	204	306
1779088253282462	204	307
1779088253282462	204	308
1779088253282463	204	310
1779088253282463	204	314
1779088253282464	204	319
1779088253282464	204	321
1779088253282465	204	325
1779088253282465	204	333
1779088253292881	204	236
1779088253292882	204	247
1779088253292883	204	253
1779088253292883	204	257
1779088253292884	204	267
1779088253292884	204	269
1779088253292885	204	273
1779088253292885	204	274
1779088253292886	204	275
1779088253292886	204	285
1779088253292887	204	310
1779088253292887	204	312
1779088253292888	204	313
1779088253292889	204	314
1779088253292889	204	323
1779088253292890	204	415
1779088253292890	204	417
1779088253292891	204	419
1779088253292891	204	428
1779088253292892	204	430
1779088253292892	204	434
1779088253292893	204	436
1779088253292893	204	437
1779088253292894	204	438
1779088253292894	204	445
1779088253292895	204	449
1779088253292895	204	477
1779088253292896	204	479
1779088253292896	204	484
1779088253292897	204	491
1779088253292897	204	493
1779088253302471	204	174
1779088253302472	204	185
1779088253302473	204	189
1779088253302473	204	193
1779088253302474	204	201
1779088253302474	204	203
1779088253302475	204	204
1779088253302475	204	205
1779088253302476	204	206
1779088253302476	204	210
1779088253302477	204	211
1779088253302477	204	215
1779088253302478	204	218
1779088253302478	204	227
1779088253302479	204	229
1779088253302479	204	270
1779088253302480	204	272
1779088253302480	204	277
1779088253302481	204	278
1779088253302481	204	282
1779088253302482	204	284
1779088253302482	204	285
1779088253302483	204	287
1779088253302483	204	291
1779088253302484	204	295
1779088253302484	204	296
1779088253302485	204	298
1779088253302485	204	299
1779088253302486	204	309
1779088253312872	204	215
1779088253312873	204	223
1779088253312874	204	228
1779088253312875	204	229
1779088253312875	204	233
1779088253312876	204	234
1779088253312876	204	246
1779088253312877	204	248
1779088253312877	204	252
1779088253312878	204	253
1779088253312878	204	260
1779088253312879	204	262
1779088253312879	204	263
1779088253312880	204	267
1779088253312880	204	291
1779088253312881	204	368
1779088253312881	204	377
1779088253312882	204	378
1779088253312882	204	382
1779088253312883	204	405
1779088253312883	204	407
1779088253312884	204	411
1779088253312884	204	413
1779088253312885	204	414
1779088253312885	204	416
1779088253312886	204	417
1779088253312886	204	425
1779088253312887	204	443
1779088253312887	204	445
1779088253312888	204	446
1779088253312888	204	447
1779088253322417	204	217
1779088253322418	204	230
1779088253322418	204	235
1779088253322419	204	237
1779088253322419	204	247
1779088253322420	204	248
1779088253322420	204	250
1779088253322421	204	259
1779088253322421	204	260
1779088253322422	204	261
1779088253322422	204	266
1779088253322423	204	268
1779088253322423	204	272
1779088253322424	204	273
1779088253322424	204	280
1779088253322425	204	326
1779088253322425	204	329
1779088253322426	204	333
1779088253322426	204	337
1779088253322427	204	341
1779088253322427	204	355
1779088253322428	204	356
1779088253322428	204	358
1779088253322429	204	359
1779088253322429	204	363
1779088253322430	204	367
1779088253322430	204	371
1779088253322431	204	372
1779088253322431	204	383
1779088253332897	204	217
1779088253332898	204	227
1779088253332899	204	232
1779088253332899	204	234
1779088253332900	204	235
1779088253332900	204	240
1779088253332900	204	242
1779088253332901	204	251
1779088253332901	204	252
1779088253332902	204	254
1779088253332902	204	255
1779088253332903	204	259
1779088253332903	204	270
1779088253332904	204	274
1779088253332904	204	301
1779088253332905	204	377
1779088253332905	204	386
1779088253332906	204	387
1779088253332906	204	391
1779088253332907	204	412
1779088253332907	204	417
1779088253332908	204	441
1779088253332908	204	444
1779088253332909	204	445
1779088253332909	204	446
1779088253332910	204	451
1779088253332910	204	458
1779088253332911	204	463
1779088253332911	204	464
1779088253332912	204	489
1779088253332912	204	491
1779088253342491	204	246
1779088253342493	204	256
1779088253342494	204	262
1779088253342495	204	266
1779088253342495	204	267
1779088253342496	204	268
1779088253342497	204	269
1779088253342498	204	273
1779088253342499	204	283
1779088253342499	204	286
1779088253342500	204	311
1779088253342501	204	313
1779088253342502	204	315
1779088253342502	204	316
1779088253342503	204	320
1779088253342504	204	321
1779088253342505	204	324
1779088253342505	204	332
1779088253342507	204	337
1779088253342508	204	338
1779088253342508	204	339
1779088253342509	204	349
1779088253342510	204	356
1779088253342511	204	379
1779088253342511	204	384
1779088253342512	204	385
1779088253342513	204	392
1779088253342513	204	399
1779088253342514	204	400
1779088253352996	204	217
1779088253352998	204	230
1779088253352998	204	232
1779088253352999	204	237
1779088253352999	204	238
1779088253353000	204	243
1779088253353000	204	247
1779088253353001	204	248
1779088253353001	204	250
1779088253353002	204	251
1779088253353002	204	255
1779088253353003	204	259
1779088253353004	204	263
1779088253353004	204	265
1779088253353005	204	278
1779088253353005	204	323
1779088253353006	204	326
1779088253353006	204	330
1779088253353006	204	332
1779088253353007	204	333
1779088253353007	204	342
1779088253353008	204	343
1779088253353009	204	345
1779088253353009	204	346
1779088253353009	204	350
1779088253353010	204	351
1779088253353010	204	358
1779088253353011	204	374
1779088253353011	204	377
1779088253353012	204	380
1779088253353013	204	382
1779088253353014	204	383
1779088253362469	204	185
1779088253362470	204	203
1779088253362471	204	212
1779088253362471	204	215
1779088253362472	204	221
1779088253362472	204	227
1779088253362472	204	234
1779088253362473	204	253
1779088253362473	204	256
1779088253362474	204	264
1779088253362474	204	267
1779088253362475	204	274
1779088253362475	204	288
1779088253362476	204	291
1779088253362476	204	294
1779088253362477	204	366
1779088253362477	204	376
1779088253362478	204	380
1779088253362478	204	382
1779088253362479	204	390
1779088253362479	204	399
1779088253362480	204	402
1779088253362480	204	405
1779088253362481	204	412
1779088253362481	204	415
1779088253362482	204	418
1779088253362482	204	425
1779088253362483	204	440
1779088253373007	204	217
1779088253373009	204	232
1779088253373009	204	237
1779088253373010	204	241
1779088253373010	204	245
1779088253373011	204	246
1779088253373011	204	250
1779088253373012	204	252
1779088253373012	204	256
1779088253373013	204	257
1779088253373013	204	261
1779088253373014	204	265
1779088253373014	204	267
1779088253373015	204	268
1779088253373015	204	284
1779088253373016	204	322
1779088253373016	204	324
1779088253373017	204	329
1779088253373017	204	337
1779088253373018	204	339
1779088253373018	204	340
1779088253373019	204	342
1779088253373019	204	343
1779088253373020	204	347
1779088253373020	204	349
1779088253373021	204	350
1779088253373021	204	352
1779088253373022	204	357
1779088253373022	204	371
1779088253373023	204	374
1779088253373023	204	377
1779088253373024	204	379
1779088253382477	204	188
1779088253382478	204	205
1779088253382479	204	208
1779088253382479	204	222
1779088253382480	204	225
1779088253382480	204	233
1779088253382481	204	240
1779088253382481	204	248
1779088253382482	204	256
1779088253382482	204	263
1779088253382483	204	266
1779088253382483	204	273
1779088253382484	204	276
1779088253382484	204	279
1779088253382484	204	295
1779088253382485	204	359
1779088253382485	204	363
1779088253382486	204	366
1779088253382486	204	374
1779088253382487	204	381
1779088253382487	204	384
1779088253382488	204	401
1779088253382488	204	405
1779088253382489	204	412
1779088253382489	204	415
1779088253382490	204	417
1779088253382490	204	419
1779088253382491	204	433
1779088253393006	204	207
1779088253393007	204	220
1779088253393008	204	222
1779088253393009	204	228
1779088253393009	204	229
1779088253393010	204	231
1779088253393010	204	235
1779088253393010	204	237
1779088253393011	204	241
1779088253393011	204	245
1779088253393012	204	248
1779088253393013	204	253
1779088253393013	204	257
1779088253393014	204	261
1779088253393015	204	274
1779088253393015	204	314
1779088253393016	204	326
1779088253393016	204	328
1779088253393017	204	329
1779088253393017	204	330
1779088253393018	204	332
1779088253393018	204	336
1779088253393018	204	340
1779088253393019	204	344
1779088253393019	204	349
1779088253393020	204	353
1779088253393020	204	354
1779088253393021	204	359
1779088253393021	204	363
1779088253393022	204	367
1779088253393022	204	371
1779088253393023	204	385
1779088253402496	204	205
1779088253402498	204	225
1779088253402498	204	233
1779088253402499	204	241
1779088253402499	204	249
1779088253402500	204	257
1779088253402500	204	264
1779088253402501	204	267
1779088253402501	204	275
1779088253402502	204	278
1779088253402502	204	286
1779088253402503	204	303
1779088253402503	204	306
1779088253402504	204	308
1779088253402504	204	311
1779088253402505	204	379
1779088253402505	204	384
1779088253402506	204	391
1779088253402506	204	399
1779088253402507	204	402
1779088253402507	204	409
1779088253402508	204	412
1779088253402508	204	419
1779088253402509	204	427
1779088253402509	204	445
1779088253402510	204	449
1779088253402510	204	456
1779088253402511	204	458
1779088253413047	204	194
1779088253413057	204	193
1779088253413058	204	194
1779088253413058	204	198
1779088253413059	204	202
1779088253413059	204	203
1779088253413060	204	207
1779088253413060	204	211
1779088253413061	204	215
1779088253413061	204	217
1779088253413062	204	218
1779088253413062	204	222
1779088253413063	204	226
1779088253413063	204	237
1779088253413064	204	240
1779088253413064	204	284
1779088253413065	204	290
1779088253413065	204	292
1779088253413066	204	296
1779088253413066	204	300
1779088253413067	204	305
1779088253413067	204	306
1779088253413068	204	310
1779088253413068	204	312
1779088253413069	204	316
1779088253413069	204	327
1779088253413069	204	332
1779088253413070	204	335
1779088253413070	204	337
1779088253413071	204	339
1779088253413071	204	352
1779088253413072	204	356
1779088253422508	204	193
1779088253422509	204	212
1779088253422510	204	219
1779088253422510	204	225
1779088253422511	204	228
1779088253422511	204	234
1779088253422511	204	242
1779088253422512	204	249
1779088253422512	204	257
1779088253422513	204	264
1779088253422514	204	283
1779088253422514	204	291
1779088253422515	204	298
1779088253422515	204	319
1779088253422515	204	322
1779088253422516	204	393
1779088253422516	204	409
1779088253422517	204	412
1779088253422517	204	415
1779088253422518	204	423
1779088253422519	204	425
1779088253422519	204	428
1779088253422520	204	443
1779088253422520	204	451
1779088253422521	204	454
1779088253422521	204	457
1779088253422522	204	460
1779088253422522	204	461
1779088253433078	204	210
1779088253433079	204	223
1779088253433079	204	227
1779088253433080	204	232
1779088253433081	204	233
1779088253433081	204	237
1779088253433082	204	241
1779088253433082	204	243
1779088253433083	204	247
1779088253433083	204	260
1779088253433084	204	264
1779088253433084	204	268
1779088253433085	204	276
1779088253433085	204	280
1779088253433086	204	282
1779088253433086	204	334
1779088253433087	204	336
1779088253433087	204	341
1779088253433088	204	342
1779088253433088	204	357
1779088253433089	204	361
1779088253433089	204	365
1779088253433090	204	366
1779088253433090	204	371
1779088253433091	204	375
1779088253433091	204	379
1779088253433092	204	380
1779088253433092	204	385
1779088253433093	204	392
1779088253433093	204	394
1779088253433094	204	412
1779088253433094	204	414
1779088253442587	204	193
1779088253442588	204	211
1779088253442588	204	218
1779088253442589	204	225
1779088253442589	204	231
1779088253442590	204	234
1779088253442590	204	237
1779088253442591	204	244
1779088253442591	204	252
1779088253442592	204	259
1779088253442592	204	267
1779088253442593	204	286
1779088253442593	204	294
1779088253442594	204	308
1779088253442594	204	311
1779088253442595	204	379
1779088253442595	204	384
1779088253442596	204	386
1779088253442596	204	394
1779088253442596	204	397
1779088253442597	204	404
1779088253442598	204	407
1779088253442598	204	414
1779088253442599	204	430
1779088253442599	204	434
1779088253442600	204	435
1779088253442600	204	437
1779088253442601	204	438
1779088253453121	204	198
1779088253453122	204	212
1779088253453123	204	214
1779088253453123	204	217
1779088253453124	204	223
1779088253453125	204	226
1779088253453125	204	228
1779088253453126	204	232
1779088253453126	204	234
1779088253453127	204	238
1779088253453127	204	240
1779088253453128	204	244
1779088253453128	204	245
1779088253453129	204	260
1779088253453129	204	264
1779088253453130	204	299
1779088253453130	204	302
1779088253453131	204	303
1779088253453131	204	305
1779088253453132	204	309
1779088253453132	204	311
1779088253453133	204	315
1779088253453133	204	319
1779088253453134	204	324
1779088253453134	204	325
1779088253453135	204	329
1779088253453135	204	333
1779088253453136	204	337
1779088253453136	204	347
1779088253453137	204	350
1779088253453137	204	352
1779088253453138	204	369
1779088253462585	204	196
1779088253462586	204	216
1779088253462586	204	225
1779088253462587	204	228
1779088253462587	204	235
1779088253462588	204	243
1779088253462588	204	250
1779088253462588	204	258
1779088253462589	204	265
1779088253462589	204	280
1779088253462590	204	289
1779088253462590	204	292
1779088253462591	204	304
1779088253462591	204	307
1779088253462592	204	315
1779088253462592	204	387
1779088253462593	204	403
1779088253462593	204	406
1779088253462594	204	414
1779088253462594	204	417
1779088253462595	204	419
1779088253462595	204	422
1779088253462596	204	425
1779088253462596	204	433
1779088253462597	204	440
1779088253462597	204	448
1779088253462598	204	465
1779088253462598	204	482
1779088253473166	204	206
1779088253473167	204	217
1779088253473168	204	219
1779088253473169	204	223
1779088253473169	204	225
1779088253473169	204	227
1779088253473170	204	231
1779088253473170	204	232
1779088253473171	204	234
1779088253473171	204	239
1779088253473172	204	240
1779088253473172	204	244
1779088253473173	204	245
1779088253473173	204	249
1779088253473174	204	260
1779088253473174	204	319
1779088253473175	204	326
1779088253473175	204	327
1779088253473176	204	329
1779088253473176	204	333
1779088253473177	204	334
1779088253473177	204	338
1779088253473178	204	342
1779088253473178	204	346
1779088253473179	204	351
1779088253473179	204	356
1779088253473180	204	359
1779088253473180	204	366
1779088253473181	204	382
1779088253473181	204	384
1779088253473182	204	387
1779088253473182	204	390
1779088253482660	204	283
1779088253482662	204	305
1779088253482663	204	308
1779088253482663	204	311
1779088253482663	204	319
1779088253482664	204	326
1779088253482664	204	333
1779088253482664	204	340
1779088253482665	204	347
1779088253482665	204	365
1779088253482665	204	372
1779088253482666	204	398
1779088253482666	204	406
1779088253482666	204	419
1779088253482667	204	422
1779088253482667	204	430
1779088253482668	204	433
1779088253482668	204	435
1779088253482668	204	450
1779088253482669	204	458
1779088253482669	204	461
1779088253482669	204	463
1779088253482670	204	471
1779088253482670	204	482
1779088253482670	204	486
1779088253482671	204	493
1779088253482671	204	496
1779088253482671	204	499
1779088253482672	204	513
1779088253493268	204	190
1779088253493270	204	204
1779088253493270	204	219
1779088253493271	204	223
1779088253493271	204	225
1779088253493272	204	228
1779088253493272	204	236
1779088253493273	204	243
1779088253493273	204	250
1779088253493274	204	262
1779088253493274	204	265
1779088253493275	204	267
1779088253493275	204	274
1779088253493276	204	287
1779088253493276	204	290
1779088253493277	204	297
1779088253493277	204	300
1779088253493278	204	303
1779088253493278	204	305
1779088253493279	204	308
1779088253493279	204	311
1779088253493280	204	318
1779088253493280	204	321
1779088253493281	204	323
1779088253493281	204	326
1779088253493282	204	328
1779088253493282	204	331
1779088253493283	204	333
1779088253493283	204	336
1779088253493284	204	338
1779088253493284	204	353
1779088253502719	204	186
1779088253502720	204	195
1779088253502721	204	202
1779088253502721	204	210
1779088253502721	204	217
1779088253502722	204	224
1779088253502722	204	227
1779088253502723	204	233
1779088253502723	204	240
1779088253502724	204	247
1779088253502724	204	254
1779088253502725	204	260
1779088253502725	204	267
1779088253502726	204	270
1779088253502726	204	290
1779088253502727	204	299
1779088253502727	204	306
1779088253502728	204	309
1779088253502728	204	311
1779088253502729	204	314
1779088253502729	204	332
1779088253502730	204	335
1779088253502730	204	342
1779088253502731	204	349
1779088253502731	204	355
1779088253502732	204	363
1779088253502732	204	365
1779088253502733	204	380
1779088253502733	204	383
1779088253513206	204	193
1779088253513207	204	209
1779088253513208	204	211
1779088253513209	204	217
1779088253513209	204	223
1779088253513210	204	229
1779088253513210	204	231
1779088253513211	204	237
1779088253513211	204	239
1779088253513212	204	245
1779088253513213	204	247
1779088253513213	204	253
1779088253513214	204	255
1779088253513215	204	260
1779088253513216	204	276
1779088253513216	204	283
1779088253513217	204	285
1779088253513217	204	298
1779088253513218	204	304
1779088253513218	204	311
1779088253513219	204	317
1779088253513220	204	319
1779088253513220	204	325
1779088253513221	204	331
1779088253513221	204	334
1779088253513222	204	340
1779088253513222	204	346
1779088253513223	204	354
1779088253513224	204	361
1779088253513224	204	367
1779088253513225	204	383
1779088253522688	204	182
1779088253522689	204	194
1779088253522690	204	196
1779088253522690	204	202
1779088253522691	204	209
1779088253522691	204	216
1779088253522692	204	223
1779088253522692	204	226
1779088253522692	204	233
1779088253522693	204	239
1779088253522693	204	246
1779088253522694	204	253
1779088253522694	204	259
1779088253522695	204	262
1779088253522695	204	275
1779088253522696	204	300
1779088253522696	204	303
1779088253522697	204	311
1779088253522697	204	318
1779088253522698	204	325
1779088253522698	204	333
1779088253522699	204	336
1779088253522699	204	343
1779088253522700	204	346
1779088253522700	204	360
1779088253522701	204	363
1779088253522701	204	365
1779088253522702	204	368
1779088253522702	204	384
1779088253533172	204	198
1779088253533173	204	217
1779088253533173	204	221
1779088253533174	204	227
1779088253533174	204	229
1779088253533175	204	236
1779088253533175	204	238
1779088253533176	204	241
1779088253533176	204	248
1779088253533177	204	251
1779088253533177	204	254
1779088253533178	204	256
1779088253533178	204	263
1779088253533179	204	265
1779088253533179	204	283
1779088253533180	204	290
1779088253533180	204	293
1779088253533181	204	300
1779088253533181	204	302
1779088253533181	204	309
1779088253533182	204	317
1779088253533182	204	319
1779088253533183	204	327
1779088253533183	204	330
1779088253533184	204	332
1779088253533184	204	335
1779088253533185	204	338
1779088253533185	204	345
1779088253533186	204	352
1779088253533186	204	358
1779088253533187	204	373
1779088253542637	204	175
1779088253542638	204	183
1779088253542638	204	185
1779088253542639	204	192
1779088253542639	204	199
1779088253542640	204	206
1779088253542640	204	209
1779088253542641	204	216
1779088253542641	204	222
1779088253542642	204	229
1779088253542642	204	236
1779088253542643	204	238
1779088253542643	204	241
1779088253542644	204	243
1779088253542644	204	262
1779088253542645	204	284
1779088253542645	204	292
1779088253542646	204	295
1779088253542646	204	297
1779088253542647	204	299
1779088253542647	204	302
1779088253542648	204	309
1779088253542648	204	316
1779088253542648	204	322
1779088253542649	204	329
1779088253542649	204	331
1779088253542650	204	347
1779088253542650	204	350
1779088253542651	204	352
1779088253553088	204	199
1779088253553090	204	216
1779088253553090	204	223
1779088253553091	204	230
1779088253553091	204	236
1779088253553092	204	239
1779088253553092	204	242
1779088253553093	204	249
1779088253553093	204	255
1779088253553094	204	258
1779088253553094	204	275
1779088253553094	204	278
1779088253553095	204	280
1779088253553095	204	283
1779088253553096	204	286
1779088253553097	204	293
1779088253553097	204	300
1779088253553098	204	302
1779088253553098	204	309
1779088253553099	204	316
1779088253553099	204	319
1779088253553100	204	326
1779088253553100	204	328
1779088253553101	204	335
1779088253553101	204	342
1779088253553101	204	349
1779088253553102	204	351
1779088253553102	204	367
1779088253553103	204	370
1779088253553103	204	372
1779088253553104	204	374
1779088253562568	204	196
1779088253562569	204	207
1779088253562569	204	214
1779088253562570	204	221
1779088253562570	204	228
1779088253562571	204	235
1779088253562571	204	238
1779088253562572	204	244
1779088253562572	204	251
1779088253562573	204	254
1779088253562573	204	260
1779088253562574	204	267
1779088253562574	204	274
1779088253562575	204	277
1779088253562575	204	292
1779088253562576	204	299
1779088253562576	204	301
1779088253562577	204	307
1779088253562577	204	314
1779088253562578	204	321
1779088253562578	204	328
1779088253562579	204	331
1779088253562579	204	338
1779088253562580	204	340
1779088253562580	204	343
1779088253562581	204	346
1779088253562581	204	348
1779088253562582	204	363
1779088253573029	204	205
1779088253573030	204	221
1779088253573031	204	229
1779088253573031	204	237
1779088253573032	204	244
1779088253573032	204	246
1779088253573033	204	249
1779088253573033	204	252
1779088253573034	204	254
1779088253573034	204	261
1779088253573035	204	263
1779088253573035	204	270
1779088253573036	204	273
1779088253573036	204	280
1779088253573037	204	297
1779088253573037	204	305
1779088253573038	204	307
1779088253573038	204	309
1779088253573039	204	312
1779088253573039	204	319
1779088253573040	204	326
1779088253573040	204	333
1779088253573041	204	339
1779088253573041	204	346
1779088253573042	204	349
1779088253573042	204	352
1779088253573043	204	359
1779088253573043	204	362
1779088253573044	204	364
1779088253573044	204	371
1779088253573045	204	386
1779088253573046	204	389
1779088253582520	204	220
1779088253582522	204	239
1779088253582522	204	242
1779088253582523	204	249
1779088253582523	204	255
1779088253582524	204	262
1779088253582524	204	269
1779088253582525	204	276
1779088253582525	204	283
1779088253582526	204	290
1779088253582526	204	293
1779088253582527	204	300
1779088253582527	204	307
1779088253582528	204	309
1779088253582528	204	312
1779088253582529	204	319
1779088253582529	204	322
1779088253582530	204	324
1779088253582530	204	331
1779088253582531	204	338
1779088253582531	204	345
1779088253582532	204	352
1779088253582532	204	359
1779088253582533	204	366
1779088253582533	204	372
1779088253582534	204	379
1779088253582534	204	396
1779088253582535	204	399
1779088253593021	204	213
1779088253593022	204	232
1779088253593023	204	239
1779088253593023	204	241
1779088253593024	204	243
1779088253593024	204	246
1779088253593025	204	248
1779088253593025	204	255
1779088253593026	204	262
1779088253593026	204	269
1779088253593027	204	276
1779088253593027	204	282
1779088253593028	204	289
1779088253593028	204	298
1779088253593029	204	304
1779088253593029	204	331
1779088253593030	204	334
1779088253593030	204	346
1779088253593031	204	349
1779088253593031	204	356
1779088253593032	204	363
1779088253593032	204	366
1779088253593033	204	373
1779088253593033	204	380
1779088253593034	204	383
1779088253593034	204	389
1779088253593035	204	392
1779088253593035	204	399
1779088253593036	204	406
1779088253593036	204	408
1779088253593037	204	411
1779088253593037	204	435
1779088253602558	204	216
1779088253602560	204	233
1779088253602560	204	240
1779088253602561	204	247
1779088253602561	204	253
1779088253602562	204	260
1779088253602562	204	267
1779088253602563	204	270
1779088253602563	204	277
1779088253602564	204	280
1779088253602564	204	282
1779088253602564	204	285
1779088253602565	204	292
1779088253602565	204	295
1779088253602566	204	297
1779088253602566	204	300
1779088253602567	204	308
1779088253602567	204	315
1779088253602568	204	318
1779088253602568	204	338
1779088253602569	204	345
1779088253602569	204	348
1779088253602570	204	355
1779088253602570	204	362
1779088253602571	204	364
1779088253602571	204	371
1779088253602572	204	378
1779088253602572	204	384
1779088253613046	204	277
1779088253613048	204	296
1779088253613048	204	299
1779088253613059	204	291
1779088253613060	204	299
1779088253613060	204	306
1779088253613061	204	309
1779088253613061	204	312
1779088253613061	204	319
1779088253613062	204	330
1779088253613062	204	338
1779088253613062	204	360
1779088253613063	204	363
1779088253613063	204	366
1779088253613063	204	368
1779088253613064	204	376
1779088253613064	204	378
1779088253613065	204	384
1779088253613065	204	392
1779088253613065	204	395
1779088253613066	204	397
1779088253613066	204	405
1779088253613066	204	412
1779088253613067	204	419
1779088253613067	204	427
1779088253613067	204	438
1779088253613068	204	446
1779088253613068	204	449
1779088253613069	204	451
1779088253613069	204	454
1779088253613069	204	468
1779088253613070	204	471
1779088253622625	204	168
1779088253622626	204	181
1779088253622627	204	183
1779088253622627	204	189
1779088253622628	204	195
1779088253622629	204	203
1779088253622629	204	211
1779088253622629	204	218
1779088253622630	204	221
1779088253622630	204	224
1779088253622631	204	231
1779088253622631	204	234
1779088253622632	204	240
1779088253622632	204	254
1779088253622633	204	257
1779088253622633	204	264
1779088253622634	204	266
1779088253622634	204	274
1779088253622635	204	281
1779088253622635	204	284
1779088253622636	204	287
1779088253622636	204	293
1779088253622637	204	300
1779088253622637	204	303
1779088253622638	204	310
1779088253622638	204	312
1779088253622639	204	315
1779088253622639	204	318
1779088253622640	204	339
1779088253633076	204	201
1779088253633077	204	218
1779088253633078	204	225
1779088253633078	204	232
1779088253633079	204	240
1779088253633079	204	247
1779088253633080	204	253
1779088253633080	204	261
1779088253633081	204	269
1779088253633081	204	276
1779088253633082	204	279
1779088253633082	204	285
1779088253633083	204	292
1779088253633084	204	309
1779088253633084	204	312
1779088253633085	204	320
1779088253633085	204	335
1779088253633086	204	338
1779088253633086	204	345
1779088253633087	204	352
1779088253633087	204	359
1779088253633088	204	362
1779088253633088	204	364
1779088253633089	204	367
1779088253633089	204	370
1779088253633090	204	372
1779088253633090	204	379
1779088253633090	204	382
1779088253633091	204	396
1779088253633091	204	399
1779088253633092	204	401
1779088253642578	204	212
1779088253642579	204	228
1779088253642579	204	231
1779088253642580	204	238
1779088253642581	204	239
1779088253642581	204	246
1779088253642582	204	254
1779088253642582	204	261
1779088253642583	204	268
1779088253642583	204	275
1779088253642584	204	277
1779088253642584	204	284
1779088253642585	204	287
1779088253642585	204	293
1779088253642586	204	301
1779088253642586	204	304
1779088253642587	204	306
1779088253642587	204	313
1779088253642588	204	315
1779088253642588	204	317
1779088253642589	204	326
1779088253642589	204	329
1779088253642590	204	336
1779088253642590	204	342
1779088253642591	204	350
1779088253642591	204	357
1779088253642592	204	364
1779088253642592	204	371
1779088253653040	204	174
1779088253653041	204	186
1779088253653042	204	192
1779088253653042	204	199
1779088253653043	204	206
1779088253653043	204	209
1779088253653044	204	212
1779088253653044	204	218
1779088253653045	204	225
1779088253653045	204	232
1779088253653046	204	239
1779088253653046	204	241
1779088253653047	204	259
1779088253653047	204	262
1779088253653048	204	274
1779088253653048	204	282
1779088253653058	204	275
1779088253653059	204	282
1779088253653059	204	289
1779088253653060	204	292
1779088253653060	204	299
1779088253653061	204	301
1779088253653061	204	309
1779088253653062	204	316
1779088253653062	204	322
1779088253653063	204	329
1779088253653063	204	332
1779088253653064	204	334
1779088253653064	204	341
1779088253653065	204	344
1779088253653065	204	360
1779088253653066	204	362
1779088253662517	204	195
1779088253662518	204	205
1779088253662518	204	213
1779088253662519	204	216
1779088253662519	204	219
1779088253662520	204	225
1779088253662520	204	232
1779088253662520	204	235
1779088253662521	204	242
1779088253662521	204	249
1779088253662522	204	261
1779088253662522	204	268
1779088253662523	204	271
1779088253662523	204	278
1779088253662523	204	281
1779088253662524	204	284
1779088253662524	204	287
1779088253662525	204	289
1779088253662525	204	292
1779088253662525	204	298
1779088253662526	204	300
1779088253662527	204	307
1779088253662527	204	314
1779088253662528	204	321
1779088253662528	204	324
1779088253662528	204	326
1779088253662529	204	329
1779088253662529	204	347
1779088253672963	204	233
1779088253672965	204	244
1779088253672965	204	246
1779088253672966	204	248
1779088253672966	204	255
1779088253672967	204	260
1779088253672967	204	262
1779088253672967	204	268
1779088253672968	204	271
1779088253672968	204	273
1779088253672970	204	278
1779088253672970	204	280
1779088253672971	204	286
1779088253672971	204	292
1779088253672971	204	308
1779088253672972	204	320
1779088253672972	204	334
1779088253672973	204	337
1779088253672973	204	339
1779088253672974	204	342
1779088253672974	204	349
1779088253672975	204	352
1779088253672975	204	355
1779088253672976	204	357
1779088253672976	204	360
1779088253672977	204	367
1779088253672977	204	373
1779088253672978	204	380
1779088253672978	204	383
1779088253672979	204	389
1779088253672979	204	392
1779088253672980	204	406
1779088253682467	204	216
1779088253682468	204	231
1779088253682468	204	233
1779088253682469	204	236
1779088253682469	204	242
1779088253682470	204	244
1779088253682470	204	250
1779088253682471	204	253
1779088253682471	204	260
1779088253682472	204	266
1779088253682472	204	269
1779088253682473	204	271
1779088253682473	204	278
1779088253682474	204	286
1779088253682474	204	288
1779088253682475	204	291
1779088253682475	204	293
1779088253682476	204	296
1779088253682476	204	303
1779088253682477	204	306
1779088253682477	204	308
1779088253682478	204	314
1779088253682478	204	317
1779088253682479	204	324
1779088253682479	204	326
1779088253682480	204	329
1779088253682480	204	332
1779088253682481	204	348
1779088253692911	204	199
1779088253692912	204	210
1779088253692913	204	218
1779088253692913	204	225
1779088253692914	204	227
1779088253692914	204	233
1779088253692915	204	240
1779088253692915	204	248
1779088253692916	204	254
1779088253692916	204	261
1779088253692917	204	264
1779088253692917	204	271
1779088253692918	204	278
1779088253692918	204	297
1779088253692919	204	299
1779088253692919	204	307
1779088253692920	204	309
1779088253692920	204	312
1779088253692921	204	315
1779088253692921	204	322
1779088253692922	204	328
1779088253692922	204	331
1779088253692923	204	334
1779088253692923	204	341
1779088253692924	204	348
1779088253692924	204	354
1779088253692925	204	361
1779088253692925	204	364
1779088253692926	204	371
1779088253692926	204	377
1779088253692927	204	393
1779088253702401	204	191
1779088253702402	204	205
1779088253702403	204	207
1779088253702404	204	209
1779088253702404	204	214
1779088253702404	204	221
1779088253702405	204	228
1779088253702406	204	231
1779088253702406	204	233
1779088253702406	204	240
1779088253702407	204	243
1779088253702407	204	245
1779088253702408	204	252
1779088253702408	204	255
1779088253702409	204	270
1779088253702409	204	282
1779088253702410	204	285
1779088253702410	204	287
1779088253702411	204	289
1779088253702411	204	297
1779088253702412	204	304
1779088253702412	204	307
1779088253702413	204	309
1779088253702413	204	316
1779088253702414	204	323
1779088253702414	204	329
1779088253702415	204	344
1779088253702415	204	355
1779088253702416	204	357
1779088253712857	204	204
1779088253712858	204	219
1779088253712859	204	222
1779088253712859	204	224
1779088253712860	204	226
1779088253712860	204	228
1779088253712861	204	235
1779088253712861	204	238
1779088253712862	204	245
1779088253712862	204	252
1779088253712863	204	259
1779088253712863	204	262
1779088253712864	204	268
1779088253712864	204	275
1779088253712865	204	288
1779088253712865	204	297
1779088253712866	204	318
1779088253712866	204	321
1779088253712867	204	324
1779088253712867	204	326
1779088253712868	204	329
1779088253712868	204	336
1779088253712869	204	338
1779088253712869	204	345
1779088253712870	204	348
1779088253712870	204	361
1779088253712871	204	364
1779088253712871	204	367
1779088253712872	204	370
1779088253712872	204	372
1779088253712873	204	375
1779088253722328	204	199
1779088253722329	204	213
1779088253722330	204	219
1779088253722330	204	221
1779088253722331	204	223
1779088253722331	204	229
1779088253722332	204	236
1779088253722332	204	239
1779088253722333	204	246
1779088253722333	204	249
1779088253722334	204	251
1779088253722334	204	254
1779088253722335	204	261
1779088253722335	204	268
1779088253722336	204	284
1779088253722336	204	292
1779088253722337	204	294
1779088253722339	204	295
1779088253722340	204	297
1779088253722340	204	299
1779088253722341	204	302
1779088253722341	204	309
1779088253722342	204	316
1779088253722342	204	323
1779088253722343	204	326
1779088253722343	204	332
1779088253722344	204	339
1779088253722344	204	342
1779088253722344	204	356
1779088253732780	204	195
1779088253732781	204	204
1779088253732781	204	213
1779088253732782	204	220
1779088253732782	204	227
1779088253732783	204	234
1779088253732783	204	237
1779088253732784	204	245
1779088253732784	204	247
1779088253732785	204	255
1779088253732785	204	257
1779088253732786	204	275
1779088253732786	204	293
1779088253732787	204	296
1779088253732787	204	298
1779088253732788	204	305
1779088253732788	204	308
1779088253732788	204	311
1779088253732789	204	318
1779088253732789	204	325
1779088253732790	204	327
1779088253732790	204	330
1779088253732791	204	338
1779088253732791	204	340
1779088253732792	204	343
1779088253732792	204	346
1779088253732793	204	352
1779088253732793	204	355
1779088253732794	204	369
1779088253732794	204	372
1779088253732795	204	375
1779088253743258	204	207
1779088253743259	204	216
1779088253743260	204	219
1779088253743260	204	226
1779088253743261	204	228
1779088253743262	204	234
1779088253743262	204	237
1779088253743263	204	244
1779088253743263	204	251
1779088253743264	204	257
1779088253743264	204	275
1779088253743265	204	278
1779088253743265	204	280
1779088253743265	204	283
1779088253743266	204	286
1779088253743266	204	294
1779088253743267	204	296
1779088253743267	204	299
1779088253743268	204	301
1779088253743268	204	303
1779088253743269	204	306
1779088253743269	204	308
1779088253743270	204	315
1779088253743270	204	318
1779088253743271	204	321
1779088253743271	204	328
1779088253743272	204	330
1779088253743272	204	337
1779088253743273	204	344
1779088253743273	204	347
1779088253743274	204	361
1779088253752728	204	235
1779088253752729	204	260
1779088253752730	204	269
1779088253752730	204	273
1779088253752731	204	280
1779088253752731	204	288
1779088253752732	204	291
1779088253752732	204	294
1779088253752733	204	301
1779088253752733	204	309
1779088253752734	204	312
1779088253752734	204	326
1779088253752735	204	335
1779088253752735	204	342
1779088253752736	204	361
1779088253752736	204	424
1779088253752737	204	428
1779088253752737	204	431
1779088253752738	204	439
1779088253752738	204	446
1779088253752739	204	454
1779088253752739	204	457
1779088253752740	204	475
1779088253752740	204	478
1779088253752741	204	485
1779088253752741	204	488
1779088253752741	204	490
1779088253752742	204	504
1779088253752743	204	506
1779088253762335	204	195
1779088253762337	204	209
1779088253762337	204	214
1779088253762338	204	216
1779088253762338	204	217
1779088253762339	204	222
1779088253762339	204	226
1779088253762340	204	227
1779088253762340	204	231
1779088253762341	204	235
1779088253762341	204	237
1779088253762342	204	247
1779088253762342	204	249
1779088253762343	204	257
1779088253762343	204	273
1779088253762344	204	281
1779088253762344	204	283
1779088253762345	204	291
1779088253762345	204	297
1779088253762346	204	298
1779088253762346	204	300
1779088253762347	204	304
1779088253762347	204	306
1779088253762348	204	310
1779088253762348	204	312
1779088253762349	204	314
1779088253762349	204	329
1779088253762350	204	332
1779088253762350	204	334
1779088253772773	204	212
1779088253772775	204	228
1779088253772775	204	238
1779088253772776	204	246
1779088253772776	204	254
1779088253772777	204	262
1779088253772778	204	269
1779088253772778	204	288
1779088253772778	204	296
1779088253772779	204	303
1779088253772780	204	318
1779088253772780	204	321
1779088253772781	204	329
1779088253772781	204	332
1779088253772782	204	335
1779088253772782	204	408
1779088253772782	204	425
1779088253772783	204	433
1779088253772783	204	441
1779088253772784	204	444
1779088253772784	204	447
1779088253772785	204	454
1779088253772785	204	457
1779088253772786	204	459
1779088253772786	204	461
1779088253772787	204	463
1779088253772787	204	478
1779088253772788	204	486
1779088253772788	204	500
1779088253772789	204	508
1779088253772789	204	523
1779088253782403	204	188
1779088253782404	204	201
1779088253782405	204	206
1779088253782405	204	210
1779088253782406	204	214
1779088253782406	204	218
1779088253782407	204	219
1779088253782408	204	223
1779088253782408	204	228
1779088253782409	204	231
1779088253782409	204	235
1779088253782410	204	239
1779088253782410	204	249
1779088253782411	204	254
1779088253782411	204	264
1779088253782412	204	300
1779088253782412	204	305
1779088253782412	204	307
1779088253782413	204	311
1779088253782413	204	316
1779088253782414	204	327
1779088253782414	204	328
1779088253782415	204	330
1779088253782415	204	335
1779088253782416	204	339
1779088253782416	204	342
1779088253782417	204	345
1779088253782417	204	358
1779088253782418	204	361
1779088253792868	204	233
1779088253792869	204	256
1779088253792870	204	264
1779088253792870	204	268
1779088253792871	204	270
1779088253792872	204	277
1779088253792872	204	285
1779088253792873	204	293
1779088253792873	204	296
1779088253792874	204	304
1779088253792874	204	312
1779088253792875	204	319
1779088253792875	204	327
1779088253792876	204	335
1779088253792876	204	355
1779088253792877	204	432
1779088253792877	204	448
1779088253792878	204	452
1779088253792878	204	459
1779088253792879	204	467
1779088253792880	204	474
1779088253792880	204	482
1779088253792880	204	490
1779088253792881	204	493
1779088253792881	204	500
1779088253792882	204	508
1779088253792882	204	515
1779088253792883	204	535
1779088253792884	204	542
1779088253792884	204	545
1779088253792885	204	559
1779088253802529	204	201
1779088253802531	204	218
1779088253802531	204	220
1779088253802532	204	221
1779088253802532	204	222
1779088253802533	204	223
1779088253802534	204	226
1779088253802534	204	230
1779088253802535	204	240
1779088253802535	204	245
1779088253802536	204	246
1779088253802536	204	250
1779088253802537	204	258
1779088253802537	204	262
1779088253802538	204	264
1779088253802538	204	304
1779088253802539	204	310
1779088253802539	204	312
1779088253802540	204	320
1779088253802540	204	324
1779088253802541	204	326
1779088253802541	204	327
1779088253802542	204	329
1779088253802543	204	330
1779088253802543	204	331
1779088253802543	204	333
1779088253802544	204	338
1779088253802544	204	341
1779088253802545	204	355
1779088253812980	204	206
1779088253812981	204	225
1779088253812982	204	233
1779088253812982	204	235
1779088253812983	204	243
1779088253812983	204	246
1779088253812984	204	253
1779088253812984	204	261
1779088253812984	204	269
1779088253812985	204	271
1779088253812986	204	278
1779088253812986	204	298
1779088253812986	204	307
1779088253812987	204	321
1779088253812987	204	324
1779088253812988	204	391
1779088253812988	204	397
1779088253812989	204	405
1779088253812989	204	408
1779088253812990	204	411
1779088253812990	204	418
1779088253812991	204	425
1779088253812991	204	443
1779088253812992	204	451
1779088253812992	204	454
1779088253812993	204	457
1779088253812993	204	476
1779088253812994	204	479
1779088253812994	204	485
1779088253812995	204	487
1779088253812995	204	490
1779088253812996	204	501
1779088253822576	204	204
1779088253822577	204	217
1779088253822578	204	218
1779088253822578	204	223
1779088253822579	204	227
1779088253822579	204	229
1779088253822580	204	233
1779088253822580	204	237
1779088253822581	204	241
1779088253822581	204	243
1779088253822582	204	244
1779088253822582	204	256
1779088253822583	204	259
1779088253822583	204	261
1779088253822584	204	264
1779088253822584	204	308
1779088253822585	204	317
1779088253822585	204	320
1779088253822586	204	325
1779088253822586	204	329
1779088253822587	204	330
1779088253822587	204	332
1779088253822588	204	336
1779088253822588	204	337
1779088253822589	204	342
1779088253822589	204	349
1779088253822589	204	365
1779088253822590	204	368
1779088253833043	204	242
1779088253833045	204	265
1779088253833045	204	273
1779088253833046	204	277
1779088253833046	204	284
1779088253833047	204	292
1779088253833047	204	295
1779088253833048	204	314
1779088253833048	204	322
1779088253833049	204	325
1779088253833062	204	315
1779088253833063	204	323
1779088253833063	204	326
1779088253833063	204	340
1779088253833064	204	348
1779088253833065	204	405
1779088253833065	204	409
1779088253833066	204	423
1779088253833066	204	427
1779088253833067	204	429
1779088253833067	204	436
1779088253833068	204	439
1779088253833068	204	447
1779088253833069	204	460
1779088253833069	204	464
1779088253833070	204	471
1779088253833070	204	474
1779088253833071	204	476
1779088253833071	204	479
1779088253833072	204	493
1779088253833072	204	496
1779088253833073	204	498
1779088253842653	204	188
1779088253842654	204	201
1779088253842655	204	206
1779088253842656	204	207
1779088253842656	204	212
1779088253842657	204	216
1779088253842657	204	221
1779088253842657	204	222
1779088253842658	204	226
1779088253842658	204	227
1779088253842659	204	229
1779088253842659	204	233
1779088253842660	204	249
1779088253842660	204	253
1779088253842661	204	255
1779088253842661	204	294
1779088253842662	204	296
1779088253842663	204	300
1779088253842663	204	302
1779088253842664	204	306
1779088253842664	204	310
1779088253842665	204	315
1779088253842665	204	316
1779088253842666	204	318
1779088253842666	204	322
1779088253842667	204	325
1779088253842667	204	329
1779088253842668	204	335
1779088253842668	204	351
1779088253853114	204	247
1779088253853115	204	333
1779088253853116	204	349
1779088253853117	204	356
1779088253853118	204	362
1779088253853118	204	367
1779088253853119	204	369
1779088253853120	204	375
1779088253853121	204	380
1779088253853122	204	386
1779088253853123	204	387
1779088253853123	204	388
1779088253853124	204	391
1779088253853125	204	394
1779088253853126	204	415
1779088253853127	204	454
1779088253853128	204	458
1779088253853128	204	460
1779088253853129	204	467
1779088253853130	204	469
1779088253853131	204	476
1779088253853132	204	484
1779088253853132	204	486
1779088253853133	204	489
1779088253853134	204	491
1779088253853135	204	507
1779088253853136	204	510
1779088253853136	204	512
1779088253853137	204	514
1779088253853138	204	516
1779088253853139	204	518
1779088253862724	204	200
1779088253862725	204	214
1779088253862726	204	219
1779088253862726	204	223
1779088253862727	204	234
1779088253862727	204	235
1779088253862728	204	239
1779088253862728	204	240
1779088253862729	204	244
1779088253862729	204	248
1779088253862730	204	256
1779088253862730	204	260
1779088253862731	204	261
1779088253862731	204	274
1779088253862732	204	275
1779088253862732	204	397
1779088253862733	204	406
1779088253862733	204	426
1779088253862734	204	431
1779088253862734	204	457
1779088253862735	204	459
1779088253862735	204	461
1779088253862736	204	476
1779088253862737	204	478
1779088253862737	204	484
1779088253862738	204	485
1779088253862738	204	486
1779088253862738	204	488
1779088253862739	204	497
1779088253872314	204	240
1779088253872315	204	252
1779088253872316	204	274
1779088253872316	204	276
1779088253872317	204	279
1779088253872317	204	281
1779088253872318	204	287
1779088253872318	204	291
1779088253872319	204	292
1779088253872319	204	309
1779088253872320	204	310
1779088253872320	204	311
1779088253872321	204	315
1779088253872321	204	321
1779088253872322	204	323
1779088253872322	204	327
1779088253872323	204	328
1779088253872323	204	329
1779088253872324	204	331
1779088253872324	204	343
1779088253872325	204	349
1779088253872325	204	351
1779088253872326	204	357
1779088253872326	204	362
1779088253872327	204	365
1779088253872327	204	367
1779088253872327	204	372
1779088253872328	204	378
1779088253872329	204	391
1779088253882803	204	210
1779088253882805	204	234
1779088253882805	204	257
1779088253882806	204	260
1779088253882806	204	268
1779088253882807	204	271
1779088253882807	204	274
1779088253882808	204	281
1779088253882808	204	288
1779088253882809	204	298
1779088253882809	204	305
1779088253882810	204	308
1779088253882810	204	310
1779088253882811	204	313
1779088253882811	204	336
1779088253882812	204	361
1779088253882812	204	366
1779088253882813	204	382
1779088253882813	204	391
1779088253882814	204	398
1779088253882814	204	401
1779088253882815	204	410
1779088253882815	204	423
1779088253882816	204	431
1779088253882816	204	434
1779088253882817	204	436
1779088253882817	204	439
1779088253882818	204	441
1779088253882818	204	444
1779088253882819	204	451
1779088253882819	204	467
1779088253892367	204	234
1779088253892368	204	1508
1779088253892369	204	1514
1779088253892370	204	1516
1779088253892370	204	1519
1779088253892371	204	1520
1779088253892371	204	1524
1779088253892371	204	1528
1779088253892372	204	1531
1779088253892373	204	1533
1779088253892373	204	1536
1779088253892374	204	1537
1779088253892374	204	1538
1779088253892375	204	1541
1779088253892375	204	1543
1779088253892376	204	1546
1779088253892376	204	1549
1779088253892377	204	1551
1779088253892377	204	1554
1779088253892378	204	1558
1779088253892378	204	1559
1779088253892379	204	1562
1779088253892379	204	1563
1779088253892380	204	1567
1779088253892380	204	1568
1779088253892381	204	1569
1779088253892381	204	1570
1779088253892382	204	1573
1779088253892382	204	1584
1779088253903064	204	205
1779088253903066	204	220
1779088253903066	204	224
1779088253903067	204	229
1779088253903067	204	232
1779088253903068	204	236
1779088253903069	204	246
1779088253903069	204	248
1779088253903070	204	249
1779088253903070	204	255
1779088253903071	204	259
1779088253903071	204	284
1779088253903072	204	294
1779088253903072	204	299
1779088253903073	204	323
1779088253903073	204	397
1779088253903074	204	399
1779088253903074	204	403
1779088253903075	204	412
1779088253903075	204	416
1779088253903076	204	417
1779088253903076	204	441
1779088253903077	204	443
1779088253903077	204	445
1779088253903078	204	449
1779088253903078	204	457
1779088253903079	204	462
1779088253903079	204	463
1779088253903080	204	464
1779088253903080	204	466
1779088253903081	204	474
1779088253903081	204	481
1779088253912646	204	258
1779088253912648	204	278
1779088253912649	204	280
1779088253912649	204	283
1779088253912650	204	289
1779088253912651	204	290
1779088253912651	204	292
1779088253912652	204	298
1779088253912653	204	303
1779088253912653	204	305
1779088253912654	204	311
1779088253912655	204	316
1779088253912655	204	322
1779088253912656	204	324
1779088253912657	204	350
1779088253912657	204	389
1779088253912658	204	416
1779088253912659	204	421
1779088253912660	204	428
1779088253912660	204	432
1779088253912661	204	452
1779088253912662	204	459
1779088253912663	204	461
1779088253912664	204	462
1779088253912664	204	463
1779088253912665	204	470
1779088253912666	204	474
1779088253912667	204	492
1779088253912668	204	497
1779088253923241	204	177
1779088253923243	204	189
1779088253923243	204	193
1779088253923244	204	195
1779088253923244	204	197
1779088253923245	204	201
1779088253923245	204	203
1779088253923246	204	207
1779088253923246	204	212
1779088253923247	204	213
1779088253923247	204	217
1779088253923248	204	221
1779088253923248	204	223
1779088253923249	204	226
1779088253923249	204	235
1779088253923250	204	284
1779088253923250	204	289
1779088253923251	204	294
1779088253923251	204	295
1779088253923252	204	300
1779088253923252	204	301
1779088253923253	204	312
1779088253923253	204	317
1779088253923254	204	321
1779088253923254	204	325
1779088253923255	204	326
1779088253923255	204	330
1779088253923256	204	335
1779088253923256	204	336
1779088253923257	204	347
1779088253923257	204	349
1779088253932689	204	202
1779088253932690	204	214
1779088253932691	204	216
1779088253932691	204	220
1779088253932692	204	225
1779088253932692	204	228
1779088253932693	204	230
1779088253932693	204	232
1779088253932694	204	236
1779088253932694	204	239
1779088253932695	204	243
1779088253932695	204	245
1779088253932696	204	246
1779088253932697	204	259
1779088253932697	204	260
1779088253932698	204	298
1779088253932698	204	300
1779088253932699	204	302
1779088253932699	204	306
1779088253932700	204	315
1779088253932700	204	317
1779088253932701	204	322
1779088253932701	204	326
1779088253932702	204	327
1779088253932702	204	328
1779088253932703	204	330
1779088253932703	204	334
1779088253932704	204	344
1779088253932704	204	358
1779088253943153	204	196
1779088253943155	204	255
1779088253943155	204	267
1779088253943156	204	272
1779088253943157	204	276
1779088253943157	204	280
1779088253943157	204	284
1779088253943158	204	286
1779088253943158	204	290
1779088253943159	204	295
1779088253943159	204	297
1779088253943160	204	301
1779088253943160	204	303
1779088253943161	204	307
1779088253943161	204	311
1779088253943162	204	315
1779088253943162	204	316
1779088253943163	204	320
1779088253943163	204	321
1779088253943164	204	324
1779088253943164	204	328
1779088253943165	204	334
1779088253943165	204	339
1779088253943166	204	341
1779088253943166	204	345
1779088253943167	204	346
1779088253943167	204	347
1779088253943168	204	351
1779088253943168	204	353
1779088253943169	204	357
1779088253943169	204	370
1779088253952624	204	210
1779088253952625	204	226
1779088253952626	204	228
1779088253952626	204	232
1779088253952627	204	236
1779088253952627	204	250
1779088253952628	204	255
1779088253952628	204	256
1779088253952629	204	258
1779088253952629	204	259
1779088253952630	204	260
1779088253952630	204	262
1779088253952631	204	263
1779088253952631	204	264
1779088253952632	204	266
1779088253952632	204	318
1779088253952633	204	324
1779088253952634	204	327
1779088253952635	204	337
1779088253952636	204	338
1779088253952636	204	340
1779088253952637	204	341
1779088253952637	204	342
1779088253952638	204	344
1779088253952638	204	345
1779088253952639	204	350
1779088253952639	204	351
1779088253952639	204	360
1779088253952640	204	361
1779088253963090	204	198
1779088253963092	204	213
1779088253963092	204	217
1779088253963093	204	222
1779088253963093	204	224
1779088253963094	204	228
1779088253963094	204	232
1779088253963095	204	233
1779088253963095	204	237
1779088253963096	204	242
1779088253963096	204	243
1779088253963097	204	248
1779088253963097	204	253
1779088253963098	204	262
1779088253963098	204	267
1779088253963099	204	329
1779088253963099	204	340
1779088253963100	204	342
1779088253963100	204	343
1779088253963101	204	345
1779088253963101	204	350
1779088253963102	204	354
1779088253963102	204	359
1779088253963103	204	363
1779088253963103	204	364
1779088253963104	204	366
1779088253963104	204	369
1779088253963105	204	373
1779088253963105	204	383
1779088253963106	204	385
1779088253963106	204	386
1779088253972569	204	176
1779088253972571	204	188
1779088253972571	204	197
1779088253972572	204	200
1779088253972572	204	205
1779088253972573	204	206
1779088253972573	204	208
1779088253972574	204	212
1779088253972574	204	213
1779088253972575	204	215
1779088253972575	204	218
1779088253972576	204	223
1779088253972576	204	236
1779088253972577	204	240
1779088253972577	204	248
1779088253972578	204	313
1779088253972578	204	334
1779088253972579	204	336
1779088253972579	204	337
1779088253972580	204	339
1779088253972580	204	340
1779088253972581	204	341
1779088253972581	204	343
1779088253972582	204	347
1779088253972582	204	351
1779088253972583	204	355
1779088253972583	204	357
1779088253972584	204	366
1779088253983038	204	244
1779088253983040	204	260
1779088253983040	204	262
1779088253983041	204	266
1779088253983041	204	270
1779088253983042	204	276
1779088253983042	204	288
1779088253983043	204	290
1779088253983043	204	294
1779088253983044	204	298
1779088253983045	204	302
1779088253983045	204	303
1779088253983046	204	304
1779088253983046	204	309
1779088253983047	204	322
1779088253983047	204	366
1779088253983048	204	368
1779088253983048	204	373
1779088253983049	204	383
1779088253983049	204	385
1779088253983050	204	389
1779088253983060	204	381
1779088253983060	204	382
1779088253983061	204	387
1779088253983061	204	388
1779088253983062	204	390
1779088253983062	204	391
1779088253983063	204	395
1779088253983063	204	396
1779088253983064	204	398
1779088253983064	204	399
1779088253983066	204	407
1779088253992562	204	257
1779088253992563	204	281
1779088253992564	204	287
1779088253992565	204	294
1779088253992565	204	300
1779088253992566	204	305
1779088253992567	204	311
1779088253992568	204	317
1779088253992568	204	322
1779088253992569	204	328
1779088253992569	204	334
1779088253992570	204	359
1779088253992571	204	361
1779088253992571	204	368
1779088253992572	204	381
1779088253992573	204	453
1779088253992573	204	457
1779088253992574	204	460
1779088253992575	204	462
1779088253992575	204	469
1779088253992576	204	487
1779088253992577	204	495
1779088253992577	204	502
1779088253992578	204	505
1779088253992579	204	507
1779088253992579	204	510
1779088253992580	204	513
1779088253992580	204	527
1779088254003194	204	200
1779088254003196	204	211
1779088254003196	204	214
1779088254003197	204	222
1779088254003197	204	229
1779088254003198	204	232
1779088254003198	204	234
1779088254003199	204	237
1779088254003199	204	244
1779088254003200	204	251
1779088254003201	204	257
1779088254003201	204	264
1779088254003202	204	267
1779088254003202	204	285
1779088254003203	204	288
1779088254003203	204	314
1779088254003203	204	323
1779088254003204	204	326
1779088254003205	204	333
1779088254003205	204	336
1779088254003206	204	343
1779088254003206	204	350
1779088254003207	204	353
1779088254003207	204	359
1779088254003208	204	366
1779088254003208	204	369
1779088254003209	204	372
1779088254003209	204	379
1779088254003210	204	381
1779088254003210	204	388
1779088254003211	204	395
1779088254003211	204	412
1779088254012712	204	186
1779088254012714	204	205
1779088254012714	204	208
1779088254012715	204	215
1779088254012715	204	217
1779088254012716	204	219
1779088254012716	204	226
1779088254012717	204	229
1779088254012717	204	235
1779088254012717	204	238
1779088254012718	204	241
1779088254012719	204	243
1779088254012719	204	250
1779088254012719	204	257
1779088254012720	204	272
1779088254012721	204	292
1779088254012721	204	299
1779088254012721	204	307
1779088254012722	204	313
1779088254012722	204	316
1779088254012723	204	323
1779088254012723	204	341
1779088254012724	204	350
1779088254012724	204	356
1779088254012725	204	359
1779088254012725	204	366
1779088254012726	204	369
1779088254012726	204	371
1779088254012727	204	388
1779088254023196	204	172
1779088254023197	204	185
1779088254023198	204	191
1779088254023198	204	197
1779088254023199	204	203
1779088254023199	204	210
1779088254023200	204	212
1779088254023200	204	214
1779088254023200	204	220
1779088254023201	204	228
1779088254023201	204	236
1779088254023202	204	242
1779088254023202	204	249
1779088254023203	204	256
1779088254023203	204	274
1779088254023204	204	308
1779088254023204	204	315
1779088254023205	204	318
1779088254023205	204	330
1779088254023206	204	338
1779088254023206	204	340
1779088254023207	204	343
1779088254023207	204	346
1779088254023208	204	353
1779088254023208	204	360
1779088254023209	204	363
1779088254023209	204	365
1779088254023210	204	368
1779088254023210	204	375
1779088254023211	204	382
1779088254023211	204	396
1779088254032691	204	202
1779088254032692	204	217
1779088254032693	204	224
1779088254032693	204	226
1779088254032694	204	228
1779088254032694	204	230
1779088254032695	204	236
1779088254032695	204	239
1779088254032696	204	242
1779088254032696	204	245
1779088254032697	204	252
1779088254032697	204	254
1779088254032698	204	261
1779088254032698	204	278
1779088254032699	204	280
1779088254032699	204	287
1779088254032700	204	290
1779088254032701	204	297
1779088254032701	204	315
1779088254032702	204	322
1779088254032702	204	330
1779088254032703	204	337
1779088254032703	204	340
1779088254032704	204	342
1779088254032704	204	345
1779088254032705	204	364
1779088254032705	204	386
1779088254032706	204	389
1779088254032706	204	391
1779088254043195	204	221
1779088254043196	204	237
1779088254043197	204	240
1779088254043198	204	242
1779088254043198	204	248
1779088254043199	204	255
1779088254043199	204	261
1779088254043200	204	264
1779088254043200	204	266
1779088254043201	204	268
1779088254043201	204	270
1779088254043202	204	276
1779088254043203	204	281
1779088254043204	204	297
1779088254043204	204	300
1779088254043205	204	315
1779088254043205	204	318
1779088254043206	204	325
1779088254043207	204	332
1779088254043207	204	345
1779088254043208	204	348
1779088254043208	204	350
1779088254043209	204	357
1779088254043209	204	360
1779088254043210	204	363
1779088254043211	204	365
1779088254043211	204	372
1779088254043212	204	381
1779088254043212	204	387
1779088254043213	204	394
1779088254043214	204	409
1779088254052699	204	163
1779088254052700	204	175
1779088254052701	204	178
1779088254052702	204	184
1779088254052702	204	186
1779088254052703	204	192
1779088254052703	204	198
1779088254052703	204	205
1779088254052704	204	212
1779088254052704	204	214
1779088254052705	204	216
1779088254052705	204	222
1779088254052706	204	224
1779088254052706	204	241
1779088254052707	204	244
1779088254052707	204	269
1779088254052708	204	277
1779088254052708	204	280
1779088254052709	204	283
1779088254052709	204	285
1779088254052710	204	288
1779088254052710	204	291
1779088254052711	204	298
1779088254052711	204	305
1779088254052712	204	320
1779088254052712	204	322
1779088254052713	204	325
1779088254052713	204	328
1779088254052714	204	330
1779088254063142	204	204
1779088254063144	204	221
1779088254063144	204	228
1779088254063145	204	230
1779088254063145	204	237
1779088254063146	204	239
1779088254063147	204	242
1779088254063147	204	245
1779088254063148	204	252
1779088254063148	204	254
1779088254063149	204	257
1779088254063149	204	259
1779088254063150	204	266
1779088254063150	204	284
1779088254063151	204	287
1779088254063151	204	294
1779088254063152	204	302
1779088254063152	204	309
1779088254063153	204	316
1779088254063153	204	319
1779088254063154	204	326
1779088254063154	204	334
1779088254063155	204	340
1779088254063155	204	343
1779088254063156	204	346
1779088254063156	204	348
1779088254063157	204	355
1779088254063157	204	362
1779088254063158	204	368
1779088254063158	204	371
1779088254063159	204	387
1779088254072643	204	276
1779088254072645	204	374
1779088254072645	204	385
1779088254072646	204	394
1779088254072647	204	397
1779088254072647	204	399
1779088254072649	204	401
1779088254072649	204	416
1779088254072650	204	424
1779088254072651	204	434
1779088254072652	204	441
1779088254072652	204	458
1779088254072653	204	462
1779088254072654	204	464
1779088254072654	204	467
1779088254072655	204	482
1779088254072655	204	497
1779088254072656	204	504
1779088254072657	204	512
1779088254072658	204	514
1779088254072659	204	525
1779088254072660	204	532
1779088254072660	204	535
1779088254072661	204	537
1779088254072661	204	540
1779088254072662	204	542
1779088254072663	204	549
1779088254072664	204	555
1779088254072664	204	569
1779088254082315	204	176
1779088254082316	204	192
1779088254082317	204	195
1779088254082317	204	201
1779088254082318	204	206
1779088254082318	204	208
1779088254082319	204	214
1779088254082319	204	221
1779088254082319	204	224
1779088254082320	204	230
1779088254082321	204	237
1779088254082321	204	255
1779088254082322	204	258
1779088254082322	204	261
1779088254082323	204	263
1779088254082323	204	292
1779088254082323	204	312
1779088254082325	204	315
1779088254082325	204	317
1779088254082325	204	324
1779088254082326	204	331
1779088254082326	204	334
1779088254082327	204	337
1779088254082327	204	344
1779088254082328	204	346
1779088254082328	204	353
1779088254082329	204	367
1779088254082329	204	369
1779088254082330	204	372
1779088254092787	204	210
1779088254092789	204	228
1779088254092789	204	236
1779088254092790	204	242
1779088254092790	204	258
1779088254092791	204	278
1779088254092791	204	280
1779088254092792	204	287
1779088254092792	204	290
1779088254092793	204	297
1779088254092793	204	304
1779088254092794	204	307
1779088254092794	204	309
1779088254092796	204	315
1779088254092796	204	330
1779088254092797	204	338
1779088254092797	204	351
1779088254092798	204	353
1779088254092798	204	360
1779088254092799	204	363
1779088254092799	204	370
1779088254092800	204	377
1779088254092800	204	380
1779088254092801	204	382
1779088254092801	204	389
1779088254092802	204	392
1779088254092802	204	398
1779088254092803	204	405
1779088254092803	204	422
1779088254092804	204	424
1779088254092804	204	427
1779088254102324	204	228
1779088254102325	204	240
1779088254102326	204	247
1779088254102327	204	252
1779088254102327	204	258
1779088254102328	204	265
1779088254102328	204	272
1779088254102329	204	279
1779088254102329	204	286
1779088254102330	204	293
1779088254102330	204	296
1779088254102331	204	303
1779088254102331	204	305
1779088254102332	204	312
1779088254102332	204	329
1779088254102333	204	358
1779088254102333	204	362
1779088254102334	204	364
1779088254102334	204	371
1779088254102335	204	374
1779088254102335	204	382
1779088254102336	204	384
1779088254102336	204	394
1779088254102337	204	401
1779088254102337	204	408
1779088254102338	204	411
1779088254102338	204	426
1779088254102339	204	429
1779088254102339	204	432
1779088254112864	204	339
1779088254112865	204	358
1779088254112866	204	370
1779088254112866	204	372
1779088254112867	204	375
1779088254112867	204	382
1779088254112868	204	385
1779088254112868	204	387
1779088254112869	204	400
1779088254112869	204	403
1779088254112870	204	405
1779088254112870	204	412
1779088254112871	204	426
1779088254112871	204	429
1779088254112872	204	432
1779088254112872	204	439
1779088254112873	204	442
1779088254112873	204	453
1779088254112874	204	456
1779088254112874	204	464
1779088254112875	204	475
1779088254112875	204	483
1779088254112876	204	515
1779088254112876	204	518
1779088254112877	204	521
1779088254112877	204	523
1779088254112877	204	530
1779088254112878	204	537
1779088254112878	204	540
1779088254112879	204	543
1779088254112880	204	556
1779088254122544	204	265
1779088254122546	204	283
1779088254122547	204	295
1779088254122548	204	297
1779088254122549	204	299
1779088254122549	204	302
1779088254122550	204	310
1779088254122551	204	313
1779088254122551	204	315
1779088254122552	204	322
1779088254122553	204	329
1779088254122554	204	335
1779088254122555	204	338
1779088254122556	204	340
1779088254122557	204	347
1779088254122557	204	355
1779088254122558	204	358
1779088254122559	204	365
1779088254122560	204	372
1779088254122561	204	379
1779088254122562	204	381
1779088254122562	204	389
1779088254122563	204	397
1779088254122564	204	399
1779088254122565	204	402
1779088254122566	204	404
1779088254122567	204	411
1779088254122568	204	418
1779088254122568	204	425
1779088254133103	204	252
1779088254133106	204	273
1779088254133107	204	282
1779088254133107	204	289
1779088254133108	204	292
1779088254133109	204	295
1779088254133109	204	301
1779088254133110	204	308
1779088254133110	204	311
1779088254133111	204	314
1779088254133112	204	316
1779088254133113	204	323
1779088254133114	204	326
1779088254133114	204	329
1779088254133115	204	336
1779088254133116	204	349
1779088254133116	204	352
1779088254133117	204	360
1779088254133118	204	363
1779088254133118	204	365
1779088254133119	204	374
1779088254133120	204	377
1779088254133120	204	379
1779088254133121	204	381
1779088254133122	204	384
1779088254133123	204	386
1779088254133123	204	394
1779088254133124	204	396
1779088254133125	204	403
1779088254133126	204	406
1779088254133126	204	409
1779088254133128	204	415
1779088254142654	204	230
1779088254142655	204	251
1779088254142656	204	258
1779088254142657	204	265
1779088254142657	204	275
1779088254142658	204	282
1779088254142659	204	289
1779088254142659	204	296
1779088254142660	204	303
1779088254142661	204	305
1779088254142662	204	312
1779088254142662	204	319
1779088254142663	204	325
1779088254142664	204	332
1779088254142664	204	335
1779088254142665	204	341
1779088254142666	204	354
1779088254142666	204	363
1779088254142667	204	365
1779088254142668	204	373
1779088254142669	204	375
1779088254142669	204	393
1779088254142670	204	400
1779088254142671	204	407
1779088254142671	204	410
1779088254142672	204	417
1779088254142673	204	419
1779088254142674	204	438
1779088254142674	204	441
1779088254153209	204	226
1779088254153211	204	246
1779088254153211	204	253
1779088254153212	204	260
1779088254153212	204	267
1779088254153213	204	273
1779088254153214	204	280
1779088254153214	204	287
1779088254153215	204	294
1779088254153215	204	300
1779088254153216	204	307
1779088254153216	204	314
1779088254153217	204	320
1779088254153218	204	327
1779088254153218	204	353
1779088254153219	204	361
1779088254153219	204	364
1779088254153220	204	366
1779088254153221	204	368
1779088254153221	204	370
1779088254153222	204	373
1779088254153222	204	375
1779088254153223	204	382
1779088254153223	204	385
1779088254153224	204	387
1779088254153224	204	389
1779088254153225	204	395
1779088254153225	204	398
1779088254153226	204	400
1779088254153227	204	402
1779088254153227	204	419
1779088254162748	204	225
1779088254162750	204	243
1779088254162750	204	252
1779088254162751	204	259
1779088254162752	204	267
1779088254162752	204	269
1779088254162753	204	276
1779088254162754	204	283
1779088254162754	204	291
1779088254162755	204	308
1779088254162756	204	316
1779088254162756	204	325
1779088254162757	204	333
1779088254162758	204	335
1779088254162759	204	338
1779088254162759	204	344
1779088254162760	204	352
1779088254162761	204	354
1779088254162761	204	357
1779088254162762	204	366
1779088254162763	204	369
1779088254162764	204	376
1779088254162764	204	378
1779088254162765	204	381
1779088254162766	204	387
1779088254162766	204	390
1779088254162767	204	393
1779088254162768	204	400
1779088254162769	204	403
1779088254173278	204	236
1779088254173279	204	251
1779088254173280	204	260
1779088254173281	204	267
1779088254173281	204	274
1779088254173283	204	276
1779088254173283	204	284
1779088254173284	204	286
1779088254173285	204	289
1779088254173285	204	292
1779088254173286	204	298
1779088254173287	204	305
1779088254173288	204	312
1779088254173288	204	315
1779088254173289	204	322
1779088254173290	204	331
1779088254173291	204	338
1779088254173291	204	352
1779088254173292	204	354
1779088254173293	204	363
1779088254173293	204	370
1779088254173294	204	378
1779088254173295	204	380
1779088254173296	204	387
1779088254173296	204	390
1779088254173297	204	397
1779088254173298	204	400
1779088254173299	204	402
1779088254173299	204	405
1779088254173300	204	412
1779088254173301	204	414
1779088254182818	204	250
1779088254182819	204	270
1779088254182820	204	273
1779088254182821	204	281
1779088254182822	204	287
1779088254182823	204	289
1779088254182824	204	291
1779088254182824	204	297
1779088254182825	204	302
1779088254182826	204	308
1779088254182826	204	314
1779088254182827	204	316
1779088254182828	204	334
1779088254182829	204	337
1779088254182829	204	339
1779088254182830	204	345
1779088254182831	204	351
1779088254182831	204	360
1779088254182832	204	366
1779088254182833	204	371
1779088254182834	204	374
1779088254182834	204	380
1779088254182835	204	385
1779088254182836	204	388
1779088254182836	204	389
1779088254182837	204	391
1779088254182838	204	397
1779088254182839	204	403
1779088254182840	204	422
1779088254192364	204	239
1779088254192366	204	262
1779088254192367	204	265
1779088254192368	204	274
1779088254192368	204	281
1779088254192369	204	289
1779088254192370	204	295
1779088254192370	204	303
1779088254192371	204	306
1779088254192372	204	308
1779088254192373	204	315
1779088254192373	204	322
1779088254192374	204	325
1779088254192375	204	332
1779088254192376	204	334
1779088254192376	204	343
1779088254192377	204	350
1779088254192378	204	353
1779088254192378	204	355
1779088254192379	204	357
1779088254192380	204	364
1779088254192381	204	372
1779088254192381	204	379
1779088254192382	204	382
1779088254192383	204	384
1779088254192383	204	391
1779088254192384	204	394
1779088254192385	204	402
1779088254192386	204	404
1779088254202891	204	257
1779088254202893	204	278
1779088254202893	204	293
1779088254202894	204	296
1779088254202895	204	298
1779088254202896	204	306
1779088254202896	204	313
1779088254202897	204	320
1779088254202898	204	323
1779088254202898	204	325
1779088254202899	204	332
1779088254202900	204	339
1779088254202900	204	347
1779088254202901	204	354
1779088254202902	204	357
1779088254202903	204	364
1779088254202903	204	367
1779088254202904	204	376
1779088254202905	204	383
1779088254202906	204	385
1779088254202906	204	388
1779088254202907	204	395
1779088254202908	204	403
1779088254202908	204	411
1779088254202909	204	418
1779088254202910	204	425
1779088254202911	204	431
1779088254202911	204	438
1779088254202912	204	444
1779088254202913	204	459
1779088254202913	204	467
1779088254212485	204	226
1779088254212486	204	249
1779088254212487	204	257
1779088254212487	204	260
1779088254212488	204	263
1779088254212489	204	270
1779088254212489	204	278
1779088254212490	204	285
1779088254212490	204	291
1779088254212491	204	299
1779088254212492	204	302
1779088254212492	204	304
1779088254212493	204	311
1779088254212493	204	314
1779088254212494	204	321
1779088254212495	204	328
1779088254212495	204	336
1779088254212496	204	338
1779088254212497	204	346
1779088254212497	204	354
1779088254212498	204	356
1779088254212498	204	364
1779088254212499	204	371
1779088254212500	204	378
1779088254212500	204	385
1779088254212501	204	388
1779088254212502	204	391
1779088254212502	204	398
1779088254212503	204	401
1779088254223008	204	270
1779088254223010	204	293
1779088254223011	204	300
1779088254223011	204	306
1779088254223012	204	309
1779088254223013	204	314
1779088254223014	204	319
1779088254223014	204	321
1779088254223015	204	327
1779088254223016	204	333
1779088254223016	204	339
1779088254223017	204	341
1779088254223018	204	349
1779088254223018	204	351
1779088254223019	204	353
1779088254223020	204	378
1779088254223020	204	385
1779088254223021	204	391
1779088254223022	204	398
1779088254223022	204	405
1779088254223023	204	407
1779088254223024	204	413
1779088254223024	204	415
1779088254223025	204	421
1779088254223026	204	427
1779088254223026	204	446
1779088254223027	204	449
1779088254223028	204	451
1779088254223028	204	453
1779088254223029	204	455
1779088254223030	204	457
1779088254223031	204	459
1779088254232588	204	308
1779088254232590	204	325
1779088254232591	204	327
1779088254232592	204	353
1779088254232593	204	355
1779088254232593	204	357
1779088254232594	204	359
1779088254232595	204	365
1779088254232596	204	367
1779088254232597	204	369
1779088254232597	204	375
1779088254232598	204	377
1779088254232599	204	379
1779088254232600	204	385
1779088254232601	204	387
1779088254232601	204	389
1779088254232602	204	396
1779088254232603	204	403
1779088254232604	204	410
1779088254232605	204	412
1779088254232606	204	419
1779088254232607	204	426
1779088254232607	204	429
1779088254232608	204	435
1779088254232609	204	438
1779088254232610	204	440
1779088254232610	204	460
1779088254232611	204	477
1779088254243197	204	251
1779088254243198	204	264
1779088254243199	204	272
1779088254243200	204	275
1779088254243201	204	277
1779088254243202	204	279
1779088254243203	204	287
1779088254243203	204	294
1779088254243204	204	296
1779088254243205	204	303
1779088254243207	204	310
1779088254243208	204	316
1779088254243208	204	323
1779088254243209	204	336
1779088254243210	204	339
1779088254243211	204	346
1779088254243211	204	349
1779088254243212	204	351
1779088254243213	204	354
1779088254243214	204	362
1779088254243215	204	365
1779088254243215	204	367
1779088254243216	204	375
1779088254243217	204	382
1779088254243217	204	385
1779088254243218	204	391
1779088254243219	204	394
1779088254243220	204	397
1779088254243220	204	403
1779088254243221	204	406
1779088254243222	204	408
1779088254243223	204	415
1779088254252737	204	229
1779088254252738	204	244
1779088254252739	204	247
1779088254252740	204	256
1779088254252741	204	263
1779088254252741	204	266
1779088254252742	204	268
1779088254252743	204	275
1779088254252743	204	278
1779088254252744	204	280
1779088254252745	204	282
1779088254252745	204	290
1779088254252746	204	296
1779088254252747	204	304
1779088254252748	204	328
1779088254252748	204	337
1779088254252749	204	344
1779088254252750	204	347
1779088254252751	204	349
1779088254252752	204	351
1779088254252752	204	353
1779088254252753	204	356
1779088254252754	204	358
1779088254252755	204	365
1779088254252755	204	385
1779088254252756	204	388
1779088254252757	204	391
1779088254252758	204	393
1779088254252759	204	395
1779088254263258	204	233
1779088254263259	204	248
1779088254263260	204	257
1779088254263261	204	260
1779088254263262	204	262
1779088254263262	204	269
1779088254263263	204	276
1779088254263264	204	283
1779088254263265	204	285
1779088254263265	204	292
1779088254263266	204	299
1779088254263267	204	301
1779088254263267	204	308
1779088254263268	204	311
1779088254263269	204	313
1779088254263269	204	320
1779088254263270	204	327
1779088254263271	204	329
1779088254263272	204	336
1779088254263272	204	339
1779088254263273	204	341
1779088254263274	204	351
1779088254263275	204	353
1779088254263275	204	362
1779088254263276	204	364
1779088254263277	204	367
1779088254263277	204	374
1779088254263278	204	381
1779088254263279	204	388
1779088254263280	204	394
1779088254263280	204	411
1779088254272796	204	218
1779088254272798	204	236
1779088254272799	204	244
1779088254272799	204	246
1779088254272800	204	265
1779088254272801	204	272
1779088254272801	204	274
1779088254272802	204	281
1779088254272803	204	288
1779088254272804	204	295
1779088254272804	204	297
1779088254272805	204	304
1779088254272806	204	306
1779088254272807	204	309
1779088254272807	204	316
1779088254272808	204	327
1779088254272809	204	334
1779088254272809	204	341
1779088254272810	204	348
1779088254272811	204	355
1779088254272812	204	358
1779088254272812	204	360
1779088254272813	204	363
1779088254272814	204	375
1779088254272815	204	382
1779088254272815	204	384
1779088254272816	204	387
1779088254272817	204	393
1779088254272818	204	410
1779088254282330	204	239
1779088254282332	204	259
1779088254282333	204	268
1779088254282333	204	276
1779088254282334	204	279
1779088254282335	204	286
1779088254282335	204	294
1779088254282336	204	301
1779088254282337	204	304
1779088254282337	204	311
1779088254282338	204	314
1779088254282338	204	316
1779088254282339	204	318
1779088254282340	204	326
1779088254282340	204	328
1779088254282341	204	335
1779088254282342	204	342
1779088254282343	204	349
1779088254282344	204	357
1779088254282345	204	360
1779088254282345	204	362
1779088254282346	204	370
1779088254282347	204	373
1779088254282347	204	380
1779088254282348	204	383
1779088254282349	204	385
1779088254282349	204	388
1779088254282350	204	395
1779088254282351	204	398
1779088254292854	204	244
1779088254292855	204	262
1779088254292856	204	269
1779088254292857	204	272
1779088254292858	204	273
1779088254292859	204	279
1779088254292859	204	285
1779088254292860	204	292
1779088254292861	204	294
1779088254292862	204	302
1779088254292863	204	304
1779088254292863	204	306
1779088254292864	204	308
1779088254292865	204	314
1779088254292866	204	333
1779088254292867	204	349
1779088254292867	204	352
1779088254292868	204	358
1779088254292869	204	359
1779088254292870	204	361
1779088254292871	204	363
1779088254292871	204	368
1779088254292872	204	374
1779088254292873	204	376
1779088254292874	204	383
1779088254292875	204	389
1779088254292875	204	391
1779088254292876	204	397
1779088254292877	204	410
1779088254292878	204	412
1779088254292879	204	414
1779088254302393	204	251
1779088254302394	204	265
1779088254302395	204	268
1779088254302396	204	271
1779088254302397	204	280
1779088254302398	204	282
1779088254302398	204	285
1779088254302399	204	291
1779088254302400	204	294
1779088254302400	204	296
1779088254302401	204	303
1779088254302402	204	305
1779088254302403	204	313
1779088254302403	204	321
1779088254302404	204	328
1779088254302405	204	338
1779088254302405	204	341
1779088254302406	204	343
1779088254302406	204	350
1779088254302407	204	353
1779088254302408	204	360
1779088254302409	204	366
1779088254302409	204	373
1779088254302410	204	376
1779088254302411	204	379
1779088254302411	204	386
1779088254302412	204	392
1779088254302413	204	395
1779088254302413	204	430
1779088254312939	204	368
1779088254312940	204	382
1779088254312941	204	390
1779088254312942	204	396
1779088254312943	204	402
1779088254312943	204	408
1779088254312945	204	413
1779088254312945	204	430
1779088254312946	204	439
1779088254312947	204	441
1779088254312948	204	443
1779088254312948	204	449
1779088254312949	204	457
1779088254312950	204	463
1779088254312951	204	470
1779088254312951	204	477
1779088254312952	204	480
1779088254312953	204	482
1779088254312954	204	489
1779088254312954	204	511
1779088254312955	204	518
1779088254312956	204	520
1779088254312957	204	522
1779088254312957	204	525
1779088254312958	204	527
1779088254312959	204	529
1779088254312960	204	536
1779088254312961	204	538
1779088254312961	204	554
1779088254312962	204	557
1779088254312963	204	559
1779088254322612	204	185
1779088254322613	204	201
1779088254322614	204	206
1779088254322614	204	210
1779088254322615	204	214
1779088254322615	204	216
1779088254322616	204	217
1779088254322616	204	219
1779088254322617	204	223
1779088254322617	204	227
1779088254322618	204	231
1779088254322618	204	232
1779088254322619	204	236
1779088254322619	204	240
1779088254322620	204	252
1779088254322620	204	288
1779088254322621	204	294
1779088254322621	204	298
1779088254322622	204	307
1779088254322622	204	309
1779088254322623	204	313
1779088254322623	204	317
1779088254322624	204	322
1779088254322624	204	323
1779088254322625	204	332
1779088254322625	204	336
1779088254322626	204	338
1779088254322626	204	339
1779088254322627	204	344
1779088254322627	204	358
1779088254333082	204	221
1779088254333084	204	239
1779088254333084	204	250
1779088254333085	204	258
1779088254333085	204	266
1779088254333086	204	269
1779088254333086	204	276
1779088254333087	204	284
1779088254333087	204	287
1779088254333088	204	306
1779088254333088	204	314
1779088254333089	204	317
1779088254333089	204	330
1779088254333090	204	334
1779088254333090	204	336
1779088254333091	204	405
1779088254333091	204	416
1779088254333092	204	419
1779088254333092	204	428
1779088254333093	204	431
1779088254333093	204	434
1779088254333094	204	441
1779088254333094	204	449
1779088254333095	204	467
1779088254333095	204	471
1779088254333096	204	473
1779088254333096	204	475
1779088254333097	204	478
1779088254333097	204	481
1779088254333098	204	486
1779088254333098	204	487
1779088254342668	204	233
1779088254342669	204	248
1779088254342670	204	253
1779088254342670	204	257
1779088254342671	204	258
1779088254342671	204	262
1779088254342672	204	264
1779088254342672	204	276
1779088254342673	204	281
1779088254342673	204	282
1779088254342674	204	284
1779088254342674	204	285
1779088254342675	204	287
1779088254342675	204	288
1779088254342676	204	289
1779088254342676	204	294
1779088254342677	204	298
1779088254342677	204	303
1779088254342678	204	309
1779088254342678	204	313
1779088254342679	204	315
1779088254342679	204	316
1779088254342680	204	320
1779088254342680	204	324
1779088254342681	204	328
1779088254342681	204	330
1779088254342682	204	336
1779088254342682	204	338
1779088254342683	204	355
1779088254353124	204	206
1779088254353125	204	221
1779088254353126	204	226
1779088254353126	204	231
1779088254353127	204	235
1779088254353127	204	237
1779088254353128	204	238
1779088254353128	204	240
1779088254353128	204	245
1779088254353129	204	246
1779088254353129	204	250
1779088254353130	204	251
1779088254353130	204	255
1779088254353131	204	271
1779088254353131	204	275
1779088254353132	204	316
1779088254353132	204	325
1779088254353133	204	327
1779088254353133	204	328
1779088254353134	204	332
1779088254353134	204	336
1779088254353135	204	340
1779088254353135	204	345
1779088254353136	204	349
1779088254353136	204	353
1779088254353137	204	355
1779088254353137	204	356
1779088254353138	204	360
1779088254353138	204	376
1779088254353139	204	379
1779088254353140	204	381
1779088254362605	204	200
1779088254362606	204	216
1779088254362607	204	220
1779088254362607	204	230
1779088254362608	204	238
1779088254362608	204	245
1779088254362609	204	253
1779088254362609	204	256
1779088254362610	204	259
1779088254362610	204	261
1779088254362611	204	269
1779088254362611	204	289
1779088254362612	204	297
1779088254362612	204	304
1779088254362613	204	319
1779088254362613	204	369
1779088254362613	204	380
1779088254362614	204	389
1779088254362614	204	396
1779088254362615	204	400
1779088254362616	204	402
1779088254362617	204	409
1779088254362617	204	412
1779088254362618	204	419
1779088254362618	204	422
1779088254362619	204	429
1779088254362619	204	432
1779088254362619	204	461
1779088254373161	204	203
1779088254373162	204	224
1779088254373163	204	232
1779088254373163	204	240
1779088254373164	204	244
1779088254373165	204	246
1779088254373165	204	253
1779088254373166	204	261
1779088254373166	204	276
1779088254373167	204	284
1779088254373167	204	287
1779088254373168	204	290
1779088254373168	204	304
1779088254373169	204	308
1779088254373169	204	310
1779088254373170	204	382
1779088254373170	204	392
1779088254373171	204	402
1779088254373171	204	405
1779088254373171	204	408
1779088254373172	204	410
1779088254373173	204	418
1779088254373173	204	421
1779088254373174	204	428
1779088254373174	204	431
1779088254373175	204	434
1779088254373175	204	441
1779088254373175	204	449
1779088254373176	204	456
1779088254373176	204	464
1779088254373177	204	481
1779088254373178	204	485
1779088254382747	204	208
1779088254382748	204	220
1779088254382749	204	224
1779088254382750	204	228
1779088254382750	204	229
1779088254382751	204	231
1779088254382751	204	232
1779088254382752	204	233
1779088254382752	204	234
1779088254382753	204	238
1779088254382753	204	242
1779088254382754	204	246
1779088254382754	204	250
1779088254382755	204	263
1779088254382755	204	268
1779088254382755	204	269
1779088254382756	204	277
1779088254382757	204	281
1779088254382757	204	282
1779088254382758	204	283
1779088254382758	204	285
1779088254382759	204	286
1779088254382759	204	287
1779088254382760	204	302
1779088254382760	204	312
1779088254382761	204	314
1779088254382761	204	315
1779088254382762	204	321
1779088254382762	204	333
1779088254393188	204	236
1779088254393189	204	251
1779088254393190	204	258
1779088254393191	204	260
1779088254393191	204	267
1779088254393192	204	269
1779088254393193	204	274
1779088254393194	204	279
1779088254393195	204	281
1779088254393195	204	285
1779088254393196	204	287
1779088254393197	204	293
1779088254393198	204	294
1779088254393198	204	299
1779088254393199	204	328
1779088254393200	204	346
1779088254393201	204	348
1779088254393201	204	353
1779088254393202	204	359
1779088254393203	204	370
1779088254393204	204	376
1779088254393205	204	387
1779088254393205	204	389
1779088254393206	204	395
1779088254393207	204	405
1779088254393208	204	411
1779088254393209	204	413
1779088254393209	204	415
1779088254393210	204	417
1779088254393211	204	419
1779088254393212	204	431
1779088254402727	204	172
1779088254402729	204	182
1779088254402729	204	186
1779088254402730	204	190
1779088254402730	204	191
1779088254402731	204	195
1779088254402731	204	205
1779088254402732	204	209
1779088254402732	204	210
1779088254402733	204	218
1779088254402733	204	222
1779088254402734	204	223
1779088254402734	204	224
1779088254402735	204	232
1779088254402735	204	234
1779088254402736	204	297
1779088254402736	204	299
1779088254402737	204	301
1779088254402737	204	305
1779088254402738	204	306
1779088254402738	204	310
1779088254402739	204	312
1779088254402739	204	327
1779088254402740	204	329
1779088254402740	204	333
1779088254402741	204	337
1779088254402741	204	338
1779088254402742	204	345
1779088254402742	204	361
1779088254413194	204	201
1779088254413195	204	214
1779088254413196	204	217
1779088254413197	204	219
1779088254413197	204	220
1779088254413198	204	224
1779088254413198	204	226
1779088254413199	204	227
1779088254413199	204	232
1779088254413200	204	237
1779088254413200	204	238
1779088254413201	204	242
1779088254413201	204	246
1779088254413202	204	258
1779088254413203	204	267
1779088254413203	204	328
1779088254413204	204	337
1779088254413204	204	342
1779088254413205	204	349
1779088254413205	204	354
1779088254413206	204	355
1779088254413206	204	356
1779088254413207	204	364
1779088254413207	204	366
1779088254413208	204	368
1779088254413208	204	372
1779088254413209	204	381
1779088254413209	204	386
1779088254413210	204	387
1779088254413210	204	391
1779088254413211	204	400
1779088254422685	204	160
1779088254422686	204	170
1779088254422687	204	171
1779088254422687	204	177
1779088254422688	204	178
1779088254422688	204	179
1779088254422689	204	183
1779088254422689	204	193
1779088254422690	204	195
1779088254422690	204	196
1779088254422691	204	200
1779088254422691	204	206
1779088254422692	204	210
1779088254422692	204	212
1779088254422693	204	220
1779088254422693	204	287
1779088254422694	204	293
1779088254422694	204	294
1779088254422695	204	296
1779088254422695	204	297
1779088254422696	204	301
1779088254422696	204	303
1779088254422697	204	307
1779088254422697	204	311
1779088254422698	204	313
1779088254422698	204	314
1779088254422699	204	318
1779088254422699	204	319
1779088254422700	204	329
1779088254433109	204	193
1779088254433110	204	203
1779088254433111	204	209
1779088254433111	204	213
1779088254433112	204	218
1779088254433112	204	222
1779088254433113	204	228
1779088254433113	204	230
1779088254433113	204	235
1779088254433114	204	237
1779088254433115	204	238
1779088254433115	204	242
1779088254433115	204	246
1779088254433116	204	249
1779088254433116	204	259
1779088254433117	204	317
1779088254433117	204	332
1779088254433118	204	334
1779088254433118	204	342
1779088254433119	204	348
1779088254433119	204	351
1779088254433120	204	357
1779088254433120	204	363
1779088254433121	204	370
1779088254433121	204	376
1779088254433122	204	382
1779088254433122	204	389
1779088254433123	204	391
1779088254433123	204	394
1779088254433124	204	400
1779088254433124	204	419
1779088254442638	204	216
1779088254442639	204	233
1779088254442640	204	239
1779088254442641	204	246
1779088254442641	204	248
1779088254442642	204	255
1779088254442643	204	258
1779088254442643	204	260
1779088254442644	204	262
1779088254442644	204	268
1779088254442645	204	274
1779088254442646	204	280
1779088254442646	204	286
1779088254442647	204	303
1779088254442648	204	305
1779088254442648	204	341
1779088254442649	204	347
1779088254442650	204	353
1779088254442650	204	359
1779088254442651	204	365
1779088254442652	204	367
1779088254442652	204	372
1779088254442653	204	374
1779088254442654	204	380
1779088254442654	204	382
1779088254442655	204	393
1779088254442656	204	395
1779088254442657	204	420
1779088254442657	204	423
1779088254453186	204	219
1779088254453187	204	238
1779088254453188	204	241
1779088254453189	204	249
1779088254453190	204	251
1779088254453190	204	258
1779088254453191	204	266
1779088254453192	204	268
1779088254453192	204	271
1779088254453193	204	273
1779088254453194	204	276
1779088254453194	204	283
1779088254453195	204	285
1779088254453196	204	292
1779088254453197	204	299
1779088254453197	204	306
1779088254453198	204	309
1779088254453199	204	316
1779088254453200	204	319
1779088254453200	204	321
1779088254453201	204	329
1779088254453202	204	338
1779088254453203	204	344
1779088254453203	204	347
1779088254453204	204	349
1779088254453205	204	357
1779088254453205	204	359
1779088254453206	204	380
1779088254453207	204	383
1779088254453208	204	386
1779088254453208	204	388
1779088254462697	204	225
1779088254462699	204	242
1779088254462699	204	245
1779088254462700	204	248
1779088254462701	204	256
1779088254462701	204	259
1779088254462702	204	261
1779088254462703	204	268
1779088254462704	204	276
1779088254462704	204	283
1779088254462705	204	286
1779088254462706	204	293
1779088254462707	204	296
1779088254462707	204	310
1779088254462708	204	313
1779088254462709	204	321
1779088254462709	204	323
1779088254462711	204	325
1779088254462712	204	328
1779088254462712	204	335
1779088254462713	204	354
1779088254462714	204	362
1779088254462715	204	365
1779088254462715	204	367
1779088254462716	204	374
1779088254462717	204	390
1779088254462717	204	393
1779088254462718	204	396
1779088254462719	204	398
1779088254473221	204	273
1779088254473223	204	290
1779088254473225	204	298
1779088254473225	204	305
1779088254473226	204	308
1779088254473227	204	314
1779088254473228	204	317
1779088254473229	204	319
1779088254473229	204	325
1779088254473230	204	344
1779088254473231	204	361
1779088254473232	204	362
1779088254473233	204	363
1779088254473234	204	367
1779088254473235	204	368
1779088254473236	204	417
1779088254473237	204	419
1779088254473237	204	421
1779088254473238	204	425
1779088254473239	204	453
1779088254473239	204	455
1779088254473240	204	456
1779088254473241	204	457
1779088254473242	204	458
1779088254473242	204	459
1779088254473243	204	463
1779088254473244	204	472
1779088254473244	204	473
1779088254473245	204	477
1779088254473246	204	479
1779088254473247	204	486
1779088254482815	204	201
1779088254482816	204	214
1779088254482816	204	221
1779088254482817	204	222
1779088254482817	204	226
1779088254482818	204	262
1779088254482819	204	268
1779088254482819	204	275
1779088254482820	204	283
1779088254482820	204	296
1779088254482821	204	304
1779088254482821	204	334
1779088254482822	204	336
1779088254482822	204	337
1779088254482823	204	339
1779088254482823	204	394
1779088254482824	204	397
1779088254482824	204	406
1779088254482825	204	410
1779088254482825	204	433
1779088254482826	204	436
1779088254482826	204	440
1779088254482827	204	441
1779088254482827	204	448
1779088254482828	204	450
1779088254482828	204	454
1779088254482829	204	457
1779088254482829	204	469
1779088254482830	204	476
1779088254492390	204	258
1779088254492391	204	280
1779088254492392	204	284
1779088254492392	204	290
1779088254492393	204	292
1779088254492393	204	311
1779088254492394	204	314
1779088254492395	204	321
1779088254492395	204	323
1779088254492396	204	326
1779088254492396	204	333
1779088254492397	204	335
1779088254492397	204	338
1779088254492398	204	343
1779088254492398	204	345
1779088254492399	204	353
1779088254492399	204	355
1779088254492400	204	356
1779088254492400	204	360
1779088254492401	204	362
1779088254492401	204	370
1779088254492402	204	378
1779088254492402	204	380
1779088254492403	204	401
1779088254492403	204	409
1779088254492404	204	410
1779088254492404	204	411
1779088254492405	204	425
1779088254492405	204	431
1779088254502914	204	230
1779088254502915	204	243
1779088254502916	204	252
1779088254502916	204	257
1779088254502917	204	279
1779088254502917	204	284
1779088254502918	204	285
1779088254502918	204	287
1779088254502919	204	297
1779088254502919	204	317
1779088254502920	204	319
1779088254502920	204	320
1779088254502921	204	329
1779088254502921	204	348
1779088254502922	204	350
1779088254502922	204	423
1779088254502923	204	433
1779088254502923	204	434
1779088254502924	204	442
1779088254502924	204	446
1779088254502925	204	466
1779088254502925	204	471
1779088254502926	204	472
1779088254502926	204	483
1779088254502927	204	490
1779088254502927	204	492
1779088254502928	204	510
1779088254502928	204	512
1779088254502929	204	517
1779088254502929	204	518
1779088254502930	204	526
1779088254512543	204	199
1779088254512544	204	214
1779088254512545	204	215
1779088254512545	204	219
1779088254512546	204	222
1779088254512547	204	223
1779088254512547	204	234
1779088254512548	204	236
1779088254512548	204	240
1779088254512549	204	244
1779088254512549	204	253
1779088254512550	204	255
1779088254512550	204	259
1779088254512551	204	263
1779088254512551	204	271
1779088254512552	204	321
1779088254512552	204	326
1779088254512553	204	328
1779088254512553	204	332
1779088254512554	204	343
1779088254512554	204	347
1779088254512555	204	353
1779088254512555	204	357
1779088254512556	204	365
1779088254512556	204	369
1779088254512557	204	371
1779088254512557	204	372
1779088254512558	204	373
1779088254512558	204	381
1779088254523029	204	286
1779088254523030	204	299
1779088254523031	204	309
1779088254523031	204	314
1779088254523032	204	321
1779088254523032	204	325
1779088254523033	204	352
1779088254523033	204	355
1779088254523034	204	359
1779088254523034	204	377
1779088254523035	204	382
1779088254523035	204	420
1779088254523036	204	422
1779088254523036	204	424
1779088254523037	204	425
1779088254523037	204	429
1779088254523038	204	438
1779088254523038	204	440
1779088254523039	204	441
1779088254523039	204	445
1779088254523039	204	464
1779088254523040	204	481
1779088254523040	204	482
1779088254523041	204	484
1779088254523041	204	485
1779088254523042	204	501
1779088254523042	204	503
1779088254523043	204	505
1779088254523043	204	509
1779088254523044	204	511
1779088254523044	204	512
1779088254523045	204	519
1779088254532643	204	215
1779088254532645	204	224
1779088254532645	204	228
1779088254532646	204	232
1779088254532646	204	236
1779088254532647	204	240
1779088254532647	204	250
1779088254532648	204	252
1779088254532648	204	256
1779088254532649	204	261
1779088254532649	204	262
1779088254532650	204	267
1779088254532650	204	268
1779088254532651	204	277
1779088254532651	204	278
1779088254532652	204	282
1779088254532652	204	284
1779088254532653	204	288
1779088254532653	204	292
1779088254532653	204	293
1779088254532654	204	298
1779088254532655	204	307
1779088254532655	204	311
1779088254532655	204	316
1779088254532656	204	324
1779088254532656	204	329
1779088254532657	204	330
1779088254532657	204	334
1779088254532658	204	342
1779088254543088	204	289
1779088254543090	204	304
1779088254543091	204	313
1779088254543091	204	317
1779088254543092	204	342
1779088254543092	204	345
1779088254543092	204	349
1779088254543093	204	351
1779088254543093	204	359
1779088254543094	204	360
1779088254543094	204	365
1779088254543095	204	366
1779088254543095	204	368
1779088254543096	204	375
1779088254543096	204	382
1779088254543097	204	404
1779088254543097	204	406
1779088254543098	204	411
1779088254543098	204	412
1779088254543099	204	413
1779088254543099	204	415
1779088254543100	204	417
1779088254543100	204	418
1779088254543101	204	420
1779088254543101	204	424
1779088254543102	204	425
1779088254543102	204	433
1779088254543103	204	437
1779088254543103	204	447
1779088254543104	204	452
1779088254543105	204	453
1779088254552634	204	294
1779088254552634	204	320
1779088254552635	204	336
1779088254552636	204	345
1779088254552636	204	348
1779088254552637	204	355
1779088254552637	204	362
1779088254552638	204	370
1779088254552638	204	388
1779088254552639	204	392
1779088254552639	204	399
1779088254552640	204	409
1779088254552640	204	424
1779088254552641	204	432
1779088254552641	204	439
1779088254552642	204	455
1779088254552642	204	458
1779088254552643	204	466
1779088254552643	204	473
1779088254552644	204	486
1779088254552644	204	494
1779088254552645	204	497
1779088254552645	204	500
1779088254552645	204	515
1779088254552646	204	518
1779088254552646	204	526
1779088254552647	204	528
1779088254552647	204	531
1779088254552648	204	533
1779088254563271	204	215
1779088254563273	204	235
1779088254563274	204	238
1779088254563275	204	241
1779088254563275	204	248
1779088254563276	204	251
1779088254563276	204	259
1779088254563277	204	262
1779088254563277	204	265
1779088254563278	204	272
1779088254563278	204	281
1779088254563279	204	289
1779088254563279	204	297
1779088254563280	204	304
1779088254563281	204	322
1779088254563282	204	395
1779088254563282	204	400
1779088254563283	204	407
1779088254563283	204	416
1779088254563284	204	423
1779088254563284	204	430
1779088254563285	204	438
1779088254563286	204	456
1779088254563286	204	464
1779088254563286	204	477
1779088254563287	204	485
1779088254563287	204	488
1779088254563288	204	490
1779088254563289	204	493
1779088254563289	204	495
1779088254563290	204	497
1779088254572871	204	223
1779088254572873	204	236
1779088254572873	204	241
1779088254572874	204	253
1779088254572874	204	255
1779088254572875	204	256
1779088254572875	204	260
1779088254572876	204	262
1779088254572876	204	269
1779088254572877	204	270
1779088254572877	204	274
1779088254572878	204	276
1779088254572878	204	297
1779088254572879	204	299
1779088254572879	204	304
1779088254572880	204	380
1779088254572880	204	383
1779088254572881	204	389
1779088254572881	204	390
1779088254572882	204	392
1779088254572882	204	393
1779088254572883	204	395
1779088254572883	204	403
1779088254572884	204	407
1779088254572884	204	427
1779088254572885	204	429
1779088254572885	204	434
1779088254572886	204	445
1779088254572886	204	452
1779088254582428	204	200
1779088254582429	204	215
1779088254582430	204	219
1779088254582431	204	223
1779088254582431	204	228
1779088254582432	204	230
1779088254582432	204	234
1779088254582433	204	238
1779088254582433	204	253
1779088254582434	204	257
1779088254582434	204	260
1779088254582435	204	262
1779088254582435	204	263
1779088254582436	204	277
1779088254582436	204	279
1779088254582437	204	297
1779088254582437	204	304
1779088254582438	204	313
1779088254582438	204	315
1779088254582439	204	319
1779088254582439	204	321
1779088254582440	204	322
1779088254582440	204	323
1779088254582441	204	325
1779088254582441	204	326
1779088254582442	204	328
1779088254582442	204	329
1779088254582443	204	330
1779088254582443	204	332
1779088254592862	204	237
1779088254592864	204	253
1779088254592864	204	258
1779088254592865	204	260
1779088254592865	204	273
1779088254592866	204	275
1779088254592866	204	279
1779088254592867	204	280
1779088254592867	204	289
1779088254592868	204	291
1779088254592868	204	292
1779088254592869	204	294
1779088254592869	204	295
1779088254592870	204	296
1779088254592870	204	304
1779088254592871	204	386
1779088254592871	204	388
1779088254592871	204	390
1779088254592872	204	391
1779088254592872	204	392
1779088254592873	204	394
1779088254592874	204	395
1779088254592874	204	400
1779088254592875	204	401
1779088254592875	204	411
1779088254592876	204	416
1779088254592876	204	417
1779088254592877	204	419
1779088254592877	204	427
1779088254592878	204	431
1779088254592878	204	439
1779088254602412	204	240
1779088254602414	204	262
1779088254602415	204	268
1779088254602416	204	271
1779088254602417	204	273
1779088254602417	204	280
1779088254602418	204	282
1779088254602419	204	288
1779088254602419	204	291
1779088254602421	204	296
1779088254602421	204	303
1779088254602422	204	309
1779088254602423	204	325
1779088254602423	204	327
1779088254602424	204	329
1779088254602425	204	336
1779088254602426	204	342
1779088254602427	204	347
1779088254602428	204	360
1779088254602429	204	363
1779088254602430	204	365
1779088254602430	204	367
1779088254602431	204	373
1779088254602432	204	375
1779088254602433	204	377
1779088254602434	204	383
1779088254602434	204	397
1779088254602435	204	400
1779088254602436	204	402
1779088254612931	204	227
1779088254612932	204	244
1779088254612933	204	246
1779088254612933	204	250
1779088254612934	204	252
1779088254612934	204	253
1779088254612935	204	257
1779088254612935	204	259
1779088254612936	204	263
1779088254612936	204	266
1779088254612937	204	280
1779088254612937	204	285
1779088254612938	204	292
1779088254612938	204	297
1779088254612939	204	322
1779088254612939	204	403
1779088254612940	204	405
1779088254612940	204	407
1779088254612941	204	418
1779088254612941	204	420
1779088254612942	204	421
1779088254612942	204	422
1779088254612943	204	424
1779088254612943	204	425
1779088254612944	204	427
1779088254612944	204	431
1779088254612945	204	439
1779088254612945	204	443
1779088254612946	204	465
1779088254612947	204	477
1779088254612947	204	479
1779088254622510	204	205
1779088254622511	204	218
1779088254622512	204	222
1779088254622512	204	225
1779088254622513	204	227
1779088254622513	204	230
1779088254622514	204	233
1779088254622514	204	237
1779088254622515	204	245
1779088254622515	204	247
1779088254622516	204	249
1779088254622516	204	253
1779088254622517	204	260
1779088254622517	204	265
1779088254622518	204	266
1779088254622518	204	314
1779088254622519	204	317
1779088254622519	204	321
1779088254622520	204	322
1779088254622521	204	324
1779088254622521	204	325
1779088254622522	204	326
1779088254622522	204	332
1779088254622523	204	334
1779088254622523	204	338
1779088254622524	204	341
1779088254622524	204	345
1779088254622525	204	354
1779088254622525	204	356
1779088254632984	204	305
1779088254632986	204	335
1779088254632987	204	343
1779088254632987	204	364
1779088254632988	204	368
1779088254632989	204	370
1779088254632990	204	378
1779088254632991	204	385
1779088254632991	204	400
1779088254632992	204	403
1779088254632993	204	410
1779088254632994	204	424
1779088254632995	204	432
1779088254632995	204	434
1779088254632996	204	436
1779088254632997	204	529
1779088254632998	204	578
1779088254632999	204	582
1779088254632999	204	637
1779088254633000	204	649
1779088254633001	204	657
1779088254633002	204	664
1779088254633002	204	677
1779088254633003	204	683
1779088254633004	204	689
1779088254633005	204	695
1779088254633006	204	697
1779088254633006	204	702
1779088254633007	204	704
1779088254633008	204	709
1779088254633009	204	733
1779088254633010	204	734
1779088254642834	204	216
1779088254642836	204	241
1779088254642836	204	246
1779088254642837	204	247
1779088254642837	204	248
1779088254642838	204	253
1779088254642838	204	254
1779088254642839	204	267
1779088254642839	204	272
1779088254642840	204	279
1779088254642840	204	283
1779088254642841	204	313
1779088254642841	204	316
1779088254642842	204	317
1779088254642842	204	321
1779088254642843	204	329
1779088254642843	204	338
1779088254642844	204	339
1779088254642845	204	340
1779088254642845	204	370
1779088254642845	204	373
1779088254642846	204	374
1779088254642846	204	375
1779088254642847	204	377
1779088254642848	204	378
1779088254642848	204	382
1779088254642849	204	391
1779088254642849	204	395
1779088254642850	204	402
1779088254652339	204	217
1779088254652340	204	232
1779088254652340	204	233
1779088254652341	204	237
1779088254652341	204	241
1779088254652342	204	245
1779088254652342	204	254
1779088254652343	204	255
1779088254652343	204	260
1779088254652344	204	261
1779088254652344	204	262
1779088254652345	204	275
1779088254652345	204	280
1779088254652346	204	314
1779088254652346	204	316
1779088254652347	204	317
1779088254652347	204	321
1779088254652348	204	330
1779088254652348	204	332
1779088254652349	204	333
1779088254652349	204	335
1779088254652350	204	336
1779088254652350	204	340
1779088254652351	204	352
1779088254652351	204	374
1779088254652352	204	376
1779088254652352	204	377
1779088254652353	204	386
1779088254652353	204	387
1779088254662819	204	185
1779088254662820	204	193
1779088254662820	204	199
1779088254662821	204	202
1779088254662821	204	206
1779088254662822	204	210
1779088254662822	204	219
1779088254662823	204	220
1779088254662823	204	227
1779088254662824	204	253
1779088254662824	204	255
1779088254662825	204	259
1779088254662825	204	261
1779088254662826	204	272
1779088254662826	204	279
1779088254662827	204	367
1779088254662827	204	369
1779088254662828	204	373
1779088254662828	204	375
1779088254662829	204	376
1779088254662829	204	384
1779088254662830	204	388
1779088254662830	204	390
1779088254662831	204	419
1779088254662831	204	422
1779088254662832	204	423
1779088254662832	204	425
1779088254662833	204	429
1779088254662833	204	436
1779088254662834	204	440
1779088254662834	204	442
1779088254672363	204	201
1779088254672364	204	217
1779088254672365	204	221
1779088254672365	204	225
1779088254672365	204	229
1779088254672366	204	234
1779088254672366	204	238
1779088254672366	204	243
1779088254672367	204	245
1779088254672367	204	249
1779088254672367	204	253
1779088254672368	204	255
1779088254672368	204	259
1779088254672368	204	261
1779088254672369	204	273
1779088254672369	204	313
1779088254672370	204	316
1779088254672371	204	317
1779088254672371	204	318
1779088254672371	204	320
1779088254672372	204	324
1779088254672372	204	328
1779088254672372	204	336
1779088254672373	204	338
1779088254672373	204	340
1779088254672373	204	344
1779088254672374	204	346
1779088254672374	204	347
1779088254672374	204	348
1779088254682804	204	204
1779088254682805	204	215
1779088254682806	204	220
1779088254682807	204	224
1779088254682807	204	225
1779088254682808	204	227
1779088254682808	204	230
1779088254682808	204	234
1779088254682809	204	238
1779088254682809	204	239
1779088254682810	204	262
1779088254682810	204	267
1779088254682811	204	275
1779088254682811	204	285
1779088254682812	204	304
1779088254682812	204	376
1779088254682813	204	385
1779088254682813	204	401
1779088254682814	204	403
1779088254682814	204	404
1779088254682815	204	432
1779088254682815	204	434
1779088254682816	204	435
1779088254682816	204	436
1779088254682817	204	442
1779088254682817	204	444
1779088254682818	204	445
1779088254682818	204	446
1779088254682819	204	451
1779088254682819	204	455
1779088254682820	204	464
1779088254692357	204	175
1779088254692357	204	186
1779088254692358	204	195
1779088254692359	204	199
1779088254692359	204	200
1779088254692359	204	209
1779088254692360	204	211
1779088254692360	204	215
1779088254692361	204	219
1779088254692361	204	221
1779088254692362	204	222
1779088254692362	204	224
1779088254692363	204	225
1779088254692363	204	229
1779088254692364	204	239
1779088254692364	204	280
1779088254692365	204	286
1779088254692365	204	290
1779088254692366	204	294
1779088254692366	204	298
1779088254692367	204	308
1779088254692367	204	312
1779088254692368	204	316
1779088254692368	204	325
1779088254692369	204	327
1779088254692369	204	331
1779088254692370	204	335
1779088254692370	204	336
1779088254692371	204	344
1779088254702797	204	205
1779088254702799	204	217
1779088254702799	204	223
1779088254702800	204	227
1779088254702800	204	231
1779088254702801	204	241
1779088254702801	204	243
1779088254702801	204	247
1779088254702802	204	283
1779088254702802	204	286
1779088254702803	204	291
1779088254702803	204	292
1779088254702804	204	293
1779088254702804	204	295
1779088254702805	204	296
1779088254702805	204	382
1779088254702806	204	385
1779088254702806	204	386
1779088254702807	204	388
1779088254702807	204	407
1779088254702808	204	412
1779088254702808	204	414
1779088254702809	204	415
1779088254702809	204	419
1779088254702810	204	424
1779088254702810	204	425
1779088254702811	204	435
1779088254702811	204	439
1779088254702812	204	447
1779088254702812	204	454
1779088254702813	204	456
1779088254712351	204	195
1779088254712352	204	206
1779088254712353	204	211
1779088254712353	204	216
1779088254712354	204	220
1779088254712354	204	221
1779088254712354	204	223
1779088254712355	204	227
1779088254712355	204	229
1779088254712355	204	233
1779088254712356	204	234
1779088254712356	204	239
1779088254712356	204	241
1779088254712357	204	245
1779088254712357	204	256
1779088254712357	204	306
1779088254712358	204	309
1779088254712358	204	310
1779088254712359	204	311
1779088254712359	204	316
1779088254712360	204	318
1779088254712360	204	322
1779088254712360	204	324
1779088254712361	204	325
1779088254712361	204	327
1779088254712361	204	329
1779088254712362	204	332
1779088254712362	204	339
1779088254712363	204	353
1779088254722800	204	233
1779088254722802	204	269
1779088254722802	204	277
1779088254722803	204	281
1779088254722803	204	288
1779088254722804	204	307
1779088254722804	204	316
1779088254722805	204	324
1779088254722805	204	327
1779088254722806	204	330
1779088254722806	204	333
1779088254722807	204	340
1779088254722807	204	347
1779088254722808	204	349
1779088254722809	204	364
1779088254722809	204	422
1779088254722810	204	439
1779088254722810	204	442
1779088254722810	204	445
1779088254722811	204	452
1779088254722811	204	460
1779088254722812	204	463
1779088254722812	204	466
1779088254722813	204	473
1779088254722813	204	481
1779088254722814	204	489
1779088254722814	204	492
1779088254722815	204	499
1779088254722815	204	517
1779088254722816	204	525
1779088254722816	204	539
1779088254732439	204	197
1779088254732441	204	210
1779088254732442	204	211
1779088254732442	204	213
1779088254732443	204	217
1779088254732443	204	222
1779088254732444	204	224
1779088254732444	204	228
1779088254732445	204	229
1779088254732445	204	233
1779088254732446	204	235
1779088254732446	204	239
1779088254732447	204	244
1779088254732447	204	245
1779088254732448	204	258
1779088254732448	204	305
1779088254732449	204	311
1779088254732450	204	312
1779088254732450	204	315
1779088254732451	204	320
1779088254732451	204	324
1779088254732452	204	325
1779088254732452	204	327
1779088254732453	204	328
1779088254732453	204	332
1779088254732454	204	336
1779088254732454	204	338
1779088254732455	204	343
1779088254732455	204	359
1779088254742900	204	241
1779088254742901	204	1246
1779088254742901	204	1257
1779088254742902	204	1259
1779088254742902	204	1263
1779088254742903	204	1265
1779088254742903	204	1269
1779088254742904	204	1273
1779088254742904	204	1275
1779088254742905	204	1278
1779088254742905	204	1282
1779088254742906	204	1284
1779088254742906	204	1288
1779088254742907	204	1289
1779088254742907	204	1290
1779088254742908	204	1297
1779088254742908	204	1298
1779088254742909	204	1300
1779088254742909	204	1304
1779088254742910	204	1315
1779088254742910	204	1319
1779088254742911	204	1323
1779088254742911	204	1327
1779088254742912	204	1331
1779088254742912	204	1335
1779088254742913	204	1338
1779088254742913	204	1343
1779088254742914	204	1344
1779088254742914	204	1345
1779088254742915	204	1347
1779088254742915	204	1348
1779088254752356	204	228
1779088254752357	204	246
1779088254752358	204	248
1779088254752359	204	249
1779088254752359	204	253
1779088254752359	204	255
1779088254752360	204	260
1779088254752360	204	268
1779088254752361	204	270
1779088254752361	204	271
1779088254752362	204	275
1779088254752362	204	295
1779088254752363	204	303
1779088254752363	204	305
1779088254752364	204	306
1779088254752364	204	324
1779088254752365	204	326
1779088254752365	204	333
1779088254752366	204	340
1779088254752366	204	341
1779088254752367	204	349
1779088254752367	204	351
1779088254752368	204	355
1779088254752368	204	380
1779088254752369	204	382
1779088254752369	204	386
1779088254752370	204	388
1779088254752370	204	399
1779088254752371	204	401
1779088254762864	204	283
1779088254762866	204	297
1779088254762866	204	306
1779088254762867	204	313
1779088254762867	204	316
1779088254762868	204	323
1779088254762868	204	330
1779088254762869	204	351
1779088254762869	204	354
1779088254762870	204	356
1779088254762870	204	359
1779088254762871	204	366
1779088254762871	204	369
1779088254762872	204	371
1779088254762872	204	383
1779088254762873	204	448
1779088254762873	204	451
1779088254762874	204	454
1779088254762874	204	456
1779088254762875	204	459
1779088254762875	204	462
1779088254762876	204	464
1779088254762876	204	467
1779088254762877	204	475
1779088254762877	204	477
1779088254762878	204	480
1779088254762878	204	482
1779088254762879	204	489
1779088254762879	204	496
1779088254762880	204	499
1779088254762880	204	514
1779088254772479	204	305
1779088254772480	204	320
1779088254772481	204	328
1779088254772481	204	344
1779088254772482	204	351
1779088254772482	204	354
1779088254772483	204	368
1779088254772483	204	371
1779088254772484	204	373
1779088254772484	204	380
1779088254772485	204	387
1779088254772485	204	395
1779088254772486	204	397
1779088254772486	204	404
1779088254772487	204	418
1779088254772487	204	421
1779088254772488	204	428
1779088254772488	204	431
1779088254772489	204	434
1779088254772489	204	436
1779088254772490	204	444
1779088254772490	204	446
1779088254772491	204	453
1779088254772491	204	460
1779088254772492	204	475
1779088254772492	204	483
1779088254772492	204	496
1779088254772493	204	499
1779088254772494	204	506
1779088254783098	204	327
1779088254783100	204	353
1779088254783101	204	361
1779088254783101	204	364
1779088254783102	204	366
1779088254783102	204	374
1779088254783103	204	377
1779088254783103	204	384
1779088254783104	204	391
1779088254783104	204	394
1779088254783105	204	396
1779088254783106	204	403
1779088254783106	204	418
1779088254783107	204	426
1779088254783107	204	428
1779088254783108	204	430
1779088254783108	204	442
1779088254783109	204	445
1779088254783109	204	448
1779088254783110	204	451
1779088254783110	204	458
1779088254783111	204	460
1779088254783111	204	463
1779088254783112	204	471
1779088254783112	204	473
1779088254783113	204	476
1779088254783113	204	483
1779088254783113	204	490
1779088254783114	204	493
1779088254783115	204	500
1779088254783115	204	507
1779088254783116	204	529
1779088254792728	204	209
1779088254792729	204	222
1779088254792729	204	224
1779088254792730	204	226
1779088254792730	204	232
1779088254792731	204	238
1779088254792731	204	245
1779088254792732	204	252
1779088254792732	204	255
1779088254792733	204	258
1779088254792733	204	261
1779088254792734	204	263
1779088254792734	204	270
1779088254792735	204	277
1779088254792735	204	279
1779088254792736	204	282
1779088254792736	204	285
1779088254792737	204	287
1779088254792737	204	295
1779088254792738	204	302
1779088254792738	204	310
1779088254792739	204	330
1779088254792739	204	337
1779088254792740	204	344
1779088254792740	204	351
1779088254792741	204	353
1779088254792741	204	356
1779088254792742	204	358
1779088254792742	204	378
1779088254803220	204	333
1779088254803222	204	351
1779088254803222	204	359
1779088254803223	204	365
1779088254803223	204	369
1779088254803224	204	377
1779088254803224	204	394
1779088254803225	204	430
1779088254803225	204	435
1779088254803226	204	437
1779088254803226	204	470
1779088254803227	204	477
1779088254803227	204	479
1779088254803228	204	480
1779088254803228	204	498
1779088254803229	204	586
1779088254803229	204	598
1779088254803230	204	600
1779088254803230	204	604
1779088254803231	204	633
1779088254803231	204	635
1779088254803232	204	640
1779088254803232	204	658
1779088254803233	204	663
1779088254803233	204	701
1779088254803234	204	703
1779088254803234	204	704
1779088254803235	204	705
1779088254803235	204	707
1779088254803236	204	708
1779088254803236	204	709
1779088254813037	204	308
1779088254813038	204	325
1779088254813039	204	329
1779088254813039	204	337
1779088254813040	204	339
1779088254813040	204	343
1779088254813041	204	364
1779088254813041	204	369
1779088254813042	204	370
1779088254813042	204	372
1779088254813043	204	382
1779088254813043	204	384
1779088254813044	204	391
1779088254813044	204	393
1779088254813045	204	413
1779088254813045	204	415
1779088254813046	204	419
1779088254813046	204	431
1779088254813047	204	437
1779088254813047	204	460
1779088254813048	204	462
1779088254813048	204	463
1779088254813049	204	468
1779088254813049	204	480
1779088254813050	204	499
1779088254813050	204	501
1779088254813051	204	502
1779088254813051	204	504
1779088254813052	204	505
1779088254813052	204	513
1779088254822640	204	272
1779088254822641	204	283
1779088254822642	204	293
1779088254822642	204	301
1779088254822643	204	321
1779088254822644	204	329
1779088254822644	204	330
1779088254822644	204	349
1779088254822645	204	357
1779088254822645	204	358
1779088254822646	204	369
1779088254822646	204	376
1779088254822647	204	389
1779088254822648	204	418
1779088254822648	204	420
1779088254822649	204	421
1779088254822649	204	431
1779088254822649	204	439
1779088254822650	204	457
1779088254822650	204	462
1779088254822651	204	489
1779088254822651	204	506
1779088254822652	204	508
1779088254822652	204	510
1779088254822653	204	511
1779088254822653	204	513
1779088254822654	204	521
1779088254822654	204	523
1779088254822655	204	524
1779088254833279	204	311
1779088254833282	204	328
1779088254833282	204	340
1779088254833283	204	342
1779088254833283	204	346
1779088254833284	204	355
1779088254833284	204	359
1779088254833285	204	387
1779088254833285	204	389
1779088254833286	204	390
1779088254833286	204	392
1779088254833287	204	393
1779088254833287	204	394
1779088254833288	204	399
1779088254833288	204	401
1779088254833289	204	407
1779088254833289	204	412
1779088254833290	204	435
1779088254833290	204	438
1779088254833291	204	442
1779088254833291	204	443
1779088254833292	204	467
1779088254833292	204	469
1779088254833293	204	471
1779088254833293	204	472
1779088254833294	204	476
1779088254833294	204	487
1779088254833295	204	494
1779088254833295	204	516
1779088254833296	204	519
1779088254833296	204	520
1779088254842919	204	315
1779088254842921	204	328
1779088254842921	204	336
1779088254842922	204	339
1779088254842922	204	346
1779088254842923	204	348
1779088254842923	204	355
1779088254842924	204	370
1779088254842924	204	377
1779088254842925	204	379
1779088254842925	204	382
1779088254842926	204	385
1779088254842926	204	387
1779088254842927	204	390
1779088254842927	204	397
1779088254842928	204	412
1779088254842928	204	419
1779088254842929	204	432
1779088254842929	204	435
1779088254842930	204	442
1779088254842930	204	445
1779088254842931	204	458
1779088254842931	204	465
1779088254842932	204	476
1779088254842932	204	484
1779088254842933	204	486
1779088254842933	204	489
1779088254842934	204	492
1779088254842934	204	505
1779088254852530	204	256
1779088254852532	204	275
1779088254852533	204	277
1779088254852533	204	283
1779088254852534	204	287
1779088254852535	204	294
1779088254852536	204	296
1779088254852536	204	303
1779088254852537	204	310
1779088254852538	204	313
1779088254852539	204	320
1779088254852539	204	327
1779088254852540	204	334
1779088254852541	204	355
1779088254852542	204	362
1779088254852543	204	438
1779088254852543	204	457
1779088254852545	204	463
1779088254852546	204	470
1779088254852547	204	476
1779088254852547	204	483
1779088254852548	204	486
1779088254852549	204	488
1779088254852550	204	495
1779088254852551	204	502
1779088254852551	204	528
1779088254852552	204	530
1779088254852553	204	546
1779088254852554	204	549
1779088254863192	204	312
1779088254863193	204	330
1779088254863194	204	345
1779088254863194	204	349
1779088254863195	204	356
1779088254863195	204	370
1779088254863196	204	373
1779088254863196	204	380
1779088254863197	204	383
1779088254863197	204	395
1779088254863198	204	398
1779088254863198	204	401
1779088254863199	204	408
1779088254863199	204	411
1779088254863200	204	413
1779088254863200	204	416
1779088254863200	204	422
1779088254863201	204	425
1779088254863201	204	428
1779088254863202	204	435
1779088254863202	204	450
1779088254863203	204	453
1779088254863203	204	456
1779088254863204	204	463
1779088254863204	204	471
1779088254863205	204	485
1779088254863205	204	488
1779088254863206	204	491
1779088254863206	204	498
1779088254863207	204	511
1779088254863207	204	514
1779088254863208	204	516
1779088254872823	204	272
1779088254872825	204	295
1779088254872825	204	298
1779088254872826	204	306
1779088254872827	204	312
1779088254872827	204	319
1779088254872827	204	321
1779088254872828	204	323
1779088254872828	204	330
1779088254872829	204	337
1779088254872829	204	344
1779088254872830	204	366
1779088254872830	204	369
1779088254872831	204	377
1779088254872831	204	380
1779088254872832	204	387
1779088254872832	204	390
1779088254872833	204	398
1779088254872833	204	405
1779088254872834	204	412
1779088254872834	204	414
1779088254872835	204	421
1779088254872835	204	423
1779088254872836	204	426
1779088254872836	204	433
1779088254872837	204	439
1779088254872837	204	446
1779088254872838	204	462
1779088254872838	204	465
1779088254882390	204	300
1779088254882391	204	312
1779088254882392	204	317
1779088254882392	204	326
1779088254882392	204	328
1779088254882393	204	333
1779088254882393	204	354
1779088254882393	204	356
1779088254882394	204	361
1779088254882394	204	374
1779088254882395	204	379
1779088254882395	204	381
1779088254882395	204	405
1779088254882396	204	408
1779088254882396	204	409
1779088254882396	204	414
1779088254882397	204	415
1779088254882398	204	416
1779088254882398	204	418
1779088254882399	204	419
1779088254882399	204	427
1779088254882399	204	431
1779088254882400	204	457
1779088254882400	204	459
1779088254882400	204	461
1779088254882401	204	465
1779088254882401	204	467
1779088254882401	204	475
1779088254882402	204	477
1779088254892964	204	323
1779088254892965	204	335
1779088254892965	204	341
1779088254892966	204	342
1779088254892966	204	344
1779088254892967	204	356
1779088254892968	204	358
1779088254892968	204	363
1779088254892969	204	370
1779088254892969	204	371
1779088254892970	204	376
1779088254892971	204	383
1779088254892971	204	385
1779088254892972	204	389
1779088254892972	204	435
1779088254892973	204	438
1779088254892973	204	440
1779088254892973	204	441
1779088254892974	204	442
1779088254892974	204	444
1779088254892975	204	445
1779088254892975	204	447
1779088254892976	204	449
1779088254892976	204	450
1779088254892977	204	451
1779088254892977	204	456
1779088254892978	204	457
1779088254892978	204	461
1779088254892979	204	462
1779088254892979	204	466
1779088254892980	204	468
1779088254892981	204	476
1779088254902532	204	210
1779088254902533	204	220
1779088254902534	204	221
1779088254902534	204	225
1779088254902535	204	236
1779088254902535	204	241
1779088254902536	204	243
1779088254902536	204	244
1779088254902537	204	249
1779088254902537	204	250
1779088254902538	204	254
1779088254902538	204	256
1779088254902539	204	260
1779088254902539	204	262
1779088254902540	204	266
1779088254902540	204	275
1779088254902541	204	280
1779088254902541	204	288
1779088254902542	204	290
1779088254902542	204	294
1779088254902543	204	295
1779088254902543	204	303
1779088254902544	204	305
1779088254902544	204	307
1779088254902545	204	308
1779088254902545	204	309
1779088254902546	204	311
1779088254902546	204	315
1779088254912955	204	237
1779088254912957	204	256
1779088254912957	204	259
1779088254912958	204	261
1779088254912958	204	263
1779088254912959	204	269
1779088254912959	204	276
1779088254912960	204	283
1779088254912960	204	291
1779088254912961	204	293
1779088254912962	204	299
1779088254912962	204	302
1779088254912963	204	308
1779088254912963	204	315
1779088254912964	204	332
1779088254912964	204	346
1779088254912964	204	362
1779088254912965	204	369
1779088254912965	204	372
1779088254912966	204	379
1779088254912967	204	386
1779088254912967	204	389
1779088254912967	204	391
1779088254912968	204	398
1779088254912968	204	407
1779088254912969	204	414
1779088254912969	204	416
1779088254912970	204	419
1779088254912970	204	426
1779088254912971	204	432
1779088254912971	204	447
1779088254912972	204	450
1779088254922509	204	304
1779088254922511	204	323
1779088254922511	204	325
1779088254922512	204	331
1779088254922512	204	334
1779088254922513	204	340
1779088254922513	204	345
1779088254922513	204	347
1779088254922514	204	353
1779088254922514	204	355
1779088254922515	204	357
1779088254922515	204	363
1779088254922516	204	382
1779088254922516	204	390
1779088254922517	204	392
1779088254922517	204	394
1779088254922518	204	400
1779088254922518	204	413
1779088254922519	204	420
1779088254922519	204	429
1779088254922520	204	436
1779088254922520	204	443
1779088254922521	204	458
1779088254922521	204	466
1779088254922522	204	469
1779088254922522	204	472
1779088254922523	204	485
1779088254922523	204	488
1779088254933115	204	298
1779088254933117	204	317
1779088254933117	204	324
1779088254933118	204	332
1779088254933119	204	334
1779088254933120	204	341
1779088254933120	204	360
1779088254933121	204	364
1779088254933122	204	371
1779088254933123	204	379
1779088254933124	204	393
1779088254933124	204	400
1779088254933125	204	403
1779088254933126	204	405
1779088254933127	204	418
1779088254933127	204	484
1779088254933128	204	488
1779088254933129	204	495
1779088254933130	204	511
1779088254933131	204	518
1779088254933132	204	520
1779088254933132	204	527
1779088254933133	204	541
1779088254933134	204	549
1779088254933135	204	551
1779088254933135	204	554
1779088254933136	204	561
1779088254933137	204	563
1779088254933138	204	571
1779088254933139	204	573
1779088254933139	204	575
1779088254933140	204	589
1779088254942824	204	221
1779088254942826	204	254
1779088254942827	204	261
1779088254942827	204	267
1779088254942828	204	275
1779088254942828	204	282
1779088254942829	204	290
1779088254942829	204	292
1779088254942829	204	300
1779088254942830	204	303
1779088254942831	204	305
1779088254942831	204	308
1779088254942832	204	315
1779088254942832	204	322
1779088254942832	204	342
1779088254942833	204	396
1779088254942833	204	409
1779088254942834	204	416
1779088254942835	204	419
1779088254942835	204	431
1779088254942836	204	438
1779088254942836	204	451
1779088254942837	204	459
1779088254942837	204	465
1779088254942838	204	468
1779088254942838	204	475
1779088254942839	204	489
1779088254942839	204	492
1779088254942840	204	495
1779088254952415	204	244
1779088254952417	204	270
1779088254952417	204	274
1779088254952418	204	276
1779088254952418	204	284
1779088254952419	204	287
1779088254952419	204	294
1779088254952420	204	301
1779088254952420	204	307
1779088254952421	204	310
1779088254952421	204	312
1779088254952422	204	320
1779088254952422	204	326
1779088254952423	204	331
1779088254952423	204	353
1779088254952424	204	394
1779088254952424	204	399
1779088254952424	204	413
1779088254952425	204	421
1779088254952426	204	424
1779088254952426	204	427
1779088254952426	204	430
1779088254952427	204	446
1779088254952427	204	454
1779088254952428	204	457
1779088254952428	204	460
1779088254952429	204	468
1779088254952429	204	474
1779088254952430	204	488
1779088254963023	204	325
1779088254963025	204	343
1779088254963026	204	352
1779088254963028	204	365
1779088254963028	204	372
1779088254963029	204	375
1779088254963030	204	382
1779088254963031	204	389
1779088254963032	204	395
1779088254963032	204	398
1779088254963033	204	400
1779088254963034	204	419
1779088254963035	204	422
1779088254963036	204	424
1779088254963037	204	436
1779088254963038	204	479
1779088254963039	204	486
1779088254963039	204	499
1779088254963040	204	506
1779088254963041	204	508
1779088254963042	204	524
1779088254963043	204	527
1779088254963044	204	529
1779088254963044	204	531
1779088254963045	204	538
1779088254963046	204	540
1779088254963047	204	542
1779088254963048	204	544
1779088254963048	204	546
1779088254963049	204	548
1779088254963050	204	550
1779088254963051	204	563
1779088254972699	204	249
1779088254972700	204	272
1779088254972701	204	281
1779088254972701	204	296
1779088254972702	204	305
1779088254972703	204	308
1779088254972703	204	311
1779088254972704	204	314
1779088254972704	204	321
1779088254972705	204	337
1779088254972705	204	341
1779088254972706	204	362
1779088254972706	204	371
1779088254972707	204	374
1779088254972707	204	388
1779088254972708	204	454
1779088254972708	204	470
1779088254972709	204	478
1779088254972709	204	481
1779088254972710	204	484
1779088254972710	204	487
1779088254972711	204	489
1779088254972711	204	503
1779088254972712	204	506
1779088254972712	204	509
1779088254972713	204	516
1779088254972713	204	520
1779088254972714	204	526
1779088254972715	204	541
1779088254982344	204	219
1779088254982346	204	238
1779088254982347	204	240
1779088254982348	204	242
1779088254982348	204	248
1779088254982349	204	256
1779088254982350	204	258
1779088254982350	204	261
1779088254982351	204	263
1779088254982352	204	265
1779088254982353	204	272
1779088254982354	204	274
1779088254982354	204	281
1779088254982355	204	288
1779088254982356	204	308
1779088254982356	204	357
1779088254982357	204	360
1779088254982359	204	367
1779088254982359	204	383
1779088254982360	204	390
1779088254982361	204	393
1779088254982362	204	400
1779088254982362	204	415
1779088254982363	204	422
1779088254982364	204	424
1779088254982365	204	426
1779088254982366	204	428
1779088254982366	204	441
1779088254982367	204	443
1779088254992913	204	289
1779088254992915	204	309
1779088254992916	204	318
1779088254992917	204	326
1779088254992918	204	333
1779088254992919	204	340
1779088254992920	204	347
1779088254992921	204	350
1779088254992921	204	356
1779088254992922	204	363
1779088254992923	204	370
1779088254992924	204	373
1779088254992925	204	375
1779088254992926	204	377
1779088254992926	204	393
1779088254992927	204	401
1779088254992928	204	410
1779088254992929	204	417
1779088254992929	204	420
1779088254992930	204	422
1779088254992931	204	429
1779088254992931	204	436
1779088254992932	204	439
1779088254992933	204	445
1779088254992934	204	447
1779088254992935	204	454
1779088254992936	204	461
1779088254992936	204	463
1779088254992937	204	480
1779088254992938	204	483
1779088254992939	204	485
1779088255002518	204	244
1779088255002519	204	268
1779088255002520	204	271
1779088255002521	204	278
1779088255002522	204	285
1779088255002523	204	291
1779088255002524	204	297
1779088255002525	204	304
1779088255002526	204	306
1779088255002526	204	308
1779088255002527	204	310
1779088255002528	204	316
1779088255002529	204	319
1779088255002530	204	340
1779088255002530	204	343
1779088255002531	204	370
1779088255002532	204	373
1779088255002533	204	390
1779088255002534	204	393
1779088255002535	204	399
1779088255002536	204	406
1779088255002536	204	420
1779088255002537	204	430
1779088255002538	204	432
1779088255002539	204	434
1779088255002540	204	441
1779088255002540	204	443
1779088255002541	204	446
1779088255002542	204	458
1779088255013109	204	242
1779088255013111	204	260
1779088255013112	204	263
1779088255013112	204	271
1779088255013113	204	278
1779088255013114	204	281
1779088255013115	204	283
1779088255013116	204	290
1779088255013117	204	292
1779088255013117	204	299
1779088255013118	204	305
1779088255013119	204	312
1779088255013120	204	318
1779088255013121	204	334
1779088255013122	204	337
1779088255013122	204	398
1779088255013123	204	406
1779088255013124	204	425
1779088255013125	204	433
1779088255013126	204	435
1779088255013126	204	437
1779088255013127	204	444
1779088255013128	204	458
1779088255013129	204	461
1779088255013130	204	463
1779088255013131	204	470
1779088255013131	204	473
1779088255013132	204	475
1779088255013133	204	491
1779088255013134	204	498
1779088255013135	204	504
1779088255013136	204	518
1779088255022765	204	250
1779088255022767	204	277
1779088255022768	204	285
1779088255022768	204	304
1779088255022769	204	311
1779088255022770	204	318
1779088255022771	204	320
1779088255022772	204	327
1779088255022772	204	334
1779088255022773	204	341
1779088255022774	204	344
1779088255022775	204	346
1779088255022776	204	349
1779088255022776	204	357
1779088255022777	204	359
1779088255022778	204	366
1779088255022779	204	373
1779088255022780	204	375
1779088255022781	204	377
1779088255022781	204	380
1779088255022782	204	387
1779088255022783	204	389
1779088255022784	204	391
1779088255022785	204	393
1779088255022786	204	400
1779088255022786	204	406
1779088255022787	204	413
1779088255022788	204	420
1779088255022789	204	426
1779088255032310	204	416
1779088255032312	204	435
1779088255032312	204	444
1779088255032313	204	452
1779088255032313	204	455
1779088255032314	204	457
1779088255032314	204	465
1779088255032315	204	467
1779088255032318	204	465
1779088255032319	204	469
1779088255032319	204	483
1779088255032320	204	485
1779088255032320	204	486
1779088255032321	204	488
1779088255032321	204	489
1779088255032322	204	514
1779088255032322	204	516
1779088255032323	204	517
1779088255032324	204	526
1779088255032324	204	545
1779088255032325	204	546
1779088255032328	204	552
1779088255032328	204	554
1779088255032329	204	559
1779088255032329	204	563
1779088255032330	204	570
1779088255032330	204	575
1779088255032333	204	574
1779088255032342	204	587
1779088255043027	204	241
1779088255043028	204	257
1779088255043029	204	262
1779088255043030	204	264
1779088255043030	204	268
1779088255043031	204	272
1779088255043031	204	276
1779088255043032	204	278
1779088255043032	204	280
1779088255043033	204	281
1779088255043033	204	285
1779088255043034	204	288
1779088255043035	204	290
1779088255043035	204	297
1779088255043036	204	315
1779088255043036	204	345
1779088255043037	204	348
1779088255043037	204	353
1779088255043038	204	354
1779088255043038	204	356
1779088255043039	204	357
1779088255043040	204	358
1779088255043040	204	360
1779088255043041	204	361
1779088255043041	204	365
1779088255043042	204	370
1779088255043042	204	372
1779088255043043	204	374
1779088255043044	204	381
1779088255043044	204	388
1779088255043045	204	390
1779088255043045	204	406
1779088255052540	204	214
1779088255052542	204	237
1779088255052542	204	245
1779088255052543	204	249
1779088255052543	204	251
1779088255052544	204	259
1779088255052544	204	266
1779088255052545	204	270
1779088255052545	204	277
1779088255052546	204	296
1779088255052546	204	300
1779088255052547	204	302
1779088255052547	204	304
1779088255052548	204	311
1779088255052548	204	314
1779088255052549	204	381
1779088255052549	204	386
1779088255052550	204	389
1779088255052550	204	396
1779088255052551	204	404
1779088255052551	204	411
1779088255052552	204	415
1779088255052552	204	417
1779088255052553	204	419
1779088255052553	204	427
1779088255052554	204	434
1779088255052554	204	441
1779088255052555	204	459
1779088255063096	204	202
1779088255063097	204	215
1779088255063098	204	217
1779088255063099	204	221
1779088255063099	204	225
1779088255063099	204	229
1779088255063100	204	233
1779088255063100	204	238
1779088255063101	204	250
1779088255063101	204	255
1779088255063102	204	265
1779088255063102	204	266
1779088255063103	204	276
1779088255063103	204	278
1779088255063104	204	281
1779088255063104	204	334
1779088255063105	204	337
1779088255063105	204	342
1779088255063106	204	343
1779088255063106	204	345
1779088255063107	204	346
1779088255063107	204	347
1779088255063108	204	349
1779088255063108	204	350
1779088255063109	204	352
1779088255063109	204	355
1779088255063110	204	361
1779088255063110	204	368
1779088255063111	204	383
1779088255063111	204	386
1779088255063112	204	388
1779088255063112	204	390
