1779088255512002	204	361
1779088255521496	204	287
1779088255521497	204	303
1779088255521503	204	302
1779088255521504	204	306
1779088255521506	204	308
1779088255521506	204	311
1779088255521507	204	315
1779088255521508	204	317
1779088255521510	204	319
1779088255521511	204	322
1779088255521513	204	324
1779088255521513	204	327
1779088255521515	204	329
1779088255521518	204	511
1779088255521518	204	520
1779088255521518	204	524
1779088255521519	204	527
1779088255521519	204	531
1779088255521521	204	533
1779088255521529	204	641
1779088255521530	204	651
1779088255521531	204	654
1779088255521532	204	658
1779088255521532	204	661
1779088255521534	204	664
1779088255521534	204	667
1779088255521535	204	677
1779088255521535	204	680
1779088255531309	204	440
1779088255531310	204	464
1779088255531310	204	469
1779088255531311	204	475
1779088255531311	204	482
1779088255531312	204	487
1779088255531312	204	493
1779088255531313	204	499
1779088255531313	204	505
1779088255531314	204	510
1779088255531315	204	515
1779088255531315	204	521
1779088255531316	204	526
1779088255531316	204	532
1779088255531316	204	538
1779088255531317	204	543
1779088255531317	204	548
1779088255531318	204	554
1779088255531318	204	560
1779088255531319	204	566
1779088255531319	204	571
1779088255531320	204	579
1779088255531320	204	585
1779088255531321	204	590
1779088255531321	204	596
1779088255531322	204	601
1779088255531323	204	607
1779088255531323	204	612
1779088255531327	204	615
1779088255531330	204	618
1779088255542050	204	428
1779088255542050	204	445
1779088255542051	204	452
1779088255542051	204	457
1779088255542052	204	463
1779088255542052	204	469
1779088255542052	204	475
1779088255542052	204	481
1779088255542053	204	486
1779088255542053	204	493
1779088255542054	204	499
1779088255542054	204	504
1779088255542054	204	510
1779088255542055	204	516
1779088255542055	204	522
1779088255542056	204	531
1779088255542056	204	536
1779088255542056	204	542
1779088255542057	204	548
1779088255542067	204	544
1779088255542068	204	549
1779088255542068	204	555
1779088255542069	204	560
1779088255542077	204	568
1779088255542078	204	565
1779088255542079	204	570
1779088255542079	204	576
1779088255542080	204	581
1779088255542081	204	587
1779088255542081	204	593
1779088255542087	204	593
1779088255542088	204	598
1779088255551785	204	413
1779088255551786	204	430
1779088255551787	204	436
1779088255551787	204	441
1779088255551787	204	448
1779088255551788	204	453
1779088255551788	204	459
1779088255551789	204	465
1779088255551789	204	470
1779088255551790	204	476
1779088255551790	204	482
1779088255551790	204	487
1779088255551791	204	493
1779088255551791	204	499
1779088255551791	204	505
1779088255551792	204	510
1779088255551792	204	515
1779088255551792	204	521
1779088255551793	204	526
1779088255551794	204	532
1779088255551794	204	539
1779088255551794	204	545
1779088255551795	204	550
1779088255551795	204	556
1779088255551796	204	562
1779088255551796	204	567
1779088255551796	204	572
1779088255551797	204	578
1779088255551797	204	584
1779088255561478	204	357
1779088255561478	204	374
1779088255561479	204	381
1779088255561479	204	387
1779088255561480	204	393
1779088255561480	204	399
1779088255561480	204	406
1779088255561480	204	412
1779088255561481	204	417
1779088255561481	204	423
1779088255561481	204	429
1779088255561482	204	435
1779088255561482	204	440
1779088255561482	204	446
1779088255561483	204	452
1779088255561483	204	458
1779088255561483	204	464
1779088255561484	204	470
1779088255561484	204	475
1779088255561484	204	481
1779088255561485	204	488
1779088255561485	204	494
1779088255561485	204	500
1779088255561485	204	506
1779088255561486	204	511
1779088255561486	204	517
1779088255561486	204	522
1779088255561487	204	528
1779088255561488	204	533
1779088255572120	204	426
1779088255572121	204	444
1779088255572121	204	451
1779088255572122	204	456
1779088255572122	204	461
1779088255572122	204	467
1779088255572123	204	473
1779088255572123	204	478
1779088255572123	204	484
1779088255572124	204	490
1779088255572124	204	496
1779088255572125	204	502
1779088255572125	204	508
1779088255572125	204	514
1779088255572126	204	520
1779088255572126	204	536
1779088255572126	204	542
1779088255572127	204	547
1779088255572127	204	553
1779088255572128	204	559
1779088255572128	204	564
1779088255572129	204	570
1779088255572129	204	575
1779088255572130	204	585
1779088255572130	204	591
1779088255572130	204	597
1779088255572131	204	602
1779088255572131	204	608
1779088255572132	204	618
1779088255572132	204	624
1779088255572133	204	630
1779088255572133	204	635
1779088255581871	204	449
1779088255581871	204	468
1779088255581872	204	476
1779088255581873	204	481
1779088255581873	204	486
1779088255581873	204	492
1779088255581874	204	498
1779088255581874	204	505
1779088255581874	204	511
1779088255581874	204	517
1779088255581875	204	523
1779088255581875	204	529
1779088255581875	204	535
1779088255581876	204	541
1779088255581876	204	547
1779088255581876	204	552
1779088255581877	204	558
1779088255581877	204	563
1779088255581877	204	569
1779088255581878	204	575
1779088255581878	204	580
1779088255581878	204	588
1779088255581879	204	593
1779088255581879	204	599
1779088255581879	204	605
1779088255581880	204	611
1779088255581880	204	616
1779088255581880	204	622
1779088255581881	204	627
1779088255581881	204	634
1779088255591613	204	361
1779088255591614	204	377
1779088255591614	204	384
1779088255591614	204	390
1779088255591615	204	396
1779088255591616	204	401
1779088255591616	204	407
1779088255591616	204	413
1779088255591616	204	419
1779088255591617	204	425
1779088255591617	204	431
1779088255591617	204	437
1779088255591618	204	456
1779088255591618	204	462
1779088255591618	204	467
1779088255591618	204	473
1779088255591619	204	479
1779088255591619	204	485
1779088255591619	204	491
1779088255591620	204	496
1779088255591620	204	503
1779088255591620	204	509
1779088255591621	204	515
1779088255591621	204	520
1779088255591621	204	526
1779088255591621	204	532
1779088255591622	204	538
1779088255591622	204	543
1779088255591623	204	549
1779088255601286	204	374
1779088255601286	204	391
1779088255601287	204	398
1779088255601287	204	404
1779088255601287	204	409
1779088255601288	204	415
1779088255601288	204	421
1779088255601288	204	427
1779088255601288	204	432
1779088255601289	204	438
1779088255601289	204	444
1779088255601289	204	458
1779088255601290	204	464
1779088255601290	204	470
1779088255601290	204	475
1779088255601291	204	480
1779088255601291	204	486
1779088255601291	204	492
1779088255601292	204	498
1779088255601292	204	504
1779088255601292	204	511
1779088255601293	204	517
1779088255601293	204	523
1779088255601293	204	528
1779088255601293	204	534
1779088255601294	204	539
1779088255601294	204	546
1779088255601294	204	552
1779088255601295	204	558
1779088255611956	204	440
1779088255611956	204	456
1779088255611957	204	463
1779088255611957	204	468
1779088255611957	204	474
1779088255611958	204	480
1779088255611958	204	486
1779088255611958	204	492
1779088255611959	204	497
1779088255611959	204	503
1779088255611959	204	514
1779088255611960	204	520
1779088255611960	204	526
1779088255611960	204	532
1779088255611961	204	537
1779088255611961	204	543
1779088255611962	204	549
1779088255611963	204	554
1779088255611963	204	559
1779088255611963	204	565
1779088255611964	204	571
1779088255611964	204	576
1779088255611964	204	582
1779088255611965	204	589
1779088255611965	204	595
1779088255611965	204	601
1779088255611966	204	606
1779088255611966	204	612
1779088255611967	204	617
1779088255611967	204	624
1779088255611968	204	630
1779088255611968	204	635
1779088255621701	204	326
1779088255621701	204	340
1779088255621702	204	347
1779088255621702	204	353
1779088255621702	204	386
1779088255621703	204	394
1779088255621703	204	400
1779088255621703	204	406
1779088255621704	204	412
1779088255621704	204	418
1779088255621704	204	423
1779088255621704	204	429
1779088255621705	204	435
1779088255621705	204	441
1779088255621705	204	446
1779088255621706	204	452
1779088255621706	204	458
1779088255621706	204	463
1779088255621706	204	469
1779088255621707	204	475
1779088255621707	204	482
1779088255621707	204	488
1779088255621708	204	494
1779088255621708	204	499
1779088255621708	204	505
1779088255621708	204	511
1779088255621709	204	516
1779088255621709	204	534
1779088255621709	204	541
1779088255631350	204	377
1779088255631351	204	394
1779088255631351	204	401
1779088255631351	204	407
1779088255631352	204	412
1779088255631352	204	419
1779088255631352	204	424
1779088255631353	204	430
1779088255631353	204	436
1779088255631353	204	442
1779088255631354	204	448
1779088255631354	204	454
1779088255631354	204	460
1779088255631355	204	466
1779088255631355	204	472
1779088255631356	204	477
1779088255631356	204	482
1779088255631356	204	488
1779088255631357	204	494
1779088255631357	204	500
1779088255631357	204	507
1779088255631357	204	512
1779088255631358	204	518
1779088255631358	204	524
1779088255631358	204	530
1779088255631360	204	534
1779088255631360	204	540
1779088255631360	204	546
1779088255631361	204	552
1779088255642012	204	549
1779088255642012	204	567
1779088255642013	204	574
1779088255642013	204	580
1779088255642014	204	587
1779088255642014	204	593
1779088255642014	204	599
1779088255642015	204	604
1779088255642015	204	610
1779088255642015	204	616
1779088255642016	204	622
1779088255642016	204	628
1779088255642016	204	634
1779088255642017	204	640
1779088255642017	204	646
1779088255642017	204	652
1779088255642017	204	658
1779088255642018	204	663
1779088255642018	204	669
1779088255642018	204	675
1779088255642019	204	681
1779088255642019	204	687
1779088255642019	204	698
1779088255642020	204	706
1779088255642020	204	712
1779088255642020	204	717
1779088255642021	204	723
1779088255642021	204	728
1779088255642021	204	733
1779088255642021	204	739
1779088255642022	204	744
1779088255642022	204	750
1779088255651889	204	618
1779088255651890	204	641
1779088255651891	204	647
1779088255651892	204	652
1779088255651892	204	659
1779088255651893	204	664
1779088255651893	204	670
1779088255651894	204	677
1779088255651894	204	683
1779088255651895	204	688
1779088255651896	204	694
1779088255651896	204	700
1779088255651897	204	706
1779088255651898	204	711
1779088255651898	204	717
1779088255651899	204	723
1779088255651900	204	728
1779088255651900	204	733
1779088255651901	204	739
1779088255651902	204	745
1779088255651902	204	751
1779088255651903	204	758
1779088255651903	204	763
1779088255651904	204	769
1779088255651905	204	775
1779088255651905	204	780
1779088255651906	204	786
1779088255651907	204	791
1779088255651907	204	797
1779088255651908	204	802
1779088255661820	204	456
1779088255661820	204	477
1779088255661821	204	484
1779088255661821	204	490
1779088255661822	204	496
1779088255661822	204	502
1779088255661823	204	508
1779088255661823	204	514
1779088255661823	204	520
1779088255661824	204	526
1779088255661824	204	532
1779088255661825	204	538
1779088255661825	204	544
1779088255661825	204	550
1779088255661826	204	556
1779088255661826	204	562
1779088255661826	204	568
1779088255661827	204	573
1779088255661827	204	580
1779088255661827	204	585
1779088255661828	204	593
1779088255661828	204	598
1779088255661828	204	604
1779088255661829	204	610
1779088255661829	204	616
1779088255661829	204	621
1779088255661829	204	627
1779088255661830	204	633
1779088255661830	204	639
1779088255671566	204	338
1779088255671566	204	353
1779088255671567	204	360
1779088255671567	204	367
1779088255671567	204	373
1779088255671568	204	379
1779088255671568	204	385
1779088255671568	204	391
1779088255671568	204	397
1779088255671569	204	403
1779088255671569	204	409
1779088255671569	204	415
1779088255671570	204	421
1779088255671570	204	427
1779088255671570	204	432
1779088255671570	204	438
1779088255671571	204	444
1779088255671571	204	450
1779088255671571	204	456
1779088255671572	204	461
1779088255671572	204	467
1779088255671572	204	474
1779088255671573	204	480
1779088255671573	204	496
1779088255671573	204	502
1779088255671574	204	508
1779088255671574	204	514
1779088255671574	204	520
1779088255671575	204	526
1779088255671575	204	533
1779088255681209	204	399
1779088255681210	204	420
1779088255681210	204	427
1779088255681211	204	432
1779088255681211	204	445
1779088255681211	204	450
1779088255681212	204	456
1779088255681212	204	462
1779088255681213	204	468
1779088255681213	204	474
1779088255681213	204	480
1779088255681214	204	486
1779088255681215	204	503
1779088255681215	204	508
1779088255681215	204	514
1779088255681216	204	520
1779088255681216	204	526
1779088255681216	204	531
1779088255681217	204	537
1779088255681217	204	543
1779088255681217	204	550
1779088255681218	204	556
1779088255681218	204	562
1779088255681218	204	567
1779088255681218	204	573
1779088255681219	204	579
1779088255681219	204	585
1779088255681219	204	613
1779088255681220	204	620
1779088255691959	204	496
1779088255691960	204	521
1779088255691960	204	526
1779088255691961	204	531
1779088255691962	204	536
1779088255691962	204	541
1779088255691963	204	547
1779088255691963	204	552
1779088255691964	204	556
1779088255691965	204	561
1779088255691965	204	566
1779088255691966	204	571
1779088255691966	204	575
1779088255691967	204	580
1779088255691968	204	585
1779088255691968	204	590
1779088255691969	204	596
1779088255691970	204	601
1779088255691970	204	607
1779088255691971	204	612
1779088255691971	204	618
1779088255691972	204	624
1779088255691972	204	629
1779088255691973	204	637
1779088255691973	204	642
1779088255691974	204	647
1779088255691975	204	652
1779088255691975	204	657
1779088255691976	204	662
1779088255691977	204	668
1779088255691977	204	673
1779088255691978	204	678
1779088255701775	204	383
1779088255701775	204	398
1779088255701776	204	402
1779088255701776	204	406
1779088255701776	204	409
1779088255701777	204	413
1779088255701777	204	416
1779088255701777	204	419
1779088255701778	204	423
1779088255701778	204	427
1779088255701778	204	430
1779088255701779	204	434
1779088255701779	204	437
1779088255701779	204	440
1779088255701780	204	443
1779088255701781	204	447
1779088255701781	204	450
1779088255701781	204	454
1779088255701782	204	457
1779088255701782	204	460
1779088255701782	204	465
1779088255701783	204	469
1779088255701783	204	472
1779088255701783	204	476
1779088255701784	204	480
1779088255701784	204	486
1779088255701784	204	503
1779088255701784	204	507
1779088255701785	204	510
1779088255711383	204	404
1779088255711384	204	420
1779088255711384	204	425
1779088255711385	204	428
1779088255711385	204	432
1779088255711385	204	435
1779088255711386	204	439
1779088255711386	204	442
1779088255711386	204	446
1779088255711386	204	450
1779088255711387	204	453
1779088255711387	204	457
1779088255711388	204	461
1779088255711388	204	464
1779088255711388	204	468
1779088255711389	204	471
1779088255711389	204	485
1779088255711389	204	488
1779088255711389	204	492
1779088255711390	204	495
1779088255711390	204	500
1779088255711390	204	504
1779088255711391	204	507
1779088255711391	204	510
1779088255711392	204	514
1779088255711392	204	517
1779088255711392	204	520
1779088255711392	204	524
1779088255711393	204	527
1779088255722008	204	439
1779088255722009	204	462
1779088255722009	204	470
1779088255722009	204	476
1779088255722010	204	483
1779088255722010	204	489
1779088255722010	204	494
1779088255722010	204	500
1779088255722011	204	505
1779088255722011	204	511
1779088255722011	204	517
1779088255722012	204	522
1779088255722012	204	528
1779088255722012	204	534
1779088255722012	204	539
1779088255722013	204	545
1779088255722013	204	551
1779088255722013	204	556
1779088255722014	204	561
1779088255722014	204	567
1779088255722014	204	572
1779088255722015	204	578
1779088255722015	204	584
1779088255722015	204	591
1779088255722015	204	596
1779088255722016	204	601
1779088255722016	204	607
1779088255722016	204	613
1779088255722017	204	618
1779088255722017	204	624
1779088255722017	204	629
1779088255722018	204	634
1779088255731773	204	406
1779088255731774	204	423
1779088255731775	204	428
1779088255731775	204	432
1779088255731776	204	436
1779088255731776	204	439
1779088255731777	204	443
1779088255731777	204	446
1779088255731777	204	450
1779088255731778	204	453
1779088255731778	204	457
1779088255731778	204	460
1779088255731779	204	464
1779088255731779	204	468
1779088255731780	204	471
1779088255731780	204	475
1779088255731780	204	478
1779088255731781	204	481
1779088255731781	204	484
1779088255731782	204	488
1779088255731782	204	492
1779088255731782	204	496
1779088255731782	204	499
1779088255731783	204	503
1779088255731783	204	506
1779088255731783	204	520
1779088255731784	204	523
1779088255731785	204	526
1779088255731785	204	529
1779088255741419	204	535
1779088255741420	204	554
1779088255741420	204	558
1779088255741421	204	561
1779088255741421	204	565
1779088255741422	204	568
1779088255741422	204	572
1779088255741422	204	575
1779088255741423	204	579
1779088255741423	204	582
1779088255741424	204	586
1779088255741424	204	589
1779088255741424	204	593
1779088255741425	204	596
1779088255741425	204	600
1779088255741425	204	603
1779088255741426	204	607
1779088255741426	204	610
1779088255741426	204	613
1779088255741427	204	617
1779088255741427	204	622
1779088255741428	204	627
1779088255741428	204	676
1779088255741428	204	682
1779088255741429	204	685
1779088255741429	204	689
1779088255741429	204	693
1779088255741430	204	697
1779088255741430	204	700
1779088255751214	204	360
1779088255751214	204	374
1779088255751215	204	379
1779088255751215	204	382
1779088255751216	204	385
1779088255751216	204	389
1779088255751216	204	392
1779088255751217	204	396
1779088255751217	204	399
1779088255751217	204	403
1779088255751218	204	406
1779088255751218	204	410
1779088255751218	204	413
1779088255751218	204	417
1779088255751219	204	420
1779088255751219	204	424
1779088255751220	204	427
1779088255751220	204	430
1779088255751220	204	434
1779088255751220	204	438
1779088255751221	204	441
1779088255751221	204	446
1779088255751221	204	449
1779088255751222	204	452
1779088255751222	204	456
1779088255751222	204	459
1779088255751223	204	462
1779088255751223	204	465
1779088255751223	204	469
1779088255751224	204	472
1779088255761785	204	422
1779088255761786	204	440
1779088255761786	204	444
1779088255761786	204	448
1779088255761787	204	451
1779088255761787	204	455
1779088255761788	204	458
1779088255761788	204	462
1779088255761788	204	465
1779088255761789	204	469
1779088255761789	204	472
1779088255761789	204	476
1779088255761790	204	479
1779088255761790	204	483
1779088255761790	204	486
1779088255761791	204	489
1779088255761791	204	493
1779088255761791	204	497
1779088255761792	204	500
1779088255761792	204	503
1779088255761792	204	507
1779088255761792	204	510
1779088255761793	204	515
1779088255761793	204	518
1779088255761794	204	521
1779088255761794	204	525
1779088255761794	204	528
1779088255761794	204	531
1779088255761795	204	535
1779088255761795	204	539
1779088255761796	204	542
1779088255771431	204	442
1779088255771432	204	464
1779088255771433	204	470
1779088255771433	204	475
1779088255771434	204	482
1779088255771435	204	487
1779088255771435	204	492
1779088255771436	204	497
1779088255771436	204	503
1779088255771437	204	508
1779088255771438	204	513
1779088255771438	204	519
1779088255771439	204	523
1779088255771439	204	529
1779088255771440	204	534
1779088255771440	204	539
1779088255771441	204	544
1779088255771442	204	549
1779088255771444	204	553
1779088255771444	204	558
1779088255771445	204	565
1779088255771446	204	571
1779088255771446	204	576
1779088255771447	204	582
1779088255771447	204	587
1779088255771448	204	592
1779088255771448	204	597
1779088255771449	204	602
1779088255771449	204	607
1779088255782173	204	427
1779088255782174	204	443
1779088255782174	204	448
1779088255782175	204	452
1779088255782175	204	455
1779088255782175	204	459
1779088255782176	204	462
1779088255782176	204	466
1779088255782176	204	469
1779088255782177	204	473
1779088255782177	204	476
1779088255782177	204	479
1779088255782178	204	490
1779088255782178	204	493
1779088255782178	204	497
1779088255782179	204	500
1779088255782179	204	504
1779088255782179	204	507
1779088255782179	204	510
1779088255782180	204	514
1779088255782180	204	517
1779088255782180	204	520
1779088255782181	204	524
1779088255782181	204	527
1779088255782181	204	532
1779088255782182	204	536
1779088255782182	204	539
1779088255782182	204	542
1779088255782183	204	545
1779088255782183	204	548
1779088255782183	204	552
1779088255782184	204	555
1779088255782186	204	556
1779088255791838	204	405
1779088255791839	204	421
1779088255791840	204	426
1779088255791840	204	430
1779088255791841	204	433
1779088255791841	204	437
1779088255791842	204	440
1779088255791842	204	444
1779088255791842	204	458
1779088255791843	204	462
1779088255791843	204	465
1779088255791843	204	469
1779088255791844	204	473
1779088255791844	204	476
1779088255791844	204	479
1779088255791845	204	483
1779088255791845	204	486
1779088255791847	204	488
1779088255791847	204	491
1779088255791847	204	495
1779088255791848	204	499
1779088255791848	204	502
1779088255791849	204	506
1779088255791849	204	509
1779088255791849	204	512
1779088255791850	204	516
1779088255791850	204	519
1779088255791851	204	522
1779088255791851	204	525
1779088255801465	204	328
1779088255801466	204	340
1779088255801466	204	344
1779088255801466	204	348
1779088255801467	204	352
1779088255801467	204	355
1779088255801467	204	359
1779088255801467	204	363
1779088255801468	204	366
1779088255801468	204	370
1779088255801468	204	373
1779088255801469	204	377
1779088255801469	204	381
1779088255801469	204	385
1779088255801469	204	388
1779088255801470	204	392
1779088255801470	204	395
1779088255801470	204	399
1779088255801471	204	402
1779088255801471	204	406
1779088255801471	204	410
1779088255801471	204	413
1779088255801472	204	417
1779088255801472	204	420
1779088255801472	204	424
1779088255801473	204	427
1779088255801473	204	430
1779088255801473	204	434
1779088255811998	204	479
1779088255811999	204	501
1779088255811999	204	505
1779088255812000	204	509
1779088255812001	204	512
1779088255812001	204	515
1779088255812002	204	519
1779088255812002	204	522
1779088255812002	204	526
1779088255812003	204	529
1779088255812003	204	532
1779088255812004	204	536
1779088255812004	204	539
1779088255812005	204	543
1779088255812005	204	546
1779088255812005	204	550
1779088255812006	204	553
1779088255812006	204	557
1779088255812006	204	560
1779088255812007	204	563
1779088255812008	204	566
1779088255812008	204	569
1779088255812008	204	573
1779088255812009	204	577
1779088255812009	204	585
1779088255812010	204	588
1779088255812010	204	591
1779088255812010	204	594
1779088255812011	204	597
1779088255812012	204	601
1779088255812012	204	604
1779088255812013	204	607
1779088255821725	204	425
1779088255821726	204	441
1779088255821727	204	444
1779088255821727	204	448
1779088255821728	204	451
1779088255821728	204	453
1779088255821729	204	457
1779088255821729	204	460
1779088255821730	204	463
1779088255821730	204	466
1779088255821731	204	469
1779088255821731	204	472
1779088255821731	204	475
1779088255821732	204	478
1779088255821732	204	481
1779088255821732	204	484
1779088255821733	204	487
1779088255821733	204	490
1779088255821734	204	493
1779088255821734	204	496
1779088255821734	204	500
1779088255821735	204	503
1779088255821735	204	505
1779088255821735	204	508
1779088255821736	204	511
1779088255821736	204	514
1779088255821736	204	517
1779088255821737	204	520
1779088255821737	204	523
1779088255831345	204	323
1779088255831346	204	335
1779088255831346	204	339
1779088255831346	204	343
1779088255831346	204	346
1779088255831347	204	350
1779088255831347	204	354
1779088255831347	204	357
1779088255831348	204	360
1779088255831348	204	364
1779088255831348	204	368
1779088255831348	204	371
1779088255831349	204	375
1779088255831349	204	378
1779088255831349	204	382
1779088255831350	204	385
1779088255831350	204	389
1779088255831350	204	392
1779088255831350	204	395
1779088255831351	204	399
1779088255831351	204	403
1779088255831351	204	407
1779088255831352	204	410
1779088255831352	204	414
1779088255831352	204	417
1779088255831352	204	421
1779088255831353	204	424
1779088255831353	204	427
1779088255831353	204	430
1779088255841871	204	471
1779088255841872	204	489
1779088255841873	204	493
1779088255841874	204	496
1779088255841874	204	500
1779088255841875	204	504
1779088255841875	204	507
1779088255841875	204	510
1779088255841876	204	514
1779088255841877	204	516
1779088255841878	204	520
1779088255841878	204	523
1779088255841878	204	527
1779088255841879	204	531
1779088255841879	204	535
1779088255841879	204	538
1779088255841880	204	541
1779088255841880	204	545
1779088255841880	204	548
1779088255841881	204	552
1779088255841881	204	555
1779088255841881	204	559
1779088255841882	204	562
1779088255841882	204	567
1779088255841882	204	570
1779088255841883	204	583
1779088255841883	204	586
1779088255841883	204	590
1779088255841884	204	594
1779088255841884	204	597
1779088255841884	204	600
1779088255841885	204	604
1779088255851587	204	438
1779088255851588	204	460
1779088255851589	204	467
1779088255851590	204	485
1779088255851590	204	490
1779088255851591	204	502
1779088255851592	204	507
1779088255851592	204	512
1779088255851593	204	517
1779088255851593	204	522
1779088255851594	204	527
1779088255851595	204	532
1779088255851595	204	537
1779088255851596	204	543
1779088255851596	204	548
1779088255851597	204	553
1779088255851597	204	558
1779088255851598	204	563
1779088255851599	204	568
1779088255851599	204	573
1779088255851600	204	580
1779088255851600	204	586
1779088255851601	204	591
1779088255851601	204	596
1779088255851602	204	600
1779088255851602	204	605
1779088255851603	204	611
1779088255851603	204	616
1779088255851604	204	638
1779088255861336	204	403
1779088255861337	204	422
1779088255861337	204	426
1779088255861337	204	430
1779088255861338	204	433
1779088255861338	204	438
1779088255861338	204	441
1779088255861339	204	445
1779088255861339	204	448
1779088255861339	204	452
1779088255861340	204	455
1779088255861340	204	459
1779088255861340	204	462
1779088255861341	204	466
1779088255861341	204	469
1779088255861341	204	473
1779088255861341	204	476
1779088255861342	204	480
1779088255861342	204	483
1779088255861342	204	486
1779088255861343	204	491
1779088255861343	204	494
1779088255861343	204	498
1779088255861344	204	501
1779088255861344	204	505
1779088255861344	204	508
1779088255861345	204	511
1779088255861345	204	514
1779088255861345	204	518
1779088255871963	204	431
1779088255871964	204	448
1779088255871965	204	453
1779088255871965	204	456
1779088255871966	204	460
1779088255871966	204	463
1779088255871966	204	466
1779088255871967	204	470
1779088255871968	204	473
1779088255871968	204	476
1779088255871969	204	479
1779088255871969	204	483
1779088255871970	204	486
1779088255871970	204	489
1779088255871971	204	492
1779088255871971	204	496
1779088255871972	204	499
1779088255871972	204	502
1779088255871973	204	506
1779088255871973	204	509
1779088255871974	204	512
1779088255871975	204	515
1779088255871975	204	518
1779088255871976	204	522
1779088255871976	204	525
1779088255871977	204	528
1779088255871977	204	532
1779088255871978	204	535
1779088255871978	204	539
1779088255871979	204	541
1779088255871980	204	544
1779088255871981	204	547
1779088255881614	204	358
1779088255881615	204	371
1779088255881615	204	375
1779088255881615	204	379
1779088255881616	204	383
1779088255881616	204	387
1779088255881616	204	390
1779088255881617	204	393
1779088255881617	204	397
1779088255881617	204	401
1779088255881618	204	404
1779088255881618	204	408
1779088255881618	204	412
1779088255881620	204	413
1779088255881620	204	417
1779088255881621	204	421
1779088255881621	204	424
1779088255881621	204	433
1779088255881621	204	460
1779088255881622	204	469
1779088255881622	204	478
1779088255881622	204	482
1779088255881623	204	485
1779088255881623	204	489
1779088255881623	204	492
1779088255881623	204	495
1779088255881624	204	499
1779088255881624	204	502
1779088255881624	204	506
1779088255891224	204	388
1779088255891225	204	405
1779088255891225	204	410
1779088255891225	204	414
1779088255891226	204	418
1779088255891226	204	421
1779088255891226	204	425
1779088255891227	204	428
1779088255891227	204	432
1779088255891227	204	435
1779088255891228	204	439
1779088255891228	204	442
1779088255891228	204	447
1779088255891229	204	451
1779088255891229	204	454
1779088255891230	204	457
1779088255891230	204	461
1779088255891230	204	464
1779088255891231	204	467
1779088255891231	204	471
1779088255891232	204	475
1779088255891232	204	479
1779088255891232	204	482
1779088255891233	204	485
1779088255891233	204	489
1779088255891233	204	492
1779088255891234	204	495
1779088255891234	204	498
1779088255891235	204	502
1779088255901833	204	422
1779088255901834	204	440
1779088255901834	204	445
1779088255901834	204	448
1779088255901835	204	452
1779088255901835	204	455
1779088255901835	204	459
1779088255901836	204	462
1779088255901836	204	476
1779088255901836	204	480
1779088255901837	204	484
1779088255901837	204	487
1779088255901837	204	491
1779088255901838	204	494
1779088255901838	204	498
1779088255901838	204	501
1779088255901839	204	505
1779088255901839	204	508
1779088255901839	204	511
1779088255901840	204	515
1779088255901840	204	518
1779088255901840	204	521
1779088255901841	204	525
1779088255901841	204	529
1779088255901841	204	533
1779088255901841	204	536
1779088255901842	204	539
1779088255901842	204	543
1779088255901842	204	546
1779088255901843	204	549
1779088255901843	204	553
1779088255901844	204	556
1779088255911491	204	353
1779088255911491	204	366
1779088255911492	204	370
1779088255911492	204	373
1779088255911492	204	377
1779088255911493	204	380
1779088255911493	204	384
1779088255911493	204	387
1779088255911494	204	391
1779088255911494	204	395
1779088255911494	204	398
1779088255911494	204	402
1779088255911495	204	405
1779088255911495	204	409
1779088255911495	204	412
1779088255911496	204	416
1779088255911496	204	419
1779088255911496	204	423
1779088255911497	204	426
1779088255911497	204	430
1779088255911497	204	434
1779088255911497	204	437
1779088255911498	204	441
1779088255911498	204	444
1779088255911498	204	447
1779088255911499	204	450
1779088255911499	204	454
1779088255911499	204	457
1779088255922046	204	451
1779088255922046	204	469
1779088255922047	204	479
1779088255922047	204	483
1779088255922047	204	487
1779088255922047	204	491
1779088255922048	204	494
1779088255922048	204	498
1779088255922048	204	501
1779088255922049	204	504
1779088255922049	204	508
1779088255922049	204	511
1779088255922050	204	516
1779088255922050	204	520
1779088255922050	204	524
1779088255922051	204	527
1779088255922051	204	531
1779088255922051	204	534
1779088255922052	204	537
1779088255922052	204	541
1779088255922052	204	544
1779088255922053	204	547
1779088255922053	204	551
1779088255922053	204	555
1779088255922054	204	559
1779088255922054	204	562
1779088255922054	204	566
1779088255922055	204	569
1779088255922055	204	573
1779088255922055	204	576
1779088255922056	204	579
1779088255922057	204	583
1779088255931732	204	406
1779088255931739	204	415
1779088255931739	204	419
1779088255931740	204	423
1779088255931740	204	426
1779088255931740	204	430
1779088255931741	204	433
1779088255931741	204	437
1779088255931742	204	440
1779088255931742	204	444
1779088255931742	204	448
1779088255931743	204	451
1779088255931743	204	454
1779088255931743	204	458
1779088255931744	204	461
1779088255931744	204	465
1779088255931744	204	468
1779088255931745	204	472
1779088255931745	204	475
1779088255931745	204	478
1779088255931746	204	483
1779088255931746	204	486
1779088255931746	204	489
1779088255931746	204	493
1779088255931747	204	496
1779088255931747	204	500
1779088255931747	204	503
1779088255931748	204	506
1779088255931748	204	510
1779088255941346	204	380
1779088255941346	204	395
1779088255941346	204	400
1779088255941347	204	403
1779088255941347	204	407
1779088255941347	204	411
1779088255941348	204	415
1779088255941348	204	418
1779088255941348	204	421
1779088255941349	204	425
1779088255941349	204	429
1779088255941349	204	432
1779088255941350	204	435
1779088255941350	204	439
1779088255941350	204	443
1779088255941351	204	446
1779088255941351	204	450
1779088255941351	204	453
1779088255941351	204	457
1779088255941352	204	460
1779088255941352	204	465
1779088255941352	204	468
1779088255941353	204	471
1779088255941353	204	474
1779088255941353	204	478
1779088255941354	204	481
1779088255941354	204	485
1779088255941355	204	488
1779088255941355	204	491
1779088255951935	204	405
1779088255951935	204	421
1779088255951936	204	426
1779088255951936	204	429
1779088255951937	204	433
1779088255951937	204	436
1779088255951937	204	440
1779088255951938	204	443
1779088255951938	204	447
1779088255951938	204	450
1779088255951939	204	453
1779088255951939	204	457
1779088255951939	204	460
1779088255951940	204	464
1779088255951940	204	473
1779088255951940	204	476
1779088255951941	204	480
1779088255951941	204	483
1779088255951941	204	486
1779088255951945	204	487
1779088255951945	204	491
1779088255951945	204	494
1779088255951946	204	507
1779088255951946	204	512
1779088255951946	204	515
1779088255951947	204	519
1779088255951947	204	522
1779088255951948	204	525
1779088255951948	204	528
1779088255951948	204	532
1779088255951949	204	535
1779088255951949	204	538
1779088255961575	204	326
1779088255961575	204	338
1779088255961575	204	343
1779088255961576	204	346
1779088255961576	204	350
1779088255961576	204	353
1779088255961577	204	357
1779088255961577	204	360
1779088255961577	204	364
1779088255961577	204	368
1779088255961578	204	371
1779088255961578	204	375
1779088255961578	204	378
1779088255961579	204	382
1779088255961579	204	385
1779088255961579	204	389
1779088255961579	204	392
1779088255961580	204	396
1779088255961580	204	400
1779088255961580	204	403
1779088255961581	204	408
1779088255961581	204	411
1779088255961581	204	414
1779088255961581	204	418
1779088255961582	204	421
1779088255961582	204	425
1779088255961582	204	428
1779088255961583	204	432
1779088255961583	204	435
1779088255972105	204	390
1779088255972106	204	406
1779088255972106	204	410
1779088255972106	204	414
1779088255972107	204	417
1779088255972107	204	421
1779088255972107	204	425
1779088255972108	204	428
1779088255972108	204	431
1779088255972108	204	435
1779088255972109	204	438
1779088255972109	204	442
1779088255972109	204	445
1779088255972110	204	449
1779088255972110	204	452
1779088255972110	204	455
1779088255972111	204	459
1779088255972111	204	462
1779088255972111	204	466
1779088255972112	204	469
1779088255972112	204	473
1779088255972112	204	476
1779088255972113	204	480
1779088255972113	204	483
1779088255972113	204	487
1779088255972114	204	490
1779088255972114	204	494
1779088255972114	204	497
1779088255972115	204	500
1779088255972115	204	504
1779088255972115	204	507
1779088255981709	204	414
1779088255981710	204	430
1779088255981710	204	434
1779088255981711	204	437
1779088255981711	204	441
1779088255981711	204	445
1779088255981712	204	448
1779088255981712	204	452
1779088255981712	204	457
1779088255981713	204	460
1779088255981713	204	464
1779088255981713	204	467
1779088255981714	204	471
1779088255981714	204	474
1779088255981714	204	477
1779088255981715	204	481
1779088255981715	204	484
1779088255981715	204	488
1779088255981716	204	491
1779088255981716	204	494
1779088255981716	204	499
1779088255981717	204	502
1779088255981717	204	506
1779088255981717	204	509
1779088255981717	204	518
1779088255981718	204	521
1779088255981718	204	524
1779088255981719	204	528
1779088255981719	204	531
1779088255991337	204	337
1779088255991337	204	349
1779088255991337	204	354
1779088255991338	204	357
1779088255991338	204	361
1779088255991338	204	364
1779088255991338	204	368
1779088255991339	204	371
1779088255991339	204	375
1779088255991339	204	378
1779088255991340	204	382
1779088255991340	204	385
1779088255991340	204	389
1779088255991340	204	392
1779088255991341	204	396
1779088255991341	204	400
1779088255991341	204	403
1779088255991342	204	407
1779088255991342	204	410
1779088255991342	204	413
1779088255991342	204	418
1779088255991343	204	421
1779088255991343	204	425
1779088255991343	204	428
1779088255991344	204	431
1779088255991344	204	435
1779088255991344	204	438
1779088255991344	204	441
1779088255991345	204	445
1779088256001879	204	424
1779088256001880	204	440
1779088256001880	204	445
1779088256001880	204	451
1779088256001882	204	453
1779088256001882	204	457
1779088256001882	204	460
1779088256001882	204	464
1779088256001883	204	467
1779088256001883	204	471
1779088256001883	204	474
1779088256001884	204	478
1779088256001884	204	481
1779088256001884	204	484
1779088256001885	204	488
1779088256001885	204	491
1779088256001885	204	495
1779088256001886	204	499
1779088256001886	204	502
1779088256001886	204	505
1779088256001887	204	509
1779088256001887	204	512
1779088256001887	204	516
1779088256001888	204	520
1779088256001888	204	523
1779088256001888	204	527
1779088256001889	204	530
1779088256001889	204	534
1779088256001889	204	537
1779088256001890	204	541
1779088256001890	204	544
1779088256001891	204	547
1779088256011534	204	522
1779088256011535	204	550
1779088256011536	204	555
1779088256011536	204	558
1779088256011537	204	572
1779088256011538	204	576
1779088256011538	204	579
1779088256011539	204	582
1779088256011539	204	585
1779088256011540	204	589
1779088256011540	204	592
1779088256011541	204	595
1779088256011542	204	598
1779088256011542	204	602
1779088256011543	204	605
1779088256011543	204	608
1779088256011544	204	611
1779088256011545	204	614
1779088256011545	204	617
1779088256011546	204	620
1779088256011547	204	624
1779088256011547	204	627
1779088256011548	204	630
1779088256011548	204	633
1779088256011549	204	637
1779088256011550	204	640
1779088256011550	204	643
1779088256011551	204	646
1779088256011552	204	649
1779088256021288	204	332
1779088256021289	204	343
1779088256021289	204	348
1779088256021289	204	352
1779088256021289	204	355
1779088256021290	204	359
1779088256021290	204	363
1779088256021290	204	366
1779088256021291	204	381
1779088256021291	204	385
1779088256021291	204	389
1779088256021291	204	392
1779088256021292	204	396
1779088256021292	204	399
1779088256021292	204	403
1779088256021292	204	406
1779088256021293	204	410
1779088256021293	204	413
1779088256021295	204	415
1779088256021295	204	418
1779088256021296	204	423
1779088256021296	204	426
1779088256021296	204	430
1779088256021297	204	433
1779088256021297	204	436
1779088256021297	204	441
1779088256021297	204	444
1779088256021298	204	447
1779088256021298	204	451
1779088256031827	204	439
1779088256031828	204	461
1779088256031829	204	466
1779088256031829	204	470
1779088256031829	204	473
1779088256031830	204	477
1779088256031830	204	480
1779088256031831	204	483
1779088256031831	204	487
1779088256031832	204	490
1779088256031832	204	494
1779088256031833	204	497
1779088256031833	204	500
1779088256031834	204	504
1779088256031834	204	508
1779088256031834	204	511
1779088256031835	204	515
1779088256031835	204	518
1779088256031835	204	521
1779088256031836	204	525
1779088256031836	204	528
1779088256031837	204	531
1779088256031837	204	536
1779088256031838	204	540
1779088256031838	204	543
1779088256031838	204	546
1779088256031839	204	549
1779088256031839	204	553
1779088256031839	204	556
1779088256031840	204	560
1779088256031840	204	563
1779088256041496	204	388
1779088256041497	204	407
1779088256041497	204	411
1779088256041498	204	415
1779088256041498	204	418
1779088256041499	204	422
1779088256041499	204	425
1779088256041499	204	429
1779088256041500	204	432
1779088256041500	204	436
1779088256041500	204	440
1779088256041501	204	443
1779088256041501	204	447
1779088256041501	204	450
1779088256041502	204	454
1779088256041502	204	457
1779088256041502	204	461
1779088256041503	204	464
1779088256041503	204	468
1779088256041503	204	471
1779088256041503	204	475
1779088256041504	204	482
1779088256041504	204	485
1779088256041504	204	489
1779088256041505	204	492
1779088256041505	204	495
1779088256041506	204	498
1779088256041506	204	502
1779088256041507	204	505
1779088256041507	204	508
1779088256052100	204	410
1779088256052101	204	424
1779088256052101	204	429
1779088256052102	204	433
1779088256052102	204	436
1779088256052102	204	440
1779088256052103	204	443
1779088256052103	204	447
1779088256052103	204	451
1779088256052104	204	454
1779088256052104	204	458
1779088256052104	204	461
1779088256052105	204	464
1779088256052105	204	468
1779088256052106	204	471
1779088256052106	204	475
1779088256052106	204	478
1779088256052107	204	482
1779088256052107	204	485
1779088256052107	204	489
1779088256052108	204	497
1779088256052108	204	500
1779088256052108	204	504
1779088256052109	204	508
1779088256052109	204	511
1779088256052109	204	515
1779088256052110	204	518
1779088256052110	204	522
1779088256052110	204	525
1779088256052111	204	528
1779088256052111	204	532
1779088256061730	204	408
1779088256061731	204	424
1779088256061731	204	428
1779088256061731	204	432
1779088256061732	204	436
1779088256061732	204	440
1779088256061732	204	443
1779088256061733	204	447
1779088256061733	204	450
1779088256061733	204	454
1779088256061734	204	457
1779088256061734	204	461
1779088256061734	204	464
1779088256061735	204	468
1779088256061735	204	471
1779088256061735	204	474
1779088256061735	204	478
1779088256061736	204	482
1779088256061736	204	495
1779088256061736	204	499
1779088256061737	204	504
1779088256061737	204	507
1779088256061737	204	511
1779088256061738	204	514
1779088256061738	204	518
1779088256061738	204	521
1779088256061739	204	524
1779088256061739	204	527
1779088256061739	204	531
1779088256071353	204	337
1779088256071354	204	350
1779088256071354	204	354
1779088256071354	204	357
1779088256071355	204	361
1779088256071355	204	365
1779088256071357	204	367
1779088256071357	204	370
1779088256071357	204	374
1779088256071358	204	378
1779088256071358	204	382
1779088256071358	204	385
1779088256071359	204	389
1779088256071359	204	392
1779088256071359	204	396
1779088256071359	204	399
1779088256071360	204	403
1779088256071360	204	406
1779088256071360	204	410
1779088256071361	204	414
1779088256071361	204	418
1779088256071361	204	421
1779088256071361	204	424
1779088256071362	204	428
1779088256071362	204	431
1779088256071362	204	435
1779088256071362	204	438
1779088256071363	204	441
1779088256071363	204	445
1779088256081897	204	445
1779088256081897	204	464
1779088256081898	204	469
1779088256081898	204	472
1779088256081899	204	476
1779088256081899	204	480
1779088256081900	204	483
1779088256081900	204	487
1779088256081900	204	490
1779088256081900	204	494
1779088256081901	204	497
1779088256081901	204	501
1779088256081901	204	504
1779088256081902	204	508
1779088256081902	204	511
1779088256081902	204	515
1779088256081903	204	518
1779088256081903	204	522
1779088256081903	204	525
1779088256081904	204	528
1779088256081904	204	532
1779088256081904	204	535
1779088256081905	204	539
1779088256081905	204	543
1779088256081905	204	547
1779088256081906	204	550
1779088256081906	204	553
1779088256081907	204	557
1779088256081907	204	560
1779088256081907	204	563
1779088256081908	204	567
1779088256081909	204	570
1779088256091571	204	535
1779088256091572	204	553
1779088256091573	204	564
1779088256091574	204	567
1779088256091575	204	570
1779088256091575	204	574
1779088256091576	204	577
1779088256091577	204	580
1779088256091577	204	583
1779088256091578	204	586
1779088256091578	204	590
1779088256091579	204	593
1779088256091580	204	598
1779088256091580	204	602
1779088256091581	204	605
1779088256091581	204	608
1779088256091582	204	611
1779088256091582	204	614
1779088256091583	204	617
1779088256091584	204	620
1779088256091588	204	621
1779088256091588	204	624
1779088256091589	204	627
1779088256091589	204	631
1779088256091590	204	634
1779088256091591	204	637
1779088256091591	204	640
1779088256091592	204	643
1779088256091593	204	648
1779088256101327	204	356
1779088256101327	204	374
1779088256101328	204	381
1779088256101328	204	387
1779088256101328	204	393
1779088256101328	204	399
1779088256101329	204	405
1779088256101329	204	410
1779088256101329	204	416
1779088256101330	204	422
1779088256101330	204	428
1779088256101330	204	434
1779088256101330	204	441
1779088256101331	204	447
1779088256101331	204	452
1779088256101331	204	458
1779088256101332	204	464
1779088256101332	204	469
1779088256101332	204	475
1779088256101333	204	480
1779088256101333	204	487
1779088256101333	204	493
1779088256101333	204	498
1779088256101334	204	504
1779088256101334	204	510
1779088256101334	204	516
1779088256101334	204	522
1779088256101335	204	527
1779088256101335	204	533
1779088256111967	204	511
1779088256111968	204	530
1779088256111969	204	534
1779088256111969	204	538
1779088256111970	204	542
1779088256111970	204	545
1779088256111971	204	549
1779088256111971	204	552
1779088256111971	204	556
1779088256111972	204	559
1779088256111972	204	563
1779088256111973	204	567
1779088256111973	204	570
1779088256111974	204	573
1779088256111974	204	577
1779088256111974	204	580
1779088256111975	204	584
1779088256111975	204	587
1779088256111975	204	590
1779088256111976	204	594
1779088256111976	204	597
1779088256111977	204	601
1779088256111977	204	604
1779088256111977	204	608
1779088256111978	204	612
1779088256111978	204	615
1779088256111979	204	618
1779088256111979	204	621
1779088256111980	204	624
1779088256111980	204	627
1779088256111981	204	630
1779088256111982	204	633
1779088256121702	204	404
1779088256121703	204	421
1779088256121703	204	433
1779088256121703	204	437
1779088256121704	204	441
1779088256121704	204	444
1779088256121705	204	448
1779088256121705	204	452
1779088256121705	204	455
1779088256121705	204	459
1779088256121706	204	462
1779088256121706	204	466
1779088256121706	204	469
1779088256121707	204	473
1779088256121707	204	481
1779088256121707	204	484
1779088256121708	204	487
1779088256121708	204	491
1779088256121708	204	494
1779088256121709	204	498
1779088256121709	204	504
1779088256121709	204	507
1779088256121710	204	511
1779088256121710	204	514
1779088256121710	204	517
1779088256121710	204	521
1779088256121711	204	524
1779088256121711	204	528
1779088256121711	204	531
1779088256131334	204	390
1779088256131334	204	407
1779088256131335	204	412
1779088256131335	204	416
1779088256131335	204	419
1779088256131336	204	423
1779088256131336	204	426
1779088256131336	204	430
1779088256131337	204	433
1779088256131337	204	436
1779088256131337	204	440
1779088256131338	204	444
1779088256131338	204	447
1779088256131339	204	451
1779088256131339	204	454
1779088256131339	204	458
1779088256131340	204	461
1779088256131340	204	465
1779088256131340	204	468
1779088256131341	204	471
1779088256131341	204	476
1779088256131341	204	479
1779088256131342	204	483
1779088256131343	204	486
1779088256131343	204	489
1779088256131343	204	492
1779088256131344	204	496
1779088256131344	204	499
1779088256131345	204	502
1779088256141939	204	435
1779088256141940	204	453
1779088256141941	204	457
1779088256141941	204	461
1779088256141942	204	465
1779088256141942	204	468
1779088256141942	204	472
1779088256141943	204	475
1779088256141943	204	479
1779088256141943	204	482
1779088256141944	204	486
1779088256141946	204	487
1779088256141947	204	495
1779088256141947	204	499
1779088256141947	204	502
1779088256141948	204	506
1779088256141948	204	509
1779088256141948	204	513
1779088256141949	204	516
1779088256141949	204	519
1779088256141949	204	523
1779088256141949	204	526
1779088256141950	204	530
1779088256141950	204	534
1779088256141950	204	537
1779088256141951	204	541
1779088256141951	204	544
1779088256141951	204	547
1779088256141952	204	550
1779088256141952	204	553
1779088256141953	204	557
1779088256141953	204	560
1779088256151597	204	319
1779088256151597	204	331
1779088256151597	204	335
1779088256151598	204	339
1779088256151598	204	342
1779088256151598	204	346
1779088256151598	204	349
1779088256151599	204	353
1779088256151599	204	356
1779088256151599	204	360
1779088256151599	204	364
1779088256151600	204	367
1779088256151600	204	372
1779088256151600	204	375
1779088256151601	204	379
1779088256151601	204	382
1779088256151601	204	386
1779088256151601	204	389
1779088256151602	204	393
1779088256151602	204	396
1779088256151602	204	400
1779088256151603	204	404
1779088256151603	204	408
1779088256151603	204	411
1779088256151603	204	414
1779088256151604	204	418
1779088256151604	204	428
1779088256151604	204	431
1779088256151605	204	435
1779088256162138	204	409
1779088256162139	204	425
1779088256162139	204	430
1779088256162139	204	434
1779088256162140	204	438
1779088256162140	204	442
1779088256162140	204	445
1779088256162141	204	448
1779088256162141	204	452
1779088256162141	204	455
1779088256162142	204	459
1779088256162142	204	463
1779088256162142	204	466
1779088256162143	204	469
1779088256162143	204	473
1779088256162143	204	476
1779088256162144	204	480
1779088256162144	204	483
1779088256162144	204	487
1779088256162145	204	490
1779088256162145	204	494
1779088256162145	204	497
1779088256162145	204	501
1779088256162146	204	505
1779088256162146	204	508
1779088256162151	204	507
1779088256162151	204	510
1779088256162152	204	514
1779088256162152	204	517
1779088256162153	204	519
1779088256162154	204	522
1779088256171778	204	434
1779088256171780	204	458
1779088256171780	204	463
1779088256171781	204	466
1779088256171782	204	470
1779088256171783	204	473
1779088256171783	204	476
1779088256171784	204	479
1779088256171785	204	482
1779088256171786	204	485
1779088256171786	204	488
1779088256171787	204	491
1779088256171788	204	494
1779088256171789	204	497
1779088256171789	204	500
1779088256171790	204	504
1779088256171791	204	518
1779088256171791	204	521
1779088256171792	204	524
1779088256171792	204	528
1779088256171793	204	532
1779088256171794	204	536
1779088256171794	204	539
1779088256171795	204	542
1779088256171795	204	545
1779088256171796	204	548
1779088256171797	204	551
1779088256171797	204	554
1779088256171798	204	557
1779088256181463	204	499
1779088256181464	204	521
1779088256181465	204	525
1779088256181466	204	528
1779088256181466	204	531
1779088256181467	204	534
1779088256181468	204	538
1779088256181468	204	541
1779088256181469	204	544
1779088256181469	204	548
1779088256181470	204	551
1779088256181471	204	554
1779088256181471	204	558
1779088256181472	204	561
1779088256181472	204	564
1779088256181473	204	568
1779088256181473	204	571
1779088256181474	204	574
1779088256181474	204	577
1779088256181475	204	582
1779088256181475	204	621
1779088256181476	204	628
1779088256181477	204	634
1779088256181478	204	639
1779088256181478	204	644
1779088256181479	204	650
1779088256181480	204	655
1779088256181480	204	660
1779088256181481	204	665
1779088256191252	204	434
1779088256191253	204	452
1779088256191253	204	457
1779088256191254	204	460
1779088256191254	204	464
1779088256191255	204	467
1779088256191255	204	470
1779088256191256	204	473
1779088256191256	204	476
1779088256191257	204	480
1779088256191257	204	483
1779088256191258	204	491
1779088256191258	204	494
1779088256191258	204	498
1779088256191259	204	501
1779088256191259	204	505
1779088256191260	204	508
1779088256191260	204	511
1779088256191260	204	515
1779088256191261	204	518
1779088256191261	204	522
1779088256191262	204	526
1779088256191262	204	529
1779088256191262	204	533
1779088256191263	204	536
1779088256191263	204	539
1779088256191264	204	542
1779088256191264	204	546
1779088256191264	204	549
1779088256191265	204	553
1779088256201902	204	383
1779088256201903	204	396
1779088256201903	204	401
1779088256201903	204	405
1779088256201903	204	427
1779088256201904	204	431
1779088256201904	204	434
1779088256201904	204	438
1779088256201905	204	442
1779088256201905	204	446
1779088256201905	204	449
1779088256201905	204	453
1779088256201906	204	457
1779088256201906	204	460
1779088256201906	204	464
1779088256201907	204	467
1779088256201907	204	470
1779088256201907	204	474
1779088256201908	204	477
1779088256201908	204	481
1779088256201908	204	484
1779088256201908	204	487
1779088256201909	204	491
1779088256201909	204	495
1779088256201909	204	498
1779088256201909	204	502
1779088256201910	204	505
1779088256201910	204	509
1779088256201910	204	512
1779088256201911	204	515
1779088256201911	204	518
1779088256201912	204	522
1779088256211522	204	409
1779088256211523	204	424
1779088256211523	204	429
1779088256211524	204	432
1779088256211524	204	436
1779088256211525	204	439
1779088256211525	204	442
1779088256211525	204	446
1779088256211526	204	449
1779088256211526	204	454
1779088256211526	204	457
1779088256211527	204	461
1779088256211527	204	464
1779088256211527	204	468
1779088256211528	204	471
1779088256211528	204	474
1779088256211528	204	478
1779088256211529	204	481
1779088256211529	204	485
1779088256211530	204	488
1779088256211530	204	493
1779088256211530	204	496
1779088256211530	204	500
1779088256211531	204	503
1779088256211531	204	506
1779088256211532	204	510
1779088256211532	204	513
1779088256211532	204	516
1779088256211533	204	519
1779088256222154	204	415
1779088256222155	204	432
1779088256222155	204	437
1779088256222156	204	440
1779088256222156	204	444
1779088256222156	204	447
1779088256222157	204	451
1779088256222157	204	455
1779088256222157	204	458
1779088256222158	204	462
1779088256222158	204	466
1779088256222158	204	469
1779088256222159	204	473
1779088256222159	204	476
1779088256222159	204	480
1779088256222160	204	484
1779088256222160	204	488
1779088256222160	204	491
1779088256222161	204	495
1779088256222161	204	498
1779088256222162	204	501
1779088256222162	204	505
1779088256222162	204	523
1779088256222163	204	527
1779088256222163	204	530
1779088256222163	204	533
1779088256222164	204	537
1779088256222164	204	540
1779088256222165	204	544
1779088256222165	204	547
1779088256222165	204	561
1779088256231814	204	335
1779088256231815	204	347
1779088256231815	204	355
1779088256231815	204	359
1779088256231816	204	363
1779088256231816	204	366
1779088256231816	204	370
1779088256231817	204	373
1779088256231817	204	377
1779088256231817	204	380
1779088256231817	204	384
1779088256231818	204	388
1779088256231818	204	391
1779088256231818	204	395
1779088256231819	204	398
1779088256231820	204	401
1779088256231820	204	405
1779088256231820	204	408
1779088256231820	204	411
1779088256231821	204	415
1779088256231821	204	419
1779088256231821	204	422
1779088256231822	204	426
1779088256231822	204	429
1779088256231822	204	433
1779088256231822	204	436
1779088256231823	204	439
1779088256231823	204	443
1779088256231823	204	446
1779088256241360	204	383
1779088256241361	204	399
1779088256241361	204	403
1779088256241361	204	407
1779088256241362	204	411
1779088256241362	204	415
1779088256241362	204	418
1779088256241363	204	422
1779088256241363	204	425
1779088256241363	204	429
1779088256241364	204	432
1779088256241364	204	436
1779088256241364	204	439
1779088256241365	204	443
1779088256241365	204	447
1779088256241365	204	450
1779088256241366	204	453
1779088256241366	204	457
1779088256241366	204	460
1779088256241367	204	464
1779088256241367	204	468
1779088256241367	204	472
1779088256241368	204	475
1779088256241368	204	478
1779088256241369	204	482
1779088256241369	204	485
1779088256241370	204	488
1779088256241370	204	491
1779088256241371	204	495
1779088256251956	204	523
1779088256251956	204	540
1779088256251957	204	547
1779088256251958	204	553
1779088256251958	204	559
1779088256251959	204	564
1779088256251959	204	570
1779088256251960	204	576
1779088256251961	204	581
1779088256251961	204	587
1779088256251962	204	592
1779088256251962	204	597
1779088256251963	204	603
1779088256251964	204	608
1779088256251964	204	614
1779088256251965	204	618
1779088256251965	204	621
1779088256251966	204	624
1779088256251966	204	628
1779088256251967	204	631
1779088256251967	204	634
1779088256251968	204	637
1779088256251968	204	640
1779088256251969	204	644
1779088256251970	204	647
1779088256251970	204	651
1779088256251971	204	654
1779088256251971	204	657
1779088256251972	204	660
1779088256251973	204	663
1779088256251973	204	666
1779088256251974	204	669
1779088256261736	204	377
1779088256261737	204	392
1779088256261737	204	397
1779088256261737	204	401
1779088256261738	204	414
1779088256261738	204	418
1779088256261738	204	422
1779088256261739	204	425
1779088256261739	204	429
1779088256261739	204	432
1779088256261740	204	436
1779088256261740	204	439
1779088256261740	204	443
1779088256261740	204	446
1779088256261741	204	450
1779088256261741	204	453
1779088256261741	204	456
1779088256261742	204	460
1779088256261742	204	463
1779088256261742	204	466
1779088256261743	204	471
1779088256261743	204	474
1779088256261743	204	478
1779088256261744	204	481
1779088256261744	204	485
1779088256261744	204	488
1779088256261745	204	491
1779088256261745	204	494
1779088256261745	204	498
1779088256271339	204	407
1779088256271340	204	423
1779088256271341	204	428
1779088256271341	204	431
1779088256271341	204	435
1779088256271342	204	438
1779088256271342	204	441
1779088256271343	204	445
1779088256271343	204	448
1779088256271343	204	452
1779088256271344	204	455
1779088256271344	204	459
1779088256271344	204	462
1779088256271345	204	466
1779088256271345	204	469
1779088256271345	204	472
1779088256271346	204	476
1779088256271346	204	479
1779088256271346	204	483
1779088256271347	204	486
1779088256271347	204	490
1779088256271347	204	494
1779088256271348	204	497
1779088256271348	204	501
1779088256271348	204	504
1779088256271349	204	508
1779088256271349	204	511
1779088256271349	204	514
1779088256271350	204	517
1779088256281954	204	418
1779088256281955	204	432
1779088256281955	204	437
1779088256281955	204	442
1779088256281957	204	444
1779088256281957	204	448
1779088256281957	204	451
1779088256281958	204	455
1779088256281958	204	459
1779088256281958	204	462
1779088256281959	204	466
1779088256281959	204	469
1779088256281959	204	473
1779088256281959	204	476
1779088256281960	204	480
1779088256281960	204	494
1779088256281960	204	497
1779088256281961	204	501
1779088256281961	204	504
1779088256281961	204	508
1779088256281962	204	511
1779088256281962	204	515
1779088256281962	204	518
1779088256281963	204	522
1779088256281963	204	526
1779088256281963	204	529
1779088256281964	204	532
1779088256281964	204	536
1779088256281964	204	539
1779088256281965	204	542
1779088256281965	204	546
1779088256281965	204	549
1779088256291606	204	403
1779088256291607	204	419
1779088256291607	204	423
1779088256291608	204	426
1779088256291608	204	430
1779088256291609	204	433
1779088256291609	204	436
1779088256291610	204	440
1779088256291610	204	443
1779088256291610	204	446
1779088256291611	204	458
1779088256291611	204	462
1779088256291612	204	466
1779088256291612	204	469
1779088256291612	204	473
1779088256291613	204	476
1779088256291613	204	485
1779088256291614	204	488
1779088256291614	204	492
1779088256291614	204	495
1779088256291615	204	500
1779088256291615	204	503
1779088256291615	204	507
1779088256291616	204	510
1779088256291617	204	513
1779088256291617	204	516
1779088256291617	204	520
1779088256291618	204	523
1779088256291618	204	526
1779088256301234	204	368
1779088256301234	204	382
1779088256301235	204	386
1779088256301235	204	390
1779088256301235	204	394
1779088256301236	204	397
1779088256301236	204	401
1779088256301236	204	405
1779088256301236	204	409
1779088256301237	204	416
1779088256301237	204	420
1779088256301237	204	424
1779088256301238	204	427
1779088256301238	204	431
1779088256301238	204	434
1779088256301238	204	438
1779088256301239	204	441
1779088256301239	204	444
1779088256301241	204	447
1779088256301241	204	450
1779088256301241	204	454
1779088256301242	204	458
1779088256301242	204	461
1779088256301242	204	465
1779088256301243	204	468
1779088256301243	204	471
1779088256301244	204	475
1779088256301244	204	478
1779088256301244	204	481
1779088256311813	204	408
1779088256311813	204	422
1779088256311814	204	426
1779088256311814	204	430
1779088256311815	204	434
1779088256311815	204	437
1779088256311815	204	441
1779088256311815	204	444
1779088256311816	204	448
1779088256311816	204	452
1779088256311816	204	456
1779088256311817	204	459
1779088256311817	204	462
1779088256311817	204	466
1779088256311818	204	470
1779088256311818	204	473
1779088256311818	204	477
1779088256311819	204	480
1779088256311819	204	484
1779088256311819	204	487
1779088256311819	204	490
1779088256311820	204	494
1779088256311820	204	498
1779088256311820	204	502
1779088256311821	204	505
1779088256311821	204	508
1779088256311821	204	512
1779088256311822	204	516
1779088256311822	204	519
1779088256311823	204	522
1779088256311823	204	525
1779088256321436	204	377
1779088256321437	204	392
1779088256321437	204	396
1779088256321437	204	400
1779088256321437	204	404
1779088256321438	204	407
1779088256321438	204	411
1779088256321438	204	415
1779088256321439	204	418
1779088256321439	204	422
1779088256321439	204	426
1779088256321440	204	429
1779088256321440	204	433
1779088256321440	204	436
1779088256321441	204	440
1779088256321441	204	444
1779088256321441	204	447
1779088256321441	204	451
1779088256321442	204	454
1779088256321442	204	458
1779088256321442	204	462
1779088256321443	204	466
1779088256321443	204	469
1779088256321443	204	472
1779088256321444	204	476
1779088256321444	204	479
1779088256321444	204	483
1779088256321445	204	486
1779088256321445	204	489
1779088256332038	204	487
1779088256332039	204	509
1779088256332040	204	514
1779088256332041	204	517
1779088256332042	204	520
1779088256332043	204	524
1779088256332043	204	527
1779088256332044	204	530
1779088256332045	204	533
1779088256332046	204	536
1779088256332046	204	539
1779088256332047	204	542
1779088256332048	204	545
1779088256332049	204	548
1779088256332049	204	552
1779088256332050	204	555
1779088256332050	204	559
1779088256332051	204	562
1779088256332052	204	565
1779088256332052	204	568
1779088256332053	204	571
1779088256332053	204	574
1779088256332054	204	577
1779088256332055	204	581
1779088256332055	204	585
1779088256332056	204	588
1779088256332056	204	591
1779088256332057	204	594
1779088256332058	204	597
1779088256332058	204	611
1779088256332059	204	614
1779088256332060	204	617
1779088256341773	204	529
1779088256341773	204	550
1779088256341774	204	555
1779088256341774	204	558
1779088256341775	204	561
1779088256341775	204	566
1779088256341776	204	569
1779088256341776	204	572
1779088256341777	204	576
1779088256341777	204	580
1779088256341777	204	583
1779088256341778	204	587
1779088256341778	204	590
1779088256341778	204	594
1779088256341779	204	597
1779088256341779	204	600
1779088256341779	204	604
1779088256341780	204	607
1779088256341780	204	611
1779088256341780	204	614
1779088256341781	204	619
1779088256341781	204	622
1779088256341782	204	625
1779088256341782	204	629
1779088256341783	204	632
1779088256341783	204	635
1779088256341784	204	638
1779088256341784	204	641
1779088256341785	204	644
1779088256351527	204	399
1779088256351528	204	415
1779088256351528	204	419
1779088256351529	204	423
1779088256351529	204	426
1779088256351530	204	430
1779088256351533	204	431
1779088256351533	204	434
1779088256351534	204	437
1779088256351534	204	440
1779088256351535	204	444
1779088256351535	204	447
1779088256351535	204	451
1779088256351536	204	454
1779088256351536	204	458
1779088256351536	204	461
1779088256351537	204	464
1779088256351537	204	468
1779088256351537	204	471
1779088256351538	204	475
1779088256351538	204	478
1779088256351538	204	482
1779088256351538	204	486
1779088256351539	204	489
1779088256351539	204	493
1779088256351540	204	496
1779088256351540	204	499
1779088256351540	204	502
1779088256351541	204	505
1779088256351542	204	508
1779088256362149	204	346
1779088256362149	204	360
1779088256362150	204	364
1779088256362150	204	368
1779088256362150	204	371
1779088256362151	204	376
1779088256362151	204	379
1779088256362151	204	383
1779088256362151	204	386
1779088256362152	204	390
1779088256362152	204	394
1779088256362152	204	397
1779088256362153	204	405
1779088256362153	204	408
1779088256362153	204	412
1779088256362153	204	415
1779088256362154	204	419
1779088256362154	204	423
1779088256362154	204	426
1779088256362155	204	432
1779088256362155	204	435
1779088256362155	204	439
1779088256362155	204	443
1779088256362156	204	447
1779088256362156	204	450
1779088256362156	204	454
1779088256362157	204	457
1779088256362157	204	461
1779088256362157	204	464
1779088256362158	204	467
1779088256362158	204	471
1779088256371726	204	463
1779088256371727	204	485
1779088256371728	204	490
1779088256371728	204	495
1779088256371729	204	500
1779088256371730	204	504
1779088256371730	204	508
1779088256371730	204	513
1779088256371731	204	517
1779088256371731	204	522
1779088256371731	204	526
1779088256371732	204	533
1779088256371732	204	538
1779088256371733	204	543
1779088256371733	204	548
1779088256371734	204	553
1779088256371734	204	558
1779088256371735	204	562
1779088256371735	204	568
1779088256371735	204	574
1779088256371741	204	575
1779088256371741	204	580
1779088256371742	204	584
1779088256371743	204	589
1779088256371743	204	595
1779088256371743	204	600
1779088256371744	204	605
1779088256371744	204	610
1779088256371745	204	615
1779088256381492	204	491
1779088256381493	204	513
1779088256381494	204	520
1779088256381494	204	527
1779088256381495	204	533
1779088256381496	204	538
1779088256381497	204	544
1779088256381498	204	550
1779088256381498	204	556
1779088256381499	204	581
1779088256381500	204	589
1779088256381500	204	595
1779088256381501	204	601
1779088256381502	204	607
1779088256381502	204	613
1779088256381503	204	619
1779088256381503	204	624
1779088256381504	204	630
1779088256381504	204	636
1779088256381506	204	642
1779088256381506	204	650
1779088256381507	204	655
1779088256381508	204	661
1779088256381508	204	667
1779088256381509	204	672
1779088256381510	204	678
1779088256381511	204	684
1779088256381512	204	690
1779088256381512	204	695
1779088256391331	204	455
1779088256391332	204	474
1779088256391333	204	481
1779088256391334	204	487
1779088256391335	204	493
1779088256391336	204	499
1779088256391337	204	504
1779088256391337	204	510
1779088256391338	204	516
1779088256391339	204	522
1779088256391340	204	528
1779088256391340	204	534
1779088256391341	204	540
1779088256391342	204	554
1779088256391342	204	560
1779088256391343	204	565
1779088256391344	204	571
1779088256391344	204	577
1779088256391345	204	583
1779088256391346	204	589
1779088256391347	204	594
1779088256391348	204	601
1779088256391349	204	607
1779088256391349	204	612
1779088256391350	204	618
1779088256391351	204	629
1779088256391351	204	635
1779088256391352	204	641
1779088256391353	204	646
1779088256391353	204	652
1779088256402126	204	505
1779088256402127	204	525
1779088256402128	204	533
1779088256402128	204	539
1779088256402129	204	545
1779088256402130	204	551
1779088256402130	204	557
1779088256402131	204	563
1779088256402132	204	568
1779088256402132	204	574
1779088256402133	204	579
1779088256402134	204	586
1779088256402134	204	592
1779088256402135	204	598
1779088256402136	204	603
1779088256402136	204	609
1779088256402137	204	615
1779088256402137	204	621
1779088256402138	204	626
1779088256402139	204	633
1779088256402139	204	638
1779088256402140	204	644
1779088256402141	204	650
1779088256402141	204	657
1779088256402142	204	663
1779088256402143	204	668
1779088256402143	204	674
1779088256402144	204	680
1779088256402145	204	685
1779088256402145	204	691
1779088256402146	204	696
1779088256402147	204	702
1779088256411960	204	470
1779088256411961	204	490
1779088256411962	204	495
1779088256411962	204	498
1779088256411963	204	502
1779088256411964	204	505
1779088256411964	204	508
1779088256411965	204	511
1779088256411965	204	514
1779088256411966	204	517
1779088256411967	204	521
1779088256411967	204	524
1779088256411968	204	527
1779088256411969	204	532
1779088256411969	204	535
1779088256411970	204	538
1779088256411970	204	542
1779088256411971	204	545
1779088256411972	204	548
1779088256411972	204	551
1779088256411973	204	554
1779088256411974	204	558
1779088256411974	204	562
1779088256411975	204	565
1779088256411975	204	568
1779088256411976	204	571
1779088256411977	204	575
1779088256411977	204	578
1779088256411978	204	581
1779088256411979	204	584
1779088256421652	204	344
1779088256421652	204	359
1779088256421652	204	364
1779088256421653	204	368
1779088256421653	204	371
1779088256421653	204	375
1779088256421654	204	379
1779088256421656	204	380
1779088256421656	204	384
1779088256421656	204	387
1779088256421656	204	391
1779088256421657	204	395
1779088256421657	204	398
1779088256421657	204	402
1779088256421658	204	430
1779088256421658	204	437
1779088256421658	204	443
1779088256421658	204	449
1779088256421659	204	452
1779088256421659	204	457
1779088256421659	204	461
1779088256421660	204	465
1779088256421660	204	469
1779088256421660	204	473
1779088256421660	204	476
1779088256421661	204	480
1779088256421661	204	483
1779088256421661	204	487
1779088256421662	204	490
1779088256431246	204	425
1779088256431247	204	442
1779088256431248	204	447
1779088256431248	204	451
1779088256431248	204	454
1779088256431249	204	458
1779088256431249	204	462
1779088256431249	204	471
1779088256431250	204	474
1779088256431250	204	478
1779088256431250	204	481
1779088256431251	204	484
1779088256431251	204	488
1779088256431251	204	492
1779088256431252	204	496
1779088256431252	204	499
1779088256431252	204	503
1779088256431253	204	507
1779088256431253	204	510
1779088256431253	204	513
1779088256431254	204	518
1779088256431254	204	521
1779088256431255	204	525
1779088256431255	204	528
1779088256431255	204	532
1779088256431256	204	535
1779088256431256	204	539
1779088256431256	204	542
1779088256431256	204	545
1779088256441893	204	458
1779088256441894	204	475
1779088256441894	204	480
1779088256441894	204	484
1779088256441895	204	488
1779088256441895	204	491
1779088256441895	204	495
1779088256441896	204	498
1779088256441896	204	501
1779088256441896	204	505
1779088256441896	204	508
1779088256441897	204	512
1779088256441897	204	516
1779088256441897	204	519
1779088256441898	204	523
1779088256441898	204	526
1779088256441898	204	531
1779088256441899	204	535
1779088256441899	204	538
1779088256441899	204	542
1779088256441900	204	545
1779088256441900	204	549
1779088256441900	204	553
1779088256441900	204	557
1779088256441901	204	560
1779088256441901	204	564
1779088256441903	204	566
1779088256441903	204	579
1779088256441903	204	583
1779088256441904	204	586
1779088256441904	204	590
1779088256441905	204	593
1779088256451592	204	405
1779088256451593	204	423
1779088256451594	204	428
1779088256451594	204	432
1779088256451595	204	435
1779088256451595	204	439
1779088256451595	204	442
1779088256451596	204	446
1779088256451596	204	449
1779088256451597	204	452
1779088256451597	204	456
1779088256451597	204	459
1779088256451598	204	474
1779088256451598	204	478
1779088256451598	204	481
1779088256451599	204	485
1779088256451599	204	488
1779088256451599	204	492
1779088256451600	204	495
1779088256451600	204	498
1779088256451601	204	503
1779088256451601	204	506
1779088256451601	204	510
1779088256451601	204	513
1779088256451602	204	516
1779088256451602	204	520
1779088256451603	204	524
1779088256451603	204	527
1779088256451603	204	531
1779088256461223	204	376
1779088256461224	204	390
1779088256461224	204	395
1779088256461224	204	399
1779088256461225	204	402
1779088256461225	204	405
1779088256461226	204	409
1779088256461226	204	413
1779088256461226	204	417
1779088256461226	204	420
1779088256461227	204	424
1779088256461227	204	427
1779088256461227	204	431
1779088256461228	204	434
1779088256461228	204	438
1779088256461228	204	441
1779088256461229	204	445
1779088256461229	204	448
1779088256461229	204	452
1779088256461230	204	461
1779088256461230	204	466
1779088256461230	204	469
1779088256461231	204	472
1779088256461231	204	476
1779088256461231	204	479
1779088256461232	204	483
1779088256461232	204	486
1779088256461232	204	490
1779088256461233	204	493
1779088256471825	204	455
1779088256471826	204	471
1779088256471826	204	476
1779088256471827	204	479
1779088256471828	204	483
1779088256471828	204	486
1779088256471829	204	489
1779088256471830	204	492
1779088256471831	204	496
1779088256471831	204	499
1779088256471832	204	503
1779088256471833	204	506
1779088256471833	204	509
1779088256471834	204	512
1779088256471834	204	516
1779088256471835	204	519
1779088256471836	204	522
1779088256471836	204	525
1779088256471837	204	529
1779088256471837	204	532
1779088256471838	204	535
1779088256471839	204	538
1779088256471839	204	542
1779088256471840	204	546
1779088256471840	204	549
1779088256471841	204	552
1779088256471842	204	555
1779088256471842	204	574
1779088256471843	204	578
1779088256471844	204	581
1779088256471844	204	585
1779088256481508	204	422
1779088256481509	204	437
1779088256481509	204	441
1779088256481510	204	444
1779088256481510	204	448
1779088256481510	204	452
1779088256481511	204	455
1779088256481511	204	459
1779088256481511	204	463
1779088256481512	204	466
1779088256481512	204	470
1779088256481512	204	473
1779088256481513	204	477
1779088256481513	204	480
1779088256481513	204	484
1779088256481513	204	487
1779088256481514	204	491
1779088256481514	204	494
1779088256481514	204	498
1779088256481515	204	501
1779088256481515	204	505
1779088256481516	204	509
1779088256481516	204	526
1779088256481516	204	531
1779088256481517	204	534
1779088256481517	204	537
1779088256481517	204	541
1779088256481518	204	571
1779088256481518	204	579
1779088256481518	204	587
1779088256492195	204	560
1779088256492196	204	594
1779088256492197	204	602
1779088256492197	204	609
1779088256492198	204	615
1779088256492198	204	622
1779088256492199	204	628
1779088256492201	204	633
1779088256492201	204	639
1779088256492202	204	646
1779088256492203	204	652
1779088256492203	204	658
1779088256492207	204	662
1779088256492207	204	668
1779088256492208	204	674
1779088256492208	204	681
1779088256492209	204	687
1779088256492209	204	694
1779088256492210	204	700
1779088256492210	204	707
1779088256492211	204	713
1779088256492211	204	719
1779088256492212	204	725
1779088256492213	204	734
1779088256492213	204	741
1779088256492214	204	747
1779088256492214	204	752
1779088256492215	204	757
1779088256492216	204	762
1779088256492216	204	767
1779088256492217	204	773
1779088256492217	204	785
1779088256502090	204	376
1779088256502091	204	398
1779088256502091	204	406
1779088256502092	204	413
1779088256502092	204	420
1779088256502092	204	426
1779088256502093	204	433
1779088256502093	204	440
1779088256502094	204	460
1779088256502094	204	467
1779088256502094	204	473
1779088256502094	204	480
1779088256502095	204	487
1779088256502095	204	494
1779088256502095	204	500
1779088256502096	204	507
1779088256502096	204	513
1779088256502096	204	520
1779088256502097	204	526
1779088256502097	204	533
1779088256502097	204	542
1779088256502098	204	549
1779088256502098	204	555
1779088256502098	204	561
1779088256502099	204	566
1779088256502099	204	572
1779088256502100	204	575
1779088256502100	204	578
1779088256502100	204	582
1779088256511777	204	444
1779088256511778	204	473
1779088256511778	204	481
1779088256511779	204	488
1779088256511779	204	495
1779088256511780	204	502
1779088256511780	204	509
1779088256511780	204	516
1779088256511781	204	523
1779088256511781	204	529
1779088256511781	204	536
1779088256511782	204	543
1779088256511782	204	549
1779088256511783	204	556
1779088256511783	204	563
1779088256511783	204	569
1779088256511784	204	576
1779088256511784	204	582
1779088256511784	204	589
1779088256511785	204	597
1779088256511785	204	605
1779088256511786	204	612
1779088256511786	204	618
1779088256511786	204	623
1779088256511787	204	629
1779088256511787	204	632
1779088256511790	204	632
1779088256511791	204	635
1779088256511791	204	638
1779088256521526	204	414
1779088256521526	204	439
1779088256521527	204	446
1779088256521527	204	454
1779088256521528	204	460
1779088256521528	204	467
1779088256521528	204	474
1779088256521529	204	481
1779088256521529	204	488
1779088256521529	204	494
1779088256521530	204	501
1779088256521530	204	508
1779088256521530	204	514
1779088256521531	204	521
1779088256521531	204	527
1779088256521531	204	563
1779088256521531	204	572
1779088256521532	204	578
1779088256521532	204	585
1779088256521532	204	592
1779088256521533	204	600
1779088256521533	204	608
1779088256521534	204	615
1779088256521534	204	622
1779088256521534	204	628
1779088256521535	204	634
1779088256521535	204	638
1779088256521536	204	641
1779088256521536	204	644
1779088256521537	204	647
1779088256531280	204	393
1779088256531281	204	416
1779088256531281	204	423
1779088256531282	204	430
1779088256531282	204	437
1779088256531283	204	444
1779088256531283	204	451
1779088256531284	204	459
1779088256531284	204	465
1779088256531284	204	472
1779088256531285	204	478
1779088256531285	204	486
1779088256531285	204	493
1779088256531286	204	499
1779088256531286	204	513
1779088256531286	204	519
1779088256531287	204	526
1779088256531287	204	533
1779088256531287	204	539
1779088256531288	204	546
1779088256531288	204	555
1779088256531288	204	565
1779088256531289	204	571
1779088256531289	204	576
1779088256531289	204	580
1779088256531290	204	583
1779088256531290	204	586
1779088256531291	204	589
1779088256531291	204	593
1779088256541979	204	446
1779088256541982	204	466
1779088256541982	204	474
1779088256541982	204	481
1779088256541983	204	487
1779088256541983	204	494
1779088256541983	204	501
1779088256541984	204	508
1779088256541984	204	514
1779088256541984	204	521
1779088256541985	204	527
1779088256541985	204	534
1779088256541985	204	540
1779088256541986	204	547
1779088256541986	204	554
1779088256541986	204	561
1779088256541986	204	567
1779088256541987	204	575
1779088256541987	204	581
1779088256541987	204	588
1779088256541988	204	594
1779088256541988	204	601
1779088256541988	204	608
1779088256541989	204	616
1779088256541989	204	622
1779088256541990	204	629
1779088256541990	204	635
1779088256541990	204	641
1779088256541991	204	647
1779088256541991	204	653
1779088256541991	204	656
1779088256541992	204	660
1779088256551745	204	388
1779088256551745	204	409
1779088256551745	204	417
1779088256551746	204	424
1779088256551746	204	431
1779088256551746	204	437
1779088256551747	204	444
1779088256551747	204	451
1779088256551747	204	457
1779088256551748	204	464
1779088256551748	204	473
1779088256551749	204	480
1779088256551749	204	487
1779088256551749	204	493
1779088256551749	204	500
1779088256551750	204	506
1779088256551750	204	512
1779088256551750	204	519
1779088256551751	204	526
1779088256551751	204	533
1779088256551752	204	541
1779088256551752	204	548
1779088256551752	204	570
1779088256551752	204	576
1779088256551753	204	580
1779088256551753	204	583
1779088256551753	204	587
1779088256551754	204	590
1779088256551754	204	593
1779088256561446	204	410
1779088256561447	204	435
1779088256561447	204	443
1779088256561447	204	450
1779088256561448	204	457
1779088256561448	204	465
1779088256561448	204	471
1779088256561449	204	478
1779088256561449	204	485
1779088256561449	204	492
1779088256561450	204	498
1779088256561450	204	505
1779088256561450	204	511
1779088256561451	204	518
1779088256561453	204	522
1779088256561453	204	529
1779088256561454	204	535
1779088256561454	204	542
1779088256561455	204	548
1779088256561455	204	554
1779088256561456	204	562
1779088256561456	204	568
1779088256561456	204	575
1779088256561457	204	581
1779088256561457	204	586
1779088256561458	204	592
1779088256561458	204	601
1779088256561458	204	631
1779088256561459	204	635
1779088256572192	204	511
1779088256572193	204	536
1779088256572193	204	543
1779088256572194	204	550
1779088256572195	204	557
1779088256572195	204	563
1779088256572196	204	569
1779088256572197	204	576
1779088256572197	204	583
1779088256572198	204	589
1779088256572199	204	596
1779088256572199	204	602
1779088256572200	204	608
1779088256572200	204	615
1779088256572201	204	622
1779088256572202	204	628
1779088256572202	204	635
1779088256572203	204	641
1779088256572203	204	648
1779088256572204	204	655
1779088256572205	204	661
1779088256572205	204	668
1779088256572206	204	674
1779088256572207	204	680
1779088256572207	204	689
1779088256572208	204	696
1779088256572208	204	702
1779088256572209	204	708
1779088256572210	204	713
1779088256572210	204	718
1779088256572211	204	723
1779088256572212	204	729
1779088256572212	204	734
1779088256582042	204	378
1779088256582042	204	400
1779088256582042	204	408
1779088256582043	204	414
1779088256582043	204	421
1779088256582043	204	427
1779088256582044	204	434
1779088256582044	204	441
1779088256582044	204	447
1779088256582045	204	454
1779088256582045	204	460
1779088256582045	204	466
1779088256582046	204	473
1779088256582046	204	480
1779088256582046	204	486
1779088256582046	204	492
1779088256582047	204	499
1779088256582047	204	506
1779088256582047	204	512
1779088256582048	204	518
1779088256582048	204	527
1779088256582048	204	534
1779088256582048	204	542
1779088256582049	204	548
1779088256582049	204	555
1779088256582049	204	560
1779088256582050	204	566
1779088256582051	204	568
1779088256582051	204	572
1779088256591718	204	427
1779088256591719	204	449
1779088256591719	204	457
1779088256591720	204	464
1779088256591720	204	471
1779088256591721	204	477
1779088256591721	204	484
1779088256591721	204	491
1779088256591722	204	497
1779088256591722	204	504
1779088256591722	204	510
1779088256591723	204	517
1779088256591723	204	523
1779088256591723	204	530
1779088256591724	204	536
1779088256591724	204	543
1779088256591725	204	549
1779088256591725	204	555
1779088256591725	204	562
1779088256591726	204	568
1779088256591726	204	577
1779088256591727	204	583
1779088256591727	204	590
1779088256591727	204	596
1779088256591728	204	602
1779088256591728	204	608
1779088256591728	204	613
1779088256591729	204	616
1779088256591729	204	619
1779088256601444	204	373
1779088256601445	204	396
1779088256601445	204	403
1779088256601446	204	410
1779088256601446	204	417
1779088256601446	204	423
1779088256601447	204	430
1779088256601447	204	438
1779088256601447	204	445
1779088256601448	204	458
1779088256601448	204	465
1779088256601448	204	471
1779088256601448	204	478
1779088256601449	204	485
1779088256601449	204	492
1779088256601449	204	499
1779088256601450	204	505
1779088256601450	204	512
1779088256601450	204	518
1779088256601451	204	525
1779088256601451	204	548
1779088256601451	204	555
1779088256601452	204	559
1779088256601452	204	563
1779088256601452	204	566
1779088256601452	204	569
1779088256601453	204	573
1779088256601453	204	576
1779088256601454	204	579
1779088256612131	204	441
1779088256612132	204	467
1779088256612133	204	474
1779088256612135	204	479
1779088256612136	204	485
1779088256612137	204	492
1779088256612137	204	498
1779088256612137	204	505
1779088256612138	204	526
1779088256612138	204	533
1779088256612139	204	539
1779088256612139	204	546
1779088256612140	204	553
1779088256612140	204	559
1779088256612140	204	566
1779088256612141	204	572
1779088256612141	204	579
1779088256612142	204	586
1779088256612142	204	592
1779088256612143	204	598
1779088256612143	204	605
1779088256612144	204	612
1779088256612144	204	618
1779088256612145	204	626
1779088256612145	204	632
1779088256612145	204	636
1779088256612146	204	640
1779088256612146	204	643
1779088256612147	204	646
1779088256612147	204	649
1779088256612148	204	652
1779088256612148	204	655
1779088256621901	204	430
1779088256621901	204	455
1779088256621902	204	462
1779088256621902	204	469
1779088256621903	204	476
1779088256621903	204	482
1779088256621904	204	489
1779088256621904	204	496
1779088256621904	204	503
1779088256621905	204	509
1779088256621905	204	516
1779088256621905	204	522
1779088256621906	204	529
1779088256621906	204	535
1779088256621906	204	542
1779088256621907	204	549
1779088256621907	204	555
1779088256621907	204	562
1779088256621908	204	568
1779088256621908	204	575
1779088256621908	204	582
1779088256621908	204	590
1779088256621909	204	597
1779088256621909	204	603
1779088256621909	204	609
1779088256621910	204	616
1779088256621910	204	619
1779088256621911	204	623
1779088256621911	204	626
1779088256621911	204	629
1779088256631632	204	377
1779088256631632	204	399
1779088256631633	204	406
1779088256631633	204	413
1779088256631633	204	420
1779088256631634	204	427
1779088256631634	204	445
1779088256631634	204	452
1779088256631635	204	461
1779088256631635	204	467
1779088256631635	204	474
1779088256631636	204	481
1779088256631636	204	487
1779088256631636	204	494
1779088256631637	204	500
1779088256631637	204	507
1779088256631642	204	509
1779088256631642	204	515
1779088256631642	204	522
1779088256631643	204	528
1779088256631643	204	543
1779088256631643	204	551
1779088256631644	204	558
1779088256631644	204	564
1779088256631644	204	570
1779088256631645	204	576
1779088256631645	204	579
1779088256631645	204	582
1779088256631646	204	586
1779088256641327	204	386
1779088256641328	204	410
1779088256641328	204	417
1779088256641329	204	424
1779088256641329	204	430
1779088256641329	204	436
1779088256641330	204	443
1779088256641330	204	450
1779088256641330	204	457
1779088256641331	204	463
1779088256641331	204	470
1779088256641331	204	476
1779088256641332	204	483
1779088256641332	204	489
1779088256641332	204	496
1779088256641333	204	502
1779088256641333	204	509
1779088256641333	204	515
1779088256641334	204	522
1779088256641334	204	528
1779088256641334	204	537
1779088256641334	204	543
1779088256641335	204	550
1779088256641335	204	556
1779088256641335	204	563
1779088256641336	204	568
1779088256641336	204	574
1779088256641336	204	577
1779088256641337	204	581
1779088256652021	204	626
1779088256652023	204	647
1779088256652024	204	654
1779088256652025	204	660
1779088256652025	204	666
1779088256652026	204	672
1779088256652027	204	678
1779088256652028	204	683
1779088256652028	204	688
1779088256652029	204	694
1779088256652030	204	699
1779088256652030	204	704
1779088256652031	204	710
1779088256652031	204	715
1779088256652032	204	721
1779088256652032	204	726
1779088256652033	204	731
1779088256652034	204	737
1779088256652034	204	742
1779088256652035	204	747
1779088256652036	204	752
1779088256652036	204	757
1779088256652037	204	762
1779088256652037	204	769
1779088256652038	204	774
1779088256652039	204	778
1779088256652040	204	782
1779088256652040	204	786
1779088256652041	204	791
1779088256652042	204	795
1779088256652042	204	801
1779088256652043	204	806
1779088256661958	204	454
1779088256661959	204	480
1779088256661960	204	488
1779088256661960	204	495
1779088256661961	204	502
1779088256661961	204	509
1779088256661962	204	516
1779088256661962	204	523
1779088256661962	204	529
1779088256661963	204	536
1779088256661964	204	542
1779088256661964	204	548
1779088256661964	204	555
1779088256661965	204	562
1779088256661965	204	568
1779088256661965	204	575
1779088256661966	204	581
1779088256661966	204	587
1779088256661966	204	594
1779088256661967	204	600
1779088256661967	204	621
1779088256661967	204	630
1779088256661968	204	636
1779088256661968	204	642
1779088256661968	204	647
1779088256661969	204	653
1779088256661969	204	658
1779088256661970	204	665
1779088256661970	204	671
1779088256661970	204	676
1779088256671749	204	410
1779088256671749	204	426
1779088256671750	204	435
1779088256671750	204	439
1779088256671751	204	442
1779088256671751	204	446
1779088256671752	204	449
1779088256671752	204	453
1779088256671753	204	456
1779088256671753	204	460
1779088256671753	204	463
1779088256671754	204	467
1779088256671754	204	470
1779088256671754	204	474
1779088256671755	204	477
1779088256671755	204	481
1779088256671755	204	484
1779088256671756	204	488
1779088256671756	204	491
1779088256671756	204	495
1779088256671757	204	500
1779088256671757	204	503
1779088256671757	204	507
1779088256671758	204	510
1779088256671758	204	514
1779088256671759	204	517
1779088256671759	204	520
1779088256671759	204	523
1779088256671760	204	527
1779088256681372	204	351
1779088256681372	204	365
1779088256681372	204	370
1779088256681373	204	373
1779088256681373	204	377
1779088256681378	204	376
1779088256681379	204	379
1779088256681379	204	384
1779088256681379	204	387
1779088256681379	204	391
1779088256681380	204	394
1779088256681380	204	398
1779088256681380	204	402
1779088256681381	204	405
1779088256681381	204	409
1779088256681381	204	413
1779088256681381	204	416
1779088256681382	204	419
1779088256681382	204	423
1779088256681382	204	426
1779088256681383	204	431
1779088256681383	204	434
1779088256681383	204	438
1779088256681383	204	441
1779088256681384	204	445
1779088256681384	204	448
1779088256681384	204	451
1779088256681385	204	455
1779088256681385	204	458
1779088256691929	204	421
1779088256691930	204	436
1779088256691930	204	441
1779088256691931	204	445
1779088256691931	204	448
1779088256691931	204	451
1779088256691932	204	455
1779088256691932	204	458
1779088256691933	204	462
1779088256691933	204	465
1779088256691933	204	468
1779088256691934	204	472
1779088256691934	204	475
1779088256691934	204	479
1779088256691935	204	482
1779088256691935	204	486
1779088256691935	204	490
1779088256691936	204	493
1779088256691937	204	496
1779088256691937	204	499
1779088256691937	204	503
1779088256691938	204	506
1779088256691938	204	510
1779088256691939	204	514
1779088256691939	204	518
1779088256691939	204	521
1779088256691940	204	524
1779088256691940	204	528
1779088256691940	204	531
1779088256691941	204	534
1779088256691941	204	538
1779088256691942	204	541
1779088256701570	204	386
1779088256701571	204	401
1779088256701571	204	405
1779088256701572	204	409
1779088256701572	204	412
1779088256701572	204	416
1779088256701573	204	419
1779088256701573	204	423
1779088256701573	204	427
1779088256701574	204	430
1779088256701574	204	434
1779088256701574	204	438
1779088256701574	204	442
1779088256701575	204	446
1779088256701575	204	449
1779088256701575	204	457
1779088256701576	204	461
1779088256701576	204	464
1779088256701576	204	468
1779088256701581	204	467
1779088256701581	204	472
1779088256701581	204	475
1779088256701582	204	510
1779088256701582	204	520
1779088256701582	204	524
1779088256701582	204	528
1779088256701583	204	532
1779088256701583	204	535
1779088256701583	204	539
1779088256711211	204	493
1779088256711211	204	515
1779088256711212	204	523
1779088256711212	204	531
1779088256711212	204	537
1779088256711213	204	544
1779088256711213	204	551
1779088256711213	204	558
1779088256711214	204	565
1779088256711214	204	572
1779088256711214	204	578
1779088256711214	204	585
1779088256711215	204	591
1779088256711215	204	599
1779088256711215	204	605
1779088256711216	204	612
1779088256711216	204	618
1779088256711216	204	625
1779088256711217	204	631
1779088256711217	204	638
1779088256711217	204	646
1779088256711218	204	653
1779088256711218	204	660
1779088256711218	204	666
1779088256711219	204	672
1779088256711219	204	677
1779088256711219	204	680
1779088256711220	204	684
1779088256711220	204	687
1779088256722002	204	457
1779088256722002	204	479
1779088256722003	204	487
1779088256722003	204	494
1779088256722004	204	500
1779088256722004	204	507
1779088256722004	204	528
1779088256722005	204	535
1779088256722005	204	542
1779088256722005	204	549
1779088256722006	204	555
1779088256722006	204	562
1779088256722007	204	569
1779088256722007	204	576
1779088256722007	204	583
1779088256722008	204	589
1779088256722008	204	596
1779088256722008	204	603
1779088256722009	204	609
1779088256722009	204	616
1779088256722009	204	622
1779088256722010	204	629
1779088256722010	204	636
1779088256722010	204	644
1779088256722010	204	651
1779088256722011	204	657
1779088256722011	204	663
1779088256722011	204	668
1779088256722012	204	674
1779088256722012	204	679
1779088256722012	204	683
1779088256722013	204	686
1779088256731793	204	534
1779088256731793	204	553
1779088256731794	204	561
1779088256731794	204	568
1779088256731795	204	574
1779088256731795	204	581
1779088256731795	204	588
1779088256731795	204	594
1779088256731796	204	600
1779088256731796	204	606
1779088256731796	204	611
1779088256731797	204	618
1779088256731797	204	623
1779088256731797	204	629
1779088256731798	204	635
1779088256731798	204	641
1779088256731798	204	647
1779088256731799	204	654
1779088256731799	204	659
1779088256731799	204	665
1779088256731800	204	672
1779088256731800	204	678
1779088256731800	204	683
1779088256731801	204	689
1779088256731801	204	695
1779088256731801	204	700
1779088256731802	204	706
1779088256731802	204	717
1779088256731802	204	722
1779088256741628	204	369
1779088256741629	204	387
1779088256741629	204	392
1779088256741630	204	395
1779088256741630	204	399
1779088256741630	204	402
1779088256741631	204	406
1779088256741631	204	410
1779088256741632	204	413
1779088256741632	204	417
1779088256741632	204	420
1779088256741633	204	424
1779088256741633	204	428
1779088256741633	204	450
1779088256741634	204	455
1779088256741634	204	459
1779088256741634	204	462
1779088256741635	204	465
1779088256741635	204	469
1779088256741635	204	473
1779088256741635	204	476
1779088256741636	204	481
1779088256741636	204	485
1779088256741636	204	489
1779088256741637	204	492
1779088256741637	204	496
1779088256741637	204	499
1779088256741638	204	503
1779088256741638	204	507
1779088256741638	204	510
1779088256751244	204	384
1779088256751245	204	403
1779088256751245	204	408
1779088256751245	204	411
1779088256751246	204	415
1779088256751246	204	418
1779088256751246	204	422
1779088256751247	204	425
1779088256751248	204	428
1779088256751248	204	432
1779088256751248	204	435
1779088256751249	204	439
1779088256751249	204	442
1779088256751250	204	446
1779088256751250	204	449
1779088256751250	204	453
1779088256751251	204	456
1779088256751251	204	460
1779088256751251	204	463
1779088256751252	204	466
1779088256751252	204	471
1779088256751252	204	474
1779088256751253	204	478
1779088256751253	204	481
1779088256751254	204	485
1779088256751254	204	488
1779088256751254	204	492
1779088256751255	204	495
1779088256751255	204	498
1779088256761841	204	383
1779088256761841	204	397
1779088256761841	204	401
1779088256761842	204	405
1779088256761842	204	408
1779088256761842	204	412
1779088256761843	204	416
1779088256761843	204	419
1779088256761843	204	423
1779088256761843	204	426
1779088256761844	204	430
1779088256761844	204	435
1779088256761844	204	439
1779088256761844	204	442
1779088256761845	204	446
1779088256761845	204	449
1779088256761845	204	453
1779088256761846	204	456
1779088256761846	204	460
1779088256761846	204	463
1779088256761847	204	467
1779088256761847	204	471
1779088256761847	204	474
1779088256761847	204	491
1779088256761848	204	495
1779088256761848	204	499
1779088256761848	204	502
1779088256761849	204	506
1779088256761849	204	509
1779088256761849	204	513
1779088256761850	204	516
1779088256761850	204	519
1779088256771463	204	367
1779088256771464	204	384
1779088256771464	204	389
1779088256771464	204	393
1779088256771465	204	396
1779088256771465	204	400
1779088256771466	204	403
1779088256771466	204	407
1779088256771466	204	410
1779088256771467	204	414
1779088256771467	204	421
1779088256771467	204	425
1779088256771468	204	429
1779088256771468	204	432
1779088256771468	204	436
1779088256771469	204	439
1779088256771469	204	442
1779088256771469	204	446
1779088256771470	204	459
1779088256771470	204	463
1779088256771470	204	467
1779088256771471	204	470
1779088256771477	204	468
1779088256771477	204	471
1779088256771478	204	474
1779088256771478	204	478
1779088256771478	204	482
1779088256771479	204	485
1779088256782084	204	401
1779088256782084	204	418
1779088256782085	204	423
1779088256782085	204	427
1779088256782086	204	430
1779088256782086	204	434
1779088256782086	204	438
1779088256782087	204	441
1779088256782087	204	445
1779088256782088	204	449
1779088256782088	204	452
1779088256782088	204	456
1779088256782089	204	459
1779088256782089	204	463
1779088256782089	204	466
1779088256782090	204	470
1779088256782090	204	473
1779088256782090	204	477
1779088256782091	204	480
1779088256782091	204	484
1779088256782092	204	487
1779088256782092	204	490
1779088256782092	204	493
1779088256782093	204	498
1779088256782093	204	502
1779088256782094	204	505
1779088256782094	204	508
1779088256782095	204	512
1779088256782095	204	515
1779088256782095	204	518
1779088256782096	204	522
1779088256782096	204	525
1779088256791713	204	398
1779088256791713	204	413
1779088256791714	204	418
1779088256791714	204	422
1779088256791715	204	425
1779088256791715	204	429
1779088256791715	204	433
1779088256791716	204	436
1779088256791716	204	440
1779088256791716	204	443
1779088256791717	204	447
1779088256791717	204	451
1779088256791717	204	454
1779088256791718	204	458
1779088256791718	204	461
1779088256791718	204	465
1779088256791719	204	468
1779088256791719	204	472
1779088256791719	204	475
1779088256791720	204	478
1779088256791720	204	483
1779088256791720	204	487
1779088256791721	204	490
1779088256791721	204	493
1779088256791721	204	497
1779088256791722	204	500
1779088256791722	204	504
1779088256791722	204	507
1779088256791723	204	510
1779088256801326	204	387
1779088256801326	204	406
1779088256801326	204	411
1779088256801327	204	415
1779088256801327	204	418
1779088256801327	204	422
1779088256801328	204	425
1779088256801328	204	429
1779088256801328	204	432
1779088256801329	204	436
1779088256801329	204	439
1779088256801329	204	443
1779088256801330	204	447
1779088256801330	204	450
1779088256801330	204	454
1779088256801331	204	457
1779088256801331	204	461
1779088256801331	204	464
1779088256801332	204	467
1779088256801332	204	471
1779088256801332	204	475
1779088256801333	204	479
1779088256801333	204	482
1779088256801333	204	489
1779088256801334	204	493
1779088256801334	204	496
1779088256801335	204	499
1779088256801335	204	503
1779088256801335	204	506
1779088256811935	204	570
1779088256811936	204	592
1779088256811937	204	600
1779088256811938	204	605
1779088256811938	204	611
1779088256811939	204	617
1779088256811939	204	623
1779088256811940	204	629
1779088256811941	204	635
1779088256811941	204	640
1779088256811942	204	646
1779088256811942	204	652
1779088256811943	204	658
1779088256811944	204	663
1779088256811944	204	669
1779088256811945	204	674
1779088256811945	204	680
1779088256811946	204	686
1779088256811946	204	692
1779088256811947	204	697
1779088256811948	204	703
1779088256811948	204	708
1779088256811949	204	714
1779088256811949	204	721
1779088256811950	204	727
1779088256811951	204	733
1779088256811951	204	738
1779088256811952	204	744
1779088256811952	204	750
1779088256811953	204	755
1779088256811954	204	762
1779088256811954	204	768
1779088256821833	204	441
1779088256821834	204	461
1779088256821834	204	467
1779088256821834	204	473
1779088256821835	204	479
1779088256821835	204	485
1779088256821835	204	491
1779088256821836	204	497
1779088256821836	204	503
1779088256821836	204	509
1779088256821837	204	515
1779088256821838	204	521
1779088256821838	204	527
1779088256821838	204	533
1779088256821839	204	539
1779088256821839	204	545
1779088256821839	204	551
1779088256821840	204	557
1779088256821840	204	563
1779088256821840	204	569
1779088256821841	204	574
1779088256821841	204	582
1779088256821841	204	588
1779088256821842	204	593
1779088256821842	204	599
1779088256821842	204	605
1779088256821843	204	611
1779088256821843	204	617
1779088256821843	204	623
1779088256821844	204	629
1779088256831574	204	383
1779088256831574	204	400
1779088256831575	204	418
1779088256831575	204	425
1779088256831575	204	431
1779088256831576	204	437
1779088256831576	204	443
1779088256831576	204	451
1779088256831577	204	457
1779088256831577	204	462
1779088256831577	204	468
1779088256831578	204	474
1779088256831578	204	480
1779088256831578	204	497
1779088256831579	204	503
1779088256831579	204	509
1779088256831580	204	515
1779088256831580	204	521
1779088256831580	204	527
1779088256831581	204	533
1779088256831581	204	542
1779088256831581	204	548
1779088256831582	204	554
1779088256831582	204	560
1779088256831582	204	566
1779088256831583	204	571
1779088256831583	204	578
1779088256831583	204	584
1779088256831584	204	590
1779088256841268	204	320
1779088256841269	204	336
1779088256841269	204	342
1779088256841269	204	348
1779088256841269	204	354
1779088256841270	204	365
1779088256841270	204	371
1779088256841270	204	377
1779088256841271	204	383
1779088256841271	204	389
1779088256841271	204	395
1779088256841272	204	401
1779088256841272	204	407
1779088256841272	204	413
1779088256841272	204	418
1779088256841273	204	425
1779088256841273	204	431
1779088256841273	204	436
1779088256841273	204	442
1779088256841274	204	448
1779088256841274	204	455
1779088256841274	204	462
1779088256841275	204	469
1779088256841275	204	475
1779088256841275	204	481
1779088256841275	204	487
1779088256841277	204	491
1779088256841277	204	497
1779088256841278	204	503
1779088256851877	204	443
1779088256851878	204	462
1779088256851878	204	468
1779088256851879	204	474
1779088256851879	204	480
1779088256851880	204	486
1779088256851880	204	492
1779088256851880	204	497
1779088256851881	204	504
1779088256851881	204	510
1779088256851881	204	514
1779088256851882	204	517
1779088256851882	204	521
1779088256851882	204	524
1779088256851883	204	528
1779088256851883	204	531
1779088256851883	204	534
1779088256851884	204	538
1779088256851884	204	541
1779088256851885	204	545
1779088256851885	204	549
1779088256851885	204	552
1779088256851886	204	556
1779088256851886	204	561
1779088256851886	204	564
1779088256851886	204	568
1779088256851887	204	571
1779088256851887	204	574
1779088256851887	204	578
1779088256851888	204	581
1779088256851888	204	585
1779088256851889	204	588
1779088256861576	204	406
1779088256861576	204	421
1779088256861577	204	426
1779088256861577	204	429
1779088256861577	204	433
1779088256861578	204	437
1779088256861578	204	440
1779088256861578	204	444
1779088256861579	204	448
1779088256861579	204	451
1779088256861579	204	455
1779088256861580	204	458
1779088256861580	204	462
1779088256861580	204	465
1779088256861581	204	469
1779088256861581	204	472
1779088256861581	204	476
1779088256861581	204	479
1779088256861582	204	503
1779088256861582	204	508
1779088256861582	204	512
1779088256861583	204	516
1779088256861583	204	519
1779088256861583	204	523
1779088256861584	204	527
1779088256861584	204	533
1779088256861584	204	551
1779088256861585	204	555
1779088256861585	204	558
1779088256871221	204	398
1779088256871221	204	414
1779088256871222	204	421
1779088256871222	204	426
1779088256871223	204	431
1779088256871223	204	437
1779088256871223	204	443
1779088256871223	204	449
1779088256871224	204	455
1779088256871224	204	461
1779088256871224	204	467
1779088256871225	204	474
1779088256871225	204	479
1779088256871225	204	486
1779088256871226	204	492
1779088256871226	204	497
1779088256871226	204	503
1779088256871226	204	509
1779088256871227	204	521
1779088256871227	204	527
1779088256871227	204	534
1779088256871228	204	540
1779088256871228	204	546
1779088256871228	204	552
1779088256871228	204	557
1779088256871229	204	566
1779088256871229	204	572
1779088256871229	204	578
1779088256871230	204	583
1779088256881910	204	452
1779088256881911	204	471
1779088256881911	204	478
1779088256881912	204	483
1779088256881912	204	489
1779088256881912	204	495
1779088256881913	204	501
1779088256881913	204	507
1779088256881913	204	513
1779088256881914	204	519
1779088256881914	204	525
1779088256881914	204	531
1779088256881915	204	571
1779088256881915	204	578
1779088256881915	204	584
1779088256881916	204	590
1779088256881916	204	596
1779088256881916	204	602
1779088256881917	204	616
1779088256881917	204	622
1779088256881917	204	628
1779088256881918	204	634
1779088256881918	204	640
1779088256881918	204	647
1779088256881919	204	653
1779088256881919	204	659
1779088256881919	204	665
1779088256881920	204	670
1779088256881920	204	676
1779088256881920	204	682
1779088256881921	204	688
1779088256881921	204	693
1779088256891714	204	504
1779088256891715	204	523
1779088256891715	204	529
1779088256891715	204	536
1779088256891716	204	542
1779088256891716	204	548
1779088256891716	204	554
1779088256891717	204	559
1779088256891717	204	565
1779088256891717	204	572
1779088256891718	204	579
1779088256891718	204	585
1779088256891718	204	591
1779088256891719	204	597
1779088256891719	204	602
1779088256891719	204	608
1779088256891720	204	614
1779088256891720	204	620
1779088256891720	204	626
1779088256891721	204	633
1779088256891721	204	640
1779088256891721	204	646
1779088256891722	204	652
1779088256891722	204	658
1779088256891722	204	664
1779088256891723	204	670
1779088256891723	204	675
1779088256891723	204	681
1779088256891724	204	688
1779088256901503	204	379
1779088256901504	204	395
1779088256901504	204	402
1779088256901504	204	408
1779088256901505	204	414
1779088256901505	204	420
1779088256901505	204	426
1779088256901506	204	432
1779088256901506	204	438
1779088256901506	204	444
1779088256901506	204	450
1779088256901507	204	456
1779088256901507	204	462
1779088256901507	204	468
1779088256901508	204	474
1779088256901508	204	479
1779088256901508	204	485
1779088256901509	204	491
1779088256901509	204	497
1779088256901509	204	503
1779088256901510	204	509
1779088256901510	204	516
1779088256901510	204	522
1779088256901511	204	528
1779088256901511	204	533
1779088256901511	204	539
1779088256901512	204	545
1779088256901512	204	572
1779088256901512	204	580
1779088256901513	204	586
1779088256911213	204	417
1779088256911213	204	434
1779088256911214	204	440
1779088256911214	204	445
1779088256911215	204	451
1779088256911216	204	457
1779088256911216	204	463
1779088256911217	204	469
1779088256911217	204	474
1779088256911218	204	481
1779088256911218	204	487
1779088256911219	204	493
1779088256911219	204	499
1779088256911220	204	504
1779088256911220	204	510
1779088256911221	204	515
1779088256911224	204	518
1779088256911225	204	524
1779088256911225	204	530
1779088256911226	204	536
1779088256911226	204	542
1779088256911227	204	548
1779088256911228	204	554
1779088256911228	204	560
1779088256911229	204	565
1779088256911229	204	571
1779088256911230	204	577
1779088256911230	204	582
1779088256911231	204	588
1779088256921916	204	546
1779088256921917	204	567
1779088256921917	204	573
1779088256921917	204	579
1779088256921918	204	585
1779088256921918	204	592
1779088256921918	204	598
1779088256921919	204	604
1779088256921919	204	611
1779088256921919	204	617
1779088256921920	204	623
1779088256921920	204	629
1779088256921920	204	635
1779088256921921	204	641
1779088256921921	204	647
1779088256921921	204	653
1779088256921922	204	658
1779088256921922	204	664
1779088256921922	204	670
1779088256921923	204	677
1779088256921923	204	682
1779088256921924	204	688
1779088256921924	204	694
1779088256921924	204	701
1779088256921925	204	707
1779088256921925	204	713
1779088256921925	204	719
1779088256921926	204	725
1779088256921926	204	730
1779088256921926	204	737
1779088256921927	204	743
1779088256921927	204	749
1779088256931782	204	398
1779088256931783	204	415
1779088256931783	204	423
1779088256931784	204	428
1779088256931784	204	434
1779088256931784	204	441
1779088256931785	204	447
1779088256931785	204	452
1779088256931785	204	458
1779088256931786	204	464
1779088256931786	204	470
1779088256931786	204	476
1779088256931787	204	482
1779088256931787	204	488
1779088256931787	204	494
1779088256931788	204	500
1779088256931788	204	505
1779088256931789	204	511
1779088256931789	204	517
1779088256931789	204	523
1779088256931790	204	531
1779088256931790	204	536
1779088256931790	204	542
1779088256931791	204	548
1779088256931791	204	554
1779088256931791	204	560
1779088256931792	204	566
1779088256931792	204	571
1779088256931792	204	577
1779088256941485	204	402
1779088256941485	204	420
1779088256941485	204	427
1779088256941486	204	432
1779088256941486	204	438
1779088256941486	204	444
1779088256941487	204	450
1779088256941487	204	456
1779088256941487	204	463
1779088256941488	204	470
1779088256941488	204	476
1779088256941488	204	482
1779088256941488	204	487
1779088256941489	204	498
1779088256941489	204	504
1779088256941490	204	509
1779088256941490	204	515
1779088256941490	204	521
1779088256941491	204	527
1779088256941491	204	533
1779088256941491	204	540
1779088256941492	204	546
1779088256941492	204	552
1779088256941492	204	558
1779088256941493	204	563
1779088256941493	204	592
1779088256941493	204	600
1779088256941494	204	606
1779088256941494	204	612
1779088256951207	204	369
1779088256951208	204	387
1779088256951208	204	394
1779088256951208	204	399
1779088256951209	204	405
1779088256951209	204	411
1779088256951209	204	418
1779088256951210	204	424
1779088256951210	204	429
1779088256951210	204	435
1779088256951211	204	442
1779088256951211	204	448
1779088256951212	204	454
1779088256951212	204	460
1779088256951212	204	466
1779088256951213	204	472
1779088256951213	204	478
1779088256951213	204	484
1779088256951214	204	491
1779088256951214	204	497
1779088256951214	204	503
1779088256951215	204	513
1779088256951215	204	519
1779088256951215	204	525
1779088256951216	204	531
1779088256951216	204	537
1779088256951216	204	543
1779088256951217	204	550
1779088256951217	204	556
1779088256951217	204	562
1779088256961879	204	425
1779088256961880	204	442
1779088256961880	204	449
1779088256961881	204	454
1779088256961881	204	460
1779088256961884	204	464
1779088256961884	204	470
1779088256961884	204	476
1779088256961885	204	481
1779088256961885	204	488
1779088256961885	204	494
1779088256961886	204	500
1779088256961886	204	506
1779088256961886	204	512
1779088256961887	204	518
1779088256961887	204	524
1779088256961887	204	529
1779088256961888	204	535
1779088256961888	204	541
1779088256961888	204	547
1779088256961889	204	553
1779088256961889	204	559
1779088256961889	204	564
1779088256961890	204	572
1779088256961890	204	578
1779088256961890	204	584
1779088256961891	204	589
1779088256961891	204	595
1779088256961891	204	602
1779088256961891	204	607
1779088256961892	204	613
1779088256961892	204	619
1779088256971609	204	351
1779088256971610	204	368
1779088256971610	204	374
1779088256971610	204	381
1779088256971611	204	387
1779088256971611	204	393
1779088256971611	204	399
1779088256971611	204	405
1779088256971612	204	411
1779088256971612	204	417
1779088256971612	204	424
1779088256971613	204	430
1779088256971613	204	436
1779088256971613	204	442
1779088256971614	204	448
1779088256971614	204	467
1779088256971614	204	473
1779088256971614	204	479
1779088256971615	204	485
1779088256971615	204	491
1779088256971615	204	499
1779088256971616	204	505
1779088256971616	204	511
1779088256971616	204	517
1779088256971617	204	533
1779088256971617	204	539
1779088256971617	204	545
1779088256971617	204	551
1779088256971618	204	557
1779088256981272	204	413
1779088256981272	204	431
1779088256981272	204	438
1779088256981273	204	444
1779088256981273	204	450
1779088256981273	204	456
1779088256981274	204	462
1779088256981274	204	468
1779088256981274	204	474
1779088256981275	204	481
1779088256981275	204	487
1779088256981275	204	493
1779088256981276	204	499
1779088256981276	204	505
1779088256981276	204	511
1779088256981277	204	517
1779088256981277	204	522
1779088256981277	204	528
1779088256981278	204	534
1779088256981280	204	538
1779088256981281	204	547
1779088256981281	204	553
1779088256981281	204	559
1779088256981282	204	565
1779088256981282	204	570
1779088256981282	204	576
1779088256981283	204	582
1779088256981283	204	588
1779088256981283	204	593
1779088256991979	204	439
1779088256991979	204	457
1779088256991980	204	464
1779088256991980	204	469
1779088256991980	204	475
1779088256991981	204	481
1779088256991981	204	487
1779088256991982	204	493
1779088256991982	204	499
1779088256991982	204	505
1779088256991983	204	511
1779088256991983	204	517
1779088256991983	204	523
1779088256991984	204	529
1779088256991984	204	535
1779088256991984	204	553
1779088256991985	204	559
1779088256991985	204	565
1779088256991985	204	571
1779088256991986	204	577
1779088256991986	204	583
1779088256991986	204	589
1779088256991987	204	594
1779088256991987	204	602
1779088256991988	204	608
1779088256991988	204	614
1779088256991988	204	619
1779088256991989	204	625
1779088256991989	204	632
1779088256991989	204	638
1779088256991990	204	643
1779088256991990	204	649
1779088257001737	204	358
1779088257001737	204	373
1779088257001737	204	380
1779088257001737	204	386
1779088257001738	204	392
1779088257001738	204	399
1779088257001738	204	405
1779088257001739	204	411
1779088257001739	204	417
1779088257001739	204	423
1779088257001739	204	429
1779088257001740	204	435
1779088257001740	204	441
1779088257001740	204	447
1779088257001741	204	453
1779088257001741	204	459
1779088257001741	204	465
1779088257001741	204	471
1779088257001742	204	477
1779088257001742	204	483
1779088257001742	204	490
1779088257001743	204	496
1779088257001743	204	502
1779088257001743	204	507
1779088257001743	204	513
1779088257001744	204	519
1779088257001744	204	525
1779088257001744	204	531
1779088257001745	204	537
1779088257011379	204	390
1779088257011379	204	407
1779088257011380	204	414
1779088257011380	204	420
1779088257011380	204	425
1779088257011381	204	431
1779088257011381	204	438
1779088257011381	204	449
1779088257011382	204	455
1779088257011382	204	461
1779088257011382	204	467
1779088257011383	204	472
1779088257011383	204	479
1779088257011383	204	487
1779088257011384	204	493
1779088257011384	204	498
1779088257011384	204	504
1779088257011385	204	510
1779088257011385	204	516
1779088257011386	204	522
1779088257011386	204	528
1779088257011386	204	534
1779088257011387	204	540
1779088257011387	204	546
1779088257011387	204	552
1779088257011388	204	557
1779088257011388	204	563
1779088257011388	204	569
1779088257011389	204	575
1779088257022082	204	427
1779088257022083	204	443
1779088257022083	204	450
1779088257022083	204	455
1779088257022084	204	461
1779088257022084	204	467
1779088257022084	204	474
1779088257022084	204	480
1779088257022085	204	486
1779088257022085	204	492
1779088257022085	204	498
1779088257022086	204	504
1779088257022086	204	510
1779088257022086	204	516
1779088257022087	204	522
1779088257022087	204	528
1779088257022087	204	534
1779088257022088	204	540
1779088257022088	204	546
1779088257022088	204	552
1779088257022089	204	558
1779088257022089	204	566
1779088257022089	204	572
1779088257022090	204	579
1779088257022090	204	584
1779088257022090	204	590
1779088257022091	204	596
1779088257022091	204	602
1779088257022091	204	607
1779088257022092	204	614
1779088257022092	204	620
1779088257022092	204	626
1779088257031823	204	404
1779088257031823	204	422
1779088257031824	204	429
1779088257031824	204	435
1779088257031825	204	441
1779088257031829	204	443
1779088257031830	204	449
1779088257031830	204	455
1779088257031831	204	461
1779088257031831	204	467
1779088257031831	204	473
1779088257031832	204	479
1779088257031832	204	484
1779088257031832	204	491
1779088257031833	204	497
1779088257031833	204	503
1779088257031833	204	508
1779088257031834	204	514
1779088257031834	204	520
1779088257031834	204	526
1779088257031835	204	533
1779088257031835	204	538
1779088257031835	204	544
1779088257031836	204	550
1779088257031836	204	556
1779088257031836	204	562
1779088257031837	204	567
1779088257031837	204	573
1779088257031837	204	579
1779088257041519	204	399
1779088257041519	204	416
1779088257041519	204	423
1779088257041520	204	428
1779088257041520	204	434
1779088257041520	204	440
1779088257041521	204	447
1779088257041521	204	453
1779088257041521	204	458
1779088257041522	204	465
1779088257041522	204	471
1779088257041522	204	477
1779088257041522	204	483
1779088257041523	204	489
1779088257041523	204	495
1779088257041524	204	501
1779088257041524	204	506
1779088257041524	204	512
1779088257041525	204	518
1779088257041525	204	523
1779088257041525	204	534
1779088257041526	204	566
1779088257041526	204	573
1779088257041526	204	579
1779088257041527	204	585
1779088257041527	204	591
1779088257041527	204	597
1779088257041528	204	603
1779088257041528	204	621
1779088257041528	204	627
1779088257051260	204	340
1779088257051260	204	355
1779088257051261	204	363
1779088257051261	204	369
1779088257051261	204	375
1779088257051262	204	381
1779088257051262	204	387
1779088257051262	204	393
1779088257051263	204	399
1779088257051263	204	405
1779088257051263	204	412
1779088257051263	204	417
1779088257051264	204	423
1779088257051264	204	429
1779088257051264	204	435
1779088257051265	204	441
1779088257051265	204	447
1779088257051265	204	453
1779088257051266	204	459
1779088257051266	204	465
1779088257051266	204	472
1779088257051267	204	477
1779088257051268	204	482
1779088257051268	204	488
1779088257051268	204	494
1779088257051269	204	500
1779088257051269	204	506
1779088257051269	204	511
1779088257051270	204	517
1779088257061889	204	466
1779088257061890	204	486
1779088257061890	204	494
1779088257061890	204	500
1779088257061891	204	505
1779088257061891	204	511
1779088257061891	204	517
1779088257061891	204	523
1779088257061892	204	529
1779088257061892	204	535
1779088257061892	204	541
1779088257061893	204	547
1779088257061893	204	553
1779088257061893	204	559
1779088257061894	204	565
1779088257061894	204	571
1779088257061895	204	577
1779088257061895	204	582
1779088257061895	204	587
1779088257061896	204	593
1779088257061896	204	599
1779088257061896	204	605
1779088257061897	204	611
1779088257061897	204	618
1779088257061897	204	624
1779088257061898	204	630
1779088257061898	204	636
1779088257061898	204	642
1779088257061899	204	648
1779088257061899	204	653
1779088257061899	204	659
1779088257061900	204	665
1779088257071667	204	395
1779088257071668	204	424
1779088257071668	204	430
1779088257071668	204	437
1779088257071669	204	442
1779088257071669	204	449
1779088257071670	204	455
1779088257071670	204	461
1779088257071671	204	466
1779088257071671	204	473
1779088257071671	204	479
1779088257071672	204	485
1779088257071672	204	491
1779088257071672	204	497
1779088257071673	204	503
1779088257071673	204	509
1779088257071673	204	514
1779088257071674	204	520
1779088257071674	204	526
1779088257071674	204	532
1779088257071675	204	539
1779088257071675	204	545
1779088257071675	204	551
1779088257071676	204	557
1779088257071676	204	563
1779088257071676	204	569
1779088257071677	204	575
1779088257071677	204	581
1779088257071677	204	586
1779088257081364	204	354
1779088257081364	204	370
1779088257081365	204	384
1779088257081365	204	391
1779088257081365	204	397
1779088257081366	204	403
1779088257081366	204	409
1779088257081366	204	415
1779088257081366	204	421
1779088257081367	204	427
1779088257081367	204	433
1779088257081367	204	439
1779088257081368	204	445
1779088257081368	204	451
1779088257081368	204	456
1779088257081368	204	462
1779088257081369	204	468
1779088257081369	204	474
1779088257081369	204	480
1779088257081370	204	486
1779088257081370	204	493
1779088257081370	204	499
1779088257081371	204	505
1779088257081371	204	510
1779088257081371	204	516
1779088257081371	204	522
1779088257081372	204	528
1779088257081372	204	534
1779088257081372	204	540
1779088257092009	204	427
1779088257092010	204	444
1779088257092010	204	451
1779088257092011	204	457
1779088257092011	204	462
1779088257092011	204	468
1779088257092012	204	474
1779088257092012	204	480
1779088257092012	204	486
1779088257092013	204	492
1779088257092013	204	498
1779088257092014	204	504
1779088257092014	204	509
1779088257092014	204	515
1779088257092015	204	521
1779088257092015	204	527
1779088257092015	204	532
1779088257092016	204	538
1779088257092016	204	544
1779088257092016	204	550
1779088257092017	204	556
1779088257092017	204	562
1779088257092017	204	567
1779088257092018	204	575
1779088257092018	204	581
1779088257092018	204	592
1779088257092019	204	597
1779088257092019	204	603
1779088257092019	204	609
1779088257092020	204	615
1779088257092020	204	621
1779088257092020	204	627
1779088257101742	204	419
1779088257101742	204	435
1779088257101743	204	443
1779088257101743	204	450
1779088257101743	204	456
1779088257101744	204	462
1779088257101744	204	468
1779088257101744	204	474
1779088257101745	204	479
1779088257101745	204	485
1779088257101746	204	491
1779088257101746	204	510
1779088257101747	204	516
1779088257101747	204	522
1779088257101747	204	528
1779088257101748	204	534
1779088257101748	204	539
1779088257101748	204	545
1779088257101749	204	551
1779088257101749	204	557
1779088257101749	204	564
1779088257101750	204	570
1779088257101750	204	576
1779088257101750	204	582
1779088257101751	204	588
1779088257101751	204	594
1779088257101751	204	600
1779088257101752	204	606
1779088257101752	204	612
1779088257111466	204	360
1779088257111466	204	377
1779088257111467	204	384
1779088257111467	204	390
1779088257111467	204	396
1779088257111468	204	402
1779088257111468	204	408
1779088257111468	204	414
1779088257111469	204	420
1779088257111469	204	426
1779088257111470	204	432
1779088257111470	204	438
1779088257111470	204	444
1779088257111470	204	450
1779088257111471	204	456
1779088257111471	204	468
1779088257111471	204	474
1779088257111472	204	480
1779088257111472	204	486
1779088257111472	204	492
1779088257111473	204	499
1779088257111473	204	505
1779088257111473	204	511
1779088257111474	204	517
1779088257111474	204	523
1779088257111474	204	529
1779088257111475	204	535
1779088257111475	204	541
1779088257111475	204	547
1779088257122097	204	418
1779088257122098	204	435
1779088257122098	204	443
1779088257122099	204	450
1779088257122099	204	456
1779088257122099	204	462
1779088257122100	204	468
1779088257122100	204	474
1779088257122100	204	480
1779088257122100	204	486
1779088257122101	204	492
1779088257122101	204	498
1779088257122102	204	504
1779088257122102	204	510
1779088257122102	204	516
1779088257122103	204	522
1779088257122103	204	527
1779088257122103	204	533
1779088257122104	204	539
1779088257122104	204	545
1779088257122104	204	550
1779088257122105	204	556
1779088257122105	204	562
1779088257122105	204	569
1779088257122106	204	575
1779088257122106	204	580
1779088257122106	204	586
1779088257122107	204	591
1779088257122108	204	597
1779088257122108	204	603
1779088257122108	204	609
1779088257122109	204	614
1779088257131817	204	360
1779088257131817	204	382
1779088257131817	204	390
1779088257131818	204	396
1779088257131818	204	403
1779088257131818	204	409
1779088257131819	204	415
1779088257131819	204	421
1779088257131819	204	427
1779088257131819	204	433
1779088257131820	204	439
1779088257131820	204	445
1779088257131820	204	450
1779088257131821	204	454
1779088257131821	204	457
1779088257131821	204	461
1779088257131821	204	464
1779088257131822	204	468
1779088257131822	204	471
1779088257131822	204	475
1779088257131823	204	480
1779088257131823	204	484
1779088257131823	204	487
1779088257131824	204	490
1779088257131824	204	494
1779088257131824	204	497
1779088257131824	204	500
1779088257131825	204	504
1779088257131825	204	507
1779088257141428	204	352
1779088257141428	204	366
1779088257141428	204	371
1779088257141429	204	375
1779088257141429	204	379
1779088257141429	204	382
1779088257141429	204	386
1779088257141430	204	390
1779088257141430	204	394
1779088257141430	204	398
1779088257141431	204	402
1779088257141431	204	405
1779088257141431	204	409
1779088257141432	204	412
1779088257141432	204	415
1779088257141432	204	419
1779088257141433	204	422
1779088257141433	204	426
1779088257141434	204	429
1779088257141434	204	433
1779088257141434	204	437
1779088257141435	204	441
1779088257141435	204	444
1779088257141435	204	447
1779088257141435	204	451
1779088257141436	204	454
1779088257141436	204	458
1779088257141436	204	466
1779088257141437	204	469
1779088257151997	204	421
1779088257151997	204	438
1779088257151998	204	443
1779088257151998	204	447
1779088257151998	204	450
1779088257151999	204	454
1779088257151999	204	457
1779088257151999	204	461
1779088257152000	204	464
1779088257152000	204	468
1779088257152001	204	471
1779088257152001	204	475
1779088257152001	204	478
1779088257152002	204	481
1779088257152002	204	485
1779088257152002	204	488
1779088257152003	204	491
1779088257152003	204	495
1779088257152003	204	498
1779088257152004	204	502
1779088257152004	204	505
1779088257152004	204	509
1779088257152005	204	512
1779088257152005	204	516
1779088257152005	204	520
1779088257152006	204	523
1779088257152006	204	527
1779088257152006	204	540
1779088257152007	204	544
1779088257152007	204	547
1779088257152007	204	551
1779088257152008	204	555
1779088257161651	204	369
1779088257161651	204	382
1779088257161652	204	386
1779088257161652	204	390
1779088257161652	204	393
1779088257161652	204	397
1779088257161653	204	400
1779088257161653	204	404
1779088257161653	204	408
1779088257161654	204	434
1779088257161654	204	441
1779088257161654	204	445
1779088257161654	204	448
1779088257161655	204	452
1779088257161655	204	455
1779088257161655	204	459
1779088257161656	204	462
1779088257161656	204	466
1779088257161656	204	471
1779088257161657	204	474
1779088257161657	204	479
1779088257161657	204	482
1779088257161658	204	486
1779088257161658	204	490
1779088257161658	204	493
1779088257161658	204	497
1779088257161659	204	501
1779088257161659	204	504
1779088257161659	204	507
1779088257171259	204	370
1779088257171259	204	385
1779088257171260	204	390
1779088257171260	204	393
1779088257171260	204	397
1779088257171261	204	400
1779088257171261	204	404
1779088257171262	204	407
1779088257171262	204	410
1779088257171262	204	414
1779088257171263	204	418
1779088257171263	204	422
1779088257171264	204	424
1779088257171265	204	427
1779088257171265	204	431
1779088257171265	204	435
1779088257171266	204	438
1779088257171266	204	442
1779088257171266	204	445
1779088257171267	204	449
1779088257171267	204	453
1779088257171267	204	456
1779088257171268	204	460
1779088257171268	204	463
1779088257171268	204	467
1779088257171269	204	470
1779088257171269	204	473
1779088257171269	204	476
1779088257171270	204	480
1779088257181853	204	637
1779088257181854	204	661
1779088257181855	204	669
1779088257181855	204	675
1779088257181856	204	681
1779088257181856	204	687
1779088257181857	204	692
1779088257181857	204	698
1779088257181858	204	704
1779088257181859	204	709
1779088257181859	204	719
1779088257181860	204	724
1779088257181861	204	730
1779088257181861	204	736
1779088257181862	204	742
1779088257181862	204	747
1779088257181863	204	755
1779088257181864	204	761
1779088257181864	204	767
1779088257181865	204	772
1779088257181866	204	778
1779088257181866	204	783
1779088257181867	204	789
1779088257181867	204	796
1779088257181868	204	802
1779088257181868	204	808
1779088257181869	204	813
1779088257181869	204	819
1779088257181870	204	824
1779088257181871	204	830
1779088257181871	204	836
1779088257181872	204	842
1779088257191826	204	417
1779088257191827	204	435
1779088257191827	204	440
1779088257191827	204	444
1779088257191828	204	447
1779088257191828	204	451
1779088257191829	204	454
1779088257191829	204	458
1779088257191829	204	462
1779088257191830	204	465
1779088257191830	204	468
1779088257191831	204	472
1779088257191831	204	475
1779088257191831	204	479
1779088257191832	204	483
1779088257191832	204	486
1779088257191833	204	490
1779088257191833	204	493
1779088257191833	204	496
1779088257191834	204	500
1779088257191834	204	504
1779088257191834	204	508
1779088257191835	204	512
1779088257191835	204	515
1779088257191835	204	519
1779088257191835	204	522
1779088257191837	204	524
1779088257191837	204	528
1779088257191838	204	531
1779088257201459	204	379
1779088257201460	204	394
1779088257201460	204	400
1779088257201461	204	403
1779088257201461	204	407
1779088257201461	204	411
1779088257201461	204	414
1779088257201462	204	418
1779088257201462	204	421
1779088257201462	204	425
1779088257201463	204	429
1779088257201463	204	433
1779088257201463	204	437
1779088257201464	204	440
1779088257201464	204	444
1779088257201464	204	447
1779088257201465	204	451
1779088257201465	204	454
1779088257201465	204	457
1779088257201466	204	461
1779088257201466	204	466
1779088257201466	204	469
1779088257201467	204	473
1779088257201467	204	476
1779088257201467	204	479
1779088257201468	204	483
1779088257201468	204	486
1779088257201468	204	489
1779088257201469	204	493
1779088257212048	204	528
1779088257212049	204	546
1779088257212049	204	553
1779088257212049	204	559
1779088257212049	204	565
1779088257212050	204	572
1779088257212050	204	578
1779088257212050	204	584
1779088257212051	204	590
1779088257212051	204	596
1779088257212051	204	602
1779088257212051	204	913
1779088257212052	204	923
1779088257212052	204	930
1779088257212052	204	936
1779088257212053	204	942
1779088257212053	204	948
1779088257212053	204	953
1779088257212054	204	959
1779088257212054	204	965
1779088257212054	204	972
1779088257212054	204	978
1779088257212055	204	983
1779088257212055	204	996
1779088257212055	204	1002
1779088257212056	204	1020
1779088257212056	204	1028
1779088257212056	204	1034
1779088257212056	204	1040
1779088257212057	204	1046
1779088257212057	204	1052
1779088257212057	204	1059
1779088257221226	204	360
1779088257221226	204	374
1779088257221227	204	378
1779088257221227	204	381
1779088257221227	204	385
1779088257221228	204	388
1779088257221228	204	392
1779088257221228	204	396
1779088257221229	204	400
1779088257221229	204	404
1779088257221229	204	408
1779088257221229	204	411
1779088257221230	204	415
1779088257221230	204	418
1779088257221231	204	422
1779088257221231	204	426
1779088257221231	204	429
1779088257221231	204	433
1779088257221232	204	437
1779088257221232	204	441
1779088257221232	204	445
1779088257221233	204	449
1779088257221233	204	452
1779088257221233	204	455
1779088257221234	204	459
1779088257221234	204	463
1779088257221234	204	466
1779088257221235	204	470
1779088257231791	204	405
1779088257231791	204	420
1779088257231791	204	424
1779088257231792	204	428
1779088257231792	204	431
1779088257231792	204	435
1779088257231793	204	438
1779088257231793	204	442
1779088257231793	204	445
1779088257231794	204	448
1779088257231794	204	452
1779088257231794	204	456
1779088257231795	204	459
1779088257231795	204	463
1779088257231795	204	466
1779088257231795	204	470
1779088257231796	204	473
1779088257231796	204	477
1779088257231797	204	480
1779088257231797	204	484
1779088257231797	204	487
1779088257231797	204	491
1779088257231798	204	495
1779088257231798	204	499
1779088257231798	204	502
1779088257231799	204	506
1779088257231799	204	509
1779088257231799	204	512
1779088257231800	204	516
1779088257231800	204	519
1779088257231801	204	522
1779088257241408	204	316
1779088257241408	204	328
1779088257241409	204	333
1779088257241409	204	336
1779088257241409	204	340
1779088257241410	204	343
1779088257241410	204	347
1779088257241410	204	350
1779088257241410	204	354
1779088257241411	204	358
1779088257241411	204	362
1779088257241411	204	365
1779088257241412	204	369
1779088257241412	204	372
1779088257241412	204	376
1779088257241413	204	379
1779088257241413	204	382
1779088257241414	204	386
1779088257241414	204	389
1779088257241414	204	393
1779088257241414	204	397
1779088257241415	204	400
1779088257241415	204	404
1779088257241415	204	407
1779088257241415	204	411
1779088257241416	204	414
1779088257241416	204	418
1779088257241416	204	421
1779088257241417	204	425
1779088257251927	204	449
1779088257251928	204	472
1779088257251928	204	476
1779088257251928	204	480
1779088257251929	204	483
1779088257251929	204	491
1779088257251930	204	494
1779088257251930	204	497
1779088257251930	204	500
1779088257251930	204	503
1779088257251931	204	506
1779088257251931	204	509
1779088257251931	204	512
1779088257251932	204	515
1779088257251932	204	519
1779088257251932	204	522
1779088257251933	204	525
1779088257251933	204	528
1779088257251933	204	532
1779088257251934	204	535
1779088257251934	204	538
1779088257251934	204	542
1779088257251935	204	545
1779088257251935	204	553
1779088257251935	204	556
1779088257251936	204	560
1779088257251936	204	563
1779088257251936	204	567
1779088257251937	204	570
1779088257251937	204	573
1779088257251937	204	577
1779088257251938	204	581
1779088257261626	204	576
1779088257261627	204	601
1779088257261627	204	609
1779088257261627	204	616
1779088257261628	204	623
1779088257261628	204	629
1779088257261628	204	636
1779088257261629	204	643
1779088257261630	204	649
1779088257261630	204	657
1779088257261631	204	663
1779088257261631	204	670
1779088257261631	204	676
1779088257261632	204	683
1779088257261632	204	690
1779088257261632	204	696
1779088257261633	204	703
1779088257261633	204	710
1779088257261633	204	716
1779088257261634	204	722
1779088257261634	204	731
1779088257261634	204	738
1779088257261635	204	756
1779088257261635	204	762
1779088257261635	204	769
1779088257261636	204	773
1779088257261636	204	776
1779088257261637	204	779
1779088257261637	204	782
1779088257271514	204	375
1779088257271515	204	396
1779088257271515	204	404
1779088257271516	204	410
1779088257271516	204	417
1779088257271516	204	423
1779088257271517	204	430
1779088257271517	204	437
1779088257271518	204	443
1779088257271518	204	449
1779088257271518	204	456
1779088257271519	204	462
1779088257271519	204	469
1779088257271520	204	475
1779088257271520	204	481
1779088257271520	204	488
1779088257271521	204	494
1779088257271521	204	501
1779088257271522	204	508
1779088257271522	204	514
1779088257271523	204	521
1779088257271523	204	529
1779088257271523	204	536
1779088257271524	204	554
1779088257271524	204	561
1779088257271524	204	568
1779088257271525	204	574
1779088257271525	204	579
1779088257271526	204	585
1779088257271526	204	588
1779088257281209	204	410
1779088257281210	204	433
1779088257281210	204	441
1779088257281210	204	447
1779088257281211	204	454
1779088257281211	204	460
1779088257281212	204	467
1779088257281212	204	474
1779088257281212	204	482
1779088257281213	204	488
1779088257281213	204	495
1779088257281213	204	502
1779088257281214	204	508
1779088257281214	204	515
1779088257281214	204	522
1779088257281215	204	528
1779088257281215	204	535
1779088257281215	204	547
1779088257281216	204	555
1779088257281216	204	561
1779088257281217	204	570
1779088257281217	204	577
1779088257281217	204	583
1779088257281218	204	588
1779088257281218	204	594
1779088257281219	204	599
1779088257281219	204	603
1779088257281219	204	606
1779088257281220	204	609
1779088257291922	204	420
1779088257291922	204	438
1779088257291923	204	446
1779088257291923	204	453
1779088257291924	204	459
1779088257291925	204	465
1779088257291925	204	472
1779088257291925	204	479
1779088257291926	204	485
1779088257291926	204	492
1779088257291927	204	498
1779088257291927	204	505
1779088257291928	204	511
1779088257291928	204	518
1779088257291928	204	524
1779088257291929	204	531
1779088257291929	204	537
1779088257291930	204	544
1779088257291930	204	551
1779088257291930	204	557
1779088257291931	204	564
1779088257291931	204	570
1779088257291931	204	577
1779088257291932	204	585
1779088257291932	204	592
1779088257291933	204	598
1779088257291933	204	605
1779088257291933	204	611
1779088257291934	204	618
1779088257291934	204	623
1779088257291934	204	629
1779088257291934	204	634
1779088257301671	204	377
1779088257301672	204	424
1779088257301672	204	433
1779088257301672	204	440
1779088257301673	204	447
1779088257301673	204	454
1779088257301673	204	460
1779088257301674	204	467
1779088257301674	204	474
1779088257301674	204	480
1779088257301675	204	487
1779088257301675	204	494
1779088257301675	204	500
1779088257301676	204	507
1779088257301676	204	513
1779088257301676	204	520
1779088257301677	204	526
1779088257301677	204	533
1779088257301677	204	539
1779088257301677	204	546
1779088257301678	204	554
1779088257301678	204	561
1779088257301678	204	567
1779088257301679	204	574
1779088257301679	204	580
1779088257301679	204	586
1779088257301680	204	592
1779088257301680	204	596
1779088257301681	204	599
1779088257311381	204	405
1779088257311382	204	429
1779088257311382	204	437
1779088257311382	204	445
1779088257311383	204	452
1779088257311383	204	458
1779088257311384	204	465
1779088257311384	204	472
1779088257311384	204	479
1779088257311385	204	486
1779088257311385	204	492
1779088257311385	204	499
1779088257311386	204	505
1779088257311386	204	512
1779088257311386	204	519
1779088257311387	204	526
1779088257311387	204	533
1779088257311387	204	539
1779088257311389	204	545
1779088257311390	204	551
1779088257311390	204	560
1779088257311390	204	566
1779088257311391	204	573
1779088257311391	204	579
1779088257311391	204	587
1779088257311392	204	591
1779088257311392	204	594
1779088257311392	204	598
1779088257311393	204	601
1779088257322097	204	384
1779088257322098	204	407
1779088257322098	204	415
1779088257322098	204	423
1779088257322099	204	430
1779088257322099	204	437
1779088257322099	204	443
1779088257322100	204	451
1779088257322100	204	470
1779088257322100	204	477
1779088257322101	204	483
1779088257322101	204	490
1779088257322101	204	497
1779088257322102	204	504
1779088257322102	204	510
1779088257322102	204	517
1779088257322102	204	524
1779088257322103	204	530
1779088257322103	204	537
1779088257322103	204	543
1779088257322104	204	550
1779088257322104	204	557
1779088257322104	204	563
1779088257322105	204	572
1779088257322105	204	578
1779088257322105	204	584
1779088257322105	204	589
1779088257322106	204	593
1779088257322106	204	596
1779088257322107	204	600
1779088257322107	204	603
1779088257322107	204	606
1779088257331815	204	416
1779088257331815	204	441
1779088257331816	204	449
1779088257331816	204	457
1779088257331816	204	464
1779088257331817	204	471
1779088257331817	204	478
1779088257331817	204	486
1779088257331818	204	493
1779088257331818	204	500
1779088257331818	204	506
1779088257331819	204	513
1779088257331819	204	520
1779088257331819	204	526
1779088257331820	204	533
1779088257331820	204	540
1779088257331820	204	546
1779088257331821	204	553
1779088257331821	204	560
1779088257331822	204	566
1779088257331822	204	575
1779088257331822	204	581
1779088257331823	204	587
1779088257331823	204	593
1779088257331823	204	599
1779088257331823	204	602
1779088257331824	204	606
1779088257331824	204	609
1779088257331824	204	613
1779088257341543	204	566
1779088257341543	204	594
1779088257341544	204	602
1779088257341544	204	609
1779088257341545	204	615
1779088257341545	204	621
1779088257341545	204	627
1779088257341545	204	634
1779088257341546	204	640
1779088257341546	204	645
1779088257341546	204	651
1779088257341547	204	657
1779088257341547	204	663
1779088257341548	204	669
1779088257341548	204	675
1779088257341548	204	681
1779088257341548	204	687
1779088257341549	204	693
1779088257341549	204	699
1779088257341549	204	705
1779088257341550	204	711
1779088257341550	204	718
1779088257341550	204	724
1779088257341551	204	730
1779088257341551	204	737
1779088257341551	204	743
1779088257341552	204	748
1779088257341552	204	754
1779088257341553	204	760
1779088257341553	204	766
1779088257351433	204	390
1779088257351433	204	406
1779088257351434	204	411
1779088257351434	204	415
1779088257351434	204	418
1779088257351435	204	423
1779088257351435	204	426
1779088257351435	204	430
1779088257351436	204	433
1779088257351436	204	437
1779088257351436	204	440
1779088257351437	204	449
1779088257351437	204	453
1779088257351437	204	456
1779088257351438	204	460
1779088257351438	204	463
1779088257351438	204	467
1779088257351439	204	472
1779088257351439	204	475
1779088257351439	204	479
1779088257351440	204	484
1779088257351440	204	487
1779088257351440	204	491
1779088257351441	204	495
1779088257351441	204	499
1779088257351441	204	502
1779088257351442	204	506
1779088257351442	204	509
1779088257351442	204	512
1779088257362045	204	434
1779088257362045	204	449
1779088257362046	204	454
1779088257362046	204	458
1779088257362047	204	462
1779088257362047	204	465
1779088257362047	204	469
1779088257362049	204	471
1779088257362049	204	474
1779088257362050	204	478
1779088257362050	204	481
1779088257362050	204	485
1779088257362051	204	488
1779088257362051	204	492
1779088257362051	204	495
1779088257362051	204	499
1779088257362052	204	502
1779088257362052	204	506
1779088257362052	204	509
1779088257362053	204	513
1779088257362053	204	516
1779088257362053	204	520
1779088257362054	204	523
1779088257362054	204	528
1779088257362054	204	531
1779088257362055	204	534
1779088257362055	204	538
1779088257362055	204	541
1779088257362056	204	544
1779088257362056	204	548
1779088257362057	204	551
1779088257362057	204	555
1779088257371697	204	335
1779088257371698	204	349
1779088257371698	204	354
1779088257371698	204	357
1779088257371698	204	361
1779088257371699	204	365
1779088257371699	204	380
1779088257371699	204	384
1779088257371700	204	387
1779088257371700	204	391
1779088257371700	204	395
1779088257371701	204	398
1779088257371701	204	402
1779088257371701	204	405
1779088257371702	204	409
1779088257371702	204	412
1779088257371702	204	416
1779088257371703	204	419
1779088257371703	204	423
1779088257371703	204	426
1779088257371704	204	445
1779088257371704	204	448
1779088257371704	204	452
1779088257371705	204	455
1779088257371705	204	459
1779088257371705	204	462
1779088257371705	204	466
1779088257371706	204	469
1779088257371706	204	473
1779088257381268	204	392
1779088257381269	204	407
1779088257381269	204	412
1779088257381269	204	416
1779088257381270	204	420
1779088257381270	204	423
1779088257381270	204	427
1779088257381271	204	430
1779088257381271	204	433
1779088257381271	204	437
1779088257381272	204	440
1779088257381272	204	444
1779088257381272	204	448
1779088257381272	204	452
1779088257381273	204	455
1779088257381273	204	459
1779088257381274	204	462
1779088257381274	204	466
1779088257381274	204	469
1779088257381275	204	472
1779088257381275	204	477
1779088257381277	204	478
1779088257381278	204	482
1779088257381278	204	485
1779088257381278	204	493
1779088257381278	204	496
1779088257381279	204	500
1779088257381279	204	503
1779088257381279	204	507
1779088257391875	204	436
1779088257391876	204	451
1779088257391876	204	456
1779088257391877	204	459
1779088257391877	204	463
1779088257391878	204	466
1779088257391878	204	469
1779088257391878	204	473
1779088257391879	204	476
1779088257391879	204	480
1779088257391879	204	483
1779088257391880	204	487
1779088257391880	204	490
1779088257391880	204	494
1779088257391881	204	497
1779088257391881	204	501
1779088257391881	204	504
1779088257391882	204	508
1779088257391882	204	511
1779088257391882	204	515
1779088257391883	204	518
1779088257391883	204	521
1779088257391884	204	525
1779088257391884	204	529
1779088257391884	204	533
1779088257391884	204	536
1779088257391885	204	540
1779088257391885	204	543
1779088257391885	204	546
1779088257391886	204	549
1779088257391886	204	553
1779088257391886	204	556
1779088257401538	204	368
1779088257401539	204	383
1779088257401539	204	388
1779088257401539	204	392
1779088257401540	204	396
1779088257401540	204	399
1779088257401540	204	403
1779088257401541	204	407
1779088257401541	204	410
1779088257401541	204	414
1779088257401542	204	417
1779088257401542	204	421
1779088257401542	204	424
1779088257401542	204	428
1779088257401543	204	431
1779088257401543	204	435
1779088257401543	204	438
1779088257401544	204	442
1779088257401544	204	445
1779088257401544	204	449
1779088257401545	204	453
1779088257401545	204	456
1779088257401545	204	460
1779088257401546	204	463
1779088257401546	204	466
1779088257401546	204	469
1779088257401547	204	473
1779088257401547	204	476
1779088257401547	204	480
1779088257412114	204	404
1779088257412115	204	418
1779088257412115	204	423
1779088257412115	204	427
1779088257412116	204	430
1779088257412116	204	433
1779088257412116	204	437
1779088257412117	204	440
1779088257412117	204	444
1779088257412117	204	448
1779088257412118	204	451
1779088257412118	204	455
1779088257412118	204	458
1779088257412119	204	462
1779088257412119	204	465
1779088257412119	204	469
1779088257412119	204	472
1779088257412120	204	475
1779088257412120	204	479
1779088257412121	204	482
1779088257412121	204	486
1779088257412121	204	489
1779088257412122	204	496
1779088257412122	204	499
1779088257412122	204	503
1779088257412122	204	506
1779088257412123	204	509
1779088257412123	204	513
1779088257412123	204	516
1779088257412124	204	519
1779088257412124	204	523
1779088257421737	204	534
1779088257421737	204	550
1779088257421738	204	555
1779088257421738	204	558
1779088257421738	204	562
1779088257421739	204	569
1779088257421739	204	573
1779088257421739	204	576
1779088257421740	204	580
1779088257421740	204	583
1779088257421740	204	587
1779088257421741	204	591
1779088257421741	204	594
1779088257421741	204	598
1779088257421742	204	602
1779088257421742	204	605
1779088257421742	204	609
1779088257421742	204	612
1779088257421743	204	616
1779088257421743	204	622
1779088257421744	204	627
1779088257421744	204	645
1779088257421744	204	649
1779088257421744	204	653
1779088257421745	204	656
1779088257421745	204	660
1779088257421746	204	664
1779088257421746	204	667
1779088257421746	204	671
1779088257431495	204	364
1779088257431495	204	376
1779088257431495	204	381
1779088257431495	204	384
1779088257431496	204	388
1779088257431496	204	400
1779088257431496	204	404
1779088257431497	204	408
1779088257431497	204	412
1779088257431498	204	416
1779088257431498	204	419
1779088257431498	204	423
1779088257431498	204	426
1779088257431499	204	430
1779088257431499	204	433
1779088257431499	204	436
1779088257431499	204	440
1779088257431500	204	443
1779088257431500	204	447
1779088257431500	204	451
1779088257431501	204	454
1779088257431501	204	458
1779088257431501	204	461
1779088257431501	204	465
1779088257431502	204	468
1779088257431502	204	472
1779088257431502	204	475
1779088257431503	204	478
1779088257431503	204	482
1779088257431503	204	485
1779088257442086	204	417
1779088257442086	204	434
1779088257442086	204	438
1779088257442087	204	441
1779088257442087	204	445
1779088257442087	204	448
1779088257442088	204	452
1779088257442088	204	455
1779088257442088	204	459
1779088257442089	204	462
1779088257442089	204	466
1779088257442089	204	469
1779088257442090	204	473
1779088257442090	204	476
1779088257442090	204	480
1779088257442091	204	483
1779088257442091	204	487
1779088257442091	204	490
1779088257442092	204	494
1779088257442092	204	498
1779088257442092	204	501
1779088257442093	204	504
1779088257442093	204	509
1779088257442093	204	512
1779088257442093	204	516
1779088257442094	204	520
1779088257442094	204	523
1779088257442095	204	526
1779088257442095	204	530
1779088257442095	204	533
1779088257442095	204	536
1779088257451718	204	336
1779088257451718	204	360
1779088257451718	204	364
1779088257451719	204	368
1779088257451719	204	372
1779088257451719	204	375
1779088257451719	204	379
1779088257451720	204	383
1779088257451720	204	386
1779088257451720	204	390
1779088257451721	204	394
1779088257451721	204	397
1779088257451721	204	401
1779088257451721	204	405
1779088257451722	204	408
1779088257451722	204	411
1779088257451722	204	415
1779088257451723	204	419
1779088257451723	204	426
1779088257451723	204	430
1779088257451723	204	434
1779088257451724	204	437
1779088257451724	204	440
1779088257451725	204	444
1779088257451725	204	447
1779088257451725	204	451
1779088257451726	204	454
1779088257451726	204	457
1779088257451726	204	461
1779088257461274	204	374
1779088257461275	204	388
1779088257461275	204	392
1779088257461275	204	396
1779088257461276	204	400
1779088257461276	204	403
1779088257461276	204	407
1779088257461277	204	410
1779088257461277	204	414
1779088257461277	204	418
1779088257461277	204	421
1779088257461278	204	425
1779088257461278	204	428
1779088257461278	204	431
1779088257461279	204	435
1779088257461279	204	438
1779088257461279	204	442
1779088257461280	204	445
1779088257461280	204	449
1779088257461280	204	452
1779088257461281	204	457
1779088257461281	204	460
1779088257461281	204	463
1779088257461282	204	467
1779088257461282	204	470
1779088257461282	204	474
1779088257461283	204	477
1779088257461283	204	480
1779088257461283	204	483
1779088257471854	204	419
1779088257471855	204	434
1779088257471855	204	438
1779088257471856	204	442
1779088257471856	204	445
1779088257471856	204	449
1779088257471857	204	453
1779088257471857	204	456
1779088257471857	204	459
1779088257471858	204	463
1779088257471858	204	468
1779088257471858	204	471
1779088257471859	204	475
1779088257471859	204	479
1779088257471859	204	482
1779088257471860	204	485
1779088257471860	204	489
1779088257471860	204	492
1779088257471861	204	496
1779088257471861	204	499
1779088257471861	204	503
1779088257471862	204	506
1779088257471862	204	510
1779088257471862	204	514
1779088257471863	204	517
1779088257471863	204	520
1779088257471863	204	524
1779088257471864	204	527
1779088257471864	204	530
1779088257471864	204	534
1779088257471865	204	537
1779088257471865	204	541
1779088257481493	204	349
1779088257481493	204	363
1779088257481493	204	367
1779088257481494	204	371
1779088257481494	204	374
1779088257481494	204	378
1779088257481494	204	382
1779088257481495	204	385
1779088257481495	204	389
1779088257481495	204	392
1779088257481496	204	396
1779088257481496	204	399
1779088257481496	204	403
1779088257481496	204	406
1779088257481497	204	410
1779088257481497	204	413
1779088257481497	204	417
1779088257481498	204	430
1779088257481498	204	433
1779088257481498	204	438
1779088257481498	204	441
1779088257481499	204	445
1779088257481499	204	450
1779088257481499	204	466
1779088257481500	204	470
1779088257481500	204	474
1779088257481500	204	477
1779088257481500	204	481
1779088257492061	204	419
1779088257492062	204	436
1779088257492062	204	445
1779088257492062	204	449
1779088257492063	204	452
1779088257492063	204	456
1779088257492064	204	460
1779088257492064	204	464
1779088257492064	204	467
1779088257492065	204	471
1779088257492073	204	474
1779088257492074	204	469
1779088257492074	204	473
1779088257492075	204	476
1779088257492075	204	480
1779088257492075	204	483
1779088257492076	204	486
1779088257492076	204	490
1779088257492077	204	494
1779088257492077	204	497
1779088257492077	204	500
1779088257492078	204	504
1779088257492078	204	507
1779088257492078	204	512
1779088257492079	204	516
1779088257492079	204	519
1779088257492079	204	523
1779088257492080	204	526
1779088257492080	204	530
1779088257492080	204	533
1779088257492081	204	539
1779088257492081	204	560
1779088257501827	204	548
1779088257501827	204	564
1779088257501828	204	568
1779088257501829	204	572
1779088257501829	204	575
1779088257501830	204	579
1779088257501830	204	582
1779088257501831	204	585
1779088257501832	204	589
1779088257501833	204	591
1779088257501833	204	595
1779088257501834	204	598
1779088257501835	204	601
1779088257501835	204	605
1779088257501836	204	608
1779088257501836	204	612
1779088257501837	204	617
1779088257501837	204	634
1779088257501838	204	638
1779088257501839	204	642
1779088257501839	204	646
1779088257501840	204	649
1779088257501840	204	653
1779088257501841	204	656
1779088257501841	204	661
1779088257501842	204	673
1779088257501842	204	677
1779088257501843	204	680
1779088257501844	204	684
1779088257511603	204	353
1779088257511603	204	365
1779088257511604	204	369
1779088257511604	204	373
1779088257511604	204	377
1779088257511604	204	381
1779088257511605	204	384
1779088257511605	204	388
1779088257511605	204	392
1779088257511605	204	396
1779088257511606	204	399
1779088257511606	204	403
1779088257511606	204	406
1779088257511607	204	410
1779088257511607	204	413
1779088257511607	204	417
1779088257511608	204	420
1779088257511608	204	424
1779088257511608	204	427
1779088257511608	204	431
1779088257511609	204	435
1779088257511609	204	439
1779088257511609	204	443
1779088257511610	204	446
1779088257511610	204	450
1779088257511610	204	454
1779088257511610	204	471
1779088257511611	204	477
1779088257511611	204	483
1779088257511611	204	488
1779088257521195	204	387
1779088257521196	204	402
1779088257521196	204	407
1779088257521197	204	411
1779088257521197	204	415
1779088257521197	204	418
1779088257521198	204	422
1779088257521198	204	425
1779088257521198	204	429
1779088257521199	204	432
1779088257521199	204	436
1779088257521199	204	439
1779088257521200	204	443
1779088257521200	204	450
1779088257521201	204	454
1779088257521201	204	458
1779088257521201	204	462
1779088257521201	204	465
1779088257521202	204	471
1779088257521202	204	474
1779088257521202	204	479
1779088257521203	204	483
1779088257521203	204	487
1779088257521203	204	490
1779088257521204	204	494
1779088257521204	204	498
1779088257521205	204	501
1779088257521205	204	504
1779088257521206	204	508
1779088257531802	204	384
1779088257531802	204	400
1779088257531803	204	404
1779088257531803	204	409
1779088257531804	204	412
1779088257531804	204	416
1779088257531804	204	420
1779088257531804	204	423
1779088257531805	204	430
1779088257531805	204	436
1779088257531805	204	443
1779088257531806	204	448
1779088257531806	204	453
1779088257531806	204	459
1779088257531807	204	463
1779088257531807	204	469
1779088257531807	204	474
1779088257531808	204	480
1779088257531808	204	486
1779088257531809	204	492
1779088257531809	204	496
1779088257531809	204	499
1779088257531810	204	505
1779088257531810	204	508
1779088257531810	204	511
1779088257531811	204	515
1779088257531811	204	518
1779088257531811	204	522
1779088257531812	204	525
1779088257531812	204	529
1779088257531812	204	532
1779088257541436	204	361
1779088257541436	204	375
1779088257541437	204	387
1779088257541437	204	391
1779088257541437	204	394
1779088257541438	204	398
1779088257541438	204	402
1779088257541438	204	405
1779088257541439	204	409
1779088257541439	204	412
1779088257541439	204	416
1779088257541440	204	419
1779088257541440	204	423
1779088257541440	204	427
1779088257541441	204	431
1779088257541441	204	434
1779088257541441	204	438
1779088257541442	204	442
1779088257541442	204	445
1779088257541442	204	448
1779088257541443	204	453
1779088257541443	204	456
1779088257541443	204	460
1779088257541443	204	463
1779088257541444	204	467
1779088257541444	204	470
1779088257541444	204	474
1779088257541445	204	477
1779088257541445	204	481
1779088257552016	204	431
1779088257552016	204	447
1779088257552017	204	452
1779088257552017	204	456
1779088257552017	204	460
1779088257552018	204	463
1779088257552018	204	467
1779088257552018	204	471
1779088257552019	204	474
1779088257552019	204	478
1779088257552020	204	481
1779088257552020	204	485
1779088257552020	204	489
1779088257552021	204	493
1779088257552021	204	496
1779088257552021	204	500
1779088257552022	204	503
1779088257552022	204	507
1779088257552022	204	510
1779088257552023	204	514
1779088257552023	204	517
1779088257552023	204	521
1779088257552024	204	524
1779088257552024	204	528
1779088257552024	204	532
1779088257552025	204	535
1779088257552025	204	538
1779088257552025	204	546
1779088257552026	204	549
1779088257552026	204	553
1779088257552026	204	556
1779088257552026	204	560
1779088257561675	204	328
1779088257561676	204	339
1779088257561676	204	343
1779088257561676	204	347
1779088257561676	204	351
1779088257561677	204	354
1779088257561677	204	358
1779088257561677	204	361
1779088257561678	204	365
1779088257561678	204	369
1779088257561678	204	372
1779088257561678	204	376
1779088257561679	204	380
1779088257561679	204	383
1779088257561679	204	410
1779088257561680	204	415
1779088257561680	204	419
1779088257561680	204	422
1779088257561681	204	426
1779088257561681	204	430
1779088257561681	204	434
1779088257561681	204	438
1779088257561682	204	441
1779088257561682	204	445
1779088257561682	204	448
1779088257561682	204	452
1779088257561683	204	456
1779088257561683	204	459
1779088257561683	204	463
1779088257571248	204	508
1779088257571249	204	530
1779088257571250	204	539
1779088257571250	204	545
1779088257571251	204	551
1779088257571252	204	557
1779088257571253	204	564
1779088257571253	204	571
1779088257571254	204	577
1779088257571255	204	583
1779088257571255	204	589
1779088257571256	204	595
1779088257571257	204	600
1779088257571257	204	606
1779088257571259	204	612
1779088257571259	204	618
1779088257571260	204	624
1779088257571261	204	630
1779088257571261	204	635
1779088257571262	204	640
1779088257571263	204	647
1779088257571263	204	652
1779088257571264	204	657
1779088257571264	204	663
1779088257571265	204	668
1779088257571266	204	674
1779088257571266	204	679
1779088257571267	204	684
1779088257571268	204	690
1779088257582064	204	561
1779088257582064	204	576
1779088257582065	204	581
1779088257582065	204	584
1779088257582065	204	588
1779088257582084	204	573
1779088257582085	204	576
1779088257582085	204	579
1779088257582086	204	583
1779088257582086	204	586
1779088257582087	204	589
1779088257582088	204	592
1779088257582088	204	595
1779088257582089	204	599
1779088257582089	204	603
1779088257582090	204	606
1779088257582090	204	610
1779088257582090	204	615
1779088257582091	204	632
1779088257582091	204	636
1779088257582091	204	640
1779088257582092	204	643
1779088257582092	204	647
1779088257582092	204	651
1779088257582093	204	655
1779088257582093	204	668
1779088257582093	204	672
1779088257582094	204	676
1779088257582094	204	680
1779088257582094	204	685
1779088257582095	204	696
1779088257582095	204	700
1779088257591874	204	390
1779088257591875	204	405
1779088257591875	204	410
1779088257591875	204	413
1779088257591876	204	417
1779088257591876	204	421
1779088257591876	204	425
1779088257591877	204	434
1779088257591877	204	438
1779088257591877	204	441
1779088257591878	204	446
1779088257591878	204	449
1779088257591878	204	453
1779088257591879	204	456
1779088257591879	204	460
1779088257591879	204	469
1779088257591880	204	473
1779088257591880	204	477
1779088257591880	204	480
1779088257591880	204	484
1779088257591881	204	487
1779088257591881	204	492
1779088257591881	204	496
1779088257591882	204	499
1779088257591882	204	502
1779088257591882	204	506
1779088257591883	204	509
1779088257591883	204	513
1779088257591884	204	515
1779088257591884	204	519
1779088257601495	204	380
1779088257601496	204	396
1779088257601496	204	400
1779088257601497	204	404
1779088257601497	204	407
1779088257601497	204	411
1779088257601498	204	414
1779088257601498	204	418
1779088257601498	204	421
1779088257601499	204	425
1779088257601499	204	428
1779088257601499	204	432
1779088257601500	204	436
1779088257601500	204	439
1779088257601500	204	443
1779088257601501	204	446
1779088257601501	204	450
1779088257601501	204	453
1779088257601502	204	457
1779088257601502	204	461
1779088257601502	204	465
1779088257601502	204	468
1779088257601503	204	472
1779088257601503	204	475
1779088257601503	204	479
1779088257601504	204	482
1779088257601504	204	485
1779088257601504	204	489
1779088257612087	204	359
1779088257612087	204	371
1779088257612088	204	375
1779088257612088	204	379
1779088257612088	204	383
1779088257612088	204	386
1779088257612089	204	390
1779088257612089	204	394
1779088257612089	204	397
1779088257612090	204	402
1779088257612090	204	406
1779088257612090	204	409
1779088257612090	204	413
1779088257612091	204	417
1779088257612091	204	420
1779088257612091	204	424
1779088257612092	204	428
1779088257612092	204	432
1779088257612092	204	435
1779088257612092	204	439
1779088257612093	204	442
1779088257612093	204	446
1779088257612093	204	450
1779088257612094	204	455
1779088257612094	204	461
1779088257612094	204	467
1779088257612094	204	473
1779088257612095	204	479
1779088257612095	204	484
1779088257612095	204	492
1779088257612096	204	496
1779088257612096	204	499
1779088257621685	204	378
1779088257621686	204	416
1779088257621686	204	421
1779088257621686	204	425
1779088257621687	204	429
1779088257621687	204	432
1779088257621687	204	436
1779088257621688	204	440
1779088257621688	204	444
1779088257621688	204	447
1779088257621689	204	451
1779088257621689	204	454
1779088257621689	204	458
1779088257621690	204	462
1779088257621690	204	465
1779088257621690	204	469
1779088257621691	204	473
1779088257621691	204	476
1779088257621691	204	479
1779088257621692	204	483
1779088257621692	204	491
1779088257621692	204	496
1779088257621693	204	499
1779088257621693	204	502
1779088257621693	204	506
1779088257621693	204	510
1779088257621694	204	513
1779088257621694	204	516
1779088257621694	204	520
1779088257631303	204	425
1779088257631303	204	440
1779088257631304	204	444
1779088257631304	204	447
1779088257631304	204	451
1779088257631305	204	454
1779088257631305	204	458
1779088257631305	204	462
1779088257631306	204	466
1779088257631306	204	469
1779088257631306	204	473
1779088257631307	204	476
1779088257631307	204	480
1779088257631307	204	484
1779088257631308	204	487
1779088257631308	204	491
1779088257631308	204	494
1779088257631309	204	498
1779088257631309	204	501
1779088257631309	204	505
1779088257631310	204	510
1779088257631310	204	513
1779088257631310	204	517
1779088257631311	204	520
1779088257631311	204	524
1779088257631311	204	527
1779088257631312	204	531
1779088257631312	204	534
1779088257631312	204	538
1779088257641938	204	377
1779088257641938	204	390
1779088257641939	204	395
1779088257641939	204	399
1779088257641939	204	402
1779088257641940	204	406
1779088257641940	204	409
1779088257641940	204	413
1779088257641941	204	416
1779088257641941	204	420
1779088257641941	204	424
1779088257641942	204	427
1779088257641942	204	431
1779088257641942	204	434
1779088257641942	204	438
1779088257641943	204	441
1779088257641943	204	445
1779088257641943	204	448
1779088257641944	204	451
1779088257641945	204	455
1779088257641945	204	458
1779088257641945	204	462
1779088257641946	204	465
1779088257641946	204	470
1779088257641946	204	473
1779088257641946	204	476
1779088257641947	204	480
1779088257641947	204	483
1779088257641947	204	487
1779088257641948	204	490
1779088257641948	204	493
1779088257641948	204	509
1779088257651548	204	396
1779088257651548	204	412
1779088257651548	204	416
1779088257651549	204	420
1779088257651549	204	424
1779088257651549	204	427
1779088257651549	204	431
1779088257651550	204	435
1779088257651550	204	439
1779088257651550	204	442
1779088257651551	204	446
1779088257651551	204	449
1779088257651551	204	453
1779088257651552	204	456
1779088257651552	204	460
1779088257651552	204	463
1779088257651553	204	467
1779088257651553	204	470
1779088257651553	204	474
1779088257651554	204	477
1779088257651554	204	482
1779088257651554	204	485
1779088257651555	204	488
1779088257651555	204	492
1779088257651555	204	496
1779088257651556	204	499
1779088257651556	204	503
1779088257651556	204	506
1779088257651556	204	521
1779088257662168	204	485
1779088257662169	204	503
1779088257662170	204	508
1779088257662170	204	516
1779088257662171	204	519
1779088257662171	204	523
1779088257662172	204	526
1779088257662173	204	529
1779088257662173	204	533
1779088257662174	204	536
1779088257662174	204	539
1779088257662175	204	543
1779088257662175	204	546
1779088257662176	204	549
1779088257662176	204	553
1779088257662177	204	556
1779088257662177	204	559
1779088257662178	204	563
1779088257662179	204	566
1779088257662179	204	569
1779088257662180	204	573
1779088257662180	204	576
1779088257662181	204	579
1779088257662181	204	584
1779088257662182	204	587
1779088257662182	204	590
1779088257662183	204	593
1779088257662183	204	597
1779088257662184	204	600
1779088257662184	204	603
1779088257662185	204	606
1779088257662186	204	609
1779088257671882	204	370
1779088257671882	204	383
1779088257671883	204	387
1779088257671883	204	390
1779088257671883	204	394
1779088257671884	204	398
1779088257671884	204	402
1779088257671884	204	406
1779088257671885	204	409
1779088257671885	204	413
1779088257671885	204	417
1779088257671885	204	420
1779088257671886	204	424
1779088257671886	204	427
1779088257671886	204	431
1779088257671887	204	435
1779088257671887	204	438
1779088257671887	204	442
1779088257671887	204	445
1779088257671888	204	449
1779088257671888	204	453
1779088257671888	204	456
1779088257671889	204	460
1779088257671889	204	463
1779088257671889	204	467
1779088257671889	204	470
1779088257671890	204	474
1779088257671890	204	477
1779088257671890	204	480
1779088257681460	204	385
1779088257681460	204	401
1779088257681461	204	406
1779088257681461	204	410
1779088257681461	204	413
1779088257681462	204	417
1779088257681462	204	421
1779088257681463	204	424
1779088257681463	204	428
1779088257681463	204	432
1779088257681464	204	435
1779088257681464	204	439
1779088257681464	204	442
1779088257681464	204	446
1779088257681465	204	449
1779088257681465	204	453
1779088257681465	204	456
1779088257681466	204	460
1779088257681466	204	464
1779088257681466	204	468
1779088257681467	204	471
1779088257681467	204	475
1779088257681467	204	479
1779088257681468	204	483
1779088257681468	204	486
1779088257681468	204	490
1779088257681469	204	493
1779088257681469	204	496
1779088257692052	204	410
1779088257692053	204	424
1779088257692053	204	428
1779088257692053	204	431
1779088257692054	204	435
1779088257692054	204	439
1779088257692055	204	442
1779088257692055	204	445
1779088257692055	204	449
1779088257692056	204	453
1779088257692056	204	457
1779088257692056	204	461
1779088257692057	204	465
1779088257692057	204	468
1779088257692057	204	471
1779088257692058	204	475
1779088257692058	204	483
1779088257692058	204	486
1779088257692058	204	490
1779088257692059	204	493
1779088257692059	204	497
1779088257692059	204	503
1779088257692060	204	506
1779088257692060	204	511
1779088257692060	204	514
1779088257692061	204	517
1779088257692061	204	521
1779088257692061	204	525
1779088257692062	204	528
1779088257692062	204	531
1779088257692062	204	535
1779088257692063	204	538
1779088257701689	204	411
1779088257701689	204	427
1779088257701690	204	431
1779088257701690	204	434
1779088257701691	204	438
1779088257701691	204	441
1779088257701691	204	445
1779088257701692	204	448
1779088257701692	204	452
1779088257701692	204	455
1779088257701693	204	459
1779088257701693	204	462
1779088257701693	204	466
1779088257701694	204	479
1779088257701694	204	483
1779088257701694	204	486
1779088257701695	204	490
1779088257701695	204	493
1779088257701695	204	497
1779088257701696	204	501
1779088257701696	204	505
1779088257701696	204	509
1779088257701697	204	512
1779088257701697	204	516
1779088257701697	204	519
1779088257701697	204	523
1779088257701698	204	526
1779088257701698	204	530
1779088257701698	204	533
1779088257711322	204	386
1779088257711322	204	402
1779088257711323	204	407
1779088257711323	204	410
1779088257711323	204	414
1779088257711324	204	418
1779088257711324	204	421
1779088257711324	204	425
1779088257711325	204	429
1779088257711325	204	434
1779088257711325	204	437
1779088257711326	204	441
1779088257711326	204	444
1779088257711326	204	448
1779088257711327	204	451
1779088257711327	204	455
1779088257711327	204	458
1779088257711328	204	461
1779088257711328	204	465
1779088257711329	204	468
1779088257711330	204	474
1779088257711330	204	478
1779088257711330	204	481
1779088257711331	204	485
1779088257711331	204	488
1779088257711331	204	492
1779088257711332	204	495
1779088257711332	204	499
1779088257711332	204	502
1779088257721921	204	365
1779088257721922	204	376
1779088257721922	204	380
1779088257721922	204	384
1779088257721923	204	387
1779088257721923	204	391
1779088257721923	204	395
1779088257721923	204	398
1779088257721924	204	401
1779088257721924	204	405
1779088257721924	204	409
1779088257721925	204	412
1779088257721925	204	416
1779088257721925	204	419
1779088257721925	204	423
1779088257721926	204	426
1779088257721926	204	430
1779088257721926	204	433
1779088257721927	204	437
1779088257721927	204	440
1779088257721927	204	444
1779088257721927	204	447
1779088257721928	204	451
1779088257721928	204	455
1779088257721928	204	459
1779088257721928	204	462
1779088257721929	204	465
1779088257721929	204	469
1779088257721929	204	472
1779088257721930	204	479
1779088257721930	204	483
1779088257721930	204	486
1779088257731501	204	361
1779088257731502	204	374
1779088257731502	204	379
1779088257731502	204	383
1779088257731503	204	387
1779088257731503	204	390
1779088257731503	204	394
1779088257731504	204	397
1779088257731504	204	401
1779088257731504	204	405
1779088257731504	204	409
1779088257731505	204	413
1779088257731505	204	416
1779088257731505	204	420
1779088257731506	204	423
1779088257731506	204	427
1779088257731506	204	430
1779088257731507	204	434
1779088257731507	204	437
1779088257731507	204	441
1779088257731507	204	445
1779088257731508	204	449
1779088257731508	204	452
1779088257731508	204	456
1779088257731509	204	460
1779088257731509	204	463
1779088257731509	204	467
1779088257731510	204	470
1779088257731510	204	473
1779088257742086	204	414
1779088257742087	204	431
1779088257742087	204	435
1779088257742087	204	439
1779088257742088	204	442
1779088257742088	204	445
1779088257742089	204	449
1779088257742089	204	453
1779088257742089	204	456
1779088257742089	204	460
1779088257742090	204	464
1779088257742090	204	467
1779088257742090	204	471
1779088257742091	204	475
1779088257742091	204	478
1779088257742092	204	482
1779088257742092	204	485
1779088257742092	204	489
1779088257742092	204	492
1779088257742093	204	496
1779088257742093	204	500
1779088257742093	204	503
1779088257742094	204	508
1779088257742094	204	512
1779088257742094	204	515
1779088257742095	204	519
1779088257742095	204	522
1779088257742095	204	526
1779088257742096	204	529
1779088257742096	204	533
1779088257742096	204	536
1779088257751724	204	372
1779088257751724	204	387
1779088257751725	204	391
1779088257751725	204	395
1779088257751725	204	398
1779088257751726	204	402
1779088257751726	204	405
1779088257751726	204	409
1779088257751727	204	412
1779088257751727	204	416
1779088257751727	204	420
1779088257751728	204	423
1779088257751728	204	426
1779088257751728	204	430
1779088257751729	204	434
1779088257751729	204	437
1779088257751729	204	441
1779088257751730	204	444
1779088257751730	204	448
1779088257751730	204	451
1779088257751731	204	455
1779088257751731	204	459
1779088257751731	204	462
1779088257751732	204	466
1779088257751732	204	469
1779088257751732	204	473
1779088257751733	204	476
1779088257751733	204	489
1779088257751733	204	493
1779088257761316	204	361
1779088257761317	204	375
1779088257761317	204	380
1779088257761318	204	384
1779088257761318	204	388
1779088257761318	204	391
1779088257761319	204	394
1779088257761319	204	397
1779088257761320	204	401
1779088257761320	204	404
1779088257761320	204	412
1779088257761321	204	416
1779088257761321	204	419
1779088257761321	204	423
1779088257761322	204	426
1779088257761322	204	430
1779088257761322	204	433
1779088257761323	204	437
1779088257761323	204	440
1779088257761323	204	443
1779088257761324	204	448
1779088257761324	204	452
1779088257761324	204	455
1779088257761324	204	458
1779088257761325	204	462
1779088257761325	204	465
1779088257761325	204	469
1779088257761326	204	472
1779088257761326	204	475
1779088257771888	204	360
1779088257771888	204	372
1779088257771888	204	377
1779088257771889	204	381
1779088257771889	204	384
1779088257771889	204	388
1779088257771890	204	391
1779088257771890	204	395
1779088257771890	204	398
1779088257771890	204	402
1779088257771891	204	406
1779088257771891	204	409
1779088257771891	204	413
1779088257771892	204	416
1779088257771892	204	420
1779088257771892	204	423
1779088257771892	204	426
1779088257771893	204	430
1779088257771893	204	434
1779088257771893	204	437
1779088257771893	204	440
1779088257771894	204	444
1779088257771894	204	448
1779088257771894	204	452
1779088257771895	204	455
1779088257771895	204	459
1779088257771895	204	462
1779088257771896	204	466
1779088257771896	204	469
1779088257771896	204	472
1779088257771897	204	476
1779088257771897	204	479
1779088257781470	204	384
1779088257781471	204	399
1779088257781471	204	403
1779088257781472	204	407
1779088257781472	204	411
1779088257781473	204	414
1779088257781473	204	418
1779088257781473	204	421
1779088257781474	204	425
1779088257781474	204	429
1779088257781474	204	433
1779088257781475	204	436
1779088257781475	204	440
1779088257781475	204	443
1779088257781476	204	447
1779088257781476	204	450
1779088257781476	204	454
1779088257781477	204	457
1779088257781477	204	461
1779088257781477	204	465
1779088257781483	204	463
1779088257781484	204	466
1779088257781484	204	470
1779088257781484	204	473
1779088257781484	204	476
1779088257781485	204	480
1779088257781485	204	483
1779088257781485	204	486
1779088257792060	204	422
1779088257792061	204	436
1779088257792061	204	441
1779088257792061	204	444
1779088257792062	204	448
1779088257792062	204	451
1779088257792062	204	455
1779088257792063	204	458
1779088257792063	204	462
1779088257792063	204	465
1779088257792064	204	468
1779088257792064	204	472
1779088257792064	204	475
1779088257792065	204	479
1779088257792065	204	482
1779088257792065	204	486
1779088257792066	204	489
1779088257792066	204	493
1779088257792066	204	496
1779088257792077	204	489
1779088257792078	204	492
1779088257792078	204	496
1779088257792078	204	499
1779088257792079	204	503
1779088257792079	204	511
1779088257792079	204	514
1779088257792080	204	518
1779088257792080	204	521
1779088257792080	204	525
1779088257792081	204	528
1779088257792081	204	531
1779088257792081	204	535
1779088257801702	204	327
1779088257801702	204	339
1779088257801703	204	343
1779088257801703	204	347
1779088257801703	204	350
1779088257801703	204	354
1779088257801704	204	357
1779088257801704	204	361
1779088257801704	204	383
1779088257801705	204	389
1779088257801705	204	393
1779088257801705	204	397
1779088257801705	204	400
1779088257801706	204	404
1779088257801706	204	407
1779088257801706	204	411
1779088257801706	204	415
1779088257801707	204	418
1779088257801707	204	422
1779088257801707	204	425
1779088257801708	204	430
1779088257801708	204	433
1779088257801708	204	436
1779088257801708	204	440
1779088257801709	204	443
1779088257801709	204	447
1779088257801709	204	450
1779088257801710	204	454
1779088257801710	204	457
1779088257811259	204	387
1779088257811260	204	403
1779088257811260	204	408
1779088257811261	204	411
1779088257811261	204	415
1779088257811261	204	418
1779088257811262	204	422
1779088257811262	204	425
1779088257811262	204	429
1779088257811263	204	432
1779088257811263	204	435
1779088257811264	204	448
1779088257811264	204	453
1779088257811264	204	457
1779088257811265	204	460
1779088257811265	204	463
1779088257811265	204	467
1779088257811266	204	470
1779088257811266	204	474
1779088257811266	204	477
1779088257811267	204	482
1779088257811267	204	485
1779088257811267	204	489
1779088257811268	204	492
1779088257811268	204	496
1779088257811268	204	499
1779088257811269	204	502
1779088257811269	204	505
1779088257811269	204	509
1779088257821873	204	517
1779088257821874	204	546
1779088257821874	204	553
1779088257821875	204	560
1779088257821875	204	566
1779088257821875	204	571
1779088257821876	204	577
1779088257821876	204	582
1779088257821876	204	588
1779088257821877	204	593
1779088257821877	204	599
1779088257821878	204	604
1779088257821878	204	610
1779088257821878	204	616
1779088257821879	204	622
1779088257821879	204	628
1779088257821879	204	633
1779088257821880	204	639
1779088257821880	204	645
1779088257821881	204	651
1779088257821881	204	656
1779088257821882	204	661
1779088257821882	204	667
1779088257821883	204	675
1779088257821883	204	680
1779088257821884	204	686
1779088257821884	204	691
1779088257821885	204	697
1779088257821885	204	703
1779088257821886	204	708
1779088257821886	204	714
1779088257821887	204	721
1779088257831722	204	402
1779088257831723	204	421
1779088257831723	204	426
1779088257831723	204	429
1779088257831724	204	437
1779088257831724	204	441
1779088257831725	204	445
1779088257831725	204	449
1779088257831726	204	452
1779088257831726	204	455
1779088257831727	204	458
1779088257831727	204	462
1779088257831727	204	466
1779088257831728	204	469
1779088257831728	204	473
1779088257831729	204	476
1779088257831729	204	479
1779088257831729	204	482
1779088257831730	204	486
1779088257831730	204	489
1779088257831730	204	493
1779088257831731	204	497
1779088257831731	204	500
1779088257831731	204	504
1779088257831732	204	507
1779088257831732	204	510
1779088257831733	204	514
1779088257831733	204	517
1779088257831733	204	520
1779088257841350	204	378
1779088257841351	204	395
1779088257841352	204	399
1779088257841352	204	403
1779088257841352	204	406
1779088257841353	204	409
1779088257841353	204	413
1779088257841353	204	416
1779088257841354	204	420
1779088257841354	204	424
1779088257841354	204	427
1779088257841355	204	431
1779088257841355	204	434
1779088257841355	204	438
1779088257841356	204	441
1779088257841356	204	445
1779088257841356	204	448
1779088257841357	204	451
1779088257841357	204	455
1779088257841358	204	458
1779088257841358	204	463
1779088257841358	204	467
1779088257841359	204	470
1779088257841359	204	473
1779088257841359	204	477
1779088257841360	204	480
1779088257841360	204	483
1779088257841360	204	487
1779088257841361	204	490
1779088257851940	204	435
1779088257851941	204	457
1779088257851941	204	465
1779088257851941	204	472
1779088257851942	204	477
1779088257851942	204	483
1779088257851942	204	489
1779088257851943	204	494
1779088257851943	204	501
1779088257851943	204	507
1779088257851944	204	512
1779088257851944	204	518
1779088257851944	204	524
1779088257851945	204	529
1779088257851945	204	535
1779088257851945	204	540
1779088257851946	204	546
1779088257851946	204	552
1779088257851947	204	557
1779088257851947	204	563
1779088257851948	204	568
1779088257851948	204	574
1779088257851948	204	580
1779088257851949	204	587
1779088257851949	204	593
1779088257851949	204	598
1779088257851950	204	602
1779088257851951	204	608
1779088257851951	204	614
1779088257851951	204	619
1779088257851952	204	625
1779088257851952	204	630
1779088257861691	204	405
1779088257861692	204	424
1779088257861692	204	429
1779088257861693	204	433
1779088257861693	204	436
1779088257861693	204	440
1779088257861694	204	443
1779088257861694	204	447
1779088257861694	204	451
1779088257861695	204	454
1779088257861695	204	458
1779088257861695	204	461
1779088257861696	204	465
1779088257861696	204	468
1779088257861696	204	472
1779088257861697	204	475
1779088257861697	204	482
1779088257861697	204	486
1779088257861698	204	489
1779088257861698	204	493
1779088257861698	204	497
1779088257861698	204	503
1779088257861699	204	506
1779088257861699	204	510
1779088257861699	204	521
1779088257861700	204	525
1779088257861700	204	528
1779088257861700	204	532
1779088257861701	204	535
1779088257871335	204	470
1779088257871336	204	488
1779088257871336	204	493
1779088257871337	204	497
1779088257871337	204	501
1779088257871338	204	504
1779088257871338	204	508
1779088257871338	204	511
1779088257871339	204	515
1779088257871339	204	518
1779088257871339	204	522
1779088257871340	204	526
1779088257871340	204	530
1779088257871340	204	534
1779088257871341	204	537
1779088257871341	204	541
1779088257871342	204	545
1779088257871342	204	549
1779088257871342	204	555
1779088257871343	204	561
1779088257871343	204	569
1779088257871343	204	575
1779088257871344	204	582
1779088257871344	204	587
1779088257871344	204	593
1779088257871345	204	600
1779088257871345	204	606
1779088257871345	204	612
1779088257871346	204	618
1779088257882062	204	418
1779088257882062	204	432
1779088257882063	204	436
1779088257882063	204	440
1779088257882063	204	444
1779088257882064	204	447
1779088257882064	204	451
1779088257882064	204	454
1779088257882065	204	458
1779088257882065	204	461
1779088257882065	204	465
1779088257882066	204	468
1779088257882066	204	472
1779088257882066	204	476
1779088257882066	204	479
1779088257882067	204	483
1779088257882085	204	468
1779088257882086	204	471
1779088257882086	204	474
1779088257882087	204	478
1779088257882087	204	481
1779088257882087	204	485
1779088257882088	204	488
1779088257882088	204	493
1779088257882088	204	496
1779088257882088	204	500
1779088257882089	204	503
1779088257882089	204	506
1779088257882089	204	510
1779088257882090	204	513
1779088257882090	204	517
1779088257882090	204	521
1779088257891699	204	380
1779088257891700	204	396
1779088257891700	204	401
1779088257891701	204	405
1779088257891701	204	409
1779088257891701	204	413
1779088257891702	204	416
1779088257891702	204	420
1779088257891702	204	423
1779088257891703	204	427
1779088257891703	204	430
1779088257891703	204	434
1779088257891704	204	437
1779088257891704	204	440
1779088257891705	204	444
1779088257891705	204	447
1779088257891706	204	451
1779088257891706	204	454
1779088257891706	204	458
1779088257891707	204	461
1779088257891707	204	465
1779088257891707	204	469
1779088257891708	204	472
1779088257891708	204	476
1779088257891708	204	479
1779088257891709	204	482
1779088257891709	204	486
1779088257891709	204	489
1779088257891710	204	493
1779088257901292	204	483
1779088257901292	204	495
1779088257901293	204	499
1779088257901293	204	503
1779088257901293	204	506
1779088257901294	204	510
1779088257901294	204	513
1779088257901294	204	517
1779088257901294	204	521
1779088257901295	204	524
1779088257901295	204	528
1779088257901295	204	532
1779088257901296	204	535
1779088257901296	204	538
1779088257901297	204	542
1779088257901297	204	545
1779088257901297	204	549
1779088257901298	204	552
1779088257901298	204	556
1779088257901298	204	559
1779088257901298	204	563
1779088257901299	204	567
1779088257901299	204	570
1779088257901299	204	574
1779088257901300	204	577
1779088257901300	204	581
1779088257901300	204	584
1779088257901300	204	587
1779088257901301	204	591
1779088257911979	204	405
1779088257911979	204	422
1779088257911979	204	426
1779088257911980	204	430
1779088257911980	204	434
1779088257911980	204	437
1779088257911981	204	441
1779088257911981	204	444
1779088257911981	204	448
1779088257911982	204	451
1779088257911982	204	454
1779088257911983	204	458
1779088257911983	204	462
1779088257911983	204	465
1779088257911984	204	469
1779088257911984	204	472
1779088257911984	204	476
1779088257911985	204	480
1779088257911985	204	483
1779088257911985	204	486
1779088257911986	204	490
1779088257911986	204	493
1779088257911986	204	496
1779088257911987	204	501
1779088257911987	204	505
1779088257911987	204	508
1779088257911988	204	512
1779088257911988	204	515
1779088257911988	204	518
1779088257911989	204	522
1779088257911989	204	525
1779088257911989	204	529
1779088257921608	204	364
1779088257921608	204	379
1779088257921609	204	384
1779088257921609	204	387
1779088257921609	204	391
1779088257921610	204	394
1779088257921610	204	398
1779088257921610	204	401
1779088257921611	204	415
1779088257921611	204	419
1779088257921611	204	422
1779088257921612	204	426
1779088257921612	204	429
1779088257921612	204	433
1779088257921613	204	436
1779088257921613	204	440
1779088257921613	204	443
1779088257921614	204	447
1779088257921614	204	450
1779088257921614	204	478
1779088257921615	204	484
1779088257921615	204	487
1779088257921615	204	490
1779088257921616	204	494
1779088257921616	204	497
1779088257921616	204	501
1779088257921616	204	504
1779088257921617	204	507
1779088257921618	204	510
1779088257931216	204	334
1779088257931217	204	348
1779088257931217	204	353
1779088257931218	204	357
1779088257931218	204	360
1779088257931218	204	364
1779088257931218	204	368
1779088257931219	204	372
1779088257931219	204	376
1779088257931219	204	379
1779088257931220	204	383
1779088257931220	204	386
1779088257931220	204	395
1779088257931221	204	398
1779088257931221	204	401
1779088257931221	204	405
1779088257931222	204	408
1779088257931222	204	412
1779088257931222	204	415
1779088257931223	204	419
1779088257931223	204	424
1779088257931223	204	427
1779088257931224	204	430
1779088257931224	204	434
1779088257931224	204	437
1779088257931225	204	441
1779088257931225	204	444
1779088257931225	204	447
1779088257931225	204	451
1779088257941775	204	410
1779088257941775	204	425
1779088257941776	204	430
1779088257941776	204	433
1779088257941776	204	437
1779088257941777	204	441
1779088257941777	204	444
1779088257941778	204	448
1779088257941778	204	451
1779088257941779	204	454
1779088257941779	204	458
1779088257941780	204	461
1779088257941780	204	465
1779088257941780	204	468
1779088257941781	204	472
1779088257941781	204	475
1779088257941782	204	479
1779088257941782	204	482
1779088257941782	204	485
1779088257941783	204	490
1779088257941783	204	493
1779088257941784	204	496
1779088257941784	204	501
1779088257941785	204	504
1779088257941785	204	508
1779088257941785	204	511
1779088257941786	204	514
1779088257941786	204	517
1779088257941787	204	521
1779088257941787	204	524
1779088257941788	204	528
1779088257951408	204	532
1779088257951410	204	551
1779088257951410	204	556
1779088257951411	204	560
1779088257951411	204	564
1779088257951411	204	567
1779088257951412	204	572
1779088257951412	204	576
1779088257951412	204	579
1779088257951413	204	583
1779088257951413	204	586
1779088257951414	204	590
1779088257951414	204	594
1779088257951414	204	597
1779088257951415	204	601
1779088257951415	204	604
1779088257951415	204	608
1779088257951416	204	611
1779088257951416	204	615
1779088257951416	204	618
1779088257951417	204	623
1779088257951417	204	626
1779088257951418	204	630
1779088257951418	204	634
1779088257951418	204	640
1779088257951419	204	646
1779088257951419	204	664
1779088257951419	204	670
1779088257951420	204	676
1779088257961209	204	442
1779088257961209	204	462
1779088257961210	204	467
1779088257961210	204	471
1779088257961211	204	474
1779088257961211	204	478
1779088257961211	204	481
1779088257961212	204	485
1779088257961212	204	489
1779088257961213	204	492
1779088257961213	204	495
1779088257961213	204	499
1779088257961214	204	503
1779088257961214	204	506
1779088257961214	204	510
1779088257961215	204	513
1779088257961215	204	517
1779088257961216	204	520
1779088257961216	204	524
1779088257961216	204	527
1779088257961217	204	531
1779088257961217	204	535
1779088257961217	204	539
1779088257961217	204	542
1779088257961218	204	546
1779088257961218	204	549
1779088257961218	204	558
1779088257961219	204	562
1779088257961219	204	565
1779088257961219	204	569
1779088257971890	204	458
1779088257971890	204	477
1779088257971891	204	482
1779088257971892	204	485
1779088257971892	204	489
1779088257971892	204	493
1779088257971893	204	496
1779088257971893	204	500
1779088257971893	204	503
1779088257971894	204	507
1779088257971894	204	510
1779088257971895	204	514
1779088257971895	204	518
1779088257971895	204	522
1779088257971896	204	525
1779088257971896	204	529
1779088257971896	204	532
1779088257971897	204	536
1779088257971898	204	538
1779088257971898	204	542
1779088257971899	204	545
1779088257971899	204	548
1779088257971900	204	552
1779088257971900	204	556
1779088257971901	204	570
1779088257971901	204	574
1779088257971901	204	578
1779088257971902	204	581
1779088257971902	204	585
1779088257971902	204	588
1779088257971903	204	592
1779088257971903	204	595
1779088257981594	204	406
1779088257981595	204	423
1779088257981595	204	428
1779088257981595	204	432
1779088257981596	204	435
1779088257981596	204	439
1779088257981597	204	442
1779088257981597	204	446
1779088257981597	204	450
1779088257981598	204	453
1779088257981598	204	457
1779088257981599	204	460
1779088257981599	204	464
1779088257981599	204	491
1779088257981600	204	499
1779088257981600	204	502
1779088257981600	204	506
1779088257981601	204	509
1779088257981601	204	512
1779088257981601	204	516
1779088257981602	204	521
1779088257981602	204	524
1779088257981602	204	528
1779088257981603	204	531
1779088257981603	204	535
1779088257981603	204	538
1779088257981603	204	542
1779088257981604	204	546
1779088257981604	204	549
1779088257991253	204	418
1779088257991254	204	436
1779088257991254	204	441
1779088257991255	204	445
1779088257991255	204	449
1779088257991255	204	452
1779088257991256	204	456
1779088257991256	204	460
1779088257991256	204	463
1779088257991257	204	467
1779088257991257	204	470
1779088257991258	204	474
1779088257991258	204	477
1779088257991258	204	481
1779088257991259	204	484
1779088257991259	204	488
1779088257991260	204	491
1779088257991260	204	495
1779088257991260	204	498
1779088257991261	204	502
1779088257991261	204	506
1779088257991261	204	510
1779088257991262	204	513
1779088257991262	204	517
1779088257991263	204	520
1779088257991263	204	524
1779088257991263	204	527
1779088257991263	204	530
1779088257991264	204	534
1779088258001896	204	433
1779088258001897	204	448
1779088258001897	204	452
1779088258001898	204	455
1779088258001898	204	458
1779088258001899	204	462
1779088258001899	204	466
1779088258001899	204	469
1779088258001900	204	477
1779088258001900	204	481
1779088258001901	204	483
1779088258001901	204	486
1779088258001902	204	489
1779088258001902	204	492
1779088258001902	204	495
1779088258001903	204	498
1779088258001903	204	501
1779088258001903	204	504
1779088258001904	204	507
1779088258001904	204	510
1779088258001905	204	513
1779088258001905	204	516
1779088258001905	204	519
1779088258001906	204	523
1779088258001906	204	526
1779088258001906	204	529
1779088258001907	204	531
1779088258001907	204	534
1779088258001908	204	537
1779088258001908	204	540
1779088258001908	204	543
1779088258001909	204	546
1779088258011545	204	359
1779088258011545	204	376
1779088258011546	204	380
1779088258011546	204	384
1779088258011546	204	388
1779088258011547	204	391
1779088258011547	204	395
1779088258011547	204	398
1779088258011548	204	402
1779088258011548	204	405
1779088258011548	204	408
1779088258011549	204	412
1779088258011549	204	416
1779088258011550	204	419
1779088258011550	204	423
1779088258011550	204	426
1779088258011551	204	430
1779088258011551	204	433
1779088258011551	204	436
1779088258011552	204	439
1779088258011553	204	444
1779088258011553	204	447
1779088258011553	204	451
1779088258011554	204	455
1779088258011554	204	458
1779088258011554	204	461
1779088258011555	204	465
1779088258011555	204	468
1779088258011555	204	472
1779088258022119	204	401
1779088258022119	204	417
1779088258022120	204	422
1779088258022121	204	425
1779088258022122	204	428
1779088258022122	204	432
1779088258022122	204	435
1779088258022123	204	439
1779088258022123	204	443
1779088258022123	204	446
1779088258022124	204	450
1779088258022124	204	453
1779088258022124	204	457
1779088258022125	204	460
1779088258022125	204	464
1779088258022125	204	467
1779088258022126	204	471
1779088258022126	204	474
1779088258022126	204	477
1779088258022127	204	481
1779088258022127	204	484
1779088258022127	204	488
1779088258022127	204	493
1779088258022128	204	496
1779088258022128	204	499
1779088258022128	204	503
1779088258022129	204	506
1779088258022129	204	510
1779088258022129	204	513
1779088258022130	204	516
1779088258022130	204	520
1779088258031742	204	490
1779088258031743	204	513
1779088258031743	204	519
1779088258031744	204	524
1779088258031744	204	530
1779088258031745	204	535
1779088258031745	204	554
1779088258031746	204	560
1779088258031747	204	565
1779088258031747	204	570
1779088258031748	204	575
1779088258031748	204	581
1779088258031749	204	586
1779088258031750	204	591
1779088258031750	204	596
1779088258031751	204	601
1779088258031751	204	606
1779088258031752	204	612
1779088258031752	204	624
1779088258031753	204	629
1779088258031753	204	636
1779088258031754	204	642
1779088258031754	204	647
1779088258031755	204	655
1779088258031755	204	660
1779088258031756	204	665
1779088258031756	204	670
1779088258031757	204	675
1779088258031757	204	681
1779088258041552	204	401
1779088258041553	204	418
1779088258041553	204	423
1779088258041554	204	426
1779088258041554	204	430
1779088258041554	204	433
1779088258041555	204	437
1779088258041555	204	440
1779088258041555	204	444
1779088258041556	204	447
1779088258041556	204	451
1779088258041556	204	455
1779088258041557	204	459
1779088258041557	204	463
1779088258041557	204	466
1779088258041558	204	470
1779088258041558	204	473
1779088258041558	204	477
1779088258041559	204	480
1779088258041560	204	483
1779088258041560	204	487
1779088258041561	204	491
1779088258041561	204	495
1779088258041561	204	499
1779088258041561	204	502
1779088258041562	204	530
1779088258041562	204	536
1779088258041562	204	540
1779088258041563	204	543
1779088258041563	204	547
1779088258051206	204	383
1779088258051207	204	401
1779088258051207	204	406
1779088258051208	204	410
1779088258051208	204	413
1779088258051208	204	417
1779088258051209	204	420
1779088258051209	204	424
1779088258051209	204	427
1779088258051210	204	430
1779088258051210	204	434
1779088258051210	204	437
1779088258051211	204	441
1779088258051211	204	444
1779088258051211	204	448
1779088258051212	204	451
1779088258051212	204	454
1779088258051213	204	458
1779088258051213	204	461
1779088258051213	204	464
1779088258051214	204	469
1779088258051214	204	472
1779088258051215	204	476
1779088258051215	204	479
1779088258051215	204	483
1779088258051216	204	486
1779088258051216	204	489
1779088258051216	204	493
1779088258051217	204	496
1779088258061800	204	360
1779088258061800	204	373
1779088258061800	204	377
1779088258061801	204	381
1779088258061801	204	384
1779088258061801	204	388
1779088258061802	204	391
1779088258061802	204	395
1779088258061802	204	399
1779088258061802	204	404
1779088258061803	204	408
1779088258061803	204	411
1779088258061803	204	415
1779088258061804	204	418
1779088258061804	204	422
1779088258061804	204	425
1779088258061804	204	429
1779088258061805	204	432
1779088258061805	204	436
1779088258061805	204	440
1779088258061806	204	443
1779088258061806	204	447
1779088258061806	204	451
1779088258061806	204	455
1779088258061807	204	458
1779088258061807	204	461
1779088258061807	204	465
1779088258061808	204	468
1779088258061808	204	471
1779088258061808	204	475
1779088258061809	204	479
1779088258071377	204	388
1779088258071377	204	406
1779088258071378	204	416
1779088258071378	204	420
1779088258071378	204	424
1779088258071379	204	427
1779088258071379	204	430
1779088258071380	204	434
1779088258071380	204	437
1779088258071380	204	441
1779088258071381	204	444
1779088258071381	204	448
1779088258071381	204	451
1779088258071382	204	455
1779088258071382	204	459
1779088258071383	204	462
1779088258071383	204	465
1779088258071383	204	468
1779088258071384	204	472
1779088258071384	204	475
1779088258071384	204	479
1779088258071385	204	483
1779088258071385	204	486
1779088258071385	204	489
1779088258071386	204	493
1779088258071386	204	496
1779088258071387	204	499
1779088258071387	204	503
1779088258071387	204	506
1779088258081997	204	503
1779088258081998	204	521
1779088258081998	204	525
1779088258081999	204	529
1779088258081999	204	532
1779088258081999	204	535
1779088258082000	204	538
1779088258082000	204	541
1779088258082001	204	544
1779088258082001	204	547
1779088258082001	204	550
1779088258082002	204	554
1779088258082002	204	557
1779088258082003	204	560
1779088258082003	204	563
1779088258082003	204	566
1779088258082004	204	569
1779088258082004	204	572
1779088258082004	204	575
1779088258082005	204	578
1779088258082005	204	581
1779088258082006	204	584
1779088258082006	204	597
1779088258082006	204	602
1779088258082007	204	605
1779088258082007	204	608
1779088258082007	204	610
1779088258082008	204	614
1779088258082008	204	617
1779088258082009	204	620
1779088258082009	204	623
1779088258082009	204	626
1779088258091723	204	339
1779088258091723	204	360
1779088258091723	204	364
1779088258091724	204	368
1779088258091724	204	372
1779088258091725	204	375
1779088258091725	204	378
1779088258091725	204	382
1779088258091725	204	385
1779088258091726	204	389
1779088258091726	204	393
1779088258091726	204	397
1779088258091727	204	400
1779088258091727	204	404
1779088258091727	204	407
1779088258091727	204	411
1779088258091728	204	414
1779088258091728	204	418
1779088258091728	204	421
1779088258091729	204	425
1779088258091729	204	429
1779088258091729	204	433
1779088258091729	204	436
1779088258091730	204	440
1779088258091730	204	444
1779088258091730	204	447
1779088258091730	204	450
1779088258091731	204	454
1779088258091731	204	458
1779088258101281	204	392
1779088258101282	204	411
1779088258101283	204	415
1779088258101283	204	419
1779088258101284	204	422
1779088258101284	204	426
1779088258101284	204	430
1779088258101285	204	433
1779088258101285	204	437
1779088258101285	204	441
1779088258101286	204	444
1779088258101286	204	448
1779088258101286	204	452
1779088258101287	204	455
1779088258101287	204	465
1779088258101287	204	468
1779088258101288	204	471
1779088258101288	204	475
1779088258101288	204	478
1779088258101289	204	482
1779088258101289	204	487
1779088258101289	204	490
1779088258101290	204	494
1779088258101290	204	497
1779088258101291	204	500
1779088258101291	204	504
1779088258101291	204	507
1779088258101291	204	511
1779088258101292	204	515
1779088258111903	204	575
1779088258111904	204	601
1779088258111905	204	607
1779088258111905	204	613
1779088258111906	204	618
1779088258111907	204	623
1779088258111907	204	629
1779088258111908	204	634
1779088258111908	204	639
1779088258111909	204	646
1779088258111910	204	652
1779088258111910	204	658
1779088258111911	204	663
1779088258111911	204	668
1779088258111912	204	673
1779088258111912	204	679
1779088258111913	204	684
1779088258111914	204	689
1779088258111915	204	693
1779088258111915	204	698
1779088258111916	204	703
1779088258111916	204	709
1779088258111917	204	714
1779088258111919	204	720
1779088258111920	204	725
1779088258111920	204	730
1779088258111921	204	736
1779088258111921	204	741
1779088258111922	204	746
1779088258111923	204	751
1779088258111923	204	756
1779088258111924	204	761
1779088258121796	204	389
1779088258121796	204	407
1779088258121797	204	411
1779088258121797	204	415
1779088258121798	204	418
1779088258121798	204	422
1779088258121798	204	426
1779088258121799	204	429
1779088258121799	204	433
1779088258121799	204	436
1779088258121800	204	439
1779088258121800	204	443
1779088258121800	204	447
1779088258121801	204	450
1779088258121801	204	454
1779088258121801	204	457
1779088258121802	204	460
1779088258121802	204	464
1779088258121802	204	467
1779088258121803	204	470
1779088258121803	204	475
1779088258121803	204	479
1779088258121803	204	482
1779088258121804	204	486
1779088258121804	204	489
1779088258121804	204	493
1779088258121805	204	496
1779088258121805	204	499
1779088258121806	204	503
1779088258131406	204	387
1779088258131407	204	404
1779088258131407	204	409
1779088258131408	204	413
1779088258131408	204	416
1779088258131409	204	420
1779088258131409	204	423
1779088258131409	204	427
1779088258131410	204	430
1779088258131410	204	434
1779088258131410	204	437
1779088258131411	204	441
1779088258131411	204	445
1779088258131411	204	449
1779088258131412	204	452
1779088258131412	204	456
1779088258131412	204	459
1779088258131413	204	462
1779088258131413	204	466
1779088258131413	204	469
1779088258131414	204	474
1779088258131414	204	478
1779088258131414	204	481
1779088258131415	204	484
1779088258131415	204	488
1779088258131415	204	491
1779088258131416	204	494
1779088258131416	204	503
1779088258131417	204	506
1779088258142011	204	386
1779088258142011	204	400
1779088258142011	204	405
1779088258142012	204	409
1779088258142012	204	412
1779088258142012	204	416
1779088258142013	204	429
1779088258142013	204	432
1779088258142013	204	436
1779088258142014	204	440
1779088258142014	204	444
1779088258142014	204	447
1779088258142015	204	451
1779088258142015	204	454
1779088258142015	204	458
1779088258142015	204	461
1779088258142016	204	465
1779088258142016	204	468
1779088258142016	204	472
1779088258142017	204	475
1779088258142017	204	479
1779088258142017	204	482
1779088258142017	204	486
1779088258142018	204	490
1779088258142018	204	493
1779088258142018	204	497
1779088258142019	204	500
1779088258142019	204	504
1779088258142019	204	507
1779088258142020	204	510
1779088258142020	204	514
1779088258142020	204	517
1779088258151632	204	431
1779088258151633	204	462
1779088258151633	204	467
1779088258151634	204	470
1779088258151634	204	474
1779088258151635	204	477
1779088258151635	204	481
1779088258151635	204	484
1779088258151636	204	488
1779088258151636	204	492
1779088258151637	204	495
1779088258151637	204	499
1779088258151638	204	502
1779088258151638	204	506
1779088258151638	204	510
1779088258151639	204	513
1779088258151639	204	517
1779088258151639	204	520
1779088258151640	204	523
1779088258151640	204	527
1779088258151640	204	532
1779088258151641	204	535
1779088258151641	204	539
1779088258151642	204	542
1779088258151642	204	546
1779088258151642	204	549
1779088258151643	204	552
1779088258151643	204	555
1779088258151644	204	559
1779088258161310	204	484
1779088258161311	204	510
1779088258161312	204	517
1779088258161313	204	524
1779088258161313	204	531
1779088258161314	204	538
1779088258161314	204	544
1779088258161315	204	550
1779088258161315	204	555
1779088258161319	204	558
1779088258161319	204	563
1779088258161320	204	569
1779088258161320	204	575
1779088258161321	204	580
1779088258161321	204	587
1779088258161321	204	593
1779088258161322	204	598
1779088258161322	204	604
1779088258161323	204	610
1779088258161323	204	615
1779088258161324	204	622
1779088258161325	204	625
1779088258161325	204	628
1779088258161326	204	631
1779088258161326	204	634
1779088258161327	204	638
1779088258161327	204	642
1779088258161328	204	645
1779088258161328	204	649
1779088258172088	204	355
1779088258172088	204	368
1779088258172088	204	372
1779088258172089	204	375
1779088258172090	204	379
1779088258172090	204	383
1779088258172090	204	386
1779088258172090	204	390
1779088258172091	204	394
1779088258172091	204	398
1779088258172092	204	407
1779088258172092	204	411
1779088258172092	204	414
1779088258172093	204	418
1779088258172093	204	421
1779088258172093	204	425
1779088258172094	204	428
1779088258172094	204	432
1779088258172094	204	435
1779088258172094	204	439
1779088258172095	204	443
1779088258172095	204	446
1779088258172096	204	449
1779088258172096	204	454
1779088258172096	204	457
1779088258172096	204	461
1779088258172097	204	465
1779088258172097	204	468
1779088258172098	204	472
1779088258172098	204	475
1779088258172099	204	478
1779088258172100	204	481
1779088258181674	204	444
1779088258181675	204	462
1779088258181676	204	466
1779088258181676	204	470
1779088258181677	204	473
1779088258181677	204	477
1779088258181678	204	481
1779088258181678	204	484
1779088258181678	204	488
1779088258181679	204	491
1779088258181679	204	495
1779088258181679	204	499
1779088258181680	204	502
1779088258181680	204	506
1779088258181680	204	510
1779088258181681	204	513
1779088258181681	204	517
1779088258181681	204	520
1779088258181682	204	523
1779088258181683	204	526
1779088258181683	204	531
1779088258181683	204	534
1779088258181684	204	538
1779088258181685	204	540
1779088258181686	204	543
1779088258181686	204	547
1779088258181687	204	550
1779088258181687	204	553
1779088258181687	204	557
1779088258191342	204	703
1779088258191343	204	743
1779088258191343	204	751
1779088258191344	204	759
1779088258191345	204	765
1779088258191345	204	771
1779088258191346	204	776
1779088258191347	204	781
1779088258191348	204	787
1779088258191349	204	793
1779088258191349	204	799
1779088258191350	204	805
1779088258191351	204	810
1779088258191351	204	816
1779088258191352	204	823
1779088258191352	204	828
1779088258191353	204	834
1779088258191354	204	839
1779088258191354	204	858
1779088258191355	204	864
1779088258191355	204	871
1779088258191356	204	877
1779088258191357	204	882
1779088258191357	204	888
1779088258191358	204	893
1779088258191359	204	898
1779088258191360	204	903
1779088258191360	204	907
1779088258191361	204	910
1779088258201389	204	619
1779088258201390	204	649
1779088258201391	204	657
1779088258201391	204	662
1779088258201392	204	668
1779088258201393	204	674
1779088258201393	204	705
1779088258201394	204	711
1779088258201394	204	717
1779088258201395	204	722
1779088258201395	204	727
1779088258201396	204	733
1779088258201396	204	738
1779088258201397	204	743
1779088258201397	204	749
1779088258201398	204	754
1779088258201398	204	761
1779088258201398	204	766
1779088258201399	204	771
1779088258201400	204	777
1779088258201400	204	783
1779088258201400	204	791
1779088258201401	204	802
1779088258201401	204	808
1779088258201402	204	813
1779088258201402	204	818
1779088258201403	204	824
1779088258201403	204	832
1779088258201404	204	837
1779088258201405	204	842
1779088258211373	204	621
1779088258211374	204	650
1779088258211374	204	658
1779088258211375	204	664
1779088258211376	204	669
1779088258211376	204	675
1779088258211377	204	681
1779088258211378	204	686
1779088258211379	204	704
1779088258211380	204	709
1779088258211381	204	714
1779088258211382	204	719
1779088258211382	204	724
1779088258211383	204	729
1779088258211384	204	735
1779088258211384	204	740
1779088258211385	204	745
1779088258211386	204	750
1779088258211386	204	755
1779088258211387	204	760
1779088258211388	204	766
1779088258211388	204	773
1779088258211389	204	779
1779088258211390	204	784
1779088258211391	204	789
1779088258211391	204	794
1779088258211392	204	800
1779088258211393	204	804
1779088258211393	204	809
1779088258211394	204	814
1779088258221330	204	632
1779088258221330	204	660
1779088258221331	204	667
1779088258221332	204	673
1779088258221333	204	678
1779088258221333	204	683
1779088258221334	204	689
1779088258221335	204	694
1779088258221335	204	699
1779088258221336	204	705
1779088258221337	204	710
1779088258221337	204	716
1779088258221338	204	721
1779088258221338	204	727
1779088258221339	204	755
1779088258221339	204	762
1779088258221340	204	768
1779088258221340	204	773
1779088258221341	204	778
1779088258221342	204	784
1779088258221342	204	789
1779088258221343	204	797
1779088258221343	204	802
1779088258221344	204	807
1779088258221345	204	812
1779088258221345	204	818
1779088258221346	204	823
1779088258221346	204	829
1779088258221347	204	834
1779088258221347	204	840
1779088258231315	204	654
1779088258231316	204	677
1779088258231317	204	682
1779088258231318	204	686
1779088258231318	204	689
1779088258231319	204	692
1779088258231320	204	695
1779088258231321	204	698
1779088258231322	204	701
1779088258231322	204	704
1779088258231323	204	707
1779088258231324	204	710
1779088258231325	204	713
1779088258231326	204	716
1779088258231329	204	717
1779088258231329	204	721
1779088258231330	204	724
1779088258231330	204	727
1779088258231331	204	730
1779088258231332	204	734
1779088258231332	204	748
1779088258231333	204	755
1779088258231333	204	758
1779088258231334	204	762
1779088258231334	204	765
1779088258231335	204	768
1779088258231336	204	771
1779088258231336	204	775
1779088258231337	204	778
1779088258231338	204	780
1779088258241224	204	500
1779088258241225	204	525
1779088258241226	204	529
1779088258241226	204	533
1779088258241227	204	536
1779088258241227	204	546
1779088258241228	204	549
1779088258241228	204	552
1779088258241229	204	556
1779088258241229	204	559
1779088258241229	204	563
1779088258241230	204	567
1779088258241230	204	570
1779088258241231	204	574
1779088258241231	204	578
1779088258241231	204	582
1779088258241232	204	585
1779088258241232	204	589
1779088258241233	204	593
1779088258241233	204	596
1779088258241234	204	599
1779088258241234	204	617
1779088258241234	204	621
1779088258241234	204	624
1779088258241235	204	627
1779088258241235	204	631
1779088258241236	204	634
1779088258241236	204	674
1779088258241237	204	678
1779088258241237	204	682
1779088258252015	204	482
1779088258252016	204	501
1779088258252016	204	505
1779088258252017	204	519
1779088258252018	204	523
1779088258252018	204	526
1779088258252018	204	530
1779088258252019	204	533
1779088258252020	204	536
1779088258252020	204	540
1779088258252020	204	544
1779088258252021	204	547
1779088258252021	204	550
1779088258252022	204	554
1779088258252022	204	558
1779088258252023	204	561
1779088258252023	204	565
1779088258252023	204	568
1779088258252024	204	572
1779088258252024	204	575
1779088258252024	204	579
1779088258252025	204	582
1779088258252025	204	586
1779088258252025	204	591
1779088258252026	204	594
1779088258252026	204	598
1779088258252027	204	601
1779088258252027	204	605
1779088258252028	204	608
1779088258252028	204	611
1779088258252028	204	614
1779088258252029	204	618
1779088258261743	204	441
1779088258261744	204	457
1779088258261744	204	462
1779088258261745	204	466
1779088258261745	204	469
1779088258261746	204	472
1779088258261746	204	476
1779088258261746	204	479
1779088258261747	204	483
1779088258261747	204	486
1779088258261748	204	490
1779088258261748	204	493
1779088258261748	204	497
1779088258261748	204	501
1779088258261749	204	504
1779088258261749	204	508
1779088258261749	204	511
1779088258261750	204	515
1779088258261750	204	518
1779088258261750	204	522
1779088258261751	204	526
1779088258261751	204	530
1779088258261751	204	533
1779088258261752	204	537
1779088258261752	204	541
1779088258261752	204	544
1779088258261753	204	547
1779088258261753	204	550
1779088258261753	204	554
1779088258271398	204	531
1779088258271398	204	560
1779088258271399	204	567
1779088258271400	204	573
1779088258271400	204	579
1779088258271401	204	584
1779088258271401	204	589
1779088258271402	204	594
1779088258271403	204	599
1779088258271403	204	604
1779088258271404	204	609
1779088258271404	204	613
1779088258271405	204	618
1779088258271407	204	622
1779088258271407	204	628
1779088258271408	204	634
1779088258271409	204	648
1779088258271409	204	654
1779088258271410	204	672
1779088258271410	204	678
1779088258271411	204	686
1779088258271411	204	692
1779088258271412	204	698
1779088258271412	204	703
1779088258271413	204	709
1779088258271414	204	715
1779088258271414	204	721
1779088258271415	204	727
1779088258271415	204	734
1779088258281277	204	463
1779088258281278	204	486
1779088258281279	204	490
1779088258281279	204	493
1779088258281280	204	496
1779088258281280	204	500
1779088258281281	204	503
1779088258281282	204	506
1779088258281282	204	509
1779088258281283	204	513
1779088258281283	204	516
1779088258281284	204	520
1779088258281284	204	523
1779088258281284	204	527
1779088258281285	204	530
1779088258281285	204	534
1779088258281285	204	537
1779088258281286	204	541
1779088258281286	204	544
1779088258281286	204	548
1779088258281287	204	551
1779088258281287	204	556
1779088258281287	204	560
1779088258281288	204	564
1779088258281288	204	568
1779088258281288	204	571
1779088258281289	204	574
1779088258281289	204	577
1779088258281290	204	581
1779088258281290	204	584
1779088258291969	204	476
1779088258291969	204	493
1779088258291970	204	498
1779088258291971	204	501
1779088258291971	204	505
1779088258291972	204	508
1779088258291972	204	511
1779088258291973	204	514
1779088258291973	204	518
1779088258291974	204	522
1779088258291974	204	525
1779088258291975	204	528
1779088258291975	204	532
1779088258291975	204	535
1779088258291976	204	539
1779088258291976	204	542
1779088258291977	204	546
1779088258291977	204	549
1779088258291978	204	552
1779088258291978	204	556
1779088258291978	204	559
1779088258291979	204	562
1779088258291979	204	566
1779088258291980	204	571
1779088258291980	204	574
1779088258291981	204	577
1779088258291981	204	581
1779088258291982	204	584
1779088258291982	204	587
1779088258291984	204	589
1779088258291984	204	592
1779088258291985	204	596
1779088258301669	204	354
1779088258301669	204	368
1779088258301670	204	372
1779088258301670	204	375
1779088258301670	204	379
1779088258301671	204	383
1779088258301671	204	387
1779088258301671	204	390
1779088258301672	204	394
1779088258301672	204	420
1779088258301672	204	427
1779088258301673	204	431
1779088258301673	204	435
1779088258301673	204	438
1779088258301673	204	441
1779088258301674	204	456
1779088258301674	204	460
1779088258301674	204	464
1779088258301675	204	468
1779088258301675	204	471
1779088258301675	204	476
1779088258301675	204	479
1779088258301676	204	482
1779088258301676	204	486
1779088258301676	204	489
1779088258301677	204	493
1779088258301677	204	496
1779088258301677	204	499
1779088258301677	204	508
1779088258311283	204	421
1779088258311284	204	439
1779088258311285	204	443
1779088258311285	204	446
1779088258311286	204	449
1779088258311286	204	453
1779088258311287	204	456
1779088258311287	204	459
1779088258311288	204	463
1779088258311288	204	466
1779088258311288	204	470
1779088258311289	204	473
1779088258311289	204	476
1779088258311290	204	480
1779088258311290	204	483
1779088258311291	204	486
1779088258311291	204	489
1779088258311292	204	492
1779088258311293	204	496
1779088258311293	204	499
1779088258311294	204	504
1779088258311294	204	507
1779088258311295	204	510
1779088258311295	204	513
1779088258311296	204	517
1779088258311296	204	520
1779088258311297	204	523
1779088258311297	204	526
1779088258311298	204	530
1779088258321922	204	462
1779088258321924	204	477
1779088258321924	204	482
1779088258321925	204	485
1779088258321925	204	489
1779088258321926	204	492
1779088258321926	204	496
1779088258321927	204	499
1779088258321927	204	503
1779088258321928	204	507
1779088258321928	204	510
1779088258321928	204	514
1779088258321929	204	517
1779088258321929	204	520
1779088258321929	204	524
1779088258321930	204	527
1779088258321930	204	531
1779088258321930	204	534
1779088258321931	204	538
1779088258321931	204	541
1779088258321931	204	545
1779088258321932	204	548
1779088258321932	204	552
1779088258321932	204	557
1779088258321933	204	560
1779088258321933	204	564
1779088258321933	204	567
1779088258321934	204	571
1779088258321934	204	577
1779088258321934	204	594
1779088258321935	204	598
1779088258321935	204	602
1779088258331614	204	350
1779088258331615	204	363
1779088258331615	204	367
1779088258331615	204	371
1779088258331616	204	374
1779088258331616	204	378
1779088258331616	204	381
1779088258331617	204	385
1779088258331617	204	388
1779088258331617	204	392
1779088258331618	204	395
1779088258331618	204	399
1779088258331618	204	402
1779088258331619	204	406
1779088258331619	204	409
1779088258331619	204	413
1779088258331619	204	417
1779088258331620	204	420
1779088258331620	204	423
1779088258331620	204	427
1779088258331621	204	431
1779088258331621	204	437
1779088258331621	204	441
1779088258331621	204	467
1779088258331622	204	471
1779088258331622	204	475
1779088258331622	204	478
1779088258331623	204	482
1779088258331623	204	487
1779088258342192	204	477
1779088258342193	204	497
1779088258342194	204	501
1779088258342195	204	505
1779088258342195	204	510
1779088258342196	204	515
1779088258342196	204	520
1779088258342197	204	525
1779088258342198	204	530
1779088258342198	204	535
1779088258342199	204	541
1779088258342199	204	550
1779088258342200	204	553
1779088258342200	204	557
1779088258342200	204	560
1779088258342202	204	562
1779088258342202	204	565
1779088258342202	204	568
1779088258342203	204	571
1779088258342203	204	574
1779088258342203	204	577
1779088258342204	204	580
1779088258342204	204	583
1779088258342204	204	588
1779088258342205	204	591
1779088258342205	204	594
1779088258342205	204	597
1779088258342206	204	600
1779088258342206	204	603
1779088258342206	204	606
1779088258342207	204	609
1779088258342207	204	612
1779088258351927	204	544
1779088258351928	204	568
1779088258351929	204	575
1779088258351930	204	581
1779088258351931	204	585
1779088258351932	204	588
1779088258351933	204	591
1779088258351934	204	594
1779088258351935	204	597
1779088258351936	204	600
1779088258351936	204	602
1779088258351937	204	606
1779088258351938	204	609
1779088258351939	204	611
1779088258351940	204	615
1779088258351940	204	618
1779088258351941	204	624
1779088258351942	204	629
1779088258351942	204	635
1779088258351943	204	640
1779088258351943	204	648
1779088258351944	204	654
1779088258351944	204	660
1779088258351944	204	666
1779088258351945	204	672
1779088258351945	204	677
1779088258351946	204	682
1779088258351946	204	688
1779088258351947	204	709
1779088258361766	204	441
1779088258361766	204	459
1779088258361767	204	464
1779088258361768	204	467
1779088258361768	204	470
1779088258361769	204	474
1779088258361769	204	477
1779088258361770	204	480
1779088258361770	204	483
1779088258361771	204	487
1779088258361771	204	490
1779088258361772	204	493
1779088258361772	204	498
1779088258361773	204	502
1779088258361773	204	505
1779088258361773	204	509
1779088258361774	204	512
1779088258361774	204	519
1779088258361775	204	522
1779088258361775	204	526
1779088258361775	204	531
1779088258361776	204	534
1779088258361776	204	537
1779088258361777	204	541
1779088258361777	204	544
1779088258361777	204	547
1779088258361778	204	551
1779088258361778	204	554
1779088258361779	204	558
1779088258371433	204	398
1779088258371433	204	414
1779088258371434	204	418
1779088258371435	204	422
1779088258371435	204	425
1779088258371436	204	428
1779088258371436	204	432
1779088258371437	204	435
1779088258371437	204	438
1779088258371438	204	442
1779088258371438	204	445
1779088258371438	204	449
1779088258371439	204	452
1779088258371439	204	455
1779088258371440	204	459
1779088258371440	204	462
1779088258371441	204	465
1779088258371441	204	468
1779088258371442	204	471
1779088258371442	204	475
1779088258371443	204	480
1779088258371443	204	483
1779088258371444	204	486
1779088258371444	204	494
1779088258371444	204	497
1779088258371445	204	501
1779088258371445	204	504
1779088258371445	204	507
1779088258371446	204	511
1779088258382048	204	407
1779088258382049	204	421
1779088258382049	204	426
1779088258382049	204	429
1779088258382049	204	433
1779088258382050	204	437
1779088258382050	204	440
1779088258382050	204	444
1779088258382051	204	447
1779088258382051	204	451
1779088258382051	204	455
1779088258382052	204	459
1779088258382052	204	462
1779088258382052	204	466
1779088258382052	204	469
1779088258382053	204	473
1779088258382053	204	476
1779088258382053	204	480
1779088258382054	204	483
1779088258382054	204	487
1779088258382054	204	490
1779088258382055	204	494
1779088258382055	204	497
1779088258382055	204	502
1779088258382056	204	505
1779088258382056	204	509
1779088258382056	204	512
1779088258382057	204	516
1779088258382057	204	519
1779088258382058	204	522
1779088258382058	204	525
1779088258382058	204	529
1779088258391681	204	427
1779088258391683	204	442
1779088258391684	204	447
1779088258391684	204	451
1779088258391685	204	455
1779088258391685	204	458
1779088258391686	204	462
1779088258391686	204	465
1779088258391687	204	468
1779088258391687	204	472
1779088258391688	204	475
1779088258391688	204	479
1779088258391689	204	482
1779088258391689	204	486
1779088258391690	204	489
1779088258391690	204	492
1779088258391691	204	496
1779088258391691	204	499
1779088258391691	204	502
1779088258391692	204	506
1779088258391692	204	510
1779088258391693	204	513
1779088258391693	204	517
1779088258391694	204	520
1779088258391694	204	523
1779088258391695	204	527
1779088258391695	204	530
1779088258391696	204	533
1779088258391697	204	536
1779088258401325	204	401
1779088258401325	204	416
1779088258401326	204	421
1779088258401326	204	424
1779088258401327	204	428
1779088258401327	204	431
1779088258401328	204	435
1779088258401328	204	438
1779088258401328	204	442
1779088258401329	204	445
1779088258401329	204	449
1779088258401329	204	453
1779088258401330	204	456
1779088258401330	204	461
1779088258401330	204	464
1779088258401331	204	467
1779088258401331	204	471
1779088258401331	204	475
1779088258401332	204	478
1779088258401332	204	482
1779088258401333	204	486
1779088258401333	204	489
1779088258401334	204	492
1779088258401334	204	496
1779088258401334	204	499
1779088258401335	204	502
1779088258401336	204	505
1779088258401336	204	509
1779088258401336	204	512
1779088258411937	204	378
1779088258411938	204	390
1779088258411938	204	393
1779088258411938	204	397
1779088258411939	204	400
1779088258411939	204	403
1779088258411939	204	406
1779088258411940	204	415
1779088258411940	204	418
1779088258411940	204	421
1779088258411941	204	424
1779088258411941	204	427
1779088258411941	204	430
1779088258411942	204	433
1779088258411942	204	436
1779088258411942	204	450
1779088258411943	204	453
1779088258411943	204	456
1779088258411943	204	460
1779088258411945	204	461
1779088258411946	204	464
1779088258411946	204	467
1779088258411946	204	470
1779088258411947	204	475
1779088258411947	204	478
1779088258411947	204	482
1779088258411948	204	485
1779088258411948	204	488
1779088258411948	204	492
1779088258411949	204	495
1779088258411949	204	499
1779088258411950	204	502
1779088258421539	204	376
1779088258421540	204	392
1779088258421540	204	396
1779088258421541	204	400
1779088258421541	204	403
1779088258421541	204	406
1779088258421542	204	410
1779088258421542	204	413
1779088258421543	204	417
1779088258421543	204	420
1779088258421543	204	424
1779088258421544	204	428
1779088258421544	204	431
1779088258421544	204	435
1779088258421545	204	438
1779088258421545	204	442
1779088258421545	204	445
1779088258421546	204	449
1779088258421546	204	452
1779088258421546	204	455
1779088258421546	204	460
1779088258421547	204	464
1779088258421547	204	467
1779088258421547	204	471
1779088258421548	204	474
1779088258421548	204	477
1779088258421549	204	481
1779088258421549	204	484
1779088258421549	204	487
1779088258432127	204	538
1779088258432128	204	554
1779088258432128	204	559
1779088258432129	204	562
1779088258432130	204	565
1779088258432130	204	568
1779088258432131	204	572
1779088258432132	204	575
1779088258432132	204	578
1779088258432133	204	581
1779088258432134	204	584
1779088258432135	204	587
1779088258432135	204	590
1779088258432136	204	594
1779088258432137	204	597
1779088258432137	204	600
1779088258432138	204	603
1779088258432139	204	606
1779088258432139	204	610
1779088258432140	204	613
1779088258432140	204	616
1779088258432141	204	619
1779088258432141	204	624
1779088258432142	204	627
1779088258432143	204	630
1779088258432143	204	634
1779088258432143	204	637
1779088258432144	204	641
1779088258432144	204	644
1779088258432144	204	647
1779088258432145	204	650
1779088258441893	204	427
1779088258441894	204	443
1779088258441895	204	448
1779088258441895	204	452
1779088258441895	204	455
1779088258441896	204	459
1779088258441896	204	462
1779088258441897	204	465
1779088258441897	204	469
1779088258441898	204	472
1779088258441898	204	476
1779088258441898	204	480
1779088258441899	204	483
1779088258441899	204	487
1779088258441899	204	490
1779088258441900	204	494
1779088258441900	204	497
1779088258441900	204	505
1779088258441901	204	509
1779088258441901	204	512
1779088258441901	204	515
1779088258441902	204	520
1779088258441902	204	524
1779088258441902	204	528
1779088258441903	204	531
1779088258441903	204	535
1779088258441903	204	538
1779088258441904	204	541
1779088258441904	204	545
1779088258441905	204	548
1779088258451545	204	383
1779088258451546	204	399
1779088258451547	204	403
1779088258451547	204	406
1779088258451548	204	410
1779088258451548	204	413
1779088258451548	204	417
1779088258451549	204	421
1779088258451549	204	425
1779088258451549	204	428
1779088258451550	204	432
1779088258451550	204	435
1779088258451551	204	439
1779088258451551	204	442
1779088258451551	204	446
1779088258451552	204	450
1779088258451552	204	453
1779088258451552	204	456
1779088258451552	204	460
1779088258451553	204	463
1779088258451553	204	468
1779088258451554	204	471
1779088258451554	204	475
1779088258451554	204	478
1779088258451555	204	481
1779088258451555	204	484
1779088258451556	204	487
1779088258451556	204	491
1779088258451557	204	494
1779088258462148	204	351
1779088258462149	204	363
1779088258462149	204	367
1779088258462149	204	371
1779088258462150	204	375
1779088258462150	204	378
1779088258462151	204	381
1779088258462152	204	384
1779088258462152	204	388
1779088258462152	204	392
1779088258462153	204	395
1779088258462153	204	399
1779088258462153	204	403
1779088258462154	204	406
1779088258462154	204	410
1779088258462154	204	413
1779088258462154	204	417
1779088258462155	204	420
1779088258462155	204	424
1779088258462155	204	427
1779088258462156	204	431
1779088258462156	204	435
1779088258462156	204	439
1779088258462156	204	442
1779088258462157	204	446
1779088258462157	204	449
1779088258462157	204	453
1779088258462157	204	456
1779088258462158	204	475
1779088258462158	204	479
1779088258462159	204	482
1779088258471729	204	386
1779088258471730	204	402
1779088258471730	204	406
1779088258471731	204	410
1779088258471731	204	413
1779088258471732	204	417
1779088258471732	204	420
1779088258471732	204	424
1779088258471733	204	427
1779088258471733	204	431
1779088258471733	204	434
1779088258471734	204	438
1779088258471734	204	441
1779088258471734	204	444
1779088258471735	204	448
1779088258471735	204	451
1779088258471735	204	455
1779088258471736	204	458
1779088258471736	204	461
1779088258471736	204	465
1779088258471737	204	469
1779088258471737	204	473
1779088258471737	204	476
1779088258471738	204	480
1779088258471738	204	483
1779088258471738	204	487
1779088258471738	204	490
1779088258471739	204	493
1779088258471739	204	497
1779088258481326	204	380
1779088258481327	204	401
1779088258481327	204	406
1779088258481328	204	410
1779088258481328	204	414
1779088258481329	204	417
1779088258481329	204	421
1779088258481329	204	424
1779088258481330	204	428
1779088258481330	204	431
1779088258481330	204	435
1779088258481331	204	438
1779088258481331	204	442
1779088258481331	204	446
1779088258481331	204	449
1779088258481332	204	453
1779088258481332	204	456
1779088258481332	204	460
1779088258481333	204	463
1779088258481333	204	467
1779088258481333	204	471
1779088258481334	204	474
1779088258481335	204	477
1779088258481335	204	480
1779088258481336	204	484
1779088258481336	204	487
1779088258481336	204	490
1779088258481337	204	494
1779088258481337	204	497
1779088258491927	204	438
1779088258491928	204	456
1779088258491928	204	461
1779088258491928	204	465
1779088258491929	204	468
1779088258491929	204	472
1779088258491930	204	475
1779088258491930	204	479
1779088258491930	204	483
1779088258491931	204	486
1779088258491931	204	489
1779088258491932	204	493
1779088258491932	204	496
1779088258491932	204	500
1779088258491933	204	503
1779088258491933	204	507
1779088258491933	204	510
1779088258491934	204	514
1779088258491934	204	517
1779088258491934	204	521
1779088258491935	204	524
1779088258491935	204	527
1779088258491935	204	531
1779088258491936	204	538
1779088258491936	204	542
1779088258491936	204	545
1779088258491937	204	549
1779088258491937	204	552
1779088258491937	204	555
1779088258491938	204	559
1779088258491938	204	562
1779088258491939	204	566
1779088258501591	204	362
1779088258501591	204	376
1779088258501592	204	381
1779088258501592	204	384
1779088258501592	204	388
1779088258501593	204	391
1779088258501593	204	395
1779088258501593	204	399
1779088258501593	204	403
1779088258501594	204	407
1779088258501594	204	410
1779088258501594	204	414
1779088258501595	204	417
1779088258501595	204	420
1779088258501595	204	424
1779088258501596	204	428
1779088258501596	204	431
1779088258501596	204	435
1779088258501597	204	438
1779088258501597	204	442
1779088258501597	204	446
1779088258501597	204	450
1779088258501598	204	453
1779088258501598	204	457
1779088258501598	204	460
1779088258501599	204	464
1779088258501599	204	467
1779088258501600	204	487
1779088258501600	204	496
1779088258512185	204	551
1779088258512186	204	573
1779088258512186	204	579
1779088258512187	204	585
1779088258512188	204	590
1779088258512188	204	595
1779088258512189	204	600
1779088258512189	204	605
1779088258512190	204	611
1779088258512190	204	616
1779088258512191	204	621
1779088258512191	204	626
1779088258512192	204	631
1779088258512192	204	641
1779088258512193	204	646
1779088258512194	204	651
1779088258512194	204	657
1779088258512195	204	662
1779088258512195	204	666
1779088258512196	204	672
1779088258512196	204	677
1779088258512197	204	682
1779088258512197	204	687
1779088258512198	204	694
1779088258512198	204	699
1779088258512199	204	704
1779088258512199	204	709
1779088258512200	204	714
1779088258512201	204	719
1779088258512201	204	724
1779088258512202	204	730
1779088258512202	204	736
1779088258522055	204	389
1779088258522055	204	405
1779088258522055	204	413
1779088258522056	204	419
1779088258522056	204	425
1779088258522056	204	431
1779088258522057	204	437
1779088258522057	204	443
1779088258522057	204	449
1779088258522058	204	467
1779088258522058	204	473
1779088258522058	204	480
1779088258522059	204	486
1779088258522059	204	492
1779088258522059	204	498
1779088258522060	204	504
1779088258522060	204	510
1779088258522060	204	516
1779088258522060	204	522
1779088258522061	204	528
1779088258522061	204	535
1779088258522061	204	541
1779088258522062	204	547
1779088258522062	204	553
1779088258522062	204	558
1779088258522062	204	564
1779088258522063	204	570
1779088258522063	204	576
1779088258522063	204	582
1779088258531745	204	408
1779088258531746	204	426
1779088258531746	204	434
1779088258531747	204	439
1779088258531747	204	446
1779088258531747	204	452
1779088258531748	204	458
1779088258531748	204	464
1779088258531749	204	469
1779088258531750	204	475
1779088258531750	204	481
1779088258531750	204	487
1779088258531751	204	493
1779088258531751	204	499
1779088258531751	204	505
1779088258531752	204	510
1779088258531752	204	516
1779088258531752	204	521
1779088258531753	204	527
1779088258531753	204	539
1779088258531753	204	547
1779088258531754	204	553
1779088258531754	204	559
1779088258531755	204	565
1779088258531755	204	570
1779088258531756	204	576
1779088258531756	204	582
1779088258531756	204	588
1779088258531757	204	594
1779088258541452	204	372
1779088258541453	204	390
1779088258541453	204	397
1779088258541454	204	402
1779088258541454	204	407
1779088258541455	204	413
1779088258541455	204	419
1779088258541455	204	425
1779088258541456	204	431
1779088258541456	204	438
1779088258541456	204	444
1779088258541457	204	450
1779088258541457	204	455
1779088258541457	204	461
1779088258541458	204	467
1779088258541458	204	473
1779088258541458	204	479
1779088258541459	204	484
1779088258541459	204	490
1779088258541459	204	496
1779088258541460	204	504
1779088258541460	204	509
1779088258541460	204	515
1779088258541461	204	521
1779088258541461	204	527
1779088258541461	204	538
1779088258541462	204	544
1779088258541462	204	550
1779088258541462	204	556
1779088258552120	204	429
1779088258552120	204	447
1779088258552121	204	453
1779088258552121	204	459
1779088258552121	204	466
1779088258552122	204	472
1779088258552122	204	478
1779088258552122	204	485
1779088258552123	204	491
1779088258552123	204	497
1779088258552123	204	503
1779088258552124	204	509
1779088258552124	204	515
1779088258552124	204	521
1779088258552125	204	527
1779088258552125	204	532
1779088258552126	204	538
1779088258552126	204	544
1779088258552126	204	550
1779088258552127	204	556
1779088258552127	204	562
1779088258552127	204	568
1779088258552128	204	574
1779088258552128	204	581
1779088258552128	204	587
1779088258552129	204	593
1779088258552130	204	597
1779088258552131	204	603
1779088258552131	204	609
1779088258552131	204	615
1779088258552132	204	621
1779088258552132	204	627
1779088258561861	204	420
1779088258561862	204	438
1779088258561862	204	446
1779088258561862	204	451
1779088258561863	204	457
1779088258561863	204	463
1779088258561863	204	469
1779088258561864	204	475
1779088258561864	204	481
1779088258561865	204	487
1779088258561865	204	493
1779088258561865	204	499
1779088258561866	204	505
1779088258561866	204	511
1779088258561866	204	517
1779088258561867	204	523
1779088258561867	204	528
1779088258561867	204	534
1779088258561868	204	541
1779088258561868	204	547
1779088258561868	204	553
1779088258561869	204	560
1779088258561869	204	566
1779088258561869	204	572
1779088258561870	204	578
1779088258561870	204	584
1779088258561870	204	590
1779088258561870	204	595
1779088258561871	204	602
1779088258561871	204	608
1779088258571578	204	321
1779088258571579	204	335
1779088258571579	204	342
1779088258571579	204	349
1779088258571580	204	355
1779088258571580	204	361
1779088258571580	204	368
1779088258571580	204	373
1779088258571581	204	380
1779088258571581	204	386
1779088258571581	204	392
1779088258571582	204	398
1779088258571582	204	404
1779088258571582	204	410
1779088258571583	204	415
1779088258571583	204	421
1779088258571583	204	427
1779088258571583	204	434
1779088258571584	204	440
1779088258571584	204	446
1779088258571584	204	453
1779088258571585	204	459
1779088258571585	204	465
1779088258571585	204	471
1779088258571585	204	503
1779088258571586	204	510
1779088258571586	204	516
1779088258571586	204	522
1779088258571587	204	528
1779088258581218	204	562
1779088258581218	204	580
1779088258581219	204	587
1779088258581219	204	593
1779088258581220	204	599
1779088258581220	204	605
1779088258581220	204	612
1779088258581221	204	618
1779088258581221	204	632
1779088258581221	204	638
1779088258581222	204	644
1779088258581222	204	650
1779088258581222	204	656
1779088258581223	204	662
1779088258581223	204	668
1779088258581223	204	674
1779088258581224	204	680
1779088258581224	204	686
1779088258581225	204	692
1779088258581225	204	698
1779088258581225	204	705
1779088258581225	204	711
1779088258581226	204	717
1779088258581226	204	723
1779088258581226	204	729
1779088258581227	204	735
1779088258581227	204	741
1779088258581227	204	747
1779088258581228	204	753
1779088258592090	204	571
1779088258592091	204	596
1779088258592092	204	603
1779088258592092	204	610
1779088258592093	204	616
1779088258592093	204	622
1779088258592094	204	628
1779088258592095	204	633
1779088258592095	204	639
1779088258592096	204	646
1779088258592096	204	651
1779088258592097	204	657
1779088258592098	204	662
1779088258592098	204	667
1779088258592099	204	673
1779088258592099	204	679
1779088258592100	204	686
1779088258592100	204	692
1779088258592101	204	697
1779088258592102	204	703
1779088258592102	204	708
1779088258592103	204	713
1779088258592103	204	719
1779088258592104	204	726
1779088258592105	204	732
1779088258592105	204	737
1779088258592106	204	742
1779088258592106	204	748
1779088258592107	204	754
1779088258592107	204	760
1779088258592108	204	766
1779088258592109	204	771
1779088258601981	204	528
1779088258601981	204	542
1779088258601982	204	547
1779088258601982	204	550
1779088258601982	204	555
1779088258601983	204	558
1779088258601983	204	562
1779088258601983	204	565
1779088258601983	204	569
1779088258601984	204	573
1779088258601985	204	576
1779088258601985	204	580
1779088258601985	204	598
1779088258601986	204	603
1779088258601986	204	606
1779088258601986	204	610
1779088258601987	204	614
1779088258601987	204	618
1779088258601987	204	623
1779088258601988	204	635
1779088258601988	204	639
1779088258601988	204	644
1779088258601988	204	648
1779088258601989	204	653
1779088258601989	204	664
1779088258601989	204	669
1779088258601990	204	672
1779088258601990	204	677
1779088258601990	204	689
1779088258601990	204	693
1779088258611770	204	520
1779088258611771	204	537
1779088258611771	204	541
1779088258611771	204	545
1779088258611772	204	548
1779088258611772	204	552
1779088258611772	204	556
1779088258611773	204	559
1779088258611773	204	563
1779088258611774	204	566
1779088258611774	204	569
1779088258611774	204	573
1779088258611775	204	576
1779088258611775	204	580
1779088258611775	204	598
1779088258611776	204	603
1779088258611776	204	606
1779088258611776	204	610
1779088258611777	204	614
1779088258611777	204	622
1779088258611778	204	627
1779088258611778	204	630
1779088258611778	204	634
1779088258611779	204	647
1779088258611779	204	651
1779088258611779	204	655
1779088258611780	204	658
1779088258611780	204	671
1779088258611780	204	675
1779088258621529	204	487
1779088258621529	204	499
1779088258621530	204	503
1779088258621530	204	507
1779088258621530	204	511
1779088258621530	204	515
1779088258621531	204	518
1779088258621531	204	522
1779088258621531	204	526
1779088258621532	204	564
1779088258621532	204	573
1779088258621532	204	579
1779088258621533	204	583
1779088258621533	204	587
1779088258621533	204	590
1779088258621534	204	594
1779088258621534	204	597
1779088258621534	204	601
1779088258621534	204	605
1779088258621535	204	608
1779088258621535	204	622
1779088258621535	204	627
1779088258621536	204	631
1779088258621536	204	634
1779088258621536	204	638
1779088258621536	204	649
1779088258621537	204	653
1779088258621538	204	656
1779088258621538	204	661
1779088258621539	204	671
1779088258631416	204	506
1779088258631416	204	522
1779088258631416	204	527
1779088258631417	204	530
1779088258631417	204	534
1779088258631417	204	537
1779088258631418	204	541
1779088258631418	204	545
1779088258631418	204	548
1779088258631419	204	561
1779088258631419	204	565
1779088258631420	204	569
1779088258631420	204	572
1779088258631420	204	576
1779088258631421	204	579
1779088258631421	204	583
1779088258631421	204	586
1779088258631422	204	590
1779088258631422	204	596
1779088258631422	204	612
1779088258631423	204	618
1779088258631423	204	622
1779088258631423	204	625
1779088258631424	204	629
1779088258631424	204	633
1779088258631424	204	636
1779088258631425	204	660
1779088258631425	204	664
1779088258631425	204	668
1779088258642176	204	561
1779088258642177	204	576
1779088258642177	204	581
1779088258642177	204	585
1779088258642178	204	589
1779088258642178	204	592
1779088258642178	204	596
1779088258642179	204	600
1779088258642179	204	603
1779088258642180	204	607
1779088258642180	204	610
1779088258642180	204	614
1779088258642181	204	617
1779088258642181	204	621
1779088258642181	204	625
1779088258642182	204	643
1779088258642182	204	647
1779088258642182	204	651
1779088258642183	204	654
1779088258642183	204	658
1779088258642183	204	661
1779088258642184	204	667
1779088258642184	204	679
1779088258642184	204	683
1779088258642184	204	688
1779088258642185	204	691
1779088258642185	204	697
1779088258642185	204	708
1779088258642186	204	713
1779088258642186	204	717
1779088258642186	204	720
1779088258642187	204	732
1779088258642189	204	735
1779088258652005	204	521
1779088258652006	204	543
1779088258652006	204	548
1779088258652007	204	551
1779088258652007	204	555
1779088258652008	204	558
1779088258652008	204	562
1779088258652008	204	565
1779088258652009	204	569
1779088258652009	204	572
1779088258652010	204	576
1779088258652010	204	579
1779088258652010	204	583
1779088258652011	204	586
1779088258652011	204	590
1779088258652011	204	594
1779088258652012	204	599
1779088258652012	204	616
1779088258652012	204	620
1779088258652013	204	624
1779088258652013	204	629
1779088258652013	204	632
1779088258652014	204	636
1779088258652014	204	639
1779088258652014	204	652
1779088258652015	204	656
1779088258652015	204	660
1779088258652015	204	663
1779088258652016	204	675
1779088258661899	204	545
1779088258661900	204	568
1779088258661900	204	576
1779088258661900	204	582
1779088258661901	204	587
1779088258661901	204	593
1779088258661902	204	599
1779088258661902	204	604
1779088258661902	204	611
1779088258661903	204	616
1779088258661903	204	622
1779088258661903	204	628
1779088258661904	204	634
1779088258661904	204	640
1779088258661905	204	645
1779088258661905	204	651
1779088258661905	204	657
1779088258661905	204	663
1779088258661906	204	667
1779088258661906	204	671
1779088258661906	204	674
1779088258661907	204	680
1779088258661907	204	683
1779088258661907	204	687
1779088258661908	204	690
1779088258661908	204	693
1779088258661908	204	697
1779088258661909	204	700
1779088258661909	204	704
1779088258661909	204	707
1779088258671721	204	516
1779088258671722	204	540
1779088258671722	204	547
1779088258671722	204	553
1779088258671723	204	560
1779088258671723	204	566
1779088258671724	204	572
1779088258671724	204	579
1779088258671724	204	585
1779088258671725	204	591
1779088258671725	204	597
1779088258671725	204	603
1779088258671726	204	608
1779088258671727	204	613
1779088258671727	204	619
1779088258671728	204	625
1779088258671728	204	631
1779088258671728	204	637
1779088258671729	204	643
1779088258671729	204	649
1779088258671729	204	657
1779088258671730	204	664
1779088258671730	204	670
1779088258671730	204	676
1779088258671731	204	682
1779088258671731	204	688
1779088258671731	204	694
1779088258671732	204	700
1779088258671732	204	712
1779088258681552	204	477
1779088258681552	204	494
1779088258681553	204	498
1779088258681553	204	502
1779088258681554	204	506
1779088258681554	204	509
1779088258681555	204	513
1779088258681555	204	534
1779088258681555	204	541
1779088258681556	204	547
1779088258681556	204	553
1779088258681556	204	557
1779088258681557	204	561
1779088258681557	204	564
1779088258681557	204	568
1779088258681558	204	576
1779088258681558	204	579
1779088258681558	204	583
1779088258681558	204	586
1779088258681559	204	590
1779088258681559	204	593
1779088258681559	204	598
1779088258681560	204	602
1779088258681560	204	612
1779088258681560	204	616
1779088258681561	204	619
1779088258681561	204	623
1779088258681561	204	627
1779088258681562	204	630
1779088258681562	204	634
1779088258691290	204	393
1779088258691291	204	410
1779088258691291	204	415
1779088258691292	204	419
1779088258691292	204	423
1779088258691293	204	426
1779088258691293	204	430
1779088258691293	204	433
1779088258691294	204	437
1779088258691294	204	441
1779088258691294	204	444
1779088258691295	204	448
1779088258691295	204	451
1779088258691295	204	455
1779088258691296	204	459
1779088258691296	204	463
1779088258691297	204	466
1779088258691297	204	470
1779088258691297	204	473
1779088258691298	204	477
1779088258691298	204	484
1779088258691298	204	487
1779088258691298	204	491
1779088258691299	204	494
1779088258691299	204	498
1779088258691299	204	501
1779088258691300	204	504
1779088258691300	204	508
1779088258691301	204	511
1779088258701900	204	400
1779088258701900	204	413
1779088258701901	204	417
1779088258701901	204	421
1779088258701901	204	425
1779088258701901	204	429
1779088258701902	204	432
1779088258701902	204	436
1779088258701902	204	439
1779088258701903	204	443
1779088258701903	204	447
1779088258701903	204	450
1779088258701903	204	454
1779088258701904	204	458
1779088258701904	204	461
1779088258701904	204	465
1779088258701904	204	468
1779088258701905	204	472
1779088258701905	204	476
1779088258701905	204	479
1779088258701906	204	483
1779088258701906	204	491
1779088258701906	204	494
1779088258701906	204	499
1779088258701907	204	502
1779088258701907	204	506
1779088258701907	204	509
1779088258701908	204	513
1779088258701908	204	516
1779088258701908	204	520
1779088258701909	204	523
1779088258701909	204	526
1779088258711528	204	405
1779088258711529	204	422
1779088258711529	204	427
1779088258711530	204	431
1779088258711530	204	435
1779088258711531	204	438
1779088258711531	204	442
1779088258711531	204	445
1779088258711532	204	449
1779088258711532	204	453
1779088258711532	204	456
1779088258711533	204	460
1779088258711533	204	463
1779088258711533	204	467
1779088258711534	204	470
1779088258711534	204	474
1779088258711534	204	477
1779088258711535	204	481
1779088258711535	204	484
1779088258711535	204	487
1779088258711536	204	492
1779088258711536	204	495
1779088258711536	204	499
1779088258711537	204	503
1779088258711537	204	506
1779088258711537	204	510
1779088258711538	204	517
1779088258711538	204	521
1779088258711538	204	524
1779088258722164	204	403
1779088258722165	204	419
1779088258722166	204	423
1779088258722167	204	427
1779088258722167	204	431
1779088258722167	204	435
1779088258722168	204	439
1779088258722168	204	442
1779088258722168	204	446
1779088258722169	204	450
1779088258722169	204	454
1779088258722169	204	457
1779088258722170	204	461
1779088258722170	204	465
1779088258722170	204	469
1779088258722171	204	472
1779088258722171	204	476
1779088258722171	204	479
1779088258722171	204	482
1779088258722172	204	486
1779088258722172	204	489
1779088258722173	204	493
1779088258722173	204	496
1779088258722173	204	501
1779088258722174	204	504
1779088258722174	204	508
1779088258722174	204	511
1779088258722174	204	515
1779088258722175	204	518
1779088258722175	204	521
1779088258722176	204	525
1779088258722176	204	528
1779088258731790	204	330
1779088258731791	204	342
1779088258731791	204	346
1779088258731791	204	350
1779088258731792	204	353
1779088258731792	204	357
1779088258731792	204	361
1779088258731793	204	364
1779088258731793	204	368
1779088258731793	204	371
1779088258731793	204	375
1779088258731794	204	378
1779088258731794	204	382
1779088258731794	204	386
1779088258731795	204	389
1779088258731795	204	393
1779088258731795	204	396
1779088258731795	204	400
1779088258731796	204	403
1779088258731796	204	408
1779088258731796	204	412
1779088258731797	204	416
1779088258731797	204	419
1779088258731797	204	422
1779088258731797	204	426
1779088258731798	204	429
1779088258731798	204	433
1779088258731798	204	436
1779088258741321	204	356
1779088258741321	204	371
1779088258741321	204	375
1779088258741322	204	379
1779088258741322	204	383
1779088258741322	204	386
1779088258741323	204	390
1779088258741323	204	404
1779088258741323	204	408
1779088258741324	204	411
1779088258741324	204	415
1779088258741324	204	419
1779088258741325	204	422
1779088258741325	204	426
1779088258741325	204	430
1779088258741325	204	434
1779088258741326	204	437
1779088258741326	204	440
1779088258741327	204	443
1779088258741327	204	447
1779088258741328	204	451
1779088258741328	204	455
1779088258741328	204	458
1779088258741329	204	462
1779088258741329	204	465
1779088258741329	204	469
1779088258741330	204	472
1779088258741330	204	475
1779088258741330	204	479
1779088258751897	204	476
1779088258751898	204	496
1779088258751898	204	502
1779088258751899	204	509
1779088258751899	204	515
1779088258751899	204	521
1779088258751900	204	528
1779088258751900	204	534
1779088258751900	204	540
1779088258751901	204	547
1779088258751901	204	552
1779088258751901	204	564
1779088258751902	204	569
1779088258751902	204	575
1779088258751902	204	581
1779088258751903	204	587
1779088258751903	204	591
1779088258751903	204	595
1779088258751904	204	598
1779088258751904	204	602
1779088258751904	204	605
1779088258751905	204	609
1779088258751905	204	612
1779088258751905	204	617
1779088258751906	204	621
1779088258751906	204	624
1779088258751906	204	628
1779088258751907	204	631
1779088258751907	204	635
1779088258751907	204	638
1779088258751908	204	641
1779088258751908	204	645
1779088258761657	204	432
1779088258761658	204	457
1779088258761658	204	461
1779088258761659	204	465
1779088258761659	204	469
1779088258761659	204	472
1779088258761660	204	477
1779088258761660	204	481
1779088258761660	204	485
1779088258761661	204	488
1779088258761661	204	492
1779088258761661	204	496
1779088258761662	204	499
1779088258761662	204	503
1779088258761662	204	506
1779088258761663	204	510
1779088258761663	204	514
1779088258761663	204	518
1779088258761664	204	521
1779088258761664	204	525
1779088258761664	204	530
1779088258761665	204	533
1779088258761665	204	537
1779088258761665	204	540
1779088258761666	204	544
1779088258761666	204	547
1779088258761666	204	551
1779088258761667	204	554
1779088258761667	204	558
1779088258771321	204	402
1779088258771322	204	421
1779088258771322	204	425
1779088258771322	204	429
1779088258771323	204	433
1779088258771323	204	436
1779088258771324	204	440
1779088258771324	204	443
1779088258771324	204	447
1779088258771325	204	450
1779088258771325	204	454
1779088258771325	204	457
1779088258771326	204	461
1779088258771326	204	464
1779088258771326	204	468
1779088258771327	204	471
1779088258771327	204	475
1779088258771327	204	478
1779088258771328	204	482
1779088258771328	204	485
1779088258771329	204	490
1779088258771329	204	493
1779088258771329	204	497
1779088258771330	204	500
1779088258771330	204	504
1779088258771330	204	507
1779088258771331	204	510
1779088258771331	204	514
1779088258771331	204	517
1779088258781940	204	403
1779088258781941	204	420
1779088258781941	204	424
1779088258781942	204	428
1779088258781942	204	431
1779088258781942	204	435
1779088258781943	204	438
1779088258781943	204	442
1779088258781943	204	445
1779088258781944	204	449
1779088258781944	204	453
1779088258781944	204	456
1779088258781945	204	460
1779088258781945	204	464
1779088258781945	204	468
1779088258781946	204	471
1779088258781946	204	475
1779088258781946	204	478
1779088258781947	204	481
1779088258781947	204	485
1779088258781947	204	488
1779088258781948	204	492
1779088258781948	204	495
1779088258781948	204	504
1779088258781949	204	508
1779088258781949	204	511
1779088258781949	204	515
1779088258781950	204	518
1779088258781950	204	522
1779088258781950	204	525
1779088258781951	204	529
1779088258781951	204	532
1779088258791580	204	385
1779088258791580	204	403
1779088258791581	204	408
1779088258791581	204	412
1779088258791582	204	415
1779088258791582	204	418
1779088258791583	204	422
1779088258791583	204	425
1779088258791584	204	429
1779088258791584	204	433
1779088258791584	204	436
1779088258791585	204	439
1779088258791585	204	443
1779088258791585	204	447
1779088258791586	204	450
1779088258791586	204	454
1779088258791586	204	457
1779088258791587	204	461
1779088258791587	204	464
1779088258791587	204	468
1779088258791588	204	482
1779088258791588	204	498
1779088258791588	204	502
1779088258791589	204	505
1779088258791589	204	509
1779088258791589	204	512
1779088258791590	204	516
1779088258791590	204	519
1779088258791590	204	523
1779088258801213	204	382
1779088258801214	204	402
1779088258801215	204	409
1779088258801215	204	415
1779088258801215	204	420
1779088258801216	204	426
1779088258801216	204	432
1779088258801216	204	438
1779088258801216	204	444
1779088258801217	204	450
1779088258801217	204	456
1779088258801217	204	462
1779088258801218	204	468
1779088258801218	204	474
1779088258801218	204	481
1779088258801219	204	487
1779088258801219	204	492
1779088258801219	204	498
1779088258801220	204	504
1779088258801220	204	510
1779088258801220	204	518
1779088258801221	204	523
1779088258801221	204	529
1779088258801221	204	535
1779088258801222	204	541
1779088258801222	204	546
1779088258801223	204	552
1779088258801223	204	558
1779088258801223	204	564
1779088258811890	204	377
1779088258811891	204	392
1779088258811891	204	399
1779088258811892	204	405
1779088258811892	204	412
1779088258811892	204	418
1779088258811893	204	424
1779088258811893	204	429
1779088258811893	204	435
1779088258811893	204	441
1779088258811894	204	448
1779088258811894	204	454
1779088258811894	204	460
1779088258811895	204	466
1779088258811895	204	472
1779088258811895	204	478
1779088258811896	204	484
1779088258811896	204	491
1779088258811896	204	496
1779088258811897	204	502
1779088258811897	204	508
1779088258811897	204	514
1779088258811898	204	520
1779088258811899	204	527
1779088258811899	204	533
1779088258811899	204	539
1779088258811899	204	545
1779088258811900	204	552
1779088258811900	204	558
1779088258811900	204	564
1779088258811901	204	570
1779088258811901	204	576
1779088258821576	204	370
1779088258821577	204	386
1779088258821577	204	393
1779088258821578	204	399
1779088258821578	204	411
1779088258821578	204	417
1779088258821579	204	423
1779088258821579	204	429
1779088258821579	204	435
1779088258821580	204	441
1779088258821580	204	448
1779088258821580	204	454
1779088258821580	204	460
1779088258821581	204	466
1779088258821581	204	471
1779088258821581	204	477
1779088258821582	204	483
1779088258821582	204	519
1779088258821582	204	527
1779088258821583	204	533
1779088258821583	204	541
1779088258821583	204	547
1779088258821584	204	553
1779088258821584	204	559
1779088258821584	204	565
1779088258821585	204	571
1779088258821585	204	578
1779088258821585	204	584
1779088258821586	204	590
1779088258831279	204	404
1779088258831280	204	424
1779088258831281	204	431
1779088258831281	204	436
1779088258831281	204	442
1779088258831282	204	448
1779088258831282	204	454
1779088258831282	204	460
1779088258831283	204	465
1779088258831283	204	471
1779088258831283	204	478
1779088258831284	204	484
1779088258831284	204	489
1779088258831284	204	495
1779088258831285	204	501
1779088258831285	204	507
1779088258831286	204	513
1779088258831286	204	519
1779088258831286	204	525
1779088258831287	204	531
1779088258831287	204	538
1779088258831287	204	544
1779088258831288	204	550
1779088258831288	204	556
1779088258831288	204	562
1779088258831289	204	568
1779088258831289	204	574
1779088258831289	204	580
1779088258831290	204	586
1779088258841977	204	427
1779088258841977	204	444
1779088258841978	204	452
1779088258841978	204	457
1779088258841978	204	464
1779088258841979	204	470
1779088258841979	204	476
1779088258841979	204	482
1779088258841980	204	488
1779088258841980	204	494
1779088258841980	204	500
1779088258841981	204	506
1779088258841981	204	513
1779088258841981	204	519
1779088258841982	204	525
1779088258841982	204	531
1779088258841982	204	536
1779088258841982	204	542
1779088258841983	204	548
1779088258841983	204	554
1779088258841983	204	560
1779088258841984	204	566
1779088258841984	204	572
1779088258841984	204	582
1779088258841985	204	588
1779088258841985	204	594
1779088258841985	204	599
1779088258841986	204	605
1779088258841986	204	611
1779088258841986	204	617
1779088258841987	204	623
1779088258841987	204	629
1779088258851730	204	589
1779088258851731	204	615
1779088258851731	204	622
1779088258851732	204	641
1779088258851732	204	647
1779088258851733	204	652
1779088258851734	204	657
1779088258851734	204	663
1779088258851735	204	669
1779088258851735	204	675
1779088258851736	204	680
1779088258851736	204	686
1779088258851737	204	691
1779088258851738	204	697
1779088258851738	204	702
1779088258851739	204	707
1779088258851740	204	716
1779088258851740	204	722
1779088258851741	204	727
1779088258851741	204	733
1779088258851742	204	741
1779088258851742	204	746
1779088258851743	204	752
1779088258851744	204	757
1779088258851744	204	763
1779088258851745	204	768
1779088258851745	204	774
1779088258851746	204	779
1779088258851746	204	784
1779088258861652	204	644
1779088258861653	204	669
1779088258861654	204	676
1779088258861654	204	682
1779088258861655	204	688
1779088258861655	204	694
1779088258861656	204	699
1779088258861657	204	704
1779088258861658	204	709
1779088258861659	204	715
1779088258861659	204	720
1779088258861660	204	726
1779088258861660	204	731
1779088258861661	204	737
1779088258861661	204	742
1779088258861662	204	747
1779088258861663	204	752
1779088258861664	204	758
1779088258861664	204	764
1779088258861665	204	769
1779088258861666	204	774
1779088258861666	204	783
1779088258861667	204	789
1779088258861667	204	794
1779088258861668	204	799
1779088258861668	204	805
1779088258861669	204	811
1779088258861670	204	816
1779088258861670	204	822
1779088258861671	204	827
1779088258871613	204	554
1779088258871614	204	573
1779088258871615	204	578
1779088258871616	204	582
1779088258871616	204	585
1779088258871617	204	588
1779088258871617	204	592
1779088258871618	204	595
1779088258871619	204	598
1779088258871619	204	601
1779088258871620	204	604
1779088258871620	204	608
1779088258871621	204	611
1779088258871622	204	615
1779088258871622	204	618
1779088258871623	204	622
1779088258871624	204	625
1779088258871624	204	628
1779088258871625	204	631
1779088258871625	204	634
1779088258871626	204	637
1779088258871626	204	642
1779088258871627	204	645
1779088258871628	204	648
1779088258871628	204	652
1779088258871629	204	655
1779088258871629	204	658
1779088258871630	204	661
1779088258871631	204	664
1779088258871631	204	667
1779088258881390	204	433
1779088258881391	204	456
1779088258881392	204	463
1779088258881392	204	469
1779088258881393	204	475
1779088258881393	204	482
1779088258881394	204	488
1779088258881394	204	494
1779088258881394	204	500
1779088258881395	204	506
1779088258881395	204	512
1779088258881395	204	518
1779088258881396	204	524
1779088258881396	204	531
1779088258881396	204	537
1779088258881397	204	543
1779088258881398	204	548
1779088258881398	204	553
1779088258881398	204	559
1779088258881399	204	565
1779088258881399	204	573
1779088258881399	204	579
1779088258881401	204	583
1779088258881401	204	589
1779088258881402	204	595
1779088258881402	204	601
1779088258881403	204	606
1779088258881403	204	612
1779088258881403	204	618
1779088258892128	204	412
1779088258892129	204	429
1779088258892129	204	436
1779088258892130	204	442
1779088258892130	204	447
1779088258892130	204	453
1779088258892131	204	459
1779088258892131	204	465
1779088258892132	204	471
1779088258892132	204	477
1779088258892132	204	483
1779088258892133	204	488
1779088258892133	204	494
1779088258892134	204	500
1779088258892134	204	506
1779088258892134	204	512
1779088258892135	204	517
1779088258892135	204	523
1779088258892136	204	529
1779088258892136	204	535
1779088258892136	204	540
1779088258892137	204	546
1779088258892138	204	552
1779088258892138	204	559
1779088258892138	204	565
1779088258892139	204	571
1779088258892139	204	577
1779088258892139	204	582
1779088258892140	204	588
1779088258892140	204	594
1779088258892141	204	600
1779088258892141	204	606
1779088258901849	204	439
1779088258901850	204	455
1779088258901850	204	462
1779088258901851	204	468
1779088258901851	204	474
1779088258901852	204	480
1779088258901852	204	487
1779088258901852	204	492
1779088258901853	204	498
1779088258901853	204	504
1779088258901853	204	510
1779088258901854	204	516
1779088258901854	204	523
1779088258901854	204	528
1779088258901855	204	534
1779088258901855	204	540
1779088258901855	204	546
1779088258901856	204	565
1779088258901856	204	571
1779088258901856	204	577
1779088258901857	204	583
1779088258901857	204	590
1779088258901857	204	596
1779088258901857	204	602
1779088258901858	204	608
1779088258901858	204	614
1779088258901858	204	620
1779088258901859	204	626
1779088258901859	204	633
1779088258901859	204	638
1779088258911603	204	367
1779088258911604	204	387
1779088258911604	204	392
1779088258911605	204	396
1779088258911605	204	399
1779088258911606	204	403
1779088258911606	204	406
1779088258911606	204	410
1779088258911607	204	413
1779088258911607	204	417
1779088258911607	204	420
1779088258911608	204	423
1779088258911608	204	427
1779088258911609	204	431
1779088258911609	204	435
1779088258911609	204	438
1779088258911610	204	441
1779088258911610	204	445
1779088258911611	204	448
1779088258911611	204	451
1779088258911611	204	456
1779088258911612	204	471
1779088258911612	204	476
1779088258911612	204	479
1779088258911613	204	494
1779088258911613	204	498
1779088258911613	204	502
1779088258911614	204	505
1779088258911614	204	509
1779088258921223	204	435
1779088258921224	204	463
1779088258921225	204	471
1779088258921225	204	478
1779088258921226	204	486
1779088258921226	204	493
1779088258921226	204	500
1779088258921227	204	507
1779088258921227	204	515
1779088258921228	204	522
1779088258921228	204	529
1779088258921228	204	537
1779088258921229	204	549
1779088258921229	204	556
1779088258921229	204	562
1779088258921230	204	570
1779088258921230	204	577
1779088258921230	204	584
1779088258921231	204	591
1779088258921231	204	598
1779088258921232	204	607
1779088258921232	204	613
1779088258921232	204	618
1779088258921233	204	621
1779088258921233	204	625
1779088258921233	204	628
1779088258921234	204	631
1779088258921234	204	634
1779088258921235	204	638
1779088258931969	204	477
1779088258931970	204	504
1779088258931970	204	512
1779088258931971	204	519
1779088258931971	204	526
1779088258931972	204	532
1779088258931972	204	539
1779088258931973	204	546
1779088258931973	204	552
1779088258931973	204	559
1779088258931974	204	565
1779088258931975	204	571
1779088258931976	204	577
1779088258931976	204	584
1779088258931976	204	591
1779088258931977	204	597
1779088258931977	204	604
1779088258931978	204	610
1779088258931978	204	616
1779088258931978	204	623
1779088258931979	204	630
1779088258931979	204	636
1779088258931979	204	643
1779088258931980	204	651
1779088258931980	204	658
1779088258931980	204	665
1779088258931981	204	671
1779088258931981	204	677
1779088258931981	204	682
1779088258931982	204	685
1779088258931982	204	689
1779088258931982	204	692
1779088258941771	204	434
1779088258941771	204	458
1779088258941772	204	466
1779088258941772	204	473
1779088258941773	204	480
1779088258941773	204	486
1779088258941774	204	493
1779088258941774	204	500
1779088258941774	204	507
1779088258941775	204	514
1779088258941775	204	520
1779088258941775	204	527
1779088258941776	204	534
1779088258941776	204	540
1779088258941776	204	547
1779088258941776	204	554
1779088258941777	204	560
1779088258941777	204	567
1779088258941777	204	574
1779088258941778	204	580
1779088258941778	204	589
1779088258941778	204	596
1779088258941779	204	602
1779088258941779	204	608
1779088258941779	204	614
1779088258941780	204	617
1779088258941780	204	620
1779088258941780	204	624
1779088258941781	204	627
1779088258951501	204	428
1779088258951502	204	453
1779088258951502	204	460
1779088258951503	204	467
1779088258951504	204	474
1779088258951504	204	481
1779088258951504	204	487
1779088258951505	204	494
1779088258951505	204	500
1779088258951505	204	507
1779088258951506	204	514
1779088258951506	204	521
1779088258951507	204	527
1779088258951507	204	534
1779088258951507	204	541
1779088258951508	204	548
1779088258951508	204	555
1779088258951508	204	561
1779088258951509	204	581
1779088258951509	204	588
1779088258951509	204	595
1779088258951510	204	603
1779088258951510	204	610
1779088258951510	204	615
1779088258951511	204	626
1779088258951512	204	628
1779088258951512	204	632
1779088258951513	204	635
1779088258951513	204	639
1779088258951513	204	642
1779088258961254	204	419
1779088258961256	204	440
1779088258961257	204	458
1779088258961257	204	462
1779088258961258	204	465
1779088258961259	204	468
1779088258961259	204	471
1779088258961260	204	474
1779088258961261	204	478
1779088258961261	204	481
1779088258961262	204	484
1779088258961262	204	488
1779088258961263	204	492
1779088258961263	204	495
1779088258961264	204	499
1779088258961264	204	502
1779088258961265	204	507
1779088258961265	204	511
1779088258961266	204	514
1779088258961266	204	517
1779088258961267	204	522
1779088258961268	204	525
1779088258961268	204	528
1779088258961269	204	531
1779088258961269	204	535
1779088258961270	204	538
1779088258961271	204	541
1779088258961271	204	544
1779088258961272	204	548
1779088258971906	204	364
1779088258971907	204	376
1779088258971907	204	380
1779088258971907	204	384
1779088258971908	204	387
1779088258971908	204	391
1779088258971908	204	394
1779088258971909	204	398
1779088258971909	204	401
1779088258971909	204	405
1779088258971909	204	409
1779088258971910	204	412
1779088258971910	204	416
1779088258971910	204	420
1779088258971911	204	423
1779088258971911	204	426
1779088258971911	204	430
1779088258971911	204	434
1779088258971912	204	437
1779088258971912	204	440
1779088258971912	204	444
1779088258971913	204	448
1779088258971913	204	451
1779088258971913	204	456
1779088258971913	204	459
1779088258971914	204	463
1779088258971914	204	466
1779088258971914	204	470
1779088258971915	204	473
1779088258971915	204	477
1779088258971916	204	480
1779088258971916	204	484
1779088258981489	204	395
1779088258981489	204	411
1779088258981490	204	415
1779088258981490	204	419
1779088258981491	204	423
1779088258981491	204	426
1779088258981492	204	430
1779088258981492	204	433
1779088258981492	204	437
1779088258981493	204	440
1779088258981493	204	444
1779088258981494	204	447
1779088258981494	204	451
1779088258981494	204	455
1779088258981495	204	458
1779088258981495	204	462
1779088258981495	204	465
1779088258981495	204	469
1779088258981496	204	472
1779088258981496	204	477
1779088258981496	204	481
1779088258981497	204	484
1779088258981497	204	488
1779088258981497	204	491
1779088258981498	204	495
1779088258981498	204	498
1779088258981498	204	502
1779088258981498	204	505
1779088258992094	204	507
1779088258992095	204	523
1779088258992095	204	527
1779088258992095	204	531
1779088258992096	204	534
1779088258992096	204	538
1779088258992096	204	542
1779088258992096	204	545
1779088258992097	204	554
1779088258992097	204	558
1779088258992097	204	561
1779088258992098	204	566
1779088258992098	204	572
1779088258992098	204	578
1779088258992098	204	585
1779088258992099	204	591
1779088258992099	204	597
1779088258992099	204	603
1779088258992100	204	609
1779088258992100	204	616
1779088258992100	204	622
1779088258992101	204	628
1779088258992101	204	635
1779088258992101	204	643
1779088258992102	204	649
1779088258992102	204	655
1779088258992102	204	661
1779088258992103	204	667
1779088258992103	204	672
1779088258992103	204	679
1779088258992104	204	684
1779088258992104	204	690
1779088259001898	204	399
1779088259001899	204	413
1779088259001899	204	417
1779088259001899	204	421
1779088259001900	204	425
1779088259001900	204	428
1779088259001900	204	432
1779088259001901	204	435
1779088259001901	204	439
1779088259001901	204	443
1779088259001902	204	446
1779088259001903	204	450
1779088259001903	204	453
1779088259001903	204	457
1779088259001904	204	460
1779088259001904	204	464
1779088259001904	204	467
1779088259001904	204	471
1779088259001905	204	475
1779088259001905	204	478
1779088259001905	204	482
1779088259001906	204	486
1779088259001906	204	490
1779088259001906	204	493
1779088259001907	204	497
1779088259001907	204	500
1779088259001907	204	504
1779088259001907	204	507
1779088259001908	204	511
1779088259001908	204	514
1779088259011511	204	379
1779088259011511	204	393
1779088259011512	204	397
1779088259011512	204	401
1779088259011512	204	404
1779088259011513	204	408
1779088259011513	204	411
1779088259011513	204	415
1779088259011514	204	419
1779088259011514	204	422
1779088259011514	204	426
1779088259011515	204	429
1779088259011515	204	433
1779088259011515	204	436
1779088259011516	204	440
1779088259011516	204	453
1779088259011516	204	457
1779088259011517	204	461
1779088259011517	204	464
1779088259011517	204	467
1779088259011518	204	472
1779088259011518	204	475
1779088259011518	204	479
1779088259011519	204	482
1779088259011519	204	486
1779088259011519	204	489
1779088259011520	204	492
1779088259011520	204	496
1779088259011520	204	499
1779088259022096	204	343
1779088259022096	204	354
1779088259022097	204	358
1779088259022097	204	362
1779088259022097	204	366
1779088259022098	204	369
1779088259022098	204	373
1779088259022098	204	376
1779088259022099	204	380
1779088259022099	204	384
1779088259022099	204	387
1779088259022099	204	391
1779088259022100	204	396
1779088259022100	204	400
1779088259022100	204	403
1779088259022101	204	407
1779088259022101	204	410
1779088259022101	204	414
1779088259022102	204	417
1779088259022102	204	425
1779088259022102	204	429
1779088259022102	204	432
1779088259022103	204	437
1779088259022103	204	441
1779088259022103	204	444
1779088259022103	204	447
1779088259022104	204	451
1779088259022104	204	454
1779088259022105	204	457
1779088259022106	204	460
1779088259022106	204	464
1779088259031654	204	374
1779088259031655	204	389
1779088259031655	204	393
1779088259031655	204	397
1779088259031656	204	400
1779088259031656	204	404
1779088259031656	204	407
1779088259031657	204	411
1779088259031657	204	425
1779088259031657	204	429
1779088259031658	204	433
1779088259031658	204	436
1779088259031658	204	440
1779088259031659	204	443
1779088259031659	204	447
1779088259031660	204	450
1779088259031660	204	454
1779088259031660	204	457
1779088259031661	204	461
1779088259031661	204	464
1779088259031661	204	469
1779088259031662	204	472
1779088259031662	204	475
1779088259031663	204	478
1779088259031663	204	482
1779088259031663	204	485
1779088259031664	204	489
1779088259031664	204	492
1779088259031664	204	495
1779088259041247	204	502
1779088259041248	204	516
1779088259041248	204	520
1779088259041249	204	523
1779088259041249	204	527
1779088259041250	204	530
1779088259041250	204	534
1779088259041251	204	537
1779088259041251	204	541
1779088259041252	204	544
1779088259041252	204	548
1779088259041253	204	551
1779088259041254	204	554
1779088259041254	204	558
1779088259041255	204	561
1779088259041255	204	567
1779088259041256	204	582
1779088259041256	204	587
1779088259041257	204	590
1779088259041257	204	594
1779088259041258	204	598
1779088259041258	204	601
1779088259041259	204	605
1779088259041259	204	608
1779088259041260	204	613
1779088259041260	204	625
1779088259041261	204	629
1779088259041261	204	633
1779088259041262	204	636
1779088259051974	204	386
1779088259051975	204	398
1779088259051975	204	402
1779088259051976	204	406
1779088259051976	204	409
1779088259051976	204	413
1779088259051977	204	416
1779088259051977	204	420
1779088259051977	204	424
1779088259051977	204	428
1779088259051978	204	431
1779088259051978	204	435
1779088259051978	204	438
1779088259051978	204	442
1779088259051979	204	445
1779088259051979	204	449
1779088259051979	204	452
1779088259051980	204	456
1779088259051980	204	460
1779088259051980	204	463
1779088259051980	204	467
1779088259051981	204	470
1779088259051981	204	474
1779088259051981	204	478
1779088259051981	204	482
1779088259051982	204	485
1779088259051982	204	489
1779088259051982	204	492
1779088259051983	204	496
1779088259051983	204	499
1779088259051983	204	503
1779088259051984	204	506
1779088259061582	204	393
1779088259061582	204	408
1779088259061583	204	412
1779088259061583	204	416
1779088259061584	204	419
1779088259061584	204	423
1779088259061584	204	426
1779088259061585	204	430
1779088259061585	204	433
1779088259061585	204	437
1779088259061586	204	441
1779088259061586	204	444
1779088259061587	204	448
1779088259061587	204	451
1779088259061587	204	455
1779088259061588	204	458
1779088259061588	204	462
1779088259061588	204	465
1779088259061589	204	469
1779088259061589	204	472
1779088259061589	204	477
1779088259061590	204	507
1779088259061590	204	511
1779088259061590	204	515
1779088259061590	204	518
1779088259061591	204	521
1779088259061591	204	525
1779088259061591	204	528
1779088259061592	204	532
1779088259071219	204	473
1779088259071220	204	485
1779088259071220	204	489
1779088259071220	204	493
1779088259071221	204	497
1779088259071221	204	500
1779088259071221	204	504
1779088259071221	204	507
1779088259071222	204	511
1779088259071222	204	515
1779088259071222	204	518
1779088259071223	204	522
1779088259071223	204	528
1779088259071223	204	544
1779088259071224	204	549
1779088259071224	204	553
1779088259071225	204	556
1779088259071225	204	560
1779088259071225	204	563
1779088259071226	204	567
1779088259071226	204	573
1779088259071226	204	585
1779088259071227	204	589
1779088259071227	204	593
1779088259071227	204	596
1779088259071227	204	602
1779088259071228	204	613
1779088259071228	204	617
1779088259071228	204	621
1779088259081930	204	422
1779088259081930	204	438
1779088259081931	204	443
1779088259081931	204	446
1779088259081931	204	450
1779088259081932	204	453
1779088259081932	204	457
1779088259081932	204	460
1779088259081933	204	464
1779088259081933	204	468
1779088259081933	204	471
1779088259081934	204	475
1779088259081934	204	478
1779088259081934	204	482
1779088259081935	204	486
1779088259081935	204	489
1779088259081935	204	493
1779088259081936	204	496
1779088259081936	204	500
1779088259081936	204	503
1779088259081937	204	506
1779088259081937	204	510
1779088259081937	204	514
1779088259081937	204	518
1779088259081938	204	522
1779088259081938	204	525
1779088259081938	204	529
1779088259081939	204	533
1779088259081939	204	536
1779088259081939	204	540
1779088259081940	204	543
1779088259081940	204	546
1779088259091577	204	376
1779088259091578	204	391
1779088259091578	204	395
1779088259091579	204	399
1779088259091579	204	402
1779088259091579	204	406
1779088259091580	204	409
1779088259091580	204	412
1779088259091580	204	416
1779088259091581	204	420
1779088259091581	204	424
1779088259091581	204	427
1779088259091582	204	430
1779088259091582	204	438
1779088259091582	204	441
1779088259091583	204	445
1779088259091583	204	448
1779088259091584	204	452
1779088259091584	204	456
1779088259091584	204	459
1779088259091585	204	463
1779088259091585	204	467
1779088259091585	204	471
1779088259091586	204	474
1779088259091586	204	477
1779088259091586	204	481
1779088259091587	204	484
1779088259091587	204	500
1779088259091587	204	504
1779088259102181	204	392
1779088259102182	204	407
1779088259102183	204	413
1779088259102183	204	416
1779088259102183	204	420
1779088259102184	204	424
1779088259102184	204	427
1779088259102184	204	431
1779088259102185	204	434
1779088259102185	204	438
1779088259102185	204	441
1779088259102186	204	445
1779088259102186	204	449
1779088259102186	204	452
1779088259102187	204	456
1779088259102187	204	459
1779088259102187	204	463
1779088259102188	204	466
1779088259102188	204	469
1779088259102188	204	473
1779088259102189	204	476
1779088259102189	204	480
1779088259102189	204	483
1779088259102190	204	488
1779088259102190	204	491
1779088259102190	204	495
1779088259102190	204	498
1779088259102191	204	502
1779088259102191	204	505
1779088259102191	204	509
1779088259102192	204	512
1779088259102192	204	515
1779088259111794	204	414
1779088259111795	204	428
1779088259111795	204	432
1779088259111795	204	436
1779088259111796	204	440
1779088259111796	204	443
1779088259111796	204	447
1779088259111797	204	451
1779088259111797	204	454
1779088259111797	204	458
1779088259111798	204	461
1779088259111798	204	465
1779088259111798	204	469
1779088259111798	204	472
1779088259111799	204	476
1779088259111799	204	479
1779088259111799	204	483
1779088259111800	204	486
1779088259111800	204	490
1779088259111800	204	494
1779088259111801	204	498
1779088259111801	204	501
1779088259111801	204	505
1779088259111802	204	508
1779088259111802	204	512
1779088259111802	204	516
1779088259111802	204	519
1779088259111803	204	523
1779088259121415	204	521
1779088259121416	204	539
1779088259121416	204	544
1779088259121416	204	547
1779088259121418	204	550
1779088259121418	204	554
1779088259121418	204	557
1779088259121419	204	561
1779088259121419	204	565
1779088259121419	204	569
1779088259121420	204	572
1779088259121420	204	576
1779088259121421	204	580
1779088259121421	204	584
1779088259121421	204	596
1779088259121421	204	600
1779088259121422	204	604
1779088259121422	204	607
1779088259121422	204	611
1779088259121423	204	615
1779088259121423	204	620
1779088259121423	204	623
1779088259121424	204	627
1779088259121424	204	630
1779088259121424	204	637
1779088259121425	204	683
1779088259121425	204	693
1779088259121425	204	698
1779088259121426	204	701
1779088259131206	204	370
1779088259131207	204	382
1779088259131207	204	386
1779088259131207	204	390
1779088259131208	204	394
1779088259131208	204	397
1779088259131208	204	401
1779088259131209	204	405
1779088259131209	204	408
1779088259131209	204	412
1779088259131210	204	415
1779088259131210	204	419
1779088259131210	204	423
1779088259131210	204	426
1779088259131211	204	430
1779088259131211	204	434
1779088259131211	204	437
1779088259131212	204	441
1779088259131212	204	444
1779088259131212	204	448
1779088259131212	204	452
1779088259131213	204	456
1779088259131213	204	460
1779088259131213	204	463
1779088259131214	204	467
1779088259131214	204	470
1779088259131214	204	473
1779088259131215	204	477
1779088259131215	204	480
1779088259131215	204	484
1779088259141784	204	417
1779088259141784	204	431
1779088259141785	204	437
1779088259141785	204	441
1779088259141785	204	444
1779088259141786	204	448
1779088259141786	204	451
1779088259141786	204	455
1779088259141787	204	458
1779088259141787	204	462
1779088259141787	204	465
1779088259141788	204	469
1779088259141788	204	473
1779088259141788	204	477
1779088259141789	204	480
1779088259141789	204	484
1779088259141789	204	487
1779088259141789	204	491
1779088259141790	204	494
1779088259141790	204	498
1779088259141790	204	501
1779088259141791	204	504
1779088259141792	204	509
1779088259141792	204	512
1779088259141792	204	516
1779088259141793	204	519
1779088259141793	204	522
1779088259141793	204	526
1779088259141794	204	529
1779088259141794	204	532
1779088259141794	204	536
1779088259151416	204	327
1779088259151416	204	339
1779088259151417	204	343
1779088259151417	204	347
1779088259151417	204	350
1779088259151417	204	354
1779088259151418	204	358
1779088259151418	204	361
1779088259151418	204	365
1779088259151419	204	369
1779088259151419	204	372
1779088259151419	204	376
1779088259151419	204	379
1779088259151420	204	383
1779088259151420	204	386
1779088259151420	204	390
1779088259151421	204	394
1779088259151421	204	397
1779088259151421	204	401
1779088259151421	204	404
1779088259151422	204	409
1779088259151422	204	412
1779088259151422	204	416
1779088259151422	204	419
1779088259151423	204	423
1779088259151423	204	426
1779088259151423	204	430
1779088259151424	204	434
1779088259151424	204	438
1779088259161950	204	433
1779088259161950	204	449
1779088259161950	204	454
1779088259161951	204	457
1779088259161951	204	461
1779088259161951	204	465
1779088259161952	204	468
1779088259161952	204	471
1779088259161953	204	475
1779088259161953	204	478
1779088259161953	204	487
1779088259161954	204	490
1779088259161954	204	494
1779088259161954	204	498
1779088259161955	204	501
1779088259161955	204	505
1779088259161955	204	508
1779088259161956	204	512
1779088259161956	204	515
1779088259161956	204	519
1779088259161957	204	522
1779088259161957	204	526
1779088259161957	204	529
1779088259161958	204	534
1779088259161958	204	537
1779088259161958	204	541
1779088259161959	204	544
1779088259161959	204	547
1779088259161959	204	551
1779088259161960	204	554
1779088259161960	204	557
1779088259161961	204	561
1779088259171611	204	412
1779088259171611	204	428
1779088259171612	204	432
1779088259171612	204	436
1779088259171613	204	440
1779088259171613	204	444
1779088259171613	204	447
1779088259171614	204	451
1779088259171614	204	455
1779088259171614	204	471
1779088259171615	204	475
1779088259171615	204	479
1779088259171615	204	483
1779088259171616	204	486
1779088259171616	204	490
1779088259171616	204	493
1779088259171617	204	497
1779088259171617	204	500
1779088259171617	204	504
1779088259171618	204	507
1779088259171618	204	512
1779088259171618	204	515
1779088259171619	204	519
1779088259171619	204	522
1779088259171619	204	525
1779088259171620	204	529
1779088259171620	204	540
1779088259171620	204	544
1779088259171621	204	547
1779088259181257	204	330
1779088259181257	204	342
1779088259181258	204	347
1779088259181258	204	350
1779088259181258	204	354
1779088259181258	204	357
1779088259181259	204	361
1779088259181259	204	364
1779088259181259	204	368
1779088259181260	204	372
1779088259181260	204	375
1779088259181260	204	379
1779088259181260	204	382
1779088259181261	204	386
1779088259181261	204	389
1779088259181261	204	393
1779088259181262	204	396
1779088259181262	204	400
1779088259181262	204	403
1779088259181263	204	407
1779088259181263	204	411
1779088259181263	204	415
1779088259181263	204	418
1779088259181264	204	421
1779088259181264	204	425
1779088259181264	204	428
1779088259181265	204	432
1779088259181265	204	435
1779088259181265	204	439
1779088259191794	204	424
1779088259191794	204	440
1779088259191795	204	445
1779088259191795	204	449
1779088259191795	204	453
1779088259191796	204	456
1779088259191796	204	460
1779088259191797	204	463
1779088259191797	204	466
1779088259191798	204	470
1779088259191798	204	473
1779088259191799	204	477
1779088259191799	204	480
1779088259191799	204	483
1779088259191800	204	487
1779088259191800	204	491
1779088259191801	204	494
1779088259191801	204	498
1779088259191801	204	501
1779088259191802	204	504
1779088259191802	204	508
1779088259191802	204	511
1779088259191803	204	520
1779088259191803	204	524
1779088259191803	204	527
1779088259191804	204	531
1779088259191804	204	534
1779088259191804	204	537
1779088259191804	204	541
1779088259191805	204	544
1779088259191805	204	548
1779088259201451	204	477
1779088259201452	204	504
1779088259201453	204	511
1779088259201454	204	517
1779088259201455	204	523
1779088259201455	204	528
1779088259201456	204	534
1779088259201457	204	539
1779088259201457	204	545
1779088259201458	204	550
1779088259201459	204	555
1779088259201459	204	560
1779088259201460	204	565
1779088259201461	204	570
1779088259201461	204	575
1779088259201462	204	580
1779088259201462	204	586
1779088259201463	204	591
1779088259201463	204	596
1779088259201464	204	602
1779088259201465	204	647
1779088259201465	204	654
1779088259201466	204	659
1779088259201466	204	665
1779088259201467	204	670
1779088259201468	204	675
1779088259201468	204	680
1779088259201469	204	685
1779088259201470	204	690
1779088259211271	204	362
1779088259211272	204	378
1779088259211272	204	383
1779088259211273	204	386
1779088259211274	204	390
1779088259211275	204	393
1779088259211275	204	396
1779088259211276	204	399
1779088259211276	204	403
1779088259211277	204	407
1779088259211277	204	411
1779088259211278	204	414
1779088259211278	204	418
1779088259211279	204	421
1779088259211279	204	424
1779088259211280	204	428
1779088259211280	204	431
1779088259211281	204	434
1779088259211281	204	438
1779088259211281	204	441
1779088259211282	204	444
1779088259211282	204	449
1779088259211283	204	452
1779088259211284	204	455
1779088259211284	204	458
1779088259211285	204	462
1779088259211285	204	465
1779088259211286	204	469
1779088259211286	204	472
1779088259211287	204	475
1779088259221861	204	427
1779088259221862	204	444
1779088259221862	204	449
1779088259221863	204	453
1779088259221863	204	457
1779088259221864	204	460
1779088259221864	204	464
1779088259221864	204	467
1779088259221865	204	471
1779088259221865	204	474
1779088259221865	204	478
1779088259221866	204	481
1779088259221866	204	485
1779088259221866	204	489
1779088259221867	204	492
1779088259221867	204	496
1779088259221867	204	499
1779088259221868	204	503
1779088259221868	204	506
1779088259221868	204	509
1779088259221869	204	513
1779088259221869	204	516
1779088259221870	204	520
1779088259221870	204	524
1779088259221870	204	528
1779088259221871	204	531
1779088259221871	204	535
1779088259221871	204	538
1779088259221872	204	541
1779088259221872	204	545
1779088259221872	204	548
1779088259221873	204	552
1779088259231513	204	316
1779088259231513	204	329
1779088259231513	204	338
1779088259231513	204	342
1779088259231514	204	345
1779088259231514	204	349
1779088259231514	204	352
1779088259231515	204	356
1779088259231515	204	359
1779088259231515	204	363
1779088259231515	204	376
1779088259231516	204	380
1779088259231516	204	383
1779088259231516	204	387
1779088259231517	204	390
1779088259231517	204	393
1779088259231517	204	397
1779088259231518	204	400
1779088259231518	204	404
1779088259231518	204	407
1779088259231518	204	412
1779088259231519	204	415
1779088259231519	204	419
1779088259231519	204	422
1779088259231520	204	426
1779088259231520	204	429
1779088259231520	204	433
1779088259231520	204	437
1779088259231521	204	440
1779088259242052	204	391
1779088259242052	204	408
1779088259242053	204	413
1779088259242053	204	416
1779088259242054	204	420
1779088259242054	204	424
1779088259242054	204	427
1779088259242055	204	430
1779088259242055	204	434
1779088259242055	204	437
1779088259242056	204	441
1779088259242056	204	444
1779088259242056	204	449
1779088259242057	204	452
1779088259242057	204	456
1779088259242057	204	459
1779088259242058	204	463
1779088259242058	204	466
1779088259242058	204	469
1779088259242059	204	473
1779088259242059	204	476
1779088259242059	204	480
1779088259242060	204	484
1779088259242060	204	487
1779088259242061	204	491
1779088259242061	204	494
1779088259242061	204	498
1779088259242062	204	501
1779088259242062	204	504
1779088259242062	204	507
1779088259242063	204	511
1779088259251672	204	383
1779088259251672	204	400
1779088259251673	204	417
1779088259251674	204	421
1779088259251674	204	424
1779088259251674	204	428
1779088259251675	204	431
1779088259251675	204	434
1779088259251675	204	438
1779088259251676	204	442
1779088259251676	204	445
1779088259251677	204	449
1779088259251677	204	453
1779088259251677	204	456
1779088259251678	204	460
1779088259251678	204	463
1779088259251678	204	466
1779088259251679	204	470
1779088259251679	204	473
1779088259251680	204	476
1779088259251680	204	481
1779088259251680	204	484
1779088259251681	204	487
1779088259251681	204	491
1779088259251682	204	494
1779088259251682	204	498
1779088259251682	204	501
1779088259251683	204	504
1779088259251683	204	508
1779088259261279	204	337
1779088259261280	204	352
1779088259261280	204	357
1779088259261280	204	360
1779088259261281	204	364
1779088259261281	204	368
1779088259261281	204	372
1779088259261281	204	375
1779088259261282	204	379
1779088259261283	204	381
1779088259261283	204	385
1779088259261283	204	389
1779088259261284	204	392
1779088259261284	204	396
1779088259261284	204	399
1779088259261285	204	403
1779088259261285	204	415
1779088259261285	204	419
1779088259261285	204	423
1779088259261286	204	426
1779088259261286	204	431
1779088259261287	204	434
1779088259261287	204	438
1779088259261287	204	441
1779088259261287	204	445
1779088259261288	204	448
1779088259261288	204	452
1779088259261288	204	455
1779088259261289	204	458
1779088259271844	204	421
1779088259271845	204	437
1779088259271845	204	442
1779088259271846	204	446
1779088259271846	204	449
1779088259271847	204	452
1779088259271847	204	456
1779088259271848	204	459
1779088259271848	204	463
1779088259271848	204	466
1779088259271849	204	469
1779088259271849	204	473
1779088259271849	204	477
1779088259271849	204	481
1779088259271850	204	484
1779088259271850	204	488
1779088259271851	204	491
1779088259271851	204	495
1779088259271851	204	498
1779088259271851	204	501
1779088259271852	204	505
1779088259271852	204	509
1779088259271852	204	512
1779088259271853	204	517
1779088259271853	204	520
1779088259271853	204	524
1779088259271854	204	527
1779088259271854	204	530
1779088259271854	204	534
1779088259271855	204	537
1779088259271855	204	540
1779088259271856	204	543
1779088259281494	204	540
1779088259281495	204	558
1779088259281496	204	563
1779088259281497	204	566
1779088259281497	204	570
1779088259281498	204	611
1779088259281498	204	618
1779088259281499	204	622
1779088259281499	204	625
1779088259281500	204	629
1779088259281501	204	633
1779088259281501	204	637
1779088259281502	204	640
1779088259281502	204	644
1779088259281503	204	648
1779088259281503	204	654
1779088259281504	204	660
1779088259281504	204	665
1779088259281505	204	671
1779088259281506	204	678
1779088259281506	204	684
1779088259281507	204	690
1779088259281507	204	693
1779088259281510	204	694
1779088259281510	204	707
1779088259281511	204	711
1779088259281512	204	714
1779088259281512	204	717
1779088259291318	204	375
1779088259291318	204	393
1779088259291319	204	398
1779088259291319	204	402
1779088259291319	204	406
1779088259291320	204	409
1779088259291320	204	413
1779088259291320	204	416
1779088259291320	204	421
1779088259291321	204	425
1779088259291321	204	428
1779088259291321	204	432
1779088259291322	204	436
1779088259291322	204	439
1779088259291322	204	443
1779088259291322	204	447
1779088259291323	204	450
1779088259291323	204	454
1779088259291323	204	457
1779088259291324	204	461
1779088259291324	204	464
1779088259291324	204	469
1779088259291325	204	473
1779088259291325	204	476
1779088259291325	204	480
1779088259291325	204	483
1779088259291326	204	487
1779088259291326	204	490
1779088259291326	204	494
1779088259291327	204	501
1779088259301928	204	436
1779088259301929	204	452
1779088259301929	204	456
1779088259301930	204	459
1779088259301930	204	463
1779088259301930	204	467
1779088259301931	204	470
1779088259301931	204	474
1779088259301931	204	477
1779088259301931	204	481
1779088259301932	204	485
1779088259301932	204	488
1779088259301932	204	492
1779088259301933	204	496
1779088259301933	204	499
1779088259301933	204	503
1779088259301934	204	506
1779088259301934	204	510
1779088259301934	204	513
1779088259301935	204	517
1779088259301935	204	520
1779088259301935	204	523
1779088259301936	204	527
1779088259301936	204	532
1779088259301936	204	535
1779088259301937	204	538
1779088259301937	204	542
1779088259301937	204	545
1779088259301938	204	549
1779088259301938	204	552
1779088259301938	204	556
1779088259301939	204	560
1779088259311583	204	346
1779088259311584	204	359
1779088259311584	204	363
1779088259311585	204	367
1779088259311585	204	370
1779088259311585	204	374
1779088259311585	204	378
1779088259311586	204	381
1779088259311586	204	385
1779088259311586	204	388
1779088259311587	204	392
1779088259311587	204	395
1779088259311587	204	399
1779088259311587	204	402
1779088259311588	204	406
1779088259311588	204	409
1779088259311588	204	413
1779088259311589	204	417
1779088259311589	204	420
1779088259311589	204	424
1779088259311589	204	428
1779088259311590	204	432
1779088259311590	204	435
1779088259311590	204	439
1779088259311591	204	442
1779088259311591	204	446
1779088259311591	204	449
1779088259311592	204	452
1779088259311592	204	456
1779088259322102	204	394
1779088259322103	204	408
1779088259322103	204	413
1779088259322103	204	416
1779088259322104	204	420
1779088259322104	204	423
1779088259322104	204	427
1779088259322105	204	430
1779088259322105	204	434
1779088259322105	204	437
1779088259322106	204	441
1779088259322106	204	444
1779088259322106	204	448
1779088259322107	204	451
1779088259322107	204	455
1779088259322107	204	458
1779088259322108	204	462
1779088259322108	204	465
1779088259322108	204	469
1779088259322109	204	472
1779088259322109	204	476
1779088259322109	204	479
1779088259322109	204	484
1779088259322110	204	487
1779088259322110	204	491
1779088259322110	204	494
1779088259322111	204	497
1779088259322111	204	501
1779088259322111	204	504
1779088259322112	204	508
1779088259322112	204	511
1779088259331711	204	418
1779088259331712	204	432
1779088259331712	204	436
1779088259331713	204	439
1779088259331713	204	443
1779088259331713	204	446
1779088259331714	204	451
1779088259331714	204	454
1779088259331714	204	458
1779088259331715	204	462
1779088259331715	204	469
1779088259331716	204	472
1779088259331716	204	476
1779088259331717	204	479
1779088259331717	204	483
1779088259331717	204	486
1779088259331718	204	489
1779088259331718	204	493
1779088259331718	204	496
1779088259331719	204	500
1779088259331719	204	504
1779088259331719	204	508
1779088259331720	204	511
1779088259331720	204	514
1779088259331720	204	518
1779088259331721	204	521
1779088259331721	204	525
1779088259331721	204	528
1779088259331722	204	532
1779088259341341	204	368
1779088259341341	204	387
1779088259341342	204	394
1779088259341342	204	400
1779088259341342	204	406
1779088259341342	204	412
1779088259341343	204	418
1779088259341343	204	424
1779088259341343	204	430
1779088259341344	204	448
1779088259341344	204	454
1779088259341344	204	461
1779088259341345	204	467
1779088259341345	204	473
1779088259341345	204	480
1779088259341345	204	485
1779088259341346	204	491
1779088259341346	204	497
1779088259341346	204	502
1779088259341347	204	508
1779088259341347	204	516
1779088259341347	204	522
1779088259341348	204	528
1779088259341348	204	534
1779088259341348	204	540
1779088259341348	204	546
1779088259341349	204	552
1779088259341349	204	558
1779088259341349	204	564
1779088259352012	204	432
1779088259352012	204	449
1779088259352013	204	453
1779088259352013	204	457
1779088259352013	204	460
1779088259352014	204	464
1779088259352014	204	467
1779088259352014	204	471
1779088259352015	204	474
1779088259352015	204	478
1779088259352015	204	482
1779088259352016	204	486
1779088259352016	204	489
1779088259352016	204	493
1779088259352017	204	497
1779088259352017	204	500
1779088259352017	204	504
1779088259352018	204	507
1779088259352018	204	511
1779088259352018	204	514
1779088259352019	204	518
1779088259352019	204	521
1779088259352019	204	525
1779088259352020	204	529
1779088259352020	204	533
1779088259352020	204	536
1779088259352020	204	539
1779088259352021	204	543
1779088259352021	204	546
1779088259352023	204	549
1779088259352023	204	552
1779088259352023	204	555
1779088259361675	204	586
1779088259361677	204	607
1779088259361678	204	612
1779088259361678	204	615
1779088259361679	204	619
1779088259361680	204	622
1779088259361680	204	626
1779088259361681	204	629
1779088259361681	204	632
1779088259361682	204	636
1779088259361683	204	639
1779088259361683	204	642
1779088259361684	204	646
1779088259361684	204	649
1779088259361685	204	652
1779088259361685	204	658
1779088259361686	204	678
1779088259361686	204	682
1779088259361687	204	685
1779088259361688	204	688
1779088259361688	204	693
1779088259361689	204	696
1779088259361690	204	704
1779088259361690	204	708
1779088259361691	204	711
1779088259361691	204	714
1779088259361692	204	718
1779088259361693	204	721
1779088259361693	204	724
1779088259371495	204	369
1779088259371495	204	381
1779088259371495	204	385
1779088259371495	204	389
1779088259371496	204	393
1779088259371496	204	396
1779088259371496	204	400
1779088259371497	204	403
1779088259371497	204	407
1779088259371497	204	411
1779088259371497	204	415
1779088259371498	204	419
1779088259371498	204	423
1779088259371498	204	426
1779088259371499	204	430
1779088259371499	204	434
1779088259371499	204	438
1779088259371499	204	441
1779088259371500	204	445
1779088259371500	204	448
1779088259371500	204	452
1779088259371501	204	456
1779088259371501	204	460
1779088259371501	204	463
1779088259371502	204	467
1779088259371502	204	470
1779088259371502	204	474
1779088259371503	204	477
1779088259371503	204	481
1779088259371503	204	485
1779088259382100	204	405
1779088259382101	204	423
1779088259382101	204	428
1779088259382101	204	431
1779088259382102	204	435
1779088259382102	204	439
1779088259382103	204	442
1779088259382103	204	445
1779088259382103	204	449
1779088259382104	204	452
1779088259382104	204	456
1779088259382104	204	459
1779088259382105	204	463
1779088259382105	204	467
1779088259382105	204	470
1779088259382106	204	474
1779088259382106	204	477
1779088259382106	204	481
1779088259382107	204	484
1779088259382107	204	487
1779088259382107	204	491
1779088259382108	204	494
1779088259382108	204	499
1779088259382108	204	503
1779088259382109	204	506
1779088259382109	204	509
1779088259382109	204	513
1779088259382110	204	517
1779088259382110	204	520
1779088259382110	204	523
1779088259382111	204	527
1779088259391723	204	347
1779088259391723	204	375
1779088259391723	204	379
1779088259391724	204	383
1779088259391724	204	387
1779088259391724	204	390
1779088259391725	204	394
1779088259391725	204	397
1779088259391725	204	401
1779088259391726	204	404
1779088259391726	204	408
1779088259391726	204	411
1779088259391726	204	415
1779088259391727	204	419
1779088259391727	204	422
1779088259391727	204	425
1779088259391728	204	429
1779088259391728	204	432
1779088259391728	204	436
1779088259391728	204	439
1779088259391729	204	444
1779088259391729	204	447
1779088259391729	204	461
1779088259391730	204	464
1779088259391730	204	468
1779088259391730	204	471
1779088259391731	204	475
1779088259391731	204	478
1779088259391731	204	482
1779088259401305	204	375
1779088259401306	204	390
1779088259401306	204	394
1779088259401306	204	398
1779088259401307	204	402
1779088259401307	204	410
1779088259401307	204	414
1779088259401308	204	417
1779088259401308	204	421
1779088259401309	204	425
1779088259401309	204	429
1779088259401309	204	432
1779088259401309	204	436
1779088259401310	204	439
1779088259401310	204	443
1779088259401310	204	446
1779088259401311	204	449
1779088259401312	204	453
1779088259401312	204	456
1779088259401313	204	459
1779088259401313	204	464
1779088259401313	204	468
1779088259401314	204	471
1779088259401314	204	475
1779088259401314	204	478
1779088259401315	204	481
1779088259401315	204	485
1779088259401315	204	488
1779088259401316	204	492
1779088259411896	204	458
1779088259411897	204	472
1779088259411897	204	476
1779088259411898	204	480
1779088259411898	204	483
1779088259411898	204	487
1779088259411898	204	490
1779088259411899	204	494
1779088259411899	204	498
1779088259411899	204	501
1779088259411900	204	505
1779088259411900	204	508
1779088259411900	204	512
1779088259411901	204	516
1779088259411901	204	519
1779088259411901	204	523
1779088259411902	204	526
1779088259411902	204	530
1779088259411902	204	533
1779088259411903	204	537
1779088259411903	204	540
1779088259411904	204	544
1779088259411904	204	547
1779088259411904	204	552
1779088259411905	204	555
1779088259411905	204	559
1779088259411905	204	562
1779088259411905	204	566
1779088259411906	204	569
1779088259411906	204	573
1779088259411907	204	577
1779088259411907	204	580
1779088259421576	204	338
1779088259421577	204	351
1779088259421577	204	355
1779088259421577	204	359
1779088259421577	204	362
1779088259421578	204	366
1779088259421578	204	369
1779088259421578	204	373
1779088259421579	204	376
1779088259421579	204	380
1779088259421579	204	384
1779088259421580	204	387
1779088259421580	204	391
1779088259421580	204	394
1779088259421580	204	398
1779088259421581	204	401
1779088259421581	204	405
1779088259421581	204	409
1779088259421582	204	413
1779088259421582	204	416
1779088259421582	204	421
1779088259421583	204	424
1779088259421583	204	428
1779088259421583	204	432
1779088259421583	204	435
1779088259421584	204	439
1779088259421584	204	443
1779088259421584	204	447
1779088259421585	204	450
1779088259432122	204	381
1779088259432123	204	395
1779088259432123	204	400
1779088259432124	204	404
1779088259432124	204	407
1779088259432124	204	411
1779088259432124	204	414
1779088259432125	204	418
1779088259432125	204	422
1779088259432126	204	426
1779088259432126	204	429
1779088259432126	204	433
1779088259432127	204	436
1779088259432127	204	440
1779088259432127	204	444
1779088259432128	204	447
1779088259432128	204	450
1779088259432128	204	454
1779088259432129	204	462
1779088259432129	204	465
1779088259432129	204	468
1779088259432130	204	472
1779088259432130	204	477
1779088259432130	204	480
1779088259432130	204	483
1779088259432131	204	487
1779088259432131	204	490
1779088259432132	204	493
1779088259432132	204	497
1779088259432132	204	500
1779088259432132	204	504
1779088259441723	204	458
1779088259441724	204	472
1779088259441724	204	477
1779088259441725	204	481
1779088259441725	204	484
1779088259441726	204	487
1779088259441726	204	491
1779088259441727	204	494
1779088259441728	204	497
1779088259441728	204	501
1779088259441729	204	504
1779088259441729	204	507
1779088259441730	204	511
1779088259441730	204	514
1779088259441731	204	517
1779088259441731	204	521
1779088259441732	204	524
1779088259441733	204	527
1779088259441733	204	530
1779088259441734	204	534
1779088259441734	204	538
1779088259441735	204	541
1779088259441735	204	545
1779088259441736	204	548
1779088259441736	204	551
1779088259441737	204	554
1779088259441738	204	558
1779088259441738	204	561
1779088259441739	204	564
1779088259451387	204	348
1779088259451387	204	361
1779088259451388	204	366
1779088259451388	204	369
1779088259451389	204	372
1779088259451389	204	376
1779088259451389	204	379
1779088259451390	204	393
1779088259451390	204	397
1779088259451390	204	402
1779088259451391	204	406
1779088259451391	204	409
1779088259451391	204	413
1779088259451392	204	416
1779088259451392	204	420
1779088259451392	204	423
1779088259451392	204	427
1779088259451393	204	430
1779088259451393	204	434
1779088259451393	204	438
1779088259451394	204	445
1779088259451394	204	448
1779088259451394	204	452
1779088259451394	204	455
1779088259451395	204	458
1779088259451395	204	462
1779088259451395	204	465
1779088259451396	204	469
1779088259451396	204	472
1779088259461955	204	397
1779088259461956	204	413
1779088259461956	204	418
1779088259461957	204	422
1779088259461957	204	425
1779088259461957	204	429
1779088259461958	204	432
1779088259461958	204	436
1779088259461958	204	439
1779088259461959	204	443
1779088259461959	204	446
1779088259461959	204	450
1779088259461960	204	453
1779088259461960	204	457
1779088259461960	204	460
1779088259461960	204	464
1779088259461961	204	467
1779088259461961	204	471
1779088259461961	204	474
1779088259461962	204	477
1779088259461962	204	481
1779088259461962	204	484
1779088259461963	204	488
1779088259461963	204	493
1779088259461963	204	496
1779088259461964	204	499
1779088259461964	204	503
1779088259461964	204	506
1779088259461965	204	509
1779088259461965	204	513
1779088259461965	204	517
1779088259461966	204	525
1779088259471576	204	319
1779088259471576	204	330
1779088259471577	204	334
1779088259471577	204	338
1779088259471577	204	341
1779088259471577	204	345
1779088259471578	204	349
1779088259471578	204	353
1779088259471578	204	356
1779088259471579	204	360
1779088259471579	204	363
1779088259471579	204	367
1779088259471579	204	371
1779088259471580	204	374
1779088259471580	204	377
1779088259471580	204	381
1779088259471581	204	384
1779088259471581	204	388
1779088259471582	204	391
1779088259471582	204	394
1779088259471582	204	399
1779088259471583	204	402
1779088259471583	204	406
1779088259471583	204	409
1779088259471583	204	412
1779088259471584	204	416
1779088259471584	204	419
1779088259471584	204	423
1779088259471585	204	426
1779088259482107	204	399
1779088259482107	204	416
1779088259482108	204	420
1779088259482108	204	424
1779088259482108	204	428
1779088259482109	204	431
1779088259482109	204	435
1779088259482109	204	438
1779088259482110	204	442
1779088259482110	204	445
1779088259482110	204	449
1779088259482111	204	452
1779088259482111	204	456
1779088259482111	204	459
1779088259482112	204	463
1779088259482112	204	466
1779088259482112	204	470
1779088259482113	204	473
1779088259482113	204	477
1779088259482113	204	480
1779088259482114	204	483
1779088259482114	204	487
1779088259482114	204	491
1779088259482115	204	495
1779088259482115	204	499
1779088259482115	204	502
1779088259482116	204	506
1779088259482116	204	509
1779088259482116	204	512
1779088259482117	204	516
1779088259482117	204	519
1779088259491732	204	373
1779088259491733	204	406
1779088259491734	204	413
1779088259491734	204	418
1779088259491734	204	424
1779088259491735	204	430
1779088259491735	204	435
1779088259491735	204	441
1779088259491736	204	447
1779088259491736	204	453
1779088259491736	204	458
1779088259491737	204	465
1779088259491737	204	471
1779088259491738	204	476
1779088259491738	204	481
1779088259491738	204	487
1779088259491739	204	494
1779088259491739	204	501
1779088259491739	204	507
1779088259491740	204	512
1779088259491740	204	520
1779088259491740	204	526
1779088259491741	204	532
1779088259491741	204	537
1779088259491741	204	543
1779088259491742	204	548
1779088259491742	204	554
1779088259491742	204	561
1779088259491743	204	565
1779088259501404	204	344
1779088259501404	204	358
1779088259501405	204	363
1779088259501405	204	367
1779088259501405	204	371
1779088259501406	204	374
1779088259501406	204	378
1779088259501406	204	382
1779088259501407	204	385
1779088259501407	204	388
1779088259501407	204	392
1779088259501407	204	396
1779088259501408	204	399
1779088259501408	204	407
1779088259501408	204	411
1779088259501409	204	414
1779088259501409	204	418
1779088259501409	204	421
1779088259501410	204	425
1779088259501410	204	428
1779088259501410	204	433
1779088259501411	204	445
1779088259501411	204	449
1779088259501411	204	452
1779088259501411	204	456
1779088259501412	204	459
1779088259501412	204	462
1779088259501413	204	466
1779088259501413	204	470
1779088259511970	204	442
1779088259511970	204	457
1779088259511971	204	462
1779088259511971	204	465
1779088259511971	204	469
1779088259511972	204	472
1779088259511972	204	476
1779088259511972	204	479
1779088259511973	204	483
1779088259511973	204	486
1779088259511973	204	490
1779088259511974	204	493
1779088259511974	204	497
1779088259511974	204	500
1779088259511975	204	504
1779088259511975	204	508
1779088259511975	204	511
1779088259511976	204	515
1779088259511976	204	518
1779088259511976	204	522
1779088259511977	204	525
1779088259511977	204	528
1779088259511977	204	532
1779088259511978	204	537
1779088259511978	204	540
1779088259511978	204	543
1779088259511979	204	547
1779088259511979	204	550
1779088259511979	204	554
1779088259511979	204	557
1779088259511980	204	561
1779088259511980	204	564
1779088259521636	204	420
1779088259521636	204	466
1779088259521637	204	474
1779088259521638	204	479
1779088259521638	204	485
1779088259521640	204	490
1779088259521640	204	496
1779088259521641	204	501
1779088259521641	204	507
1779088259521642	204	513
1779088259521642	204	519
1779088259521643	204	525
1779088259521643	204	530
1779088259521644	204	536
1779088259521644	204	542
1779088259521645	204	547
1779088259521645	204	553
1779088259521646	204	558
1779088259521646	204	564
1779088259521647	204	569
1779088259521647	204	577
1779088259521648	204	582
1779088259521648	204	588
1779088259521648	204	593
1779088259521649	204	599
1779088259521649	204	605
1779088259521650	204	610
1779088259521651	204	613
1779088259521651	204	617
1779088259531357	204	326
1779088259531357	204	339
1779088259531357	204	344
1779088259531358	204	347
1779088259531358	204	351
1779088259531358	204	355
1779088259531358	204	358
1779088259531359	204	362
1779088259531359	204	365
1779088259531359	204	369
1779088259531360	204	373
1779088259531360	204	376
1779088259531360	204	380
1779088259531360	204	383
1779088259531361	204	387
1779088259531361	204	391
1779088259531361	204	394
1779088259531361	204	398
1779088259531362	204	401
1779088259531362	204	405
1779088259531362	204	409
1779088259531363	204	413
1779088259531363	204	416
1779088259531363	204	420
1779088259531363	204	424
1779088259531364	204	431
1779088259531364	204	435
1779088259531364	204	438
1779088259531365	204	442
1779088259541894	204	429
1779088259541895	204	443
1779088259541895	204	448
1779088259541896	204	452
1779088259541896	204	456
1779088259541896	204	460
1779088259541897	204	464
1779088259541897	204	467
1779088259541897	204	471
1779088259541898	204	474
1779088259541898	204	478
1779088259541898	204	481
1779088259541898	204	485
1779088259541899	204	489
1779088259541899	204	492
1779088259541899	204	496
1779088259541900	204	499
1779088259541900	204	503
1779088259541900	204	506
1779088259541901	204	510
1779088259541901	204	514
1779088259541901	204	517
1779088259541902	204	521
1779088259541903	204	525
1779088259541903	204	528
1779088259541903	204	532
1779088259541904	204	535
1779088259541904	204	538
1779088259541904	204	542
1779088259541905	204	545
1779088259541905	204	548
1779088259541905	204	552
1779088259551544	204	371
1779088259551545	204	384
1779088259551545	204	388
1779088259551545	204	392
1779088259551546	204	395
1779088259551546	204	399
1779088259551546	204	403
1779088259551547	204	406
1779088259551547	204	410
1779088259551547	204	414
1779088259551547	204	417
1779088259551548	204	421
1779088259551548	204	425
1779088259551548	204	428
1779088259551549	204	432
1779088259551549	204	435
1779088259551549	204	439
1779088259551549	204	442
1779088259551550	204	446
1779088259551550	204	449
1779088259551550	204	454
1779088259551551	204	457
1779088259551551	204	461
1779088259551551	204	464
1779088259551551	204	468
1779088259551552	204	471
1779088259551552	204	475
1779088259551552	204	479
1779088259551552	204	482
1779088259562126	204	408
1779088259562127	204	423
1779088259562127	204	427
1779088259562127	204	431
1779088259562128	204	444
1779088259562128	204	448
1779088259562128	204	452
1779088259562129	204	455
1779088259562129	204	459
1779088259562129	204	463
1779088259562130	204	467
1779088259562130	204	471
1779088259562130	204	474
1779088259562131	204	478
1779088259562131	204	481
1779088259562131	204	485
1779088259562132	204	488
1779088259562132	204	492
1779088259562132	204	495
1779088259562133	204	498
1779088259562133	204	502
1779088259562133	204	505
1779088259562134	204	510
1779088259562134	204	513
1779088259562134	204	517
1779088259562135	204	520
1779088259562135	204	524
1779088259562135	204	527
1779088259562136	204	530
1779088259562136	204	534
1779088259562136	204	538
1779088259571774	204	409
1779088259571774	204	425
1779088259571775	204	430
1779088259571775	204	433
1779088259571776	204	436
1779088259571776	204	439
1779088259571777	204	446
1779088259571777	204	449
1779088259571777	204	452
1779088259571778	204	456
1779088259571778	204	458
1779088259571779	204	462
1779088259571779	204	465
1779088259571779	204	468
1779088259571780	204	471
1779088259571780	204	474
1779088259571780	204	477
1779088259571781	204	480
1779088259571781	204	483
1779088259571782	204	486
1779088259571782	204	490
1779088259571782	204	493
1779088259571783	204	495
1779088259571783	204	498
1779088259571784	204	502
1779088259571784	204	504
1779088259571784	204	507
1779088259571785	204	510
1779088259571785	204	513
1779088259581385	204	372
1779088259581385	204	388
1779088259581386	204	393
1779088259581386	204	397
1779088259581386	204	400
1779088259581387	204	404
1779088259581387	204	407
1779088259581387	204	411
1779088259581388	204	415
1779088259581388	204	418
1779088259581388	204	421
1779088259581389	204	425
1779088259581389	204	429
1779088259581389	204	432
1779088259581390	204	436
1779088259581390	204	439
1779088259581390	204	443
1779088259581391	204	446
1779088259581391	204	450
1779088259581391	204	453
1779088259581392	204	458
1779088259581392	204	461
1779088259581392	204	465
1779088259581393	204	468
1779088259581393	204	472
1779088259581393	204	475
1779088259581393	204	478
1779088259581394	204	482
1779088259581394	204	485
1779088259591973	204	494
1779088259591974	204	514
1779088259591975	204	518
1779088259591975	204	521
1779088259591976	204	524
1779088259591976	204	527
1779088259591977	204	530
1779088259591977	204	533
1779088259591978	204	536
1779088259591979	204	538
1779088259591979	204	541
1779088259591980	204	543
1779088259591981	204	546
1779088259591982	204	549
1779088259591982	204	551
1779088259591983	204	554
1779088259591983	204	557
1779088259591984	204	560
1779088259591985	204	562
1779088259591985	204	565
1779088259591986	204	568
1779088259591986	204	571
1779088259591987	204	573
1779088259591988	204	578
1779088259591988	204	581
1779088259591989	204	584
1779088259591989	204	587
1779088259591990	204	590
1779088259591990	204	593
1779088259591991	204	596
1779088259591992	204	600
1779088259591992	204	603
1779088259601708	204	474
1779088259601709	204	494
1779088259601709	204	500
1779088259601710	204	506
1779088259601711	204	512
1779088259601712	204	518
1779088259601712	204	524
1779088259601712	204	529
1779088259601713	204	535
1779088259601714	204	542
1779088259601714	204	547
1779088259601715	204	553
1779088259601715	204	557
1779088259601716	204	560
1779088259601716	204	564
1779088259601717	204	568
1779088259601717	204	571
1779088259601718	204	574
1779088259601719	204	578
1779088259601719	204	585
1779088259601720	204	589
1779088259601720	204	593
1779088259601721	204	597
1779088259601721	204	600
1779088259601722	204	603
1779088259601723	204	606
1779088259601723	204	609
1779088259601724	204	612
1779088259601725	204	615
1779088259611430	204	362
1779088259611430	204	376
1779088259611430	204	380
1779088259611431	204	384
1779088259611431	204	387
1779088259611432	204	391
1779088259611432	204	394
1779088259611432	204	398
1779088259611432	204	401
1779088259611433	204	405
1779088259611433	204	408
1779088259611434	204	412
1779088259611434	204	416
1779088259611434	204	420
1779088259611435	204	423
1779088259611435	204	427
1779088259611435	204	430
1779088259611435	204	434
1779088259611436	204	445
1779088259611436	204	449
1779088259611436	204	454
1779088259611437	204	457
1779088259611437	204	461
1779088259611437	204	464
1779088259611437	204	468
1779088259611438	204	471
1779088259611439	204	475
1779088259611439	204	478
1779088259611439	204	482
1779088259622012	204	411
1779088259622013	204	428
1779088259622013	204	432
1779088259622014	204	436
1779088259622014	204	440
1779088259622015	204	443
1779088259622015	204	447
1779088259622015	204	451
1779088259622015	204	454
1779088259622016	204	458
1779088259622016	204	461
1779088259622016	204	465
1779088259622017	204	468
1779088259622017	204	472
1779088259622017	204	476
1779088259622018	204	479
1779088259622018	204	483
1779088259622018	204	486
1779088259622019	204	490
1779088259622019	204	493
1779088259622019	204	497
1779088259622019	204	500
1779088259622020	204	504
1779088259622020	204	509
1779088259622021	204	512
1779088259622021	204	515
1779088259622021	204	519
1779088259622022	204	522
1779088259622022	204	525
1779088259622022	204	529
1779088259622023	204	532
1779088259622023	204	536
1779088259631641	204	328
1779088259631641	204	339
1779088259631642	204	343
1779088259631642	204	347
1779088259631642	204	351
1779088259631643	204	354
1779088259631643	204	358
1779088259631643	204	362
1779088259631643	204	365
1779088259631644	204	369
1779088259631644	204	373
1779088259631644	204	376
1779088259631645	204	380
1779088259631645	204	383
1779088259631645	204	387
1779088259631645	204	391
1779088259631646	204	395
1779088259631646	204	399
1779088259631646	204	403
1779088259631647	204	406
1779088259631647	204	411
1779088259631647	204	414
1779088259631648	204	418
1779088259631648	204	422
1779088259631648	204	425
1779088259631648	204	443
1779088259631649	204	446
1779088259631649	204	450
1779088259631649	204	453
1779088259642188	204	403
1779088259642189	204	418
1779088259642189	204	427
1779088259642189	204	431
1779088259642190	204	435
1779088259642190	204	438
1779088259642190	204	442
1779088259642191	204	445
1779088259642191	204	449
1779088259642191	204	453
1779088259642192	204	456
1779088259642192	204	460
1779088259642192	204	463
1779088259642193	204	467
1779088259642193	204	471
1779088259642193	204	474
1779088259642194	204	478
1779088259642194	204	481
1779088259642194	204	485
1779088259642195	204	488
1779088259642195	204	492
1779088259642195	204	495
1779088259642195	204	499
1779088259642196	204	503
1779088259642196	204	506
1779088259642197	204	510
1779088259642197	204	513
1779088259642197	204	516
1779088259642198	204	520
1779088259642198	204	523
1779088259642198	204	527
1779088259642199	204	530
1779088259651816	204	363
1779088259651816	204	377
1779088259651817	204	381
1779088259651817	204	385
1779088259651817	204	389
1779088259651818	204	392
1779088259651818	204	396
1779088259651818	204	400
1779088259651819	204	403
1779088259651819	204	407
1779088259651819	204	410
1779088259651820	204	414
1779088259651820	204	417
1779088259651820	204	421
1779088259651821	204	424
1779088259651821	204	428
1779088259651821	204	431
1779088259651822	204	435
1779088259651822	204	438
1779088259651822	204	443
1779088259651822	204	446
1779088259651823	204	450
1779088259651823	204	453
1779088259651823	204	457
1779088259651824	204	460
1779088259651824	204	464
1779088259651824	204	467
1779088259651825	204	471
1779088259661381	204	324
1779088259661382	204	336
1779088259661382	204	341
1779088259661382	204	344
1779088259661383	204	348
1779088259661383	204	352
1779088259661383	204	355
1779088259661383	204	359
1779088259661384	204	362
1779088259661384	204	366
1779088259661384	204	370
1779088259661385	204	374
1779088259661385	204	378
1779088259661386	204	381
1779088259661386	204	384
1779088259661386	204	388
1779088259661387	204	391
1779088259661387	204	395
1779088259661387	204	399
1779088259661388	204	402
1779088259661388	204	407
1779088259661388	204	410
1779088259661388	204	414
1779088259661389	204	417
1779088259661389	204	421
1779088259661389	204	424
1779088259661389	204	428
1779088259661390	204	431
1779088259661390	204	434
1779088259671913	204	418
1779088259671914	204	434
1779088259671914	204	439
1779088259671915	204	449
1779088259671915	204	453
1779088259671915	204	456
1779088259671916	204	460
1779088259671916	204	464
1779088259671916	204	467
1779088259671917	204	471
1779088259671917	204	474
1779088259671917	204	478
1779088259671918	204	482
1779088259671918	204	485
1779088259671918	204	489
1779088259671919	204	492
1779088259671919	204	499
1779088259671919	204	503
1779088259671920	204	506
1779088259671920	204	510
1779088259671920	204	513
1779088259671920	204	516
1779088259671921	204	520
1779088259671921	204	525
1779088259671921	204	528
1779088259671922	204	532
1779088259671922	204	535
1779088259671922	204	538
1779088259671923	204	542
1779088259671923	204	545
1779088259671923	204	549
1779088259671924	204	552
1779088259681573	204	535
1779088259681573	204	558
1779088259681574	204	565
1779088259681575	204	571
1779088259681575	204	577
1779088259681576	204	583
1779088259681576	204	589
1779088259681577	204	595
1779088259681577	204	601
1779088259681578	204	607
1779088259681579	204	612
1779088259681579	204	619
1779088259681580	204	625
1779088259681580	204	631
1779088259681581	204	637
1779088259681582	204	642
1779088259681582	204	648
1779088259681583	204	654
1779088259681583	204	660
1779088259681584	204	666
1779088259681585	204	673
1779088259681585	204	679
1779088259681586	204	685
1779088259681586	204	690
1779088259681587	204	696
1779088259681588	204	701
1779088259681588	204	708
1779088259681590	204	713
1779088259681590	204	720
1779088259691415	204	326
1779088259691416	204	342
1779088259691416	204	349
1779088259691417	204	356
1779088259691417	204	362
1779088259691417	204	368
1779088259691417	204	374
1779088259691418	204	380
1779088259691418	204	386
1779088259691418	204	392
1779088259691419	204	398
1779088259691419	204	405
1779088259691419	204	411
1779088259691419	204	417
1779088259691420	204	423
1779088259691420	204	429
1779088259691420	204	435
1779088259691421	204	441
1779088259691421	204	447
1779088259691421	204	453
1779088259691422	204	460
1779088259691422	204	467
1779088259691422	204	473
1779088259691422	204	479
1779088259691423	204	485
1779088259691423	204	491
1779088259691423	204	497
1779088259691424	204	504
1779088259691424	204	510
1779088259702039	204	410
1779088259702040	204	430
1779088259702040	204	437
1779088259702040	204	443
1779088259702041	204	448
1779088259702041	204	455
1779088259702041	204	461
1779088259702042	204	467
1779088259702042	204	473
1779088259702042	204	479
1779088259702043	204	485
1779088259702043	204	491
1779088259702043	204	497
1779088259702044	204	504
1779088259702044	204	510
1779088259702044	204	516
1779088259702045	204	521
1779088259702045	204	527
1779088259702045	204	533
1779088259702046	204	539
1779088259702046	204	545
1779088259702046	204	551
1779088259702047	204	557
1779088259702047	204	564
1779088259702047	204	570
1779088259702048	204	576
1779088259702048	204	582
1779088259702048	204	588
1779088259702049	204	598
1779088259702049	204	605
1779088259702049	204	611
1779088259702050	204	617
1779088259711763	204	399
1779088259711764	204	415
1779088259711764	204	422
1779088259711764	204	428
1779088259711765	204	435
1779088259711765	204	441
1779088259711765	204	448
1779088259711766	204	454
1779088259711766	204	460
1779088259711766	204	466
1779088259711767	204	472
1779088259711767	204	478
1779088259711767	204	485
1779088259711767	204	491
1779088259711768	204	497
1779088259711768	204	503
1779088259711768	204	509
1779088259711769	204	515
1779088259711769	204	521
1779088259711769	204	527
1779088259711770	204	535
1779088259711770	204	541
1779088259711770	204	547
1779088259711770	204	552
1779088259711771	204	558
1779088259711771	204	564
1779088259711771	204	570
1779088259711772	204	576
1779088259711772	204	582
1779088259721453	204	378
1779088259721454	204	400
1779088259721454	204	408
1779088259721455	204	414
1779088259721455	204	420
1779088259721455	204	426
1779088259721455	204	432
1779088259721456	204	438
1779088259721456	204	445
1779088259721456	204	451
1779088259721457	204	457
1779088259721457	204	463
1779088259721458	204	468
1779088259721458	204	474
1779088259721458	204	481
1779088259721459	204	487
1779088259721459	204	502
1779088259721459	204	509
1779088259721460	204	514
1779088259721460	204	520
1779088259721460	204	530
1779088259721461	204	536
1779088259721461	204	542
1779088259721461	204	548
1779088259721462	204	554
1779088259721462	204	560
1779088259721462	204	566
1779088259721463	204	572
1779088259721463	204	578
1779088259732174	204	447
1779088259732175	204	465
1779088259732175	204	472
1779088259732176	204	477
1779088259732176	204	482
1779088259732177	204	487
1779088259732177	204	492
1779088259732177	204	498
1779088259732178	204	503
1779088259732178	204	508
1779088259732179	204	514
1779088259732179	204	519
1779088259732179	204	524
1779088259732180	204	530
1779088259732180	204	535
1779088259732180	204	540
1779088259732181	204	545
1779088259732181	204	550
1779088259732182	204	555
1779088259732183	204	560
1779088259732183	204	565
1779088259732184	204	570
1779088259732184	204	575
1779088259732185	204	580
1779088259732185	204	587
1779088259732185	204	592
1779088259732186	204	597
1779088259732186	204	602
1779088259732186	204	609
1779088259732187	204	614
1779088259732187	204	621
1779088259732188	204	626
1779088259732188	204	632
1779088259741920	204	363
1779088259741920	204	378
1779088259741921	204	385
1779088259741921	204	391
1779088259741921	204	398
1779088259741922	204	404
1779088259741922	204	413
1779088259741922	204	425
1779088259741922	204	431
1779088259741923	204	437
1779088259741923	204	443
1779088259741923	204	449
1779088259741924	204	455
1779088259741924	204	461
1779088259741924	204	467
1779088259741925	204	473
1779088259741925	204	478
1779088259741925	204	484
1779088259741925	204	490
1779088259741926	204	496
1779088259741926	204	504
1779088259741926	204	510
1779088259741927	204	515
1779088259741927	204	521
1779088259741927	204	527
1779088259741927	204	533
1779088259741928	204	539
1779088259741928	204	545
1779088259741928	204	551
1779088259751581	204	398
1779088259751582	204	416
1779088259751582	204	423
1779088259751582	204	428
1779088259751583	204	434
1779088259751583	204	440
1779088259751584	204	446
1779088259751584	204	452
1779088259751584	204	458
1779088259751585	204	464
1779088259751585	204	470
1779088259751585	204	476
1779088259751586	204	482
1779088259751586	204	488
1779088259751586	204	506
1779088259751587	204	513
1779088259751587	204	518
1779088259751587	204	524
1779088259751588	204	531
1779088259751588	204	537
1779088259751588	204	544
1779088259751589	204	551
1779088259751589	204	556
1779088259751589	204	562
1779088259751590	204	568
1779088259751590	204	574
1779088259751591	204	579
1779088259751591	204	585
1779088259751591	204	591
1779088259761282	204	494
1779088259761282	204	514
1779088259761283	204	522
1779088259761283	204	529
1779088259761283	204	536
1779088259761284	204	542
1779088259761284	204	548
1779088259761285	204	554
1779088259761285	204	561
1779088259761286	204	566
1779088259761286	204	571
1779088259761287	204	577
1779088259761287	204	582
1779088259761288	204	588
1779088259761288	204	593
1779088259761289	204	599
1779088259761289	204	604
1779088259761290	204	610
1779088259761290	204	616
1779088259761291	204	621
1779088259761291	204	630
1779088259761292	204	636
1779088259761293	204	641
1779088259761293	204	647
1779088259761294	204	653
1779088259761294	204	659
1779088259761295	204	665
1779088259761295	204	670
1779088259761296	204	675
1779088259772073	204	393
1779088259772073	204	405
1779088259772073	204	410
1779088259772074	204	413
1779088259772074	204	417
1779088259772074	204	420
1779088259772075	204	424
1779088259772075	204	427
1779088259772086	204	421
1779088259772086	204	424
1779088259772086	204	428
1779088259772087	204	431
1779088259772087	204	435
1779088259772087	204	438
1779088259772088	204	442
1779088259772088	204	445
1779088259772088	204	449
1779088259772089	204	452
1779088259772089	204	456
1779088259772089	204	459
1779088259772089	204	463
1779088259772090	204	466
1779088259772090	204	472
1779088259772090	204	481
1779088259772091	204	484
1779088259772091	204	500
1779088259772091	204	504
1779088259772092	204	508
1779088259772092	204	511
1779088259772092	204	515
1779088259772093	204	518
1779088259772093	204	529
1779088259781704	204	396
1779088259781705	204	410
1779088259781706	204	415
1779088259781706	204	419
1779088259781706	204	422
1779088259781707	204	426
1779088259781707	204	430
1779088259781707	204	434
1779088259781708	204	438
1779088259781708	204	441
1779088259781709	204	445
1779088259781709	204	448
1779088259781709	204	452
1779088259781709	204	455
1779088259781710	204	459
1779088259781710	204	465
1779088259781710	204	481
1779088259781711	204	486
1779088259781711	204	490
1779088259781711	204	493
1779088259781712	204	498
1779088259781712	204	501
1779088259781712	204	505
1779088259781713	204	510
1779088259781713	204	522
1779088259781713	204	527
1779088259781714	204	530
1779088259781714	204	534
1779088259781714	204	546
1779088259791447	204	361
1779088259791448	204	376
1779088259791448	204	380
1779088259791449	204	384
1779088259791449	204	387
1779088259791449	204	391
1779088259791450	204	394
1779088259791450	204	397
1779088259791450	204	401
1779088259791451	204	405
1779088259791451	204	408
1779088259791451	204	412
1779088259791452	204	415
1779088259791452	204	419
1779088259791452	204	423
1779088259791453	204	426
1779088259791453	204	429
1779088259791453	204	433
1779088259791454	204	436
1779088259791454	204	440
1779088259791454	204	444
1779088259791455	204	448
1779088259791455	204	452
1779088259791455	204	457
1779088259791456	204	473
1779088259791456	204	478
1779088259791456	204	481
1779088259791457	204	485
1779088259791457	204	489
1779088259802025	204	524
1779088259802025	204	542
1779088259802026	204	550
1779088259802026	204	555
1779088259802026	204	561
1779088259802027	204	567
1779088259802027	204	574
1779088259802027	204	580
1779088259802028	204	585
1779088259802028	204	591
1779088259802028	204	598
1779088259802029	204	604
1779088259802029	204	609
1779088259802029	204	615
1779088259802030	204	622
1779088259802030	204	628
1779088259802030	204	633
1779088259802030	204	639
1779088259802031	204	645
1779088259802031	204	652
1779088259802032	204	657
1779088259802032	204	663
1779088259802033	204	669
1779088259802033	204	677
1779088259802033	204	683
1779088259802034	204	689
1779088259802034	204	695
1779088259802034	204	700
1779088259802035	204	706
1779088259802035	204	712
1779088259802035	204	718
1779088259802036	204	724
1779088259811858	204	420
1779088259811859	204	871
1779088259811859	204	878
1779088259811860	204	890
1779088259811861	204	896
1779088259811861	204	903
1779088259811862	204	909
1779088259811862	204	914
1779088259811862	204	921
1779088259811863	204	926
1779088259811863	204	932
1779088259811863	204	938
1779088259811864	204	944
1779088259811864	204	950
1779088259811864	204	956
1779088259811865	204	961
1779088259811865	204	967
1779088259811865	204	973
1779088259811866	204	979
1779088259811866	204	985
1779088259811866	204	990
1779088259811867	204	998
1779088259811867	204	1004
1779088259811867	204	1010
1779088259811868	204	1015
1779088259811868	204	1021
1779088259811868	204	1026
1779088259811869	204	1032
1779088259811869	204	1038
1779088259811869	204	1044
1779088259822023	204	433
1779088259822023	204	453
1779088259822024	204	457
1779088259822024	204	461
1779088259822024	204	465
1779088259822025	204	468
1779088259822025	204	472
1779088259822026	204	475
1779088259822026	204	479
1779088259822026	204	482
1779088259822026	204	486
1779088259822027	204	489
1779088259822027	204	493
1779088259822027	204	496
1779088259822028	204	500
1779088259822028	204	503
1779088259822028	204	507
1779088259822029	204	511
1779088259822029	204	514
1779088259822029	204	517
1779088259822030	204	521
1779088259822030	204	526
1779088259822030	204	529
1779088259822031	204	533
1779088259822031	204	536
1779088259822031	204	540
1779088259822032	204	543
1779088259822032	204	547
1779088259822032	204	550
1779088259822033	204	553
1779088259831676	204	510
1779088259831677	204	529
1779088259831677	204	533
1779088259831677	204	537
1779088259831678	204	541
1779088259831678	204	544
1779088259831679	204	548
1779088259831679	204	551
1779088259831679	204	555
1779088259831680	204	559
1779088259831680	204	563
1779088259831680	204	566
1779088259831681	204	577
1779088259831681	204	581
1779088259831681	204	584
1779088259831681	204	588
1779088259831682	204	591
1779088259831682	204	595
1779088259831683	204	598
1779088259831683	204	602
1779088259831683	204	607
1779088259831683	204	610
1779088259831684	204	614
1779088259831684	204	617
1779088259831684	204	621
1779088259831685	204	627
1779088259831685	204	649
1779088259831685	204	654
1779088259831686	204	657
1779088259841430	204	523
1779088259841431	204	548
1779088259841432	204	555
1779088259841432	204	562
1779088259841433	204	567
1779088259841433	204	573
1779088259841434	204	579
1779088259841434	204	584
1779088259841435	204	590
1779088259841436	204	597
1779088259841436	204	602
1779088259841437	204	608
1779088259841437	204	614
1779088259841438	204	619
1779088259841438	204	625
1779088259841439	204	658
1779088259841439	204	666
1779088259841440	204	676
1779088259841440	204	682
1779088259841441	204	688
1779088259841442	204	695
1779088259841442	204	701
1779088259841443	204	707
1779088259841443	204	712
1779088259841444	204	718
1779088259841445	204	723
1779088259841445	204	729
1779088259841446	204	735
1779088259841447	204	741
1779088259851317	204	478
1779088259851318	204	502
1779088259851318	204	510
1779088259851319	204	516
1779088259851320	204	523
1779088259851320	204	529
1779088259851321	204	535
1779088259851322	204	541
1779088259851323	204	546
1779088259851324	204	551
1779088259851324	204	557
1779088259851325	204	563
1779088259851326	204	568
1779088259851326	204	573
1779088259851327	204	579
1779088259851327	204	584
1779088259851328	204	590
1779088259851329	204	595
1779088259851330	204	600
1779088259851330	204	606
1779088259851331	204	611
1779088259851331	204	618
1779088259851332	204	624
1779088259851333	204	629
1779088259851333	204	634
1779088259851334	204	639
1779088259851334	204	645
1779088259851335	204	650
1779088259851336	204	656
1779088259851336	204	662
1779088259862109	204	419
1779088259862109	204	438
1779088259862110	204	443
1779088259862110	204	447
1779088259862110	204	451
1779088259862111	204	455
1779088259862111	204	458
1779088259862111	204	462
1779088259862112	204	465
1779088259862112	204	469
1779088259862112	204	472
1779088259862113	204	476
1779088259862113	204	479
1779088259862113	204	483
1779088259862114	204	486
1779088259862114	204	490
1779088259862114	204	493
1779088259862115	204	497
1779088259862115	204	500
1779088259862115	204	504
1779088259862116	204	507
1779088259862116	204	512
1779088259862116	204	518
1779088259862117	204	526
1779088259862117	204	558
1779088259862117	204	572
1779088259862118	204	576
1779088259862118	204	580
1779088259862118	204	583
1779088259862119	204	587
1779088259862120	204	590
1779088259862120	204	594
1779088259871811	204	494
1779088259871812	204	513
1779088259871812	204	521
1779088259871813	204	526
1779088259871813	204	532
1779088259871813	204	539
1779088259871814	204	546
1779088259871814	204	552
1779088259871814	204	559
1779088259871815	204	565
1779088259871815	204	572
1779088259871815	204	578
1779088259871816	204	584
1779088259871816	204	590
1779088259871816	204	596
1779088259871817	204	602
1779088259871817	204	608
1779088259871817	204	615
1779088259871818	204	621
1779088259871818	204	627
1779088259871818	204	634
1779088259871819	204	640
1779088259871820	204	646
1779088259871820	204	652
1779088259871820	204	657
1779088259871821	204	663
1779088259871821	204	669
1779088259871821	204	675
1779088259871822	204	692
1779088259881615	204	552
1779088259881615	204	573
1779088259881616	204	580
1779088259881616	204	586
1779088259881617	204	591
1779088259881617	204	598
1779088259881617	204	604
1779088259881618	204	610
1779088259881618	204	616
1779088259881619	204	622
1779088259881619	204	628
1779088259881619	204	634
1779088259881619	204	640
1779088259881620	204	646
1779088259881620	204	652
1779088259881621	204	658
1779088259881621	204	664
1779088259881621	204	670
1779088259881622	204	676
1779088259881622	204	682
1779088259881623	204	688
1779088259881623	204	695
1779088259881623	204	702
1779088259881624	204	708
1779088259881624	204	714
1779088259881624	204	720
1779088259881625	204	726
1779088259881625	204	742
1779088259881626	204	749
1779088259881626	204	755
1779088259891483	204	513
1779088259891483	204	532
1779088259891484	204	538
1779088259891485	204	543
1779088259891485	204	549
1779088259891486	204	556
1779088259891486	204	561
1779088259891486	204	567
1779088259891487	204	573
1779088259891487	204	579
1779088259891488	204	585
1779088259891488	204	602
1779088259891488	204	609
1779088259891489	204	615
1779088259891489	204	621
1779088259891490	204	627
1779088259891490	204	633
1779088259891490	204	640
1779088259891491	204	646
1779088259891491	204	652
1779088259891491	204	659
1779088259891492	204	665
1779088259891492	204	671
1779088259891492	204	677
1779088259891493	204	683
1779088259891493	204	689
1779088259891493	204	695
1779088259891494	204	701
1779088259891494	204	708
1779088259901299	204	531
1779088259901300	204	548
1779088259901300	204	554
1779088259901300	204	560
1779088259901301	204	568
1779088259901301	204	574
1779088259901301	204	581
1779088259901302	204	588
1779088259901302	204	593
1779088259901302	204	599
1779088259901303	204	606
1779088259901303	204	611
1779088259901303	204	618
1779088259901304	204	624
1779088259901304	204	630
1779088259901304	204	636
1779088259901305	204	642
1779088259901305	204	649
1779088259901305	204	655
1779088259901306	204	661
1779088259901306	204	667
1779088259901306	204	674
1779088259901307	204	680
1779088259901307	204	686
1779088259901307	204	692
1779088259901308	204	698
1779088259901308	204	704
1779088259901308	204	710
1779088259901309	204	716
1779088259901309	204	722
1779088259912131	204	571
1779088259912131	204	591
1779088259912131	204	598
1779088259912132	204	603
1779088259912132	204	609
1779088259912133	204	616
1779088259912133	204	622
1779088259912133	204	628
1779088259912134	204	634
1779088259912134	204	639
1779088259912135	204	646
1779088259912135	204	651
1779088259912135	204	663
1779088259912136	204	669
1779088259912136	204	675
1779088259912137	204	681
1779088259912137	204	687
1779088259912137	204	693
1779088259912138	204	699
1779088259912138	204	705
1779088259912138	204	712
1779088259912139	204	718
1779088259912139	204	724
1779088259912139	204	731
1779088259912140	204	737
1779088259912140	204	743
1779088259912140	204	750
1779088259912141	204	755
1779088259912141	204	762
1779088259912141	204	768
1779088259912142	204	774
1779088259912142	204	780
1779088259922026	204	571
1779088259922026	204	590
1779088259922027	204	597
1779088259922028	204	603
1779088259922028	204	609
1779088259922029	204	615
1779088259922030	204	622
1779088259922030	204	627
1779088259922031	204	633
1779088259922032	204	638
1779088259922033	204	644
1779088259922033	204	650
1779088259922034	204	656
1779088259922035	204	662
1779088259922035	204	668
1779088259922036	204	673
1779088259922036	204	679
1779088259922037	204	685
1779088259922037	204	691
1779088259922038	204	696
1779088259922039	204	702
1779088259922039	204	710
1779088259922040	204	716
1779088259922041	204	721
1779088259922041	204	727
1779088259922042	204	733
1779088259922042	204	738
1779088259922043	204	744
1779088259922043	204	750
1779088259922044	204	756
1779088259931896	204	507
1779088259931897	204	523
1779088259931897	204	530
1779088259931897	204	536
1779088259931898	204	542
1779088259931898	204	548
1779088259931898	204	554
1779088259931899	204	560
1779088259931899	204	567
1779088259931900	204	573
1779088259931900	204	579
1779088259931900	204	585
1779088259931901	204	591
1779088259931901	204	597
1779088259931901	204	603
1779088259931901	204	609
1779088259931902	204	616
1779088259931902	204	622
1779088259931902	204	628
1779088259931903	204	634
1779088259931903	204	640
1779088259931903	204	647
1779088259931904	204	653
1779088259931904	204	659
1779088259931904	204	665
1779088259931905	204	671
1779088259931905	204	677
1779088259931905	204	683
1779088259931905	204	690
1779088259931906	204	695
1779088259941700	204	535
1779088259941700	204	554
1779088259941701	204	560
1779088259941701	204	566
1779088259941701	204	572
1779088259941702	204	579
1779088259941702	204	586
1779088259941702	204	591
1779088259941703	204	598
1779088259941703	204	604
1779088259941703	204	623
1779088259941704	204	630
1779088259941704	204	636
1779088259941704	204	642
1779088259941705	204	648
1779088259941705	204	654
1779088259941705	204	660
1779088259941706	204	666
1779088259941706	204	672
1779088259941706	204	678
1779088259941707	204	686
1779088259941707	204	692
1779088259941707	204	698
1779088259941708	204	708
1779088259941708	204	714
1779088259941709	204	719
1779088259941709	204	725
1779088259941710	204	731
1779088259941710	204	737
1779088259951544	204	507
1779088259951544	204	524
1779088259951545	204	541
1779088259951545	204	548
1779088259951545	204	555
1779088259951545	204	561
1779088259951546	204	568
1779088259951546	204	574
1779088259951546	204	580
1779088259951547	204	586
1779088259951547	204	592
1779088259951547	204	598
1779088259951548	204	605
1779088259951548	204	611
1779088259951548	204	617
1779088259951549	204	623
1779088259951549	204	629
1779088259951549	204	635
1779088259951549	204	642
1779088259951550	204	648
1779088259951550	204	654
1779088259951550	204	661
1779088259951551	204	668
1779088259951551	204	673
1779088259951551	204	680
1779088259951551	204	685
1779088259951552	204	691
1779088259951552	204	697
1779088259951552	204	703
1779088259951553	204	709
1779088259961361	204	511
1779088259961362	204	531
1779088259961362	204	539
1779088259961363	204	545
1779088259961363	204	551
1779088259961363	204	557
1779088259961364	204	563
1779088259961364	204	569
1779088259961364	204	575
1779088259961364	204	581
1779088259961365	204	587
1779088259961365	204	594
1779088259961365	204	599
1779088259961366	204	605
1779088259961366	204	612
1779088259961366	204	618
1779088259961367	204	623
1779088259961367	204	629
1779088259961367	204	636
1779088259961368	204	642
1779088259961368	204	650
1779088259961368	204	656
1779088259961369	204	662
1779088259961369	204	669
1779088259961370	204	675
1779088259961370	204	681
1779088259961370	204	687
1779088259961370	204	693
1779088259961371	204	728
1779088259971215	204	545
1779088259971216	204	566
1779088259971216	204	571
1779088259971217	204	575
1779088259971217	204	579
1779088259971218	204	582
1779088259971218	204	586
1779088259971218	204	590
1779088259971218	204	593
1779088259971219	204	597
1779088259971219	204	600
1779088259971220	204	604
1779088259971220	204	608
1779088259971220	204	611
1779088259971221	204	615
1779088259971221	204	618
1779088259971221	204	622
1779088259971222	204	626
1779088259971222	204	629
1779088259971222	204	636
1779088259971223	204	655
1779088259971223	204	661
1779088259971223	204	664
1779088259971224	204	668
1779088259971224	204	672
1779088259971224	204	675
1779088259971225	204	679
1779088259971225	204	682
1779088259971225	204	695
1779088259971226	204	700
1779088259982007	204	582
1779088259982007	204	599
1779088259982008	204	603
1779088259982008	204	607
1779088259982009	204	611
1779088259982009	204	615
1779088259982009	204	618
1779088259982009	204	627
1779088259982010	204	630
1779088259982010	204	634
1779088259982010	204	638
1779088259982011	204	641
1779088259982011	204	645
1779088259982011	204	649
1779088259982012	204	652
1779088259982012	204	656
1779088259982012	204	659
1779088259982012	204	665
1779088259982013	204	682
1779088259982013	204	686
1779088259982013	204	690
1779088259982014	204	693
1779088259982014	204	697
1779088259982014	204	702
1779088259982015	204	707
1779088259982015	204	720
1779088259982015	204	724
1779088259982016	204	728
1779088259982016	204	731
1779088259982016	204	737
1779088259982017	204	749
1779088259982017	204	753
1779088259991851	204	553
1779088259991851	204	569
1779088259991852	204	574
1779088259991852	204	577
1779088259991853	204	581
1779088259991853	204	585
1779088259991853	204	589
1779088259991854	204	592
1779088259991854	204	596
1779088259991854	204	599
1779088259991855	204	603
1779088259991855	204	606
1779088259991855	204	610
1779088259991857	204	613
1779088259991857	204	619
1779088259991857	204	636
1779088259991858	204	640
1779088259991858	204	644
1779088259991858	204	647
1779088259991859	204	651
1779088259991859	204	654
1779088259991859	204	659
1779088259991860	204	673
1779088259991860	204	677
1779088259991860	204	691
1779088259991861	204	695
1779088259991861	204	698
1779088259991861	204	702
1779088259991862	204	705
1779088259991862	204	709
1779088260001657	204	497
1779088260001658	204	522
1779088260001659	204	530
1779088260001660	204	536
1779088260001661	204	542
1779088260001662	204	548
1779088260001662	204	554
1779088260001663	204	560
1779088260001663	204	567
1779088260001664	204	573
1779088260001664	204	579
1779088260001665	204	585
1779088260001665	204	592
1779088260001665	204	597
1779088260001666	204	602
1779088260001667	204	608
1779088260001668	204	614
1779088260001668	204	620
1779088260001669	204	626
1779088260001670	204	632
1779088260001670	204	639
1779088260001671	204	645
1779088260001672	204	651
1779088260001673	204	657
1779088260001673	204	663
1779088260001674	204	668
1779088260001674	204	673
1779088260001675	204	679
1779088260001676	204	685
1779088260011462	204	381
1779088260011462	204	395
1779088260011463	204	399
1779088260011463	204	403
1779088260011463	204	407
1779088260011464	204	410
1779088260011465	204	413
1779088260011466	204	416
1779088260011466	204	420
1779088260011467	204	423
1779088260011467	204	427
1779088260011467	204	431
1779088260011468	204	434
1779088260011468	204	437
1779088260011468	204	441
1779088260011469	204	444
1779088260011469	204	448
1779088260011469	204	452
1779088260011470	204	455
1779088260011470	204	464
1779088260011470	204	469
1779088260011470	204	472
1779088260011471	204	475
1779088260011471	204	479
1779088260011472	204	482
1779088260011472	204	486
1779088260011472	204	489
1779088260011472	204	493
1779088260011473	204	496
1779088260022090	204	444
1779088260022092	204	462
1779088260022093	204	466
1779088260022093	204	470
1779088260022094	204	473
1779088260022095	204	476
1779088260022095	204	480
1779088260022096	204	483
1779088260022096	204	486
1779088260022097	204	490
1779088260022098	204	493
1779088260022098	204	497
1779088260022099	204	500
1779088260022099	204	504
1779088260022100	204	507
1779088260022101	204	510
1779088260022102	204	513
1779088260022102	204	516
1779088260022103	204	519
1779088260022104	204	523
1779088260022104	204	526
1779088260022105	204	529
1779088260022106	204	531
1779088260022106	204	536
1779088260022106	204	540
1779088260022107	204	543
1779088260022107	204	547
1779088260022108	204	550
1779088260022108	204	554
1779088260022108	204	557
1779088260022108	204	561
1779088260022109	204	564
1779088260031758	204	368
1779088260031758	204	382
1779088260031758	204	386
1779088260031759	204	390
1779088260031759	204	394
1779088260031759	204	397
1779088260031760	204	401
1779088260031760	204	404
1779088260031760	204	408
1779088260031761	204	412
1779088260031761	204	415
1779088260031761	204	419
1779088260031762	204	422
1779088260031762	204	426
1779088260031762	204	429
1779088260031762	204	433
1779088260031763	204	436
1779088260031763	204	440
1779088260031763	204	443
1779088260031764	204	447
1779088260031764	204	451
1779088260031764	204	454
1779088260031765	204	458
1779088260031765	204	462
1779088260031765	204	465
1779088260031766	204	469
1779088260031766	204	472
1779088260031766	204	476
1779088260031766	204	479
1779088260041335	204	396
1779088260041336	204	412
1779088260041337	204	416
1779088260041337	204	420
1779088260041338	204	424
1779088260041338	204	427
1779088260041338	204	437
1779088260041339	204	441
1779088260041339	204	444
1779088260041339	204	448
1779088260041340	204	452
1779088260041340	204	455
1779088260041341	204	459
1779088260041341	204	462
1779088260041341	204	466
1779088260041342	204	470
1779088260041342	204	473
1779088260041342	204	476
1779088260041343	204	480
1779088260041343	204	483
1779088260041344	204	487
1779088260041344	204	491
1779088260041344	204	494
1779088260041345	204	498
1779088260041345	204	501
1779088260041345	204	505
1779088260041346	204	508
1779088260041346	204	511
1779088260041346	204	514
1779088260051953	204	483
1779088260051953	204	500
1779088260051954	204	508
1779088260051954	204	512
1779088260051955	204	515
1779088260051955	204	519
1779088260051956	204	522
1779088260051956	204	526
1779088260051957	204	529
1779088260051957	204	533
1779088260051958	204	543
1779088260051958	204	547
1779088260051958	204	551
1779088260051958	204	554
1779088260051959	204	558
1779088260051959	204	561
1779088260051959	204	565
1779088260051960	204	569
1779088260051960	204	572
1779088260051961	204	575
1779088260051961	204	579
1779088260051962	204	582
1779088260051962	204	585
1779088260051962	204	590
1779088260051963	204	594
1779088260051963	204	597
1779088260051963	204	600
1779088260051964	204	604
1779088260051964	204	607
1779088260051964	204	612
1779088260051965	204	615
1779088260051965	204	619
1779088260061672	204	347
1779088260061672	204	360
1779088260061673	204	366
1779088260061673	204	370
1779088260061673	204	374
1779088260061674	204	378
1779088260061674	204	381
1779088260061674	204	385
1779088260061674	204	388
1779088260061675	204	392
1779088260061675	204	416
1779088260061675	204	420
1779088260061676	204	424
1779088260061676	204	428
1779088260061676	204	431
1779088260061677	204	434
1779088260061678	204	437
1779088260061678	204	441
1779088260061678	204	444
1779088260061679	204	448
1779088260061679	204	452
1779088260061679	204	456
1779088260061680	204	459
1779088260061680	204	463
1779088260061680	204	466
1779088260061681	204	469
1779088260061681	204	473
1779088260061681	204	477
1779088260061682	204	481
1779088260071248	204	380
1779088260071249	204	394
1779088260071249	204	398
1779088260071249	204	402
1779088260071250	204	405
1779088260071250	204	409
1779088260071250	204	413
1779088260071251	204	416
1779088260071251	204	420
1779088260071251	204	424
1779088260071252	204	427
1779088260071252	204	431
1779088260071252	204	434
1779088260071252	204	438
1779088260071253	204	441
1779088260071253	204	445
1779088260071253	204	448
1779088260071254	204	452
1779088260071254	204	455
1779088260071254	204	459
1779088260071255	204	463
1779088260071255	204	466
1779088260071255	204	470
1779088260071256	204	474
1779088260071256	204	477
1779088260071256	204	481
1779088260071257	204	484
1779088260071257	204	487
1779088260071257	204	491
1779088260081838	204	533
1779088260081838	204	549
1779088260081839	204	554
1779088260081839	204	558
1779088260081839	204	562
1779088260081840	204	565
1779088260081840	204	569
1779088260081840	204	572
1779088260081841	204	577
1779088260081841	204	580
1779088260081841	204	584
1779088260081842	204	587
1779088260081842	204	591
1779088260081842	204	595
1779088260081843	204	602
1779088260081843	204	605
1779088260081843	204	609
1779088260081844	204	612
1779088260081844	204	616
1779088260081844	204	620
1779088260081845	204	623
1779088260081845	204	627
1779088260081845	204	630
1779088260081846	204	636
1779088260081846	204	643
1779088260081846	204	649
1779088260081847	204	655
1779088260081847	204	661
1779088260081847	204	666
1779088260081848	204	672
1779088260081848	204	678
1779088260081848	204	684
1779088260091632	204	397
1779088260091633	204	413
1779088260091633	204	417
1779088260091634	204	421
1779088260091634	204	424
1779088260091634	204	428
1779088260091635	204	432
1779088260091635	204	435
1779088260091636	204	439
1779088260091636	204	454
1779088260091636	204	457
1779088260091637	204	461
1779088260091637	204	464
1779088260091637	204	468
1779088260091638	204	472
1779088260091638	204	475
1779088260091638	204	479
1779088260091639	204	482
1779088260091639	204	486
1779088260091639	204	489
1779088260091640	204	494
1779088260091640	204	497
1779088260091640	204	501
1779088260091641	204	505
1779088260091641	204	508
1779088260091641	204	512
1779088260091642	204	515
1779088260091642	204	518
1779088260091642	204	522
1779088260101250	204	381
1779088260101250	204	396
1779088260101251	204	400
1779088260101252	204	403
1779088260101252	204	407
1779088260101253	204	410
1779088260101253	204	414
1779088260101254	204	417
1779088260101254	204	420
1779088260101255	204	424
1779088260101255	204	428
1779088260101256	204	431
1779088260101256	204	434
1779088260101257	204	438
1779088260101258	204	441
1779088260101258	204	444
1779088260101259	204	448
1779088260101259	204	451
1779088260101260	204	454
1779088260101261	204	457
1779088260101261	204	462
1779088260101262	204	465
1779088260101262	204	477
1779088260101263	204	480
1779088260101263	204	484
1779088260101263	204	487
1779088260101264	204	490
1779088260101264	204	494
1779088260101265	204	497
1779088260111856	204	442
1779088260111857	204	460
1779088260111857	204	465
1779088260111858	204	469
1779088260111858	204	472
1779088260111859	204	475
1779088260111860	204	479
1779088260111860	204	482
1779088260111860	204	486
1779088260111861	204	489
1779088260111861	204	493
1779088260111862	204	496
1779088260111862	204	500
1779088260111862	204	504
1779088260111863	204	507
1779088260111863	204	511
1779088260111863	204	514
1779088260111863	204	518
1779088260111864	204	521
1779088260111864	204	524
1779088260111865	204	528
1779088260111865	204	531
1779088260111865	204	535
1779088260111866	204	539
1779088260111866	204	543
1779088260111866	204	546
1779088260111867	204	550
1779088260111867	204	561
1779088260111867	204	564
1779088260111868	204	568
1779088260111868	204	571
1779088260111868	204	575
1779088260121535	204	366
1779088260121536	204	382
1779088260121536	204	386
1779088260121536	204	389
1779088260121537	204	393
1779088260121537	204	397
1779088260121537	204	400
1779088260121538	204	405
1779088260121538	204	409
1779088260121538	204	413
1779088260121539	204	416
1779088260121539	204	419
1779088260121539	204	423
1779088260121539	204	426
1779088260121540	204	430
1779088260121540	204	433
1779088260121541	204	437
1779088260121541	204	440
1779088260121541	204	444
1779088260121542	204	447
1779088260121542	204	452
1779088260121542	204	455
1779088260121543	204	459
1779088260121543	204	462
1779088260121543	204	466
1779088260121543	204	470
1779088260121544	204	473
1779088260121544	204	477
1779088260121545	204	480
1779088260132116	204	396
1779088260132117	204	411
1779088260132117	204	416
1779088260132117	204	420
1779088260132117	204	423
1779088260132118	204	427
1779088260132118	204	430
1779088260132119	204	434
1779088260132119	204	437
1779088260132119	204	441
1779088260132120	204	444
1779088260132120	204	448
1779088260132120	204	452
1779088260132120	204	455
1779088260132121	204	459
1779088260132121	204	462
1779088260132122	204	466
1779088260132122	204	469
1779088260132122	204	473
1779088260132123	204	476
1779088260132124	204	479
1779088260132124	204	482
1779088260132124	204	487
1779088260132125	204	490
1779088260132125	204	494
1779088260132125	204	497
1779088260132126	204	501
1779088260132126	204	504
1779088260132126	204	508
1779088260132127	204	511
1779088260132127	204	515
1779088260141734	204	365
1779088260141735	204	382
1779088260141735	204	386
1779088260141735	204	389
1779088260141736	204	393
1779088260141736	204	397
1779088260141736	204	400
1779088260141737	204	404
1779088260141737	204	407
1779088260141737	204	411
1779088260141738	204	414
1779088260141738	204	418
1779088260141738	204	421
1779088260141739	204	425
1779088260141739	204	428
1779088260141739	204	432
1779088260141740	204	435
1779088260141740	204	439
1779088260141740	204	442
1779088260141741	204	446
1779088260141741	204	450
1779088260141741	204	454
1779088260141742	204	457
1779088260141742	204	461
1779088260141742	204	464
1779088260141743	204	467
1779088260141743	204	471
1779088260141743	204	474
1779088260141744	204	477
1779088260151311	204	382
1779088260151312	204	397
1779088260151312	204	402
1779088260151312	204	407
1779088260151313	204	410
1779088260151313	204	414
1779088260151314	204	417
1779088260151314	204	421
1779088260151314	204	428
1779088260151315	204	433
1779088260151315	204	436
1779088260151315	204	440
1779088260151316	204	443
1779088260151316	204	447
1779088260151316	204	451
1779088260151317	204	454
1779088260151317	204	458
1779088260151317	204	461
1779088260151318	204	465
1779088260151318	204	468
1779088260151318	204	495
1779088260151319	204	500
1779088260151319	204	504
1779088260151319	204	507
1779088260151320	204	511
1779088260151320	204	515
1779088260151320	204	518
1779088260151321	204	522
1779088260151321	204	526
1779088260161954	204	618
1779088260161955	204	642
1779088260161956	204	649
1779088260161957	204	655
1779088260161958	204	661
1779088260161959	204	667
1779088260161960	204	673
1779088260161960	204	692
1779088260161961	204	699
1779088260161962	204	705
1779088260161962	204	710
1779088260161963	204	716
1779088260161964	204	722
1779088260161964	204	728
1779088260161965	204	733
1779088260161965	204	739
1779088260161966	204	745
1779088260161967	204	751
1779088260161967	204	756
1779088260161968	204	762
1779088260161968	204	768
1779088260161969	204	774
1779088260161970	204	780
1779088260161971	204	787
1779088260161971	204	794
1779088260161972	204	799
1779088260161973	204	805
1779088260161973	204	811
1779088260161974	204	817
1779088260161975	204	822
1779088260161975	204	828
1779088260161976	204	834
1779088260171916	204	482
1779088260171917	204	498
1779088260171917	204	505
1779088260171917	204	511
1779088260171918	204	517
1779088260171918	204	524
1779088260171918	204	530
1779088260171919	204	536
1779088260171919	204	542
1779088260171919	204	548
1779088260171920	204	555
1779088260171920	204	561
1779088260171920	204	567
1779088260171921	204	573
1779088260171921	204	579
1779088260171921	204	585
1779088260171922	204	591
1779088260171922	204	597
1779088260171922	204	603
1779088260171923	204	609
1779088260171923	204	615
1779088260171923	204	623
1779088260171924	204	629
1779088260171924	204	635
1779088260171924	204	641
1779088260171925	204	647
1779088260171925	204	652
1779088260171925	204	659
1779088260171926	204	665
1779088260171926	204	671
1779088260181698	204	538
1779088260181698	204	558
1779088260181699	204	566
1779088260181700	204	572
1779088260181700	204	578
1779088260181702	204	583
1779088260181702	204	590
1779088260181702	204	596
1779088260181703	204	601
1779088260181703	204	607
1779088260181704	204	613
1779088260181704	204	619
1779088260181704	204	625
1779088260181704	204	631
1779088260181706	204	636
1779088260181706	204	642
1779088260181707	204	647
1779088260181707	204	653
1779088260181708	204	659
1779088260181708	204	665
1779088260181709	204	678
1779088260181709	204	684
1779088260181710	204	689
1779088260181711	204	695
1779088260181711	204	701
1779088260181711	204	706
1779088260181712	204	712
1779088260181712	204	719
1779088260181713	204	726
1779088260191543	204	401
1779088260191543	204	421
1779088260191544	204	428
1779088260191544	204	434
1779088260191545	204	439
1779088260191545	204	445
1779088260191545	204	451
1779088260191546	204	456
1779088260191546	204	462
1779088260191547	204	468
1779088260191547	204	474
1779088260191548	204	480
1779088260191548	204	485
1779088260191548	204	492
1779088260191548	204	498
1779088260191549	204	504
1779088260191549	204	510
1779088260191550	204	515
1779088260191551	204	521
1779088260191551	204	538
1779088260191551	204	544
1779088260191552	204	552
1779088260191552	204	558
1779088260191552	204	564
1779088260191553	204	570
1779088260191553	204	576
1779088260191553	204	582
1779088260191554	204	588
1779088260191554	204	594
1779088260191554	204	601
1779088260201258	204	390
1779088260201259	204	409
1779088260201259	204	417
1779088260201259	204	422
1779088260201260	204	428
1779088260201260	204	434
1779088260201261	204	441
1779088260201261	204	447
1779088260201261	204	454
1779088260201261	204	460
1779088260201262	204	466
1779088260201262	204	471
1779088260201262	204	478
1779088260201263	204	484
1779088260201263	204	490
1779088260201263	204	496
1779088260201264	204	501
1779088260201264	204	507
1779088260201264	204	514
1779088260201265	204	519
1779088260201265	204	527
1779088260201265	204	533
1779088260201266	204	538
1779088260201267	204	544
1779088260201267	204	550
1779088260201267	204	556
1779088260201268	204	562
1779088260201268	204	568
1779088260201268	204	573
1779088260211942	204	422
1779088260211943	204	442
1779088260211943	204	449
1779088260211944	204	456
1779088260211944	204	462
1779088260211945	204	468
1779088260211945	204	474
1779088260211945	204	480
1779088260211946	204	486
1779088260211946	204	492
1779088260211946	204	498
1779088260211947	204	504
1779088260211947	204	510
1779088260211947	204	516
1779088260211948	204	523
1779088260211948	204	528
1779088260211948	204	534
1779088260211949	204	540
1779088260211949	204	546
1779088260211950	204	552
1779088260211950	204	558
1779088260211950	204	575
1779088260211950	204	581
1779088260211951	204	589
1779088260211951	204	595
1779088260211951	204	601
1779088260211952	204	607
1779088260211952	204	613
1779088260211952	204	619
1779088260211953	204	625
1779088260211953	204	630
1779088260211953	204	636
1779088260221686	204	321
1779088260221686	204	337
1779088260221686	204	349
1779088260221687	204	355
1779088260221687	204	361
1779088260221687	204	368
1779088260221688	204	373
1779088260221688	204	379
1779088260221688	204	405
1779088260221688	204	412
1779088260221689	204	418
1779088260221689	204	424
1779088260221689	204	430
1779088260221690	204	436
1779088260221690	204	442
1779088260221690	204	448
1779088260221691	204	454
1779088260221691	204	460
1779088260221691	204	466
1779088260221692	204	472
1779088260221692	204	479
1779088260221692	204	485
1779088260221692	204	491
1779088260221693	204	497
1779088260221693	204	503
1779088260221693	204	509
1779088260221694	204	515
1779088260221694	204	521
1779088260221694	204	527
1779088260231318	204	379
1779088260231318	204	396
1779088260231319	204	403
1779088260231319	204	408
1779088260231320	204	415
1779088260231320	204	421
1779088260231320	204	428
1779088260231321	204	434
1779088260231321	204	440
1779088260231321	204	446
1779088260231322	204	452
1779088260231322	204	458
1779088260231322	204	464
1779088260231323	204	470
1779088260231323	204	476
1779088260231323	204	481
1779088260231324	204	487
1779088260231324	204	493
1779088260231324	204	499
1779088260231325	204	505
1779088260231325	204	512
1779088260231325	204	518
1779088260231326	204	524
1779088260231326	204	530
1779088260231326	204	536
1779088260231327	204	542
1779088260231327	204	547
1779088260231327	204	553
1779088260231328	204	559
1779088260241983	204	587
1779088260241984	204	607
1779088260241984	204	614
1779088260241985	204	620
1779088260241985	204	626
1779088260241985	204	632
1779088260241986	204	639
1779088260241986	204	645
1779088260241986	204	651
1779088260241987	204	657
1779088260241987	204	663
1779088260241987	204	669
1779088260241988	204	675
1779088260241988	204	681
1779088260241988	204	686
1779088260241988	204	692
1779088260241989	204	699
1779088260241989	204	705
1779088260241989	204	711
1779088260241990	204	717
1779088260241990	204	723
1779088260241990	204	729
1779088260241991	204	735
1779088260241991	204	742
1779088260241991	204	748
1779088260241992	204	754
1779088260241992	204	760
1779088260241993	204	766
1779088260241993	204	772
1779088260241993	204	778
1779088260241993	204	784
1779088260241994	204	790
1779088260251885	204	362
1779088260251886	204	379
1779088260251886	204	386
1779088260251886	204	392
1779088260251887	204	399
1779088260251887	204	405
1779088260251888	204	411
1779088260251888	204	417
1779088260251890	204	422
1779088260251890	204	428
1779088260251890	204	434
1779088260251891	204	439
1779088260251891	204	446
1779088260251891	204	452
1779088260251892	204	462
1779088260251892	204	468
1779088260251892	204	474
1779088260251893	204	480
1779088260251893	204	486
1779088260251893	204	492
1779088260251894	204	498
1779088260251894	204	505
1779088260251894	204	511
1779088260251895	204	517
1779088260251895	204	523
1779088260251895	204	529
1779088260251895	204	535
1779088260251896	204	542
1779088260251896	204	548
1779088260251896	204	554
1779088260261547	204	357
1779088260261548	204	375
1779088260261548	204	382
1779088260261549	204	387
1779088260261549	204	393
1779088260261549	204	399
1779088260261550	204	405
1779088260261550	204	411
1779088260261550	204	418
1779088260261550	204	424
1779088260261551	204	430
1779088260261551	204	436
1779088260261551	204	442
1779088260261552	204	448
1779088260261552	204	454
1779088260261552	204	460
1779088260261553	204	465
1779088260261553	204	471
1779088260261553	204	477
1779088260261554	204	483
1779088260261554	204	491
1779088260261554	204	496
1779088260261555	204	502
1779088260261555	204	508
1779088260261555	204	537
1779088260261556	204	545
1779088260261556	204	552
1779088260261556	204	558
1779088260261557	204	564
1779088260271220	204	320
1779088260271220	204	336
1779088260271220	204	343
1779088260271221	204	350
1779088260271221	204	368
1779088260271221	204	374
1779088260271222	204	381
1779088260271222	204	387
1779088260271222	204	393
1779088260271223	204	399
1779088260271223	204	405
1779088260271223	204	411
1779088260271224	204	416
1779088260271224	204	423
1779088260271224	204	429
1779088260271224	204	435
1779088260271225	204	441
1779088260271225	204	447
1779088260271225	204	453
1779088260271226	204	459
1779088260271226	204	467
1779088260271226	204	473
1779088260271227	204	479
1779088260271227	204	485
1779088260271227	204	491
1779088260271228	204	496
1779088260271228	204	502
1779088260271229	204	508
1779088260271229	204	515
1779088260281842	204	432
1779088260281842	204	451
1779088260281843	204	458
1779088260281843	204	464
1779088260281844	204	469
1779088260281844	204	475
1779088260281844	204	481
1779088260281845	204	488
1779088260281845	204	493
1779088260281845	204	499
1779088260281846	204	505
1779088260281846	204	512
1779088260281846	204	518
1779088260281847	204	524
1779088260281847	204	530
1779088260281847	204	536
1779088260281848	204	541
1779088260281848	204	547
1779088260281848	204	553
1779088260281848	204	559
1779088260281849	204	565
1779088260281849	204	571
1779088260281849	204	577
1779088260281850	204	584
1779088260281850	204	590
1779088260281850	204	596
1779088260281851	204	602
1779088260281851	204	607
1779088260281851	204	613
1779088260281852	204	626
1779088260281852	204	632
1779088260281853	204	638
1779088260291589	204	669
1779088260291589	204	688
1779088260291590	204	695
1779088260291590	204	701
1779088260291591	204	707
1779088260291591	204	713
1779088260291591	204	719
1779088260291592	204	725
1779088260291592	204	730
1779088260291592	204	737
1779088260291593	204	743
1779088260291593	204	749
1779088260291593	204	755
1779088260291594	204	761
1779088260291594	204	767
1779088260291594	204	773
1779088260291595	204	778
1779088260291595	204	784
1779088260291595	204	790
1779088260291596	204	797
1779088260291596	204	804
1779088260291596	204	810
1779088260291597	204	816
1779088260291597	204	822
1779088260291597	204	828
1779088260291598	204	834
1779088260291598	204	840
1779088260291598	204	846
1779088260291599	204	852
1779088260301546	204	346
1779088260301547	204	362
1779088260301547	204	369
1779088260301547	204	375
1779088260301547	204	381
1779088260301548	204	387
1779088260301548	204	393
1779088260301548	204	400
1779088260301549	204	406
1779088260301549	204	412
1779088260301549	204	418
1779088260301550	204	426
1779088260301550	204	433
1779088260301550	204	438
1779088260301550	204	445
1779088260301551	204	450
1779088260301551	204	456
1779088260301551	204	462
1779088260301552	204	468
1779088260301552	204	474
1779088260301552	204	480
1779088260301553	204	487
1779088260301553	204	493
1779088260301553	204	499
1779088260301554	204	505
1779088260301554	204	510
1779088260301554	204	537
1779088260301555	204	545
1779088260301555	204	551
1779088260301555	204	557
1779088260311211	204	389
1779088260311211	204	409
1779088260311212	204	416
1779088260311212	204	421
1779088260311213	204	427
1779088260311213	204	433
1779088260311213	204	439
1779088260311214	204	445
1779088260311214	204	450
1779088260311215	204	456
1779088260311215	204	462
1779088260311215	204	468
1779088260311216	204	474
1779088260311216	204	481
1779088260311216	204	487
1779088260311217	204	493
1779088260311217	204	498
1779088260311217	204	504
1779088260311218	204	510
1779088260311218	204	516
1779088260311218	204	523
1779088260311219	204	529
1779088260311219	204	535
1779088260311219	204	541
1779088260311220	204	547
1779088260311220	204	552
1779088260311220	204	558
1779088260311221	204	564
1779088260311221	204	570
1779088260321890	204	567
1779088260321891	204	586
1779088260321891	204	593
1779088260321892	204	599
1779088260321892	204	605
1779088260321892	204	611
1779088260321892	204	617
1779088260321893	204	623
1779088260321893	204	630
1779088260321893	204	636
1779088260321894	204	642
1779088260321894	204	652
1779088260321894	204	658
1779088260321895	204	664
1779088260321896	204	669
1779088260321897	204	675
1779088260321897	204	681
1779088260321898	204	687
1779088260321898	204	692
1779088260321899	204	707
1779088260321899	204	713
1779088260321900	204	719
1779088260321901	204	725
1779088260321901	204	732
1779088260321902	204	738
1779088260321902	204	744
1779088260321903	204	750
1779088260321903	204	756
1779088260321904	204	761
1779088260321904	204	767
1779088260321905	204	773
1779088260321906	204	778
1779088260331789	204	394
1779088260331789	204	411
1779088260331790	204	418
1779088260331790	204	424
1779088260331790	204	430
1779088260331791	204	436
1779088260331791	204	442
1779088260331791	204	448
1779088260331792	204	454
1779088260331792	204	460
1779088260331792	204	466
1779088260331793	204	473
1779088260331793	204	479
1779088260331793	204	485
1779088260331794	204	491
1779088260331794	204	497
1779088260331794	204	502
1779088260331795	204	509
1779088260331795	204	515
1779088260331795	204	521
1779088260331796	204	529
1779088260331796	204	535
1779088260331796	204	541
1779088260331797	204	547
1779088260331797	204	552
1779088260331797	204	558
1779088260331797	204	564
1779088260331798	204	570
1779088260331798	204	576
1779088260341478	204	539
1779088260341479	204	560
1779088260341479	204	565
1779088260341480	204	569
1779088260341480	204	573
1779088260341480	204	577
1779088260341481	204	581
1779088260341481	204	584
1779088260341481	204	608
1779088260341482	204	613
1779088260341482	204	617
1779088260341483	204	621
1779088260341483	204	624
1779088260341483	204	628
1779088260341484	204	631
1779088260341484	204	634
1779088260341485	204	638
1779088260341485	204	642
1779088260341485	204	646
1779088260341486	204	649
1779088260341486	204	654
1779088260341486	204	658
1779088260341487	204	661
1779088260341487	204	665
1779088260341487	204	669
1779088260341488	204	672
1779088260341488	204	676
1779088260341488	204	679
1779088260341489	204	682
1779088260351262	204	385
1779088260351263	204	400
1779088260351263	204	405
1779088260351263	204	409
1779088260351264	204	413
1779088260351264	204	416
1779088260351264	204	420
1779088260351265	204	423
1779088260351265	204	427
1779088260351265	204	430
1779088260351266	204	434
1779088260351266	204	437
1779088260351266	204	441
1779088260351267	204	444
1779088260351267	204	448
1779088260351267	204	451
1779088260351267	204	455
1779088260351268	204	458
1779088260351268	204	462
1779088260351268	204	465
1779088260351269	204	469
1779088260351269	204	473
1779088260351269	204	477
1779088260351270	204	480
1779088260351270	204	488
1779088260351270	204	492
1779088260351271	204	495
1779088260351271	204	498
1779088260351272	204	502
1779088260351272	204	505
1779088260361870	204	471
1779088260361870	204	492
1779088260361871	204	497
1779088260361871	204	501
1779088260361871	204	505
1779088260361872	204	509
1779088260361872	204	512
1779088260361872	204	516
1779088260361873	204	520
1779088260361873	204	523
1779088260361874	204	527
1779088260361874	204	530
1779088260361874	204	534
1779088260361875	204	537
1779088260361875	204	541
1779088260361875	204	545
1779088260361876	204	548
1779088260361876	204	552
1779088260361877	204	555
1779088260361877	204	558
1779088260361877	204	562
1779088260361878	204	566
1779088260361878	204	569
1779088260361878	204	574
1779088260361879	204	578
1779088260361879	204	582
1779088260361879	204	585
1779088260361880	204	588
1779088260361880	204	592
1779088260361880	204	595
1779088260361881	204	599
1779088260361881	204	602
1779088260371574	204	369
1779088260371575	204	384
1779088260371575	204	388
1779088260371576	204	392
1779088260371576	204	396
1779088260371576	204	399
1779088260371577	204	403
1779088260371577	204	406
1779088260371577	204	410
1779088260371577	204	414
1779088260371578	204	418
1779088260371578	204	421
1779088260371579	204	424
1779088260371579	204	428
1779088260371579	204	432
1779088260371580	204	435
1779088260371580	204	439
1779088260371580	204	442
1779088260371581	204	446
1779088260371581	204	449
1779088260371581	204	454
1779088260371581	204	457
1779088260371582	204	460
1779088260371582	204	464
1779088260371582	204	467
1779088260371583	204	471
1779088260371583	204	474
1779088260371583	204	478
1779088260371584	204	481
1779088260382169	204	550
1779088260382169	204	575
1779088260382169	204	598
1779088260382170	204	604
1779088260382170	204	610
1779088260382170	204	615
1779088260382171	204	622
1779088260382171	204	627
1779088260382171	204	633
1779088260382172	204	638
1779088260382172	204	644
1779088260382172	204	650
1779088260382173	204	656
1779088260382173	204	661
1779088260382173	204	667
1779088260382174	204	672
1779088260382174	204	678
1779088260382174	204	684
1779088260382174	204	689
1779088260382175	204	695
1779088260382175	204	700
1779088260382175	204	706
1779088260382176	204	711
1779088260382176	204	719
1779088260382176	204	725
1779088260382177	204	730
1779088260382177	204	735
1779088260382177	204	741
1779088260382177	204	746
1779088260382178	204	752
1779088260382178	204	758
1779088260382179	204	764
1779088260392057	204	663
1779088260392058	204	685
1779088260392058	204	689
1779088260392059	204	698
1779088260392059	204	701
1779088260392060	204	704
1779088260392061	204	707
1779088260392062	204	710
1779088260392062	204	714
1779088260392063	204	717
1779088260392064	204	720
1779088260392064	204	724
1779088260392065	204	726
1779088260392068	204	727
1779088260392069	204	730
1779088260392069	204	734
1779088260392070	204	737
1779088260392070	204	740
1779088260392071	204	744
1779088260392071	204	748
1779088260392072	204	753
1779088260392073	204	770
1779088260392073	204	774
1779088260392073	204	778
1779088260392074	204	782
1779088260392074	204	785
1779088260392075	204	788
1779088260392076	204	801
1779088260392076	204	805
1779088260401972	204	673
1779088260401973	204	701
1779088260401973	204	707
1779088260401974	204	713
1779088260401975	204	717
1779088260401975	204	723
1779088260401975	204	728
1779088260401976	204	733
1779088260401977	204	738
1779088260401977	204	742
1779088260401978	204	746
1779088260401979	204	750
1779088260401979	204	755
1779088260401980	204	759
1779088260401981	204	765
1779088260401981	204	770
1779088260401982	204	775
1779088260401982	204	781
1779088260401983	204	786
1779088260401983	204	792
1779088260401984	204	797
1779088260401984	204	806
1779088260401984	204	812
1779088260401985	204	817
1779088260401985	204	823
1779088260401986	204	829
1779088260401986	204	835
1779088260401987	204	841
1779088260401987	204	847
1779088260401987	204	852
1779088260411970	204	470
1779088260411971	204	491
1779088260411971	204	495
1779088260411972	204	499
1779088260411973	204	502
1779088260411973	204	505
1779088260411975	204	508
1779088260411975	204	511
1779088260411976	204	514
1779088260411977	204	517
1779088260411977	204	521
1779088260411978	204	523
1779088260411979	204	527
1779088260411980	204	530
1779088260411980	204	533
1779088260411981	204	536
1779088260411982	204	539
1779088260411983	204	542
1779088260411983	204	546
1779088260411984	204	551
1779088260411985	204	554
1779088260411985	204	558
1779088260411986	204	561
1779088260411986	204	565
1779088260411987	204	568
1779088260411987	204	572
1779088260411988	204	575
1779088260411989	204	578
1779088260411989	204	582
1779088260411989	204	585
1779088260421670	204	451
1779088260421671	204	467
1779088260421671	204	473
1779088260421672	204	477
1779088260421672	204	481
1779088260421673	204	484
1779088260421674	204	487
1779088260421674	204	491
1779088260421674	204	494
1779088260421675	204	497
1779088260421676	204	503
1779088260421676	204	506
1779088260421677	204	523
1779088260421677	204	527
1779088260421678	204	530
1779088260421679	204	533
1779088260421679	204	544
1779088260421680	204	547
1779088260421680	204	551
1779088260421681	204	554
1779088260421681	204	558
1779088260421682	204	562
1779088260421682	204	565
1779088260421682	204	571
1779088260421683	204	583
1779088260421683	204	587
1779088260421684	204	590
1779088260421685	204	594
1779088260421685	204	597
1779088260431360	204	347
1779088260431360	204	359
1779088260431360	204	363
1779088260431361	204	367
1779088260431361	204	370
1779088260431361	204	374
1779088260431362	204	378
1779088260431362	204	381
1779088260431362	204	385
1779088260431363	204	388
1779088260431363	204	392
1779088260431363	204	395
1779088260431364	204	399
1779088260431364	204	403
1779088260431364	204	406
1779088260431364	204	421
1779088260431365	204	424
1779088260431365	204	428
1779088260431365	204	432
1779088260431366	204	435
1779088260431366	204	440
1779088260431366	204	444
1779088260431367	204	447
1779088260431367	204	463
1779088260431367	204	467
1779088260431368	204	471
1779088260431368	204	475
1779088260431368	204	478
1779088260431369	204	484
1779088260441939	204	501
1779088260441940	204	520
1779088260441940	204	525
1779088260441940	204	529
1779088260441941	204	532
1779088260441943	204	534
1779088260441944	204	538
1779088260441944	204	541
1779088260441945	204	545
1779088260441946	204	548
1779088260441946	204	551
1779088260441947	204	554
1779088260441947	204	558
1779088260441948	204	561
1779088260441948	204	564
1779088260441949	204	567
1779088260441950	204	570
1779088260441950	204	574
1779088260441951	204	577
1779088260441951	204	581
1779088260441952	204	584
1779088260441952	204	587
1779088260441952	204	591
1779088260441953	204	596
1779088260441953	204	599
1779088260441953	204	602
1779088260441954	204	606
1779088260441954	204	609
1779088260441955	204	613
1779088260441955	204	616
1779088260441955	204	622
1779088260441956	204	642
1779088260451800	204	569
1779088260451801	204	590
1779088260451801	204	594
1779088260451802	204	598
1779088260451802	204	602
1779088260451803	204	605
1779088260451804	204	609
1779088260451804	204	612
1779088260451805	204	616
1779088260451806	204	619
1779088260451807	204	622
1779088260451807	204	625
1779088260451808	204	629
1779088260451808	204	632
1779088260451809	204	635
1779088260451810	204	639
1779088260451810	204	645
1779088260451811	204	651
1779088260451812	204	657
1779088260451812	204	663
1779088260451812	204	671
1779088260451813	204	677
1779088260451813	204	681
1779088260451814	204	684
1779088260451814	204	688
1779088260451815	204	691
1779088260451815	204	694
1779088260451816	204	698
1779088260451816	204	734
1779088260461776	204	400
1779088260461777	204	415
1779088260461777	204	420
1779088260461777	204	424
1779088260461778	204	427
1779088260461778	204	431
1779088260461779	204	435
1779088260461779	204	438
1779088260461779	204	442
1779088260461780	204	445
1779088260461780	204	449
1779088260461781	204	452
1779088260461781	204	456
1779088260461781	204	460
1779088260461782	204	463
1779088260461782	204	467
1779088260461782	204	470
1779088260461783	204	474
1779088260461783	204	477
1779088260461785	204	479
1779088260461785	204	483
1779088260461786	204	487
1779088260461786	204	491
1779088260461786	204	494
1779088260461787	204	498
1779088260461787	204	501
1779088260461787	204	505
1779088260461788	204	508
1779088260461788	204	512
1779088260461788	204	516
1779088260471398	204	445
1779088260471399	204	464
1779088260471399	204	469
1779088260471400	204	473
1779088260471400	204	476
1779088260471401	204	479
1779088260471401	204	483
1779088260471402	204	486
1779088260471402	204	490
1779088260471403	204	493
1779088260471403	204	496
1779088260471404	204	500
1779088260471404	204	503
1779088260471405	204	506
1779088260471405	204	510
1779088260471406	204	513
1779088260471407	204	516
1779088260471407	204	520
1779088260471408	204	522
1779088260471409	204	525
1779088260471409	204	530
1779088260471410	204	534
1779088260471410	204	537
1779088260471411	204	540
1779088260471411	204	544
1779088260471411	204	547
1779088260471412	204	551
1779088260471412	204	554
1779088260471412	204	557
1779088260482065	204	659
1779088260482066	204	684
1779088260482066	204	691
1779088260482067	204	697
1779088260482067	204	703
1779088260482068	204	708
1779088260482069	204	714
1779088260482089	204	701
1779088260482089	204	707
1779088260482090	204	713
1779088260482090	204	718
1779088260482091	204	724
1779088260482091	204	730
1779088260482092	204	736
1779088260482092	204	741
1779088260482093	204	747
1779088260482093	204	752
1779088260482094	204	757
1779088260482094	204	763
1779088260482094	204	769
1779088260482095	204	774
1779088260482095	204	780
1779088260482095	204	786
1779088260482096	204	793
1779088260482096	204	799
1779088260482096	204	805
1779088260482097	204	811
1779088260482097	204	817
1779088260482097	204	823
1779088260482098	204	829
1779088260482098	204	849
1779088260482099	204	856
1779088260492064	204	445
1779088260492065	204	462
1779088260492065	204	466
1779088260492065	204	470
1779088260492066	204	474
1779088260492066	204	477
1779088260492066	204	481
1779088260492067	204	484
1779088260492067	204	487
1779088260492068	204	491
1779088260492068	204	494
1779088260492069	204	502
1779088260492069	204	506
1779088260492070	204	509
1779088260492070	204	513
1779088260492071	204	516
1779088260492071	204	520
1779088260492072	204	523
1779088260492072	204	526
1779088260492072	204	529
1779088260492073	204	533
1779088260492073	204	537
1779088260492074	204	541
1779088260492074	204	544
1779088260492074	204	548
1779088260492075	204	551
1779088260492075	204	555
1779088260492075	204	558
1779088260492076	204	561
1779088260492076	204	566
1779088260501734	204	424
1779088260501735	204	439
1779088260501736	204	444
1779088260501736	204	447
1779088260501736	204	451
1779088260501737	204	454
1779088260501737	204	458
1779088260501738	204	461
1779088260501738	204	465
1779088260501738	204	468
1779088260501739	204	472
1779088260501739	204	475
1779088260501740	204	479
1779088260501740	204	482
1779088260501740	204	486
1779088260501741	204	489
1779088260501741	204	493
1779088260501742	204	497
1779088260501742	204	500
1779088260501742	204	504
1779088260501743	204	509
1779088260501743	204	512
1779088260501744	204	516
1779088260501744	204	519
1779088260501745	204	523
1779088260501745	204	526
1779088260501745	204	530
1779088260501745	204	534
1779088260501746	204	537
1779088260511377	204	380
1779088260511377	204	396
1779088260511378	204	401
1779088260511378	204	405
1779088260511378	204	408
1779088260511379	204	412
1779088260511379	204	415
1779088260511381	204	418
1779088260511381	204	421
1779088260511381	204	425
1779088260511382	204	428
1779088260511382	204	431
1779088260511383	204	435
1779088260511383	204	438
1779088260511384	204	442
1779088260511384	204	445
1779088260511384	204	449
1779088260511385	204	452
1779088260511385	204	456
1779088260511385	204	459
1779088260511386	204	463
1779088260511386	204	467
1779088260511387	204	471
1779088260511387	204	475
1779088260511387	204	478
1779088260511388	204	481
1779088260511388	204	485
1779088260511388	204	488
1779088260511388	204	492
1779088260521972	204	434
1779088260521972	204	452
1779088260521973	204	456
1779088260521973	204	460
1779088260521974	204	463
1779088260521974	204	467
1779088260521974	204	470
1779088260521975	204	475
1779088260521975	204	478
1779088260521975	204	482
1779088260521976	204	486
1779088260521976	204	489
1779088260521976	204	493
1779088260521977	204	496
1779088260521977	204	500
1779088260521978	204	503
1779088260521978	204	507
1779088260521978	204	510
1779088260521978	204	514
1779088260521979	204	517
1779088260521979	204	521
1779088260521979	204	524
1779088260521980	204	528
1779088260521980	204	533
1779088260521980	204	536
1779088260521981	204	540
1779088260521981	204	547
1779088260521981	204	551
1779088260521982	204	554
1779088260521982	204	557
1779088260521983	204	561
1779088260521983	204	564
1779088260531646	204	412
1779088260531647	204	449
1779088260531647	204	457
1779088260531647	204	462
1779088260531648	204	469
1779088260531648	204	475
1779088260531648	204	481
1779088260531649	204	487
1779088260531649	204	494
1779088260531649	204	501
1779088260531650	204	507
1779088260531650	204	513
1779088260531651	204	519
1779088260531651	204	525
1779088260531651	204	531
1779088260531652	204	536
1779088260531652	204	542
1779088260531652	204	548
1779088260531653	204	554
1779088260531653	204	560
1779088260531653	204	567
1779088260531655	204	572
1779088260531655	204	578
1779088260531656	204	584
1779088260531656	204	590
1779088260531656	204	595
1779088260531657	204	602
1779088260531657	204	609
1779088260531657	204	615
1779088260541377	204	410
1779088260541378	204	431
1779088260541378	204	438
1779088260541379	204	443
1779088260541379	204	449
1779088260541380	204	455
1779088260541380	204	461
1779088260541380	204	467
1779088260541381	204	473
1779088260541381	204	480
1779088260541381	204	486
1779088260541382	204	492
1779088260541382	204	497
1779088260541383	204	514
1779088260541383	204	519
1779088260541383	204	525
1779088260541383	204	531
1779088260541384	204	537
1779088260541384	204	543
1779088260541385	204	549
1779088260541385	204	557
1779088260541385	204	563
1779088260541386	204	569
1779088260541386	204	575
1779088260541386	204	581
1779088260541386	204	587
1779088260541387	204	593
1779088260541387	204	599
1779088260541387	204	605
1779088260552099	204	454
1779088260552100	204	475
1779088260552100	204	482
1779088260552100	204	488
1779088260552101	204	494
1779088260552101	204	500
1779088260552101	204	506
1779088260552102	204	512
1779088260552102	204	518
1779088260552102	204	524
1779088260552103	204	530
1779088260552103	204	536
1779088260552104	204	542
1779088260552104	204	549
1779088260552104	204	555
1779088260552105	204	561
1779088260552105	204	567
1779088260552106	204	573
1779088260552106	204	580
1779088260552106	204	586
1779088260552107	204	592
1779088260552107	204	598
1779088260552107	204	604
1779088260552108	204	612
1779088260552108	204	618
1779088260552108	204	624
1779088260552109	204	630
1779088260552109	204	636
1779088260552110	204	642
1779088260552110	204	649
1779088260552110	204	655
1779088260552110	204	662
1779088260561876	204	461
1779088260561877	204	486
1779088260561878	204	493
1779088260561878	204	499
1779088260561879	204	505
1779088260561879	204	511
1779088260561879	204	525
1779088260561880	204	531
1779088260561880	204	538
1779088260561881	204	544
1779088260561881	204	551
1779088260561881	204	557
1779088260561882	204	563
1779088260561882	204	569
1779088260561882	204	576
1779088260561883	204	582
1779088260561883	204	588
1779088260561883	204	594
1779088260561884	204	600
1779088260561884	204	606
1779088260561885	204	612
1779088260561885	204	621
1779088260561885	204	627
1779088260561886	204	633
1779088260561886	204	637
1779088260561886	204	642
1779088260561886	204	645
1779088260561887	204	649
1779088260561887	204	652
1779088260561888	204	656
1779088260571642	204	414
1779088260571643	204	433
1779088260571643	204	449
1779088260571643	204	453
1779088260571644	204	457
1779088260571644	204	460
1779088260571645	204	464
1779088260571645	204	469
1779088260571645	204	473
1779088260571646	204	477
1779088260571646	204	480
1779088260571647	204	483
1779088260571647	204	487
1779088260571648	204	491
1779088260571648	204	494
1779088260571649	204	498
1779088260571649	204	501
1779088260571650	204	504
1779088260571650	204	507
1779088260571651	204	511
1779088260571651	204	515
1779088260571651	204	519
1779088260571652	204	522
1779088260571652	204	526
1779088260571653	204	529
1779088260571653	204	533
1779088260571654	204	536
1779088260571654	204	540
1779088260571654	204	543
1779088260581299	204	391
1779088260581300	204	409
1779088260581301	204	413
1779088260581301	204	417
1779088260581302	204	420
1779088260581302	204	424
1779088260581303	204	427
1779088260581303	204	431
1779088260581304	204	434
1779088260581304	204	438
1779088260581306	204	440
1779088260581306	204	444
1779088260581306	204	447
1779088260581307	204	450
1779088260581307	204	454
1779088260581308	204	457
1779088260581308	204	461
1779088260581309	204	464
1779088260581309	204	467
1779088260581309	204	471
1779088260581310	204	475
1779088260581310	204	479
1779088260581310	204	482
1779088260581311	204	486
1779088260581311	204	489
1779088260581312	204	492
1779088260581312	204	496
1779088260581312	204	499
1779088260581313	204	503
1779088260591903	204	416
1779088260591903	204	431
1779088260591903	204	436
1779088260591904	204	440
1779088260591904	204	444
1779088260591904	204	447
1779088260591905	204	451
1779088260591905	204	455
1779088260591905	204	458
1779088260591906	204	462
1779088260591906	204	466
1779088260591906	204	469
1779088260591907	204	473
1779088260591907	204	476
1779088260591907	204	480
1779088260591908	204	483
1779088260591908	204	487
1779088260591908	204	490
1779088260591909	204	494
1779088260591909	204	497
1779088260591909	204	507
1779088260591910	204	511
1779088260591910	204	514
1779088260591910	204	518
1779088260591911	204	522
1779088260591911	204	525
1779088260591911	204	529
1779088260591912	204	532
1779088260591912	204	544
1779088260591912	204	548
1779088260591913	204	552
1779088260591913	204	555
1779088260601557	204	414
1779088260601558	204	431
1779088260601558	204	435
1779088260601559	204	439
1779088260601559	204	443
1779088260601560	204	446
1779088260601560	204	450
1779088260601560	204	453
1779088260601561	204	457
1779088260601561	204	461
1779088260601562	204	465
1779088260601562	204	468
1779088260601562	204	472
1779088260601562	204	476
1779088260601563	204	480
1779088260601563	204	484
1779088260601564	204	487
1779088260601564	204	490
1779088260601564	204	494
1779088260601565	204	497
1779088260601565	204	502
1779088260601565	204	530
1779088260601566	204	534
1779088260601566	204	538
1779088260601568	204	540
1779088260601568	204	543
1779088260601568	204	546
1779088260601569	204	551
1779088260601569	204	554
1779088260611219	204	481
1779088260611220	204	500
1779088260611220	204	505
1779088260611221	204	508
1779088260611222	204	511
1779088260611222	204	515
1779088260611223	204	518
1779088260611223	204	521
1779088260611224	204	524
1779088260611225	204	527
1779088260611226	204	531
1779088260611226	204	534
1779088260611227	204	537
1779088260611228	204	540
1779088260611228	204	544
1779088260611229	204	547
1779088260611229	204	550
1779088260611230	204	553
1779088260611230	204	556
1779088260611231	204	559
1779088260611232	204	564
1779088260611232	204	567
1779088260611233	204	570
1779088260611234	204	573
1779088260611234	204	576
1779088260611235	204	579
1779088260611235	204	582
1779088260611236	204	585
1779088260611236	204	588
1779088260621910	204	389
1779088260621910	204	402
1779088260621910	204	407
1779088260621911	204	411
1779088260621911	204	414
1779088260621911	204	418
1779088260621912	204	421
1779088260621912	204	425
1779088260621912	204	428
1779088260621913	204	432
1779088260621913	204	436
1779088260621913	204	439
1779088260621914	204	443
1779088260621914	204	446
1779088260621914	204	450
1779088260621914	204	454
1779088260621915	204	457
1779088260621915	204	461
1779088260621915	204	465
1779088260621916	204	468
1779088260621916	204	472
1779088260621916	204	475
1779088260621916	204	479
1779088260621917	204	483
1779088260621917	204	487
1779088260621917	204	491
1779088260621918	204	494
1779088260621918	204	497
1779088260621918	204	501
1779088260621918	204	504
1779088260621919	204	507
1779088260621919	204	511
1779088260631517	204	409
1779088260631517	204	430
1779088260631518	204	435
1779088260631518	204	439
1779088260631518	204	442
1779088260631519	204	446
1779088260631519	204	450
1779088260631519	204	453
1779088260631520	204	457
1779088260631520	204	460
1779088260631520	204	464
1779088260631521	204	467
1779088260631521	204	471
1779088260631521	204	475
1779088260631522	204	478
1779088260631522	204	481
1779088260631523	204	485
1779088260631523	204	488
1779088260631523	204	491
1779088260631523	204	495
1779088260631524	204	512
1779088260631524	204	516
1779088260631525	204	519
1779088260631525	204	523
1779088260631525	204	526
1779088260631526	204	529
1779088260631526	204	533
1779088260631527	204	537
1779088260631527	204	540
1779088260642167	204	506
1779088260642168	204	524
1779088260642168	204	531
1779088260642169	204	537
1779088260642169	204	543
1779088260642170	204	550
1779088260642170	204	556
1779088260642170	204	562
1779088260642171	204	569
1779088260642171	204	575
1779088260642171	204	581
1779088260642172	204	588
1779088260642172	204	594
1779088260642173	204	600
1779088260642173	204	606
1779088260642173	204	612
1779088260642174	204	618
1779088260642174	204	624
1779088260642174	204	630
1779088260642175	204	636
1779088260642175	204	642
1779088260642175	204	648
1779088260642176	204	653
1779088260642176	204	662
1779088260642176	204	668
1779088260642177	204	674
1779088260642177	204	680
1779088260642177	204	685
1779088260642178	204	691
1779088260642178	204	697
1779088260642178	204	703
1779088260642179	204	709
1779088260651992	204	437
1779088260651993	204	452
1779088260651993	204	456
1779088260651993	204	460
1779088260651994	204	463
1779088260651994	204	467
1779088260651994	204	470
1779088260651995	204	474
1779088260651995	204	477
1779088260651996	204	492
1779088260651998	204	494
1779088260651998	204	497
1779088260651998	204	501
1779088260651999	204	504
1779088260651999	204	508
1779088260651999	204	511
1779088260652000	204	515
1779088260652000	204	518
1779088260652001	204	521
1779088260652001	204	524
1779088260652001	204	529
1779088260652002	204	533
1779088260652002	204	537
1779088260652002	204	540
1779088260652003	204	544
1779088260652003	204	547
1779088260652003	204	551
1779088260652004	204	555
1779088260652004	204	558
1779088260661653	204	490
1779088260661653	204	507
1779088260661654	204	511
1779088260661654	204	515
1779088260661655	204	519
1779088260661655	204	523
1779088260661655	204	526
1779088260661656	204	530
1779088260661656	204	534
1779088260661656	204	537
1779088260661657	204	541
1779088260661657	204	544
1779088260661658	204	548
1779088260661658	204	558
1779088260661658	204	562
1779088260661658	204	565
1779088260661659	204	569
1779088260661659	204	572
1779088260661659	204	576
1779088260661660	204	579
1779088260661660	204	584
1779088260661661	204	588
1779088260661661	204	591
1779088260661661	204	595
1779088260661661	204	598
1779088260661662	204	602
1779088260661662	204	605
1779088260661662	204	609
1779088260661663	204	612
1779088260671368	204	414
1779088260671369	204	433
1779088260671370	204	438
1779088260671370	204	442
1779088260671371	204	446
1779088260671371	204	449
1779088260671371	204	453
1779088260671372	204	456
1779088260671372	204	460
1779088260671373	204	463
1779088260671373	204	467
1779088260671374	204	470
1779088260671374	204	474
1779088260671375	204	477
1779088260671375	204	481
1779088260671376	204	484
1779088260671376	204	487
1779088260671376	204	491
1779088260671377	204	494
1779088260671377	204	498
1779088260671378	204	502
1779088260671378	204	506
1779088260671379	204	509
1779088260671379	204	512
1779088260671380	204	515
1779088260671380	204	519
1779088260671381	204	522
1779088260671381	204	526
1779088260671383	204	527
1779088260681998	204	459
1779088260681999	204	476
1779088260681999	204	481
1779088260682000	204	485
1779088260682000	204	488
1779088260682001	204	492
1779088260682001	204	496
1779088260682001	204	499
1779088260682002	204	503
1779088260682002	204	506
1779088260682003	204	510
1779088260682003	204	513
1779088260682003	204	517
1779088260682004	204	520
1779088260682004	204	524
1779088260682005	204	527
1779088260682005	204	531
1779088260682005	204	534
1779088260682006	204	538
1779088260682006	204	541
1779088260682007	204	545
1779088260682007	204	548
1779088260682007	204	552
1779088260682007	204	556
1779088260682008	204	560
1779088260682008	204	563
1779088260682008	204	567
1779088260682009	204	570
1779088260682009	204	574
1779088260682010	204	577
1779088260682010	204	580
1779088260682011	204	583
1779088260691680	204	504
1779088260691680	204	520
1779088260691681	204	524
1779088260691681	204	527
1779088260691682	204	531
1779088260691682	204	535
1779088260691682	204	538
1779088260691683	204	542
1779088260691683	204	546
1779088260691683	204	549
1779088260691684	204	553
1779088260691684	204	556
1779088260691684	204	560
1779088260691685	204	563
1779088260691685	204	567
1779088260691685	204	571
1779088260691686	204	574
1779088260691686	204	578
1779088260691687	204	584
1779088260691687	204	587
1779088260691687	204	605
1779088260691687	204	609
1779088260691688	204	613
1779088260691688	204	616
1779088260691688	204	620
1779088260691689	204	624
1779088260691689	204	632
1779088260691690	204	636
1779088260691690	204	639
1779088260701406	204	372
1779088260701406	204	385
1779088260701407	204	389
1779088260701407	204	393
1779088260701407	204	397
1779088260701407	204	401
1779088260701408	204	405
1779088260701408	204	408
1779088260701408	204	412
1779088260701409	204	415
1779088260701409	204	419
1779088260701409	204	422
1779088260701410	204	426
1779088260701410	204	430
1779088260701410	204	434
1779088260701410	204	437
1779088260701411	204	441
1779088260701411	204	444
1779088260701411	204	448
1779088260701412	204	452
1779088260701412	204	456
1779088260701412	204	460
1779088260701412	204	463
1779088260701413	204	466
1779088260701413	204	470
1779088260701413	204	482
1779088260701414	204	486
1779088260701414	204	490
1779088260701414	204	493
1779088260711994	204	470
1779088260711995	204	493
1779088260711995	204	500
1779088260711996	204	504
1779088260711996	204	509
1779088260711997	204	514
1779088260711997	204	519
1779088260711997	204	524
1779088260711998	204	529
1779088260711998	204	534
1779088260711999	204	539
1779088260711999	204	549
1779088260711999	204	555
1779088260712000	204	558
1779088260712000	204	561
1779088260712000	204	564
1779088260712001	204	567
1779088260712001	204	570
1779088260712002	204	573
1779088260712002	204	577
1779088260712002	204	580
1779088260712003	204	583
1779088260712003	204	586
1779088260712003	204	591
1779088260712004	204	594
1779088260712004	204	597
1779088260712005	204	600
1779088260712005	204	603
1779088260712006	204	606
1779088260712006	204	609
1779088260712007	204	613
1779088260712007	204	616
1779088260721726	204	383
1779088260721727	204	401
1779088260721728	204	405
1779088260721728	204	408
1779088260721729	204	412
1779088260721729	204	416
1779088260721729	204	419
1779088260721730	204	423
1779088260721730	204	426
1779088260721730	204	430
1779088260721731	204	433
1779088260721731	204	437
1779088260721732	204	441
1779088260721732	204	444
1779088260721734	204	446
1779088260721735	204	449
1779088260721735	204	453
1779088260721735	204	456
1779088260721736	204	459
1779088260721736	204	463
1779088260721736	204	468
1779088260721737	204	472
1779088260721737	204	475
1779088260721737	204	478
1779088260721738	204	482
1779088260721738	204	485
1779088260721738	204	489
1779088260721739	204	492
1779088260721739	204	496
1779088260731329	204	427
1779088260731329	204	443
1779088260731330	204	448
1779088260731331	204	451
1779088260731331	204	454
1779088260731332	204	458
1779088260731332	204	461
1779088260731333	204	464
1779088260731333	204	468
1779088260731333	204	476
1779088260731334	204	480
1779088260731334	204	483
1779088260731335	204	487
1779088260731335	204	490
1779088260731336	204	494
1779088260731336	204	497
1779088260731337	204	500
1779088260731337	204	504
1779088260731337	204	507
1779088260731338	204	510
1779088260731338	204	515
1779088260731339	204	519
1779088260731339	204	522
1779088260731340	204	525
1779088260731341	204	528
1779088260731341	204	531
1779088260731342	204	534
1779088260731342	204	538
1779088260731343	204	541
1779088260741980	204	482
1779088260741981	204	499
1779088260741982	204	504
1779088260741982	204	507
1779088260741983	204	510
1779088260741983	204	514
1779088260741984	204	517
1779088260741984	204	521
1779088260741985	204	524
1779088260741985	204	527
1779088260741986	204	531
1779088260741986	204	534
1779088260741987	204	538
1779088260741987	204	541
1779088260741987	204	545
1779088260741988	204	549
1779088260741988	204	552
1779088260741988	204	556
1779088260741989	204	559
1779088260741989	204	563
1779088260741990	204	566
1779088260741990	204	570
1779088260741991	204	573
1779088260741991	204	578
1779088260741991	204	582
1779088260741992	204	585
1779088260741992	204	589
1779088260741992	204	592
1779088260741993	204	596
1779088260741993	204	599
1779088260741994	204	602
1779088260741994	204	605
1779088260751691	204	410
1779088260751692	204	427
1779088260751692	204	431
1779088260751693	204	435
1779088260751693	204	438
1779088260751694	204	442
1779088260751694	204	446
1779088260751694	204	450
1779088260751695	204	453
1779088260751695	204	457
1779088260751695	204	460
1779088260751696	204	464
1779088260751696	204	468
1779088260751696	204	471
1779088260751697	204	475
1779088260751697	204	479
1779088260751697	204	482
1779088260751698	204	486
1779088260751698	204	489
1779088260751698	204	493
1779088260751699	204	498
1779088260751699	204	501
1779088260751699	204	505
1779088260751700	204	508
1779088260751700	204	512
1779088260751701	204	515
1779088260751701	204	518
1779088260751701	204	522
1779088260751702	204	525
1779088260761319	204	394
1779088260761320	204	410
1779088260761320	204	414
1779088260761321	204	418
1779088260761321	204	421
1779088260761322	204	425
1779088260761322	204	428
1779088260761322	204	432
1779088260761323	204	435
1779088260761323	204	447
1779088260761324	204	451
1779088260761324	204	455
1779088260761324	204	458
1779088260761325	204	462
1779088260761325	204	466
1779088260761326	204	469
1779088260761326	204	472
1779088260761327	204	475
1779088260761327	204	479
1779088260761327	204	482
1779088260761328	204	487
1779088260761328	204	494
1779088260761328	204	498
1779088260761329	204	501
1779088260761329	204	505
1779088260761330	204	508
1779088260761330	204	511
1779088260761331	204	515
1779088260761331	204	518
1779088260771943	204	468
1779088260771944	204	487
1779088260771945	204	493
1779088260771946	204	499
1779088260771946	204	504
1779088260771948	204	508
1779088260771949	204	513
1779088260771950	204	519
1779088260771950	204	524
1779088260771951	204	529
1779088260771952	204	535
1779088260771952	204	540
1779088260771953	204	546
1779088260771953	204	551
1779088260771954	204	557
1779088260771954	204	562
1779088260771955	204	567
1779088260771956	204	572
1779088260771956	204	577
1779088260771957	204	583
1779088260771957	204	588
1779088260771958	204	593
1779088260771958	204	599
1779088260771959	204	606
1779088260771960	204	611
1779088260771960	204	616
1779088260771961	204	622
1779088260771961	204	628
1779088260771962	204	633
1779088260771962	204	639
1779088260771963	204	644
1779088260771963	204	650
1779088260781723	204	508
1779088260781724	204	531
1779088260781725	204	537
1779088260781726	204	541
1779088260781727	204	547
1779088260781727	204	552
1779088260781728	204	557
1779088260781728	204	562
1779088260781729	204	567
1779088260781730	204	572
1779088260781730	204	577
1779088260781731	204	582
1779088260781731	204	587
1779088260781732	204	593
1779088260781732	204	598
1779088260781733	204	604
1779088260781733	204	609
1779088260781734	204	614
1779088260781735	204	619
1779088260781735	204	624
1779088260781736	204	631
1779088260781736	204	636
1779088260781737	204	641
1779088260781737	204	647
1779088260781738	204	651
1779088260781738	204	656
1779088260781739	204	662
1779088260781739	204	667
1779088260781740	204	672
1779088260791529	204	482
1779088260791529	204	503
1779088260791530	204	510
1779088260791531	204	517
1779088260791531	204	522
1779088260791531	204	528
1779088260791532	204	534
1779088260791533	204	540
1779088260791533	204	545
1779088260791534	204	562
1779088260791534	204	568
1779088260791535	204	573
1779088260791535	204	579
1779088260791536	204	584
1779088260791537	204	589
1779088260791537	204	595
1779088260791538	204	600
1779088260791539	204	605
1779088260791539	204	611
1779088260791541	204	615
1779088260791542	204	620
1779088260791542	204	627
1779088260791543	204	634
1779088260791544	204	639
1779088260791544	204	644
1779088260791545	204	649
1779088260791545	204	655
1779088260791546	204	660
1779088260791547	204	665
1779088260791547	204	671
1779088260801332	204	609
1779088260801333	204	635
1779088260801334	204	641
1779088260801335	204	646
1779088260801336	204	657
1779088260801336	204	662
1779088260801337	204	667
1779088260801338	204	672
1779088260801339	204	677
1779088260801339	204	683
1779088260801340	204	688
1779088260801341	204	694
1779088260801341	204	699
1779088260801342	204	704
1779088260801342	204	709
1779088260801343	204	714
1779088260801344	204	720
1779088260801345	204	750
1779088260801346	204	758
1779088260801346	204	763
1779088260801347	204	771
1779088260801347	204	776
1779088260801348	204	781
1779088260801349	204	786
1779088260801349	204	791
1779088260801350	204	796
1779088260801350	204	801
1779088260801351	204	806
1779088260801352	204	812
1779088260811288	204	527
1779088260811289	204	547
1779088260811289	204	553
1779088260811290	204	558
1779088260811291	204	563
1779088260811291	204	568
1779088260811292	204	572
1779088260811293	204	577
1779088260811294	204	582
1779088260811294	204	589
1779088260811295	204	593
1779088260811296	204	598
1779088260811296	204	603
1779088260811297	204	608
1779088260811298	204	612
1779088260811299	204	617
1779088260811299	204	622
1779088260811300	204	628
1779088260811301	204	633
1779088260811302	204	638
1779088260811302	204	644
1779088260811303	204	652
1779088260811304	204	657
1779088260811305	204	680
1779088260811305	204	686
1779088260811306	204	691
1779088260811307	204	696
1779088260811308	204	701
1779088260811309	204	706
1779088260811310	204	712
1779088260822108	204	512
1779088260822109	204	538
1779088260822110	204	544
1779088260822111	204	551
1779088260822112	204	557
1779088260822112	204	561
1779088260822113	204	566
1779088260822114	204	572
1779088260822114	204	577
1779088260822115	204	582
1779088260822116	204	587
1779088260822117	204	592
1779088260822117	204	597
1779088260822118	204	603
1779088260822119	204	608
1779088260822119	204	613
1779088260822120	204	619
1779088260822120	204	624
1779088260822121	204	629
1779088260822121	204	634
1779088260822122	204	640
1779088260822123	204	645
1779088260822124	204	650
1779088260822124	204	658
1779088260822125	204	663
1779088260822125	204	668
1779088260822126	204	673
1779088260822126	204	679
1779088260822127	204	685
1779088260822127	204	690
1779088260822128	204	695
1779088260822129	204	700
1779088260831943	204	417
1779088260831944	204	437
1779088260831945	204	442
1779088260831945	204	445
1779088260831946	204	449
1779088260831946	204	452
1779088260831947	204	455
1779088260831947	204	460
1779088260831948	204	463
1779088260831948	204	466
1779088260831949	204	470
1779088260831949	204	473
1779088260831950	204	476
1779088260831950	204	481
1779088260831951	204	484
1779088260831951	204	493
1779088260831952	204	496
1779088260831952	204	499
1779088260831953	204	503
1779088260831953	204	506
1779088260831954	204	509
1779088260831954	204	514
1779088260831955	204	518
1779088260831956	204	521
1779088260831956	204	524
1779088260831957	204	528
1779088260831957	204	531
1779088260831958	204	534
1779088260831958	204	538
1779088260831959	204	541
1779088260841595	204	467
1779088260841596	204	518
1779088260841597	204	523
1779088260841597	204	527
1779088260841598	204	530
1779088260841600	204	532
1779088260841601	204	535
1779088260841601	204	538
1779088260841602	204	542
1779088260841602	204	545
1779088260841603	204	548
1779088260841604	204	552
1779088260841604	204	555
1779088260841604	204	559
1779088260841605	204	562
1779088260841605	204	566
1779088260841606	204	569
1779088260841606	204	572
1779088260841607	204	576
1779088260841607	204	579
1779088260841608	204	584
1779088260841608	204	587
1779088260841608	204	591
1779088260841609	204	594
1779088260841609	204	597
1779088260841610	204	601
1779088260841610	204	604
1779088260841611	204	607
1779088260841611	204	610
1779088260851314	204	548
1779088260851315	204	570
1779088260851315	204	574
1779088260851316	204	578
1779088260851316	204	581
1779088260851316	204	585
1779088260851317	204	588
1779088260851317	204	592
1779088260851318	204	596
1779088260851318	204	600
1779088260851319	204	603
1779088260851319	204	607
1779088260851319	204	610
1779088260851320	204	614
1779088260851320	204	617
1779088260851321	204	621
1779088260851321	204	624
1779088260851322	204	628
1779088260851322	204	631
1779088260851323	204	635
1779088260851323	204	643
1779088260851324	204	649
1779088260851324	204	655
1779088260851325	204	661
1779088260851325	204	666
1779088260851326	204	672
1779088260851326	204	678
1779088260851327	204	684
1779088260851327	204	690
1779088260862139	204	548
1779088260862140	204	576
1779088260862141	204	582
1779088260862142	204	587
1779088260862144	204	591
1779088260862145	204	597
1779088260862145	204	602
1779088260862146	204	607
1779088260862147	204	613
1779088260862148	204	618
1779088260862149	204	622
1779088260862150	204	628
1779088260862151	204	633
1779088260862152	204	639
1779088260862152	204	658
1779088260862153	204	664
1779088260862154	204	669
1779088260862154	204	674
1779088260862155	204	680
1779088260862156	204	685
1779088260862157	204	691
1779088260862157	204	696
1779088260862158	204	702
1779088260862159	204	709
1779088260862161	204	713
1779088260862162	204	718
1779088260862163	204	724
1779088260862163	204	729
1779088260862164	204	734
1779088260862165	204	741
1779088260862166	204	753
1779088260862167	204	757
1779088260872044	204	514
1779088260872046	204	541
1779088260872047	204	547
1779088260872048	204	551
1779088260872049	204	556
1779088260872050	204	574
1779088260872051	204	579
1779088260872051	204	585
1779088260872052	204	590
1779088260872052	204	595
1779088260872053	204	599
1779088260872054	204	604
1779088260872055	204	610
1779088260872056	204	615
1779088260872056	204	619
1779088260872057	204	624
1779088260872058	204	629
1779088260872058	204	634
1779088260872059	204	639
1779088260872060	204	644
1779088260872061	204	649
1779088260872062	204	655
1779088260872063	204	660
1779088260872064	204	665
1779088260872065	204	669
1779088260872065	204	674
1779088260872066	204	679
1779088260872067	204	684
1779088260872068	204	688
1779088260872068	204	693
1779088260881870	204	437
1779088260881872	204	459
1779088260881873	204	462
1779088260881874	204	466
1779088260881874	204	469
1779088260881875	204	472
1779088260881876	204	475
1779088260881877	204	479
1779088260881877	204	483
1779088260881878	204	485
1779088260881879	204	489
1779088260881879	204	492
1779088260881880	204	497
1779088260881880	204	500
1779088260881881	204	504
1779088260881882	204	507
1779088260881882	204	510
1779088260881883	204	513
1779088260881883	204	517
1779088260881883	204	520
1779088260881884	204	524
1779088260881884	204	530
1779088260881885	204	534
1779088260881885	204	537
1779088260881886	204	540
1779088260881886	204	544
1779088260881887	204	548
1779088260881887	204	551
1779088260881888	204	554
1779088260881888	204	558
1779088260891540	204	439
1779088260891541	204	460
1779088260891541	204	464
1779088260891542	204	467
1779088260891543	204	470
1779088260891543	204	473
1779088260891544	204	476
1779088260891545	204	480
1779088260891545	204	483
1779088260891545	204	487
1779088260891546	204	490
1779088260891546	204	494
1779088260891547	204	497
1779088260891547	204	500
1779088260891548	204	504
1779088260891548	204	507
1779088260891549	204	510
1779088260891549	204	513
1779088260891550	204	516
1779088260891551	204	520
1779088260891551	204	525
1779088260891552	204	537
1779088260891552	204	541
1779088260891553	204	545
1779088260891553	204	548
1779088260891554	204	551
1779088260891555	204	554
1779088260891555	204	557
1779088260891556	204	560
1779088260901212	204	433
1779088260901213	204	452
1779088260901214	204	456
1779088260901214	204	460
1779088260901215	204	464
1779088260901216	204	468
1779088260901217	204	471
1779088260901218	204	473
1779088260901219	204	477
1779088260901219	204	480
1779088260901220	204	484
1779088260901220	204	495
1779088260901220	204	498
1779088260901221	204	502
1779088260901221	204	505
1779088260901222	204	508
1779088260901223	204	511
1779088260901223	204	515
1779088260901224	204	518
1779088260901224	204	521
1779088260901224	204	526
1779088260901225	204	529
1779088260901225	204	533
1779088260901226	204	536
1779088260901227	204	539
1779088260901227	204	542
1779088260901228	204	546
1779088260901228	204	549
1779088260901229	204	552
1779088260911867	204	402
1779088260911867	204	416
1779088260911867	204	421
1779088260911868	204	425
1779088260911868	204	428
1779088260911868	204	432
1779088260911869	204	436
1779088260911869	204	439
1779088260911869	204	442
1779088260911870	204	446
1779088260911870	204	449
1779088260911873	204	450
1779088260911873	204	454
1779088260911874	204	458
1779088260911874	204	461
1779088260911874	204	465
1779088260911875	204	468
1779088260911875	204	471
1779088260911875	204	475
1779088260911875	204	479
1779088260911876	204	482
1779088260911876	204	486
1779088260911876	204	490
1779088260911877	204	494
1779088260911877	204	497
1779088260911877	204	501
1779088260911878	204	504
1779088260911878	204	508
1779088260911878	204	511
1779088260911879	204	514
1779088260911880	204	517
1779088260911881	204	520
1779088260921495	204	413
1779088260921496	204	432
1779088260921497	204	437
1779088260921497	204	440
1779088260921498	204	444
1779088260921498	204	447
1779088260921499	204	451
1779088260921499	204	454
1779088260921500	204	459
1779088260921500	204	462
1779088260921501	204	465
1779088260921501	204	469
1779088260921502	204	472
1779088260921502	204	476
1779088260921503	204	479
1779088260921503	204	482
1779088260921504	204	486
1779088260921504	204	489
1779088260921505	204	492
1779088260921505	204	519
1779088260921505	204	523
1779088260921506	204	526
1779088260921506	204	530
1779088260921506	204	533
1779088260921507	204	537
1779088260921507	204	540
1779088260921507	204	543
1779088260921508	204	547
1779088260932174	204	522
1779088260932175	204	551
1779088260932175	204	559
1779088260932176	204	564
1779088260932176	204	569
1779088260932177	204	575
1779088260932177	204	580
1779088260932178	204	586
1779088260932179	204	592
1779088260932179	204	598
1779088260932180	204	604
1779088260932180	204	610
1779088260932181	204	616
1779088260932182	204	622
1779088260932182	204	629
1779088260932183	204	635
1779088260932184	204	641
1779088260932184	204	646
1779088260932185	204	651
1779088260932186	204	657
1779088260932187	204	662
1779088260932188	204	669
1779088260932188	204	675
1779088260932189	204	680
1779088260932189	204	694
1779088260932190	204	700
1779088260932191	204	707
1779088260932193	204	711
1779088260932193	204	717
1779088260932193	204	724
1779088260932194	204	729
1779088260932195	204	736
1779088260932197	204	740
1779088260942043	204	414
1779088260942044	204	436
1779088260942045	204	443
1779088260942046	204	448
1779088260942046	204	454
1779088260942047	204	460
1779088260942048	204	466
1779088260942048	204	472
1779088260942049	204	478
1779088260942049	204	484
1779088260942049	204	490
1779088260942050	204	496
1779088260942050	204	502
1779088260942050	204	508
1779088260942051	204	514
1779088260942052	204	519
1779088260942052	204	524
1779088260942052	204	530
1779088260942053	204	536
1779088260942053	204	542
1779088260942054	204	549
1779088260942054	204	555
1779088260942054	204	561
1779088260942055	204	567
1779088260942055	204	573
1779088260942056	204	578
1779088260942056	204	585
1779088260942056	204	591
1779088260942057	204	597
1779088260951757	204	412
1779088260951758	204	432
1779088260951758	204	439
1779088260951759	204	444
1779088260951759	204	449
1779088260951760	204	455
1779088260951760	204	461
1779088260951760	204	467
1779088260951761	204	472
1779088260951762	204	479
1779088260951762	204	485
1779088260951763	204	491
1779088260951763	204	497
1779088260951763	204	503
1779088260951764	204	509
1779088260951764	204	516
1779088260951765	204	522
1779088260951765	204	528
1779088260951765	204	534
1779088260951766	204	540
1779088260951766	204	548
1779088260951767	204	554
1779088260951767	204	560
1779088260951768	204	566
1779088260951768	204	572
1779088260951769	204	578
1779088260951769	204	583
1779088260951770	204	590
1779088260951770	204	596
1779088260961465	204	338
1779088260961465	204	354
1779088260961466	204	362
1779088260961466	204	368
1779088260961466	204	374
1779088260961467	204	380
1779088260961467	204	386
1779088260961467	204	392
1779088260961468	204	399
1779088260961468	204	405
1779088260961469	204	411
1779088260961469	204	417
1779088260961469	204	424
1779088260961470	204	430
1779088260961470	204	436
1779088260961470	204	442
1779088260961471	204	448
1779088260961471	204	454
1779088260961471	204	460
1779088260961472	204	467
1779088260961472	204	474
1779088260961472	204	481
1779088260961472	204	487
1779088260961473	204	492
1779088260961473	204	498
1779088260961473	204	505
1779088260961473	204	510
1779088260961474	204	516
1779088260961474	204	523
1779088260972108	204	453
1779088260972108	204	473
1779088260972109	204	480
1779088260972110	204	485
1779088260972110	204	490
1779088260972110	204	496
1779088260972111	204	502
1779088260972111	204	516
1779088260972112	204	522
1779088260972113	204	528
1779088260972113	204	534
1779088260972114	204	539
1779088260972114	204	545
1779088260972115	204	551
1779088260972115	204	557
1779088260972116	204	562
1779088260972116	204	567
1779088260972117	204	573
1779088260972118	204	579
1779088260972118	204	584
1779088260972119	204	590
1779088260972119	204	596
1779088260972120	204	601
1779088260972120	204	611
1779088260972120	204	712
1779088260972121	204	719
1779088260972121	204	726
1779088260972121	204	732
1779088260972122	204	738
1779088260972122	204	743
1779088260972123	204	749
1779088260972123	204	756
1779088260981987	204	455
1779088260981988	204	473
1779088260981989	204	480
1779088260981990	204	498
1779088260981990	204	505
1779088260981991	204	510
1779088260981991	204	516
1779088260981992	204	522
1779088260981992	204	528
1779088260981992	204	534
1779088260981993	204	541
1779088260981994	204	546
1779088260981994	204	552
1779088260981995	204	558
1779088260981995	204	564
1779088260981996	204	569
1779088260981996	204	575
1779088260981996	204	581
1779088260981997	204	587
1779088260981997	204	592
1779088260981997	204	598
1779088260981998	204	606
1779088260981998	204	612
1779088260981998	204	618
1779088260981999	204	624
1779088260981999	204	630
1779088260982000	204	635
1779088260982000	204	641
1779088260982001	204	647
1779088260982001	204	653
1779088260991755	204	352
1779088260991755	204	368
1779088260991755	204	375
1779088260991756	204	380
1779088260991756	204	387
1779088260991756	204	393
1779088260991757	204	399
1779088260991757	204	406
1779088260991757	204	412
1779088260991758	204	418
1779088260991758	204	424
1779088260991758	204	430
1779088260991759	204	435
1779088260991759	204	441
1779088260991759	204	447
1779088260991760	204	452
1779088260991760	204	459
1779088260991761	204	465
1779088260991761	204	470
1779088260991761	204	476
1779088260991762	204	503
1779088260991762	204	509
1779088260991762	204	515
1779088260991763	204	521
1779088260991763	204	528
1779088260991763	204	533
1779088260991764	204	539
1779088260991764	204	545
1779088260991764	204	551
1779088261001422	204	418
1779088261001423	204	437
1779088261001424	204	444
1779088261001424	204	450
1779088261001425	204	455
1779088261001425	204	462
1779088261001426	204	468
1779088261001426	204	474
1779088261001427	204	480
1779088261001428	204	486
1779088261001428	204	492
1779088261001429	204	497
1779088261001429	204	503
1779088261001430	204	509
1779088261001430	204	515
1779088261001430	204	522
1779088261001432	204	526
1779088261001433	204	531
1779088261001433	204	543
1779088261001433	204	549
1779088261001434	204	557
1779088261001434	204	563
1779088261001434	204	569
1779088261001435	204	575
1779088261001435	204	581
1779088261001436	204	587
1779088261001436	204	593
1779088261001437	204	598
1779088261001437	204	604
1779088261012171	204	439
1779088261012172	204	457
1779088261012172	204	464
1779088261012173	204	469
1779088261012173	204	474
1779088261012174	204	481
1779088261012174	204	486
1779088261012175	204	492
1779088261012175	204	499
1779088261012175	204	505
1779088261012176	204	511
1779088261012176	204	517
1779088261012177	204	523
1779088261012177	204	529
1779088261012178	204	535
1779088261012178	204	541
1779088261012178	204	546
1779088261012179	204	551
1779088261012180	204	557
1779088261012180	204	563
1779088261012181	204	569
1779088261012181	204	575
1779088261012181	204	581
1779088261012182	204	587
1779088261012182	204	594
1779088261012183	204	600
1779088261012183	204	606
1779088261012183	204	612
1779088261012184	204	618
1779088261012184	204	624
1779088261012184	204	630
1779088261012185	204	636
1779088261012185	204	642
1779088261021925	204	368
1779088261021925	204	383
1779088261021926	204	391
1779088261021926	204	397
1779088261021926	204	404
1779088261021926	204	412
1779088261021927	204	418
1779088261021927	204	424
1779088261021928	204	430
1779088261021928	204	436
1779088261021928	204	442
1779088261021929	204	448
1779088261021929	204	454
1779088261021929	204	460
1779088261021930	204	466
1779088261021930	204	472
1779088261021930	204	478
1779088261021930	204	484
1779088261021931	204	490
1779088261021931	204	496
1779088261021931	204	503
1779088261021932	204	509
1779088261021932	204	515
1779088261021932	204	521
1779088261021933	204	527
1779088261021933	204	533
1779088261021933	204	539
1779088261021933	204	545
1779088261021934	204	551
1779088261031593	204	413
1779088261031593	204	431
1779088261031594	204	438
1779088261031595	204	443
1779088261031596	204	449
1779088261031596	204	455
1779088261031597	204	460
1779088261031598	204	466
1779088261031598	204	471
1779088261031599	204	477
1779088261031599	204	495
1779088261031600	204	501
1779088261031601	204	507
1779088261031601	204	512
1779088261031602	204	518
1779088261031602	204	524
1779088261031603	204	528
1779088261031604	204	549
1779088261031604	204	555
1779088261031605	204	560
1779088261031606	204	567
1779088261031606	204	573
1779088261031607	204	578
1779088261031608	204	584
1779088261031608	204	589
1779088261031609	204	595
1779088261031609	204	601
1779088261031610	204	607
1779088261031610	204	613
1779088261041325	204	356
1779088261041326	204	379
1779088261041326	204	386
1779088261041326	204	392
1779088261041327	204	398
1779088261041327	204	404
1779088261041327	204	410
1779088261041328	204	416
1779088261041328	204	422
1779088261041329	204	428
1779088261041329	204	435
1779088261041329	204	441
1779088261041330	204	447
1779088261041330	204	454
1779088261041331	204	460
1779088261041331	204	465
1779088261041331	204	471
1779088261041331	204	477
1779088261041332	204	483
1779088261041332	204	489
1779088261041333	204	497
1779088261041333	204	502
1779088261041333	204	508
1779088261041334	204	514
1779088261041334	204	520
1779088261041334	204	526
1779088261041335	204	532
1779088261041335	204	538
1779088261041335	204	544
1779088261051985	204	427
1779088261051986	204	446
1779088261051987	204	454
1779088261051987	204	460
1779088261051988	204	465
1779088261051989	204	470
1779088261051990	204	476
1779088261051990	204	482
1779088261051991	204	488
1779088261051991	204	494
1779088261051992	204	499
1779088261051992	204	505
1779088261051993	204	511
1779088261051994	204	518
1779088261051994	204	524
1779088261051994	204	529
1779088261051995	204	535
1779088261051995	204	540
1779088261051996	204	547
1779088261051996	204	553
1779088261051997	204	558
1779088261051997	204	564
1779088261051997	204	570
1779088261051998	204	578
1779088261051998	204	584
1779088261051998	204	589
1779088261051999	204	595
1779088261051999	204	601
1779088261051999	204	607
1779088261052000	204	613
1779088261052000	204	620
1779088261052000	204	626
1779088261061730	204	441
1779088261061730	204	460
1779088261061731	204	467
1779088261061731	204	472
1779088261061732	204	478
1779088261061732	204	484
1779088261061732	204	490
1779088261061733	204	496
1779088261061733	204	502
1779088261061734	204	507
1779088261061735	204	513
1779088261061735	204	518
1779088261061736	204	524
1779088261061736	204	530
1779088261061736	204	536
1779088261061737	204	541
1779088261061737	204	547
1779088261061738	204	552
1779088261061738	204	558
1779088261061739	204	565
1779088261061739	204	572
1779088261061739	204	578
1779088261061740	204	584
1779088261061740	204	590
1779088261061740	204	596
1779088261061741	204	601
1779088261061741	204	607
1779088261061741	204	613
1779088261061742	204	619
1779088261071465	204	385
1779088261071466	204	401
1779088261071466	204	408
1779088261071467	204	414
1779088261071467	204	420
1779088261071467	204	426
1779088261071468	204	432
1779088261071468	204	439
1779088261071468	204	444
1779088261071469	204	450
1779088261071469	204	457
1779088261071470	204	463
1779088261071470	204	469
1779088261071470	204	480
1779088261071471	204	486
1779088261071471	204	491
1779088261071471	204	497
1779088261071472	204	503
1779088261071472	204	510
1779088261071473	204	515
1779088261071474	204	522
1779088261071474	204	528
1779088261071474	204	534
1779088261071475	204	540
1779088261071475	204	546
1779088261071475	204	552
1779088261071476	204	558
1779088261071476	204	564
1779088261071477	204	570
1779088261082149	204	423
1779088261082150	204	439
1779088261082151	204	447
1779088261082151	204	453
1779088261082151	204	459
1779088261082152	204	465
1779088261082152	204	471
1779088261082152	204	477
1779088261082153	204	483
1779088261082153	204	489
1779088261082154	204	495
1779088261082154	204	501
1779088261082155	204	507
1779088261082155	204	513
1779088261082156	204	519
1779088261082156	204	524
1779088261082156	204	530
1779088261082157	204	536
1779088261082157	204	542
1779088261082158	204	548
1779088261082158	204	554
1779088261082158	204	560
1779088261082159	204	566
1779088261082159	204	574
1779088261082159	204	579
1779088261082160	204	585
1779088261082160	204	591
1779088261082161	204	597
1779088261082161	204	603
1779088261082161	204	609
1779088261082162	204	615
1779088261082162	204	621
1779088261091880	204	419
1779088261091881	204	446
1779088261091882	204	453
1779088261091883	204	459
1779088261091883	204	465
1779088261091884	204	471
1779088261091884	204	477
1779088261091885	204	482
1779088261091885	204	488
1779088261091886	204	496
1779088261091887	204	502
1779088261091887	204	509
1779088261091888	204	514
1779088261091888	204	520
1779088261091889	204	526
1779088261091889	204	531
1779088261091890	204	537
1779088261091891	204	543
1779088261091891	204	549
1779088261091892	204	554
1779088261091892	204	560
1779088261091893	204	567
1779088261091893	204	573
1779088261091894	204	579
1779088261091894	204	584
1779088261091895	204	590
1779088261091895	204	596
1779088261091896	204	601
1779088261091897	204	607
1779088261091897	204	613
1779088261101613	204	429
1779088261101614	204	449
1779088261101614	204	453
1779088261101615	204	482
1779088261101615	204	490
1779088261101616	204	496
1779088261101616	204	500
1779088261101617	204	503
1779088261101617	204	506
1779088261101618	204	510
1779088261101618	204	513
1779088261101618	204	517
1779088261101619	204	520
1779088261101619	204	526
1779088261101620	204	532
1779088261101620	204	538
1779088261101620	204	543
1779088261101621	204	549
1779088261101621	204	552
1779088261101621	204	556
1779088261101622	204	561
1779088261101622	204	564
1779088261101622	204	567
1779088261101623	204	571
1779088261101623	204	580
1779088261101623	204	583
1779088261101624	204	586
1779088261101624	204	590
1779088261101625	204	593
1779088261111312	204	399
1779088261111313	204	417
1779088261111313	204	422
1779088261111314	204	426
1779088261111314	204	429
1779088261111314	204	433
1779088261111315	204	436
1779088261111315	204	439
1779088261111316	204	443
1779088261111316	204	446
1779088261111317	204	450
1779088261111317	204	453
1779088261111317	204	457
1779088261111318	204	460
1779088261111318	204	463
1779088261111318	204	467
1779088261111319	204	470
1779088261111319	204	474
1779088261111320	204	477
1779088261111320	204	480
1779088261111320	204	485
1779088261111321	204	488
1779088261111321	204	492
1779088261111321	204	495
1779088261111322	204	498
1779088261111322	204	501
1779088261111322	204	505
1779088261111323	204	508
1779088261111323	204	512
1779088261121926	204	451
1779088261121927	204	470
1779088261121927	204	475
1779088261121928	204	478
1779088261121928	204	482
1779088261121929	204	486
1779088261121929	204	490
1779088261121930	204	493
1779088261121932	204	495
1779088261121932	204	499
1779088261121932	204	502
1779088261121933	204	506
1779088261121933	204	509
1779088261121934	204	513
1779088261121934	204	516
1779088261121934	204	519
1779088261121935	204	523
1779088261121935	204	526
1779088261121936	204	530
1779088261121936	204	533
1779088261121936	204	536
1779088261121937	204	540
1779088261121937	204	544
1779088261121937	204	548
1779088261121938	204	552
1779088261121938	204	555
1779088261121938	204	558
1779088261121938	204	562
1779088261121939	204	565
1779088261121939	204	568
1779088261121939	204	572
1779088261121940	204	575
1779088261131608	204	399
1779088261131609	204	417
1779088261131609	204	421
1779088261131609	204	425
1779088261131610	204	429
1779088261131610	204	432
1779088261131611	204	436
1779088261131611	204	440
1779088261131611	204	443
1779088261131612	204	446
1779088261131612	204	450
1779088261131613	204	453
1779088261131613	204	457
1779088261131613	204	460
1779088261131614	204	464
1779088261131614	204	478
1779088261131614	204	481
1779088261131615	204	485
1779088261131615	204	488
1779088261131616	204	492
1779088261131616	204	496
1779088261131616	204	500
1779088261131617	204	503
1779088261131617	204	507
1779088261131617	204	510
1779088261131617	204	514
1779088261131618	204	517
1779088261131618	204	520
1779088261131619	204	524
1779088261141234	204	372
1779088261141234	204	386
1779088261141234	204	390
1779088261141235	204	394
1779088261141235	204	397
1779088261141236	204	401
1779088261141236	204	404
1779088261141236	204	408
1779088261141237	204	417
1779088261141237	204	421
1779088261141238	204	425
1779088261141238	204	428
1779088261141238	204	432
1779088261141239	204	436
1779088261141239	204	439
1779088261141239	204	453
1779088261141239	204	456
1779088261141240	204	460
1779088261141240	204	463
1779088261141240	204	467
1779088261141241	204	472
1779088261141241	204	476
1779088261141243	204	478
1779088261141243	204	481
1779088261141243	204	484
1779088261141244	204	488
1779088261141244	204	491
1779088261141244	204	494
1779088261141245	204	498
1779088261151828	204	375
1779088261151829	204	387
1779088261151829	204	392
1779088261151829	204	395
1779088261151830	204	407
1779088261151830	204	411
1779088261151830	204	414
1779088261151830	204	418
1779088261151831	204	421
1779088261151831	204	425
1779088261151831	204	429
1779088261151832	204	432
1779088261151832	204	436
1779088261151832	204	439
1779088261151832	204	443
1779088261151833	204	446
1779088261151833	204	450
1779088261151833	204	453
1779088261151834	204	457
1779088261151834	204	461
1779088261151834	204	464
1779088261151834	204	467
1779088261151835	204	471
1779088261151835	204	475
1779088261151835	204	478
1779088261151836	204	482
1779088261151836	204	485
1779088261151836	204	489
1779088261151836	204	493
1779088261151837	204	496
1779088261151837	204	500
1779088261151837	204	503
1779088261161429	204	369
1779088261161429	204	383
1779088261161430	204	388
1779088261161430	204	391
1779088261161430	204	395
1779088261161431	204	398
1779088261161431	204	402
1779088261161431	204	405
1779088261161432	204	409
1779088261161432	204	412
1779088261161432	204	416
1779088261161433	204	419
1779088261161433	204	423
1779088261161433	204	426
1779088261161434	204	429
1779088261161434	204	433
1779088261161434	204	436
1779088261161435	204	440
1779088261161435	204	444
1779088261161435	204	448
1779088261161436	204	452
1779088261161436	204	455
1779088261161436	204	458
1779088261161437	204	462
1779088261161437	204	465
1779088261161437	204	469
1779088261161437	204	472
1779088261161438	204	476
1779088261172009	204	452
1779088261172010	204	473
1779088261172010	204	477
1779088261172011	204	481
1779088261172011	204	484
1779088261172012	204	487
1779088261172012	204	490
1779088261172013	204	494
1779088261172013	204	497
1779088261172014	204	500
1779088261172014	204	504
1779088261172015	204	508
1779088261172016	204	511
1779088261172016	204	514
1779088261172017	204	517
1779088261172017	204	521
1779088261172018	204	524
1779088261172018	204	527
1779088261172019	204	530
1779088261172019	204	533
1779088261172020	204	537
1779088261172020	204	544
1779088261172021	204	547
1779088261172021	204	552
1779088261172022	204	555
1779088261172023	204	558
1779088261172023	204	561
1779088261172024	204	564
1779088261172024	204	567
1779088261172025	204	571
1779088261172025	204	574
1779088261172026	204	577
1779088261181703	204	397
1779088261181704	204	418
1779088261181705	204	425
1779088261181705	204	431
1779088261181706	204	434
1779088261181706	204	437
1779088261181707	204	441
1779088261181708	204	444
1779088261181708	204	447
1779088261181709	204	450
1779088261181709	204	453
1779088261181710	204	457
1779088261181710	204	460
1779088261181711	204	463
1779088261181711	204	466
1779088261181712	204	470
1779088261181712	204	473
1779088261181712	204	476
1779088261181713	204	480
1779088261181713	204	483
1779088261181714	204	487
1779088261181714	204	490
1779088261181714	204	494
1779088261181715	204	497
1779088261181715	204	500
1779088261181715	204	504
1779088261181715	204	507
1779088261181716	204	510
1779088261181716	204	514
1779088261191324	204	395
1779088261191324	204	414
1779088261191325	204	419
1779088261191325	204	422
1779088261191326	204	426
1779088261191326	204	430
1779088261191326	204	434
1779088261191327	204	437
1779088261191327	204	441
1779088261191327	204	444
1779088261191329	204	447
1779088261191329	204	451
1779088261191329	204	454
1779088261191329	204	458
1779088261191330	204	461
1779088261191330	204	465
1779088261191330	204	468
1779088261191331	204	472
1779088261191331	204	475
1779088261191332	204	479
1779088261191332	204	483
1779088261191332	204	487
1779088261191332	204	490
1779088261191333	204	494
1779088261191333	204	497
1779088261191333	204	501
1779088261191334	204	504
1779088261191334	204	508
1779088261191334	204	511
1779088261201957	204	450
1779088261201958	204	467
1779088261201958	204	471
1779088261201958	204	475
1779088261201959	204	479
1779088261201959	204	482
1779088261201959	204	486
1779088261201960	204	489
1779088261201960	204	493
1779088261201960	204	497
1779088261201961	204	500
1779088261201961	204	504
1779088261201961	204	507
1779088261201962	204	510
1779088261201962	204	514
1779088261201963	204	517
1779088261201963	204	521
1779088261201963	204	524
1779088261201964	204	528
1779088261201964	204	531
1779088261201964	204	535
1779088261201965	204	538
1779088261201965	204	541
1779088261201965	204	546
1779088261201966	204	549
1779088261201966	204	553
1779088261201966	204	556
1779088261201967	204	559
1779088261201967	204	562
1779088261201967	204	566
1779088261201968	204	569
1779088261201968	204	573
1779088261211631	204	386
1779088261211631	204	402
1779088261211632	204	411
1779088261211632	204	415
1779088261211633	204	419
1779088261211633	204	422
1779088261211633	204	426
1779088261211634	204	430
1779088261211634	204	434
1779088261211634	204	438
1779088261211635	204	441
1779088261211635	204	445
1779088261211636	204	463
1779088261211636	204	467
1779088261211636	204	471
1779088261211637	204	474
1779088261211637	204	478
1779088261211637	204	482
1779088261211638	204	485
1779088261211638	204	489
1779088261211638	204	493
1779088261211639	204	497
1779088261211639	204	500
1779088261211639	204	504
1779088261211640	204	506
1779088261211641	204	510
1779088261211641	204	513
1779088261211641	204	517
1779088261211642	204	520
1779088261221254	204	382
1779088261221255	204	399
1779088261221255	204	404
1779088261221256	204	407
1779088261221256	204	411
1779088261221256	204	415
1779088261221257	204	419
1779088261221257	204	422
1779088261221257	204	426
1779088261221258	204	429
1779088261221258	204	432
1779088261221259	204	436
1779088261221259	204	439
1779088261221259	204	443
1779088261221260	204	446
1779088261221260	204	450
1779088261221260	204	453
1779088261221261	204	457
1779088261221261	204	460
1779088261221261	204	463
1779088261221262	204	468
1779088261221262	204	472
1779088261221262	204	475
1779088261221263	204	479
1779088261221263	204	482
1779088261221263	204	485
1779088261221264	204	489
1779088261221264	204	492
1779088261221264	204	496
1779088261231846	204	375
1779088261231847	204	387
1779088261231847	204	391
1779088261231847	204	395
1779088261231848	204	398
1779088261231848	204	402
1779088261231848	204	406
1779088261231849	204	409
1779088261231849	204	413
1779088261231849	204	417
1779088261231849	204	421
1779088261231850	204	425
1779088261231850	204	429
1779088261231850	204	432
1779088261231851	204	436
1779088261231851	204	439
1779088261231851	204	443
1779088261231852	204	446
1779088261231852	204	450
1779088261231852	204	453
1779088261231853	204	457
1779088261231853	204	461
1779088261231853	204	465
1779088261231853	204	469
1779088261231854	204	472
1779088261231854	204	476
1779088261231854	204	479
1779088261231855	204	483
1779088261231855	204	486
1779088261231855	204	489
1779088261231856	204	493
1779088261231856	204	496
1779088261241437	204	359
1779088261241438	204	374
1779088261241438	204	378
1779088261241439	204	382
1779088261241439	204	385
1779088261241439	204	389
1779088261241440	204	392
1779088261241440	204	396
1779088261241440	204	400
1779088261241441	204	403
1779088261241441	204	407
1779088261241441	204	410
1779088261241442	204	414
1779088261241442	204	417
1779088261241443	204	427
1779088261241443	204	430
1779088261241443	204	434
1779088261241444	204	438
1779088261241444	204	441
1779088261241444	204	446
1779088261241445	204	449
1779088261241445	204	452
1779088261241446	204	456
1779088261241446	204	459
1779088261241446	204	462
1779088261241446	204	466
1779088261241447	204	469
1779088261241447	204	473
1779088261252009	204	544
1779088261252010	204	558
1779088261252010	204	562
1779088261252011	204	566
1779088261252011	204	569
1779088261252012	204	573
1779088261252012	204	577
1779088261252013	204	580
1779088261252014	204	583
1779088261252014	204	587
1779088261252015	204	590
1779088261252016	204	593
1779088261252016	204	597
1779088261252016	204	600
1779088261252017	204	613
1779088261252018	204	617
1779088261252018	204	620
1779088261252019	204	623
1779088261252019	204	627
1779088261252020	204	630
1779088261252020	204	633
1779088261252021	204	637
1779088261252021	204	640
1779088261252022	204	645
1779088261252022	204	648
1779088261252023	204	651
1779088261252023	204	654
1779088261252024	204	657
1779088261252024	204	660
1779088261252025	204	663
1779088261252025	204	667
1779088261252026	204	670
1779088261261783	204	374
1779088261261784	204	388
1779088261261784	204	393
1779088261261785	204	397
1779088261261785	204	400
1779088261261785	204	404
1779088261261785	204	407
1779088261261786	204	411
1779088261261786	204	415
1779088261261786	204	418
1779088261261787	204	422
1779088261261788	204	425
1779088261261788	204	429
1779088261261789	204	433
1779088261261789	204	436
1779088261261789	204	440
1779088261261790	204	443
1779088261261790	204	447
1779088261261790	204	450
1779088261261790	204	453
1779088261261791	204	458
1779088261261791	204	462
1779088261261791	204	465
1779088261261792	204	468
1779088261261792	204	472
1779088261261792	204	475
1779088261261793	204	479
1779088261261793	204	482
1779088261261793	204	485
1779088261271367	204	366
1779088261271367	204	380
1779088261271368	204	385
1779088261271368	204	389
1779088261271368	204	392
1779088261271368	204	396
1779088261271369	204	399
1779088261271369	204	403
1779088261271369	204	406
1779088261271370	204	410
1779088261271370	204	414
1779088261271370	204	417
1779088261271371	204	420
1779088261271371	204	424
1779088261271371	204	428
1779088261271372	204	431
1779088261271372	204	434
1779088261271372	204	438
1779088261271373	204	442
1779088261271373	204	445
1779088261271373	204	449
1779088261271373	204	453
1779088261271374	204	456
1779088261271374	204	460
1779088261271374	204	463
1779088261271375	204	467
1779088261271375	204	470
1779088261271375	204	479
1779088261271375	204	482
1779088261281949	204	442
1779088261281950	204	458
1779088261281950	204	463
1779088261281950	204	466
1779088261281951	204	470
1779088261281951	204	474
1779088261281951	204	477
1779088261281952	204	481
1779088261281952	204	485
1779088261281952	204	489
1779088261281953	204	492
1779088261281953	204	495
1779088261281953	204	499
1779088261281954	204	502
1779088261281954	204	506
1779088261281954	204	510
1779088261281955	204	514
1779088261281955	204	517
1779088261281955	204	521
1779088261281956	204	524
1779088261281956	204	528
1779088261281956	204	531
1779088261281957	204	535
1779088261281957	204	540
1779088261281957	204	543
1779088261281958	204	547
1779088261281958	204	551
1779088261281958	204	555
1779088261281959	204	559
1779088261281959	204	563
1779088261281960	204	566
1779088261281960	204	569
1779088261291619	204	377
1779088261291620	204	392
1779088261291620	204	397
1779088261291620	204	401
1779088261291621	204	405
1779088261291621	204	408
1779088261291621	204	412
1779088261291622	204	415
1779088261291622	204	419
1779088261291622	204	422
1779088261291623	204	426
1779088261291623	204	429
1779088261291623	204	433
1779088261291624	204	437
1779088261291624	204	440
1779088261291624	204	444
1779088261291625	204	447
1779088261291625	204	451
1779088261291625	204	454
1779088261291626	204	469
1779088261291626	204	474
1779088261291626	204	477
1779088261291627	204	481
1779088261291627	204	484
1779088261291627	204	488
1779088261291627	204	491
1779088261291628	204	495
1779088261291628	204	498
1779088261291628	204	501
1779088261301219	204	391
1779088261301219	204	409
1779088261301220	204	413
1779088261301220	204	417
1779088261301221	204	420
1779088261301221	204	424
1779088261301221	204	427
1779088261301222	204	431
1779088261301222	204	434
1779088261301222	204	439
1779088261301223	204	442
1779088261301223	204	445
1779088261301224	204	449
1779088261301224	204	452
1779088261301224	204	456
1779088261301225	204	459
1779088261301225	204	463
1779088261301225	204	466
1779088261301226	204	470
1779088261301226	204	473
1779088261301226	204	478
1779088261301227	204	481
1779088261301227	204	485
1779088261301227	204	488
1779088261301228	204	491
1779088261301228	204	495
1779088261301228	204	499
1779088261301229	204	512
1779088261301229	204	516
1779088261311833	204	425
1779088261311833	204	440
1779088261311835	204	443
1779088261311835	204	446
1779088261311836	204	450
1779088261311836	204	454
1779088261311836	204	458
1779088261311837	204	462
1779088261311837	204	466
1779088261311837	204	470
1779088261311838	204	473
1779088261311838	204	481
1779088261311838	204	485
1779088261311839	204	488
1779088261311839	204	492
1779088261311839	204	495
1779088261311840	204	499
1779088261311840	204	502
1779088261311840	204	506
1779088261311841	204	509
1779088261311841	204	513
1779088261311841	204	516
1779088261311842	204	520
1779088261311842	204	524
1779088261311842	204	528
1779088261311843	204	531
1779088261311843	204	535
1779088261311843	204	538
1779088261311844	204	541
1779088261311844	204	545
1779088261311844	204	548
1779088261311845	204	551
1779088261321485	204	389
1779088261321486	204	407
1779088261321486	204	411
1779088261321487	204	415
1779088261321487	204	423
1779088261321487	204	426
1779088261321488	204	430
1779088261321488	204	434
1779088261321488	204	437
1779088261321489	204	441
1779088261321489	204	444
1779088261321489	204	447
1779088261321490	204	451
1779088261321490	204	455
1779088261321490	204	458
1779088261321490	204	462
1779088261321491	204	466
1779088261321491	204	469
1779088261321491	204	473
1779088261321492	204	477
1779088261321492	204	481
1779088261321493	204	484
1779088261321493	204	488
1779088261321493	204	491
1779088261321494	204	495
1779088261321494	204	498
1779088261321494	204	501
1779088261321495	204	505
1779088261332098	204	449
1779088261332099	204	464
1779088261332100	204	468
1779088261332100	204	472
1779088261332101	204	475
1779088261332101	204	479
1779088261332102	204	482
1779088261332102	204	485
1779088261332103	204	489
1779088261332104	204	493
1779088261332104	204	496
1779088261332105	204	500
1779088261332106	204	503
1779088261332106	204	506
1779088261332107	204	510
1779088261332107	204	513
1779088261332108	204	517
1779088261332108	204	520
1779088261332110	204	522
1779088261332110	204	525
1779088261332111	204	529
1779088261332112	204	533
1779088261332112	204	536
1779088261332113	204	540
1779088261332113	204	543
1779088261332114	204	547
1779088261332114	204	550
1779088261332115	204	553
1779088261332115	204	556
1779088261332116	204	559
1779088261332117	204	562
1779088261332117	204	566
1779088261341774	204	595
1779088261341774	204	609
1779088261341775	204	613
1779088261341775	204	617
1779088261341776	204	620
1779088261341776	204	624
1779088261341777	204	627
1779088261341777	204	631
1779088261341778	204	635
1779088261341778	204	638
1779088261341779	204	642
1779088261341779	204	645
1779088261341780	204	649
1779088261341780	204	652
1779088261341781	204	655
1779088261341781	204	659
1779088261341782	204	662
1779088261341782	204	666
1779088261341783	204	669
1779088261341783	204	672
1779088261341784	204	677
1779088261341784	204	684
1779088261341785	204	688
1779088261341785	204	691
1779088261341786	204	695
1779088261341786	204	698
1779088261341787	204	701
1779088261341787	204	704
1779088261341788	204	708
1779088261351591	204	392
1779088261351591	204	409
1779088261351591	204	414
1779088261351592	204	419
1779088261351592	204	422
1779088261351593	204	426
1779088261351593	204	429
1779088261351593	204	433
1779088261351594	204	437
1779088261351594	204	441
1779088261351595	204	445
1779088261351595	204	448
1779088261351595	204	452
1779088261351595	204	455
1779088261351596	204	459
1779088261351596	204	463
1779088261351596	204	466
1779088261351597	204	470
1779088261351597	204	473
1779088261351597	204	477
1779088261351598	204	480
1779088261351598	204	497
1779088261351598	204	501
1779088261351599	204	505
1779088261351599	204	508
1779088261351599	204	512
1779088261351600	204	515
1779088261351600	204	519
1779088261351600	204	523
1779088261351601	204	527
1779088261361216	204	321
1779088261361217	204	333
1779088261361217	204	337
1779088261361217	204	340
1779088261361218	204	344
1779088261361218	204	349
1779088261361218	204	353
1779088261361218	204	356
1779088261361219	204	360
1779088261361219	204	364
1779088261361219	204	367
1779088261361220	204	381
1779088261361220	204	385
1779088261361220	204	389
1779088261361220	204	392
1779088261361221	204	396
1779088261361221	204	400
1779088261361221	204	404
1779088261361222	204	407
1779088261361222	204	411
1779088261361222	204	415
1779088261361222	204	419
1779088261361223	204	423
1779088261361223	204	426
1779088261361223	204	430
1779088261361224	204	434
1779088261361224	204	437
1779088261361224	204	440
1779088261361225	204	444
1779088261371756	204	392
1779088261371756	204	406
1779088261371756	204	411
1779088261371757	204	414
1779088261371757	204	418
1779088261371757	204	421
1779088261371758	204	425
1779088261371758	204	429
1779088261371758	204	432
1779088261371759	204	437
1779088261371759	204	440
1779088261371759	204	445
1779088261371760	204	449
1779088261371760	204	453
1779088261371760	204	456
1779088261371761	204	460
1779088261371761	204	464
1779088261371761	204	467
1779088261371761	204	471
1779088261371762	204	474
1779088261371762	204	478
1779088261371762	204	481
1779088261371763	204	486
1779088261371763	204	489
1779088261371763	204	493
1779088261371764	204	496
1779088261371764	204	499
1779088261371764	204	503
1779088261371765	204	506
1779088261371765	204	510
1779088261371765	204	513
1779088261381368	204	468
1779088261381368	204	486
1779088261381369	204	490
1779088261381369	204	494
1779088261381370	204	497
1779088261381370	204	509
1779088261381371	204	513
1779088261381371	204	516
1779088261381371	204	520
1779088261381372	204	523
1779088261381372	204	527
1779088261381373	204	530
1779088261381373	204	534
1779088261381373	204	537
1779088261381373	204	541
1779088261381374	204	544
1779088261381374	204	547
1779088261381374	204	551
1779088261381375	204	555
1779088261381375	204	558
1779088261381375	204	562
1779088261381376	204	566
1779088261381376	204	569
1779088261381376	204	573
1779088261381377	204	576
1779088261381377	204	579
1779088261381378	204	583
1779088261381378	204	586
1779088261381378	204	589
1779088261392057	204	387
1779088261392057	204	402
1779088261392058	204	406
1779088261392058	204	410
1779088261392059	204	413
1779088261392059	204	417
1779088261392060	204	420
1779088261392060	204	424
1779088261392060	204	428
1779088261392061	204	431
1779088261392061	204	435
1779088261392061	204	438
1779088261392061	204	442
1779088261392062	204	445
1779088261392062	204	449
1779088261392062	204	452
1779088261392063	204	456
1779088261392063	204	459
1779088261392063	204	463
1779088261392064	204	466
1779088261392064	204	470
1779088261392064	204	474
1779088261392064	204	477
1779088261392065	204	482
1779088261392065	204	485
1779088261392065	204	488
1779088261392066	204	492
1779088261392066	204	495
1779088261392066	204	498
1779088261392067	204	502
1779088261392067	204	506
1779088261392067	204	509
1779088261401672	204	432
1779088261401673	204	455
1779088261401674	204	460
1779088261401674	204	464
1779088261401674	204	468
1779088261401675	204	471
1779088261401675	204	475
1779088261401675	204	478
1779088261401676	204	482
1779088261401676	204	485
1779088261401677	204	488
1779088261401677	204	492
1779088261401677	204	495
1779088261401678	204	499
1779088261401678	204	503
1779088261401678	204	507
1779088261401679	204	510
1779088261401679	204	513
1779088261401681	204	516
1779088261401681	204	519
1779088261401681	204	523
1779088261401682	204	527
1779088261401682	204	530
1779088261401682	204	534
1779088261401682	204	537
1779088261401683	204	541
1779088261401683	204	544
1779088261401684	204	547
1779088261401684	204	551
1779088261411326	204	428
1779088261411327	204	444
1779088261411327	204	449
1779088261411327	204	453
1779088261411328	204	456
1779088261411328	204	462
1779088261411328	204	468
1779088261411329	204	474
1779088261411329	204	480
1779088261411329	204	486
1779088261411330	204	493
1779088261411330	204	500
1779088261411330	204	506
1779088261411330	204	512
1779088261411331	204	519
1779088261411331	204	525
1779088261411331	204	531
1779088261411332	204	543
1779088261411332	204	549
1779088261411332	204	555
1779088261411333	204	563
1779088261411333	204	569
1779088261411333	204	575
1779088261411333	204	581
1779088261411334	204	587
1779088261411334	204	606
1779088261411334	204	612
1779088261411335	204	618
1779088261411335	204	624
1779088261422059	204	436
1779088261422060	204	451
1779088261422060	204	456
1779088261422061	204	460
1779088261422061	204	464
1779088261422061	204	467
1779088261422062	204	470
1779088261422062	204	474
1779088261422062	204	477
1779088261422063	204	481
1779088261422063	204	484
1779088261422064	204	488
1779088261422064	204	491
1779088261422064	204	495
1779088261422065	204	499
1779088261422065	204	502
1779088261422065	204	506
1779088261422066	204	509
1779088261422066	204	512
1779088261422066	204	516
1779088261422067	204	520
1779088261422067	204	523
1779088261422067	204	527
1779088261422067	204	531
1779088261422068	204	535
1779088261422068	204	538
1779088261422069	204	541
1779088261422079	204	534
1779088261422080	204	537
1779088261422080	204	541
1779088261422081	204	544
1779088261422081	204	548
1779088261431718	204	392
1779088261431719	204	407
1779088261431720	204	412
1779088261431720	204	415
1779088261431721	204	419
1779088261431721	204	422
1779088261431721	204	426
1779088261431722	204	429
1779088261431722	204	433
1779088261431722	204	437
1779088261431722	204	440
1779088261431723	204	444
1779088261431723	204	447
1779088261431723	204	451
1779088261431724	204	454
1779088261431724	204	458
1779088261431724	204	461
1779088261431725	204	465
1779088261431725	204	468
1779088261431725	204	472
1779088261431726	204	476
1779088261431726	204	480
1779088261431726	204	483
1779088261431727	204	487
1779088261431727	204	490
1779088261431727	204	493
1779088261431728	204	497
1779088261431728	204	500
1779088261431728	204	504
1779088261441319	204	475
1779088261441320	204	489
1779088261441320	204	493
1779088261441321	204	497
1779088261441321	204	501
1779088261441321	204	505
1779088261441322	204	508
1779088261441322	204	512
1779088261441322	204	515
1779088261441323	204	519
1779088261441323	204	522
1779088261441323	204	526
1779088261441323	204	529
1779088261441324	204	533
1779088261441324	204	537
1779088261441324	204	543
1779088261441325	204	559
1779088261441325	204	563
1779088261441325	204	567
1779088261441326	204	570
1779088261441326	204	575
1779088261441326	204	578
1779088261441326	204	582
1779088261441327	204	587
1779088261441327	204	599
1779088261441328	204	603
1779088261441328	204	607
1779088261441328	204	610
1779088261441329	204	614
1779088261452029	204	452
1779088261452030	204	466
1779088261452031	204	472
1779088261452031	204	476
1779088261452032	204	479
1779088261452032	204	483
1779088261452033	204	486
1779088261452033	204	489
1779088261452034	204	493
1779088261452035	204	495
1779088261452036	204	499
1779088261452036	204	502
1779088261452037	204	506
1779088261452037	204	509
1779088261452038	204	512
1779088261452038	204	516
1779088261452038	204	519
1779088261452039	204	522
1779088261452039	204	526
1779088261452040	204	529
1779088261452041	204	533
1779088261452041	204	536
1779088261452042	204	539
1779088261452042	204	543
1779088261452042	204	547
1779088261452043	204	550
1779088261452043	204	553
1779088261452044	204	556
1779088261452044	204	559
1779088261452045	204	562
1779088261452046	204	565
1779088261452047	204	568
1779088261461701	204	400
1779088261461701	204	419
1779088261461702	204	426
1779088261461702	204	430
1779088261461703	204	434
1779088261461703	204	437
1779088261461703	204	441
1779088261461703	204	445
1779088261461704	204	448
1779088261461704	204	452
1779088261461704	204	455
1779088261461705	204	458
1779088261461705	204	462
1779088261461705	204	466
1779088261461706	204	469
1779088261461706	204	473
1779088261461706	204	476
1779088261461707	204	480
1779088261461707	204	483
1779088261461707	204	487
1779088261461707	204	491
1779088261461708	204	495
1779088261461708	204	498
1779088261461708	204	502
1779088261461709	204	505
1779088261461709	204	509
1779088261461709	204	512
1779088261461710	204	516
1779088261461710	204	519
1779088261471315	204	330
1779088261471316	204	342
1779088261471316	204	346
1779088261471316	204	351
1779088261471317	204	354
1779088261471317	204	358
1779088261471317	204	361
1779088261471317	204	365
1779088261471318	204	379
1779088261471318	204	384
1779088261471318	204	387
1779088261471319	204	391
1779088261471319	204	395
1779088261471319	204	398
1779088261471319	204	401
1779088261471320	204	405
1779088261471320	204	408
1779088261471320	204	412
1779088261471321	204	415
1779088261471321	204	419
1779088261471321	204	424
1779088261471321	204	427
1779088261471322	204	430
1779088261471323	204	433
1779088261471323	204	437
1779088261471323	204	440
1779088261471323	204	444
1779088261471324	204	447
1779088261471324	204	451
1779088261481869	204	488
1779088261481870	204	505
1779088261481870	204	509
1779088261481871	204	513
1779088261481871	204	517
1779088261481871	204	520
1779088261481872	204	523
1779088261481872	204	527
1779088261481872	204	531
1779088261481873	204	534
1779088261481873	204	538
1779088261481873	204	541
1779088261481874	204	545
1779088261481874	204	553
1779088261481874	204	556
1779088261481875	204	560
1779088261481875	204	563
1779088261481875	204	567
1779088261481876	204	570
1779088261481876	204	574
1779088261481876	204	577
1779088261481877	204	581
1779088261481877	204	584
1779088261481877	204	589
1779088261481877	204	593
1779088261481878	204	596
1779088261481878	204	600
1779088261481878	204	604
1779088261481879	204	608
1779088261481879	204	611
1779088261481879	204	615
1779088261481880	204	618
1779088261491593	204	570
1779088261491594	204	601
1779088261491595	204	609
1779088261491595	204	615
1779088261491596	204	621
1779088261491596	204	627
1779088261491597	204	638
1779088261491597	204	645
1779088261491598	204	767
1779088261491599	204	780
1779088261491599	204	786
1779088261491600	204	793
1779088261491600	204	799
1779088261491600	204	806
1779088261491601	204	812
1779088261491602	204	818
1779088261491602	204	826
1779088261491603	204	832
1779088261491603	204	838
1779088261491604	204	844
1779088261491604	204	852
1779088261491605	204	858
1779088261491605	204	864
1779088261491606	204	872
1779088261491606	204	877
1779088261491607	204	883
1779088261491607	204	889
1779088261491608	204	895
1779088261491608	204	902
1779088261501608	204	403
1779088261501609	204	422
1779088261501609	204	427
1779088261501610	204	431
1779088261501610	204	435
1779088261501610	204	438
1779088261501611	204	441
1779088261501611	204	445
1779088261501612	204	449
1779088261501612	204	453
1779088261501612	204	485
1779088261501613	204	494
1779088261501613	204	498
1779088261501613	204	502
1779088261501614	204	506
1779088261501614	204	509
1779088261501614	204	513
1779088261501615	204	516
1779088261501616	204	519
1779088261501616	204	523
1779088261501617	204	526
1779088261501617	204	558
1779088261501617	204	563
1779088261501618	204	566
1779088261501618	204	570
1779088261501619	204	573
1779088261501619	204	576
1779088261501619	204	580
1779088261501620	204	583
1779088261501620	204	587
1779088261511300	204	377
1779088261511301	204	394
1779088261511301	204	399
1779088261511302	204	402
1779088261511302	204	406
1779088261511302	204	410
1779088261511303	204	413
1779088261511303	204	417
1779088261511304	204	420
1779088261511304	204	423
1779088261511304	204	427
1779088261511305	204	432
1779088261511305	204	436
1779088261511305	204	440
1779088261511306	204	443
1779088261511306	204	447
1779088261511306	204	450
1779088261511307	204	454
1779088261511307	204	458
1779088261511307	204	461
1779088261511308	204	466
1779088261511308	204	470
1779088261511309	204	473
1779088261511309	204	477
1779088261511309	204	485
1779088261511310	204	489
1779088261511310	204	492
1779088261511310	204	497
1779088261511311	204	501
1779088261521904	204	406
1779088261521904	204	422
1779088261521905	204	427
1779088261521905	204	430
1779088261521906	204	434
1779088261521906	204	437
1779088261521907	204	441
1779088261521907	204	444
1779088261521907	204	448
1779088261521908	204	451
1779088261521908	204	454
1779088261521909	204	458
1779088261521910	204	460
1779088261521910	204	464
1779088261521911	204	468
1779088261521911	204	471
1779088261521912	204	475
1779088261521912	204	478
1779088261521913	204	481
1779088261521913	204	485
1779088261521913	204	488
1779088261521914	204	491
1779088261521914	204	495
1779088261521914	204	510
1779088261521915	204	514
1779088261521915	204	517
1779088261521916	204	521
1779088261521916	204	524
1779088261521916	204	528
1779088261521917	204	531
1779088261521917	204	535
1779088261521918	204	538
1779088261531546	204	401
1779088261531547	204	419
1779088261531548	204	424
1779088261531549	204	428
1779088261531549	204	432
1779088261531549	204	435
1779088261531550	204	439
1779088261531550	204	442
1779088261531550	204	446
1779088261531551	204	449
1779088261531551	204	453
1779088261531552	204	456
1779088261531552	204	460
1779088261531552	204	463
1779088261531553	204	467
1779088261531553	204	470
1779088261531553	204	474
1779088261531554	204	477
1779088261531554	204	481
1779088261531554	204	484
1779088261531555	204	488
1779088261531555	204	492
1779088261531555	204	495
1779088261531556	204	499
1779088261531556	204	502
1779088261531556	204	506
1779088261531557	204	509
1779088261531557	204	512
1779088261531558	204	516
1779088261542177	204	399
1779088261542177	204	415
1779088261542178	204	420
1779088261542178	204	423
1779088261542178	204	427
1779088261542179	204	430
1779088261542179	204	434
1779088261542179	204	437
1779088261542180	204	441
1779088261542180	204	445
1779088261542181	204	448
1779088261542181	204	452
1779088261542181	204	455
1779088261542182	204	459
1779088261542182	204	462
1779088261542182	204	466
1779088261542183	204	469
1779088261542183	204	473
1779088261542183	204	476
1779088261542184	204	480
1779088261542184	204	483
1779088261542184	204	487
1779088261542185	204	490
1779088261542185	204	495
1779088261542185	204	498
1779088261542186	204	502
1779088261542187	204	504
1779088261542188	204	507
1779088261542188	204	510
1779088261542189	204	514
1779088261542189	204	517
1779088261542189	204	521
1779088261551796	204	358
1779088261551797	204	374
1779088261551797	204	378
1779088261551797	204	382
1779088261551798	204	386
1779088261551798	204	394
1779088261551799	204	397
1779088261551799	204	401
1779088261551799	204	405
1779088261551800	204	408
1779088261551800	204	412
1779088261551800	204	416
1779088261551801	204	419
1779088261551801	204	422
1779088261551802	204	426
1779088261551802	204	429
1779088261551802	204	433
1779088261551802	204	436
1779088261551803	204	440
1779088261551803	204	444
1779088261551803	204	448
1779088261551804	204	451
1779088261551804	204	455
1779088261551805	204	458
1779088261551805	204	462
1779088261551805	204	465
1779088261551805	204	468
1779088261551806	204	472
1779088261561362	204	353
1779088261561363	204	367
1779088261561363	204	372
1779088261561363	204	376
1779088261561364	204	379
1779088261561364	204	383
1779088261561364	204	386
1779088261561365	204	390
1779088261561365	204	394
1779088261561365	204	397
1779088261561366	204	401
1779088261561366	204	404
1779088261561366	204	408
1779088261561366	204	411
1779088261561367	204	415
1779088261561367	204	418
1779088261561368	204	422
1779088261561368	204	426
1779088261561368	204	429
1779088261561369	204	432
1779088261561369	204	437
1779088261561369	204	440
1779088261561369	204	443
1779088261561370	204	447
1779088261561370	204	451
1779088261561370	204	455
1779088261561371	204	458
1779088261561371	204	461
1779088261561371	204	465
1779088261571926	204	579
1779088261571927	204	602
1779088261571927	204	608
1779088261571928	204	614
1779088261571928	204	620
1779088261571929	204	625
1779088261571930	204	630
1779088261571930	204	637
1779088261571931	204	642
1779088261571932	204	647
1779088261571932	204	653
1779088261571933	204	658
1779088261571933	204	664
1779088261571934	204	669
1779088261571934	204	675
1779088261571935	204	681
1779088261571936	204	686
1779088261571936	204	692
1779088261571937	204	697
1779088261571937	204	703
1779088261571938	204	708
1779088261571938	204	711
1779088261571939	204	715
1779088261571940	204	719
1779088261571940	204	723
1779088261571941	204	726
1779088261571941	204	729
1779088261571942	204	732
1779088261571942	204	735
1779088261571943	204	739
1779088261571943	204	742
1779088261571944	204	745
1779088261581781	204	409
1779088261581782	204	425
1779088261581782	204	430
1779088261581782	204	434
1779088261581783	204	438
1779088261581783	204	450
1779088261581784	204	454
1779088261581784	204	457
1779088261581784	204	461
1779088261581784	204	464
1779088261581785	204	468
1779088261581785	204	472
1779088261581786	204	475
1779088261581786	204	479
1779088261581786	204	482
1779088261581786	204	486
1779088261581787	204	489
1779088261581787	204	493
1779088261581787	204	500
1779088261581788	204	503
1779088261581788	204	508
1779088261581788	204	512
1779088261581789	204	515
1779088261581789	204	519
1779088261581790	204	522
1779088261581790	204	525
1779088261581791	204	528
1779088261581791	204	532
1779088261581791	204	535
1779088261591416	204	401
1779088261591416	204	416
1779088261591417	204	420
1779088261591417	204	424
1779088261591418	204	427
1779088261591418	204	431
1779088261591418	204	434
1779088261591419	204	438
1779088261591419	204	441
1779088261591419	204	445
1779088261591420	204	448
1779088261591420	204	452
1779088261591420	204	456
1779088261591421	204	459
1779088261591422	204	462
1779088261591422	204	465
1779088261591422	204	469
1779088261591423	204	472
1779088261591423	204	476
1779088261591424	204	479
1779088261591424	204	484
1779088261591424	204	487
1779088261591425	204	491
1779088261591425	204	494
1779088261591425	204	498
1779088261591425	204	501
1779088261591426	204	504
1779088261591426	204	508
1779088261591427	204	511
1779088261602024	204	385
1779088261602025	204	400
1779088261602025	204	404
1779088261602026	204	408
1779088261602026	204	412
1779088261602026	204	415
1779088261602027	204	419
1779088261602027	204	423
1779088261602027	204	427
1779088261602027	204	430
1779088261602028	204	434
1779088261602028	204	438
1779088261602028	204	442
1779088261602029	204	446
1779088261602029	204	449
1779088261602029	204	453
1779088261602029	204	456
1779088261602030	204	460
1779088261602030	204	463
1779088261602030	204	467
1779088261602031	204	470
1779088261602031	204	474
1779088261602031	204	478
1779088261602032	204	482
1779088261602032	204	486
1779088261602032	204	489
1779088261602033	204	492
1779088261602033	204	496
1779088261602033	204	499
1779088261602034	204	503
1779088261602034	204	506
1779088261602034	204	510
1779088261611632	204	378
1779088261611632	204	393
1779088261611633	204	398
1779088261611633	204	402
1779088261611633	204	406
1779088261611634	204	409
1779088261611634	204	413
1779088261611634	204	416
1779088261611635	204	420
1779088261611635	204	424
1779088261611636	204	427
1779088261611636	204	431
1779088261611636	204	434
1779088261611637	204	438
1779088261611637	204	441
1779088261611637	204	445
1779088261611638	204	460
1779088261611638	204	464
1779088261611638	204	468
1779088261611638	204	471
1779088261611639	204	476
1779088261611639	204	479
1779088261611640	204	483
1779088261611640	204	486
1779088261611640	204	489
1779088261611640	204	493
1779088261611641	204	496
1779088261611641	204	500
1779088261611642	204	503
1779088261621232	204	403
1779088261621233	204	436
1779088261621234	204	445
1779088261621234	204	452
1779088261621234	204	458
1779088261621235	204	465
1779088261621235	204	472
1779088261621235	204	479
1779088261621235	204	486
1779088261621236	204	493
1779088261621236	204	499
1779088261621236	204	506
1779088261621237	204	514
1779088261621237	204	520
1779088261621237	204	527
1779088261621238	204	533
1779088261621238	204	540
1779088261621238	204	547
1779088261621239	204	554
1779088261621239	204	561
1779088261621239	204	569
1779088261621240	204	577
1779088261621240	204	583
1779088261621240	204	589
1779088261621241	204	594
1779088261621241	204	598
1779088261621241	204	602
1779088261621242	204	605
1779088261621242	204	608
1779088261631944	204	452
1779088261631944	204	476
1779088261631945	204	484
1779088261631945	204	491
1779088261631946	204	498
1779088261631946	204	505
1779088261631946	204	512
1779088261631947	204	519
1779088261631947	204	526
1779088261631947	204	533
1779088261631948	204	539
1779088261631948	204	546
1779088261631948	204	553
1779088261631949	204	560
1779088261631949	204	567
1779088261631949	204	573
1779088261631950	204	580
1779088261631950	204	587
1779088261631950	204	594
1779088261631951	204	601
1779088261631951	204	607
1779088261631951	204	626
1779088261631952	204	633
1779088261631952	204	642
1779088261631952	204	648
1779088261631953	204	654
1779088261631953	204	661
1779088261631953	204	664
1779088261631954	204	668
1779088261631954	204	671
1779088261631954	204	674
1779088261631955	204	678
1779088261641731	204	519
1779088261641732	204	545
1779088261641733	204	553
1779088261641733	204	560
1779088261641734	204	567
1779088261641735	204	573
1779088261641735	204	579
1779088261641736	204	585
1779088261641736	204	592
1779088261641737	204	598
1779088261641738	204	604
1779088261641738	204	610
1779088261641739	204	616
1779088261641739	204	622
1779088261641740	204	629
1779088261641740	204	634
1779088261641741	204	640
1779088261641742	204	646
1779088261641742	204	653
1779088261641743	204	659
1779088261641743	204	668
1779088261641744	204	674
1779088261641744	204	680
1779088261641745	204	686
1779088261641745	204	692
1779088261641746	204	698
1779088261641747	204	704
1779088261641747	204	710
1779088261641748	204	716
1779088261651575	204	532
1779088261651576	204	559
1779088261651576	204	567
1779088261651577	204	574
1779088261651577	204	581
1779088261651578	204	587
1779088261651578	204	594
1779088261651578	204	601
1779088261651579	204	607
1779088261651579	204	614
1779088261651579	204	620
1779088261651580	204	627
1779088261651580	204	634
1779088261651580	204	641
1779088261651581	204	652
1779088261651581	204	659
1779088261651581	204	665
1779088261651582	204	672
1779088261651582	204	678
1779088261651582	204	685
1779088261651583	204	692
1779088261651583	204	701
1779088261651584	204	708
1779088261651584	204	715
1779088261651584	204	721
1779088261651585	204	726
1779088261651585	204	732
1779088261651585	204	738
1779088261651586	204	744
1779088261651586	204	750
1779088261661440	204	413
1779088261661440	204	439
1779088261661441	204	446
1779088261661441	204	454
1779088261661442	204	460
1779088261661442	204	467
1779088261661442	204	474
1779088261661443	204	483
1779088261661443	204	491
1779088261661443	204	502
1779088261661444	204	509
1779088261661444	204	516
1779088261661444	204	523
1779088261661445	204	530
1779088261661445	204	536
1779088261661445	204	543
1779088261661446	204	550
1779088261661447	204	556
1779088261661447	204	562
1779088261661447	204	569
1779088261661448	204	577
1779088261661448	204	584
1779088261661448	204	591
1779088261661449	204	597
1779088261661449	204	601
1779088261661449	204	604
1779088261661450	204	608
1779088261661450	204	611
1779088261661450	204	614
1779088261671215	204	500
1779088261671216	204	519
1779088261671217	204	523
1779088261671217	204	527
1779088261671218	204	530
1779088261671218	204	533
1779088261671219	204	537
1779088261671219	204	540
1779088261671220	204	543
1779088261671221	204	547
1779088261671221	204	550
1779088261671222	204	553
1779088261671222	204	557
1779088261671223	204	560
1779088261671223	204	563
1779088261671224	204	567
1779088261671224	204	570
1779088261671225	204	573
1779088261671225	204	576
1779088261671226	204	580
1779088261671226	204	583
1779088261671227	204	588
1779088261671227	204	592
1779088261671228	204	595
1779088261671228	204	598
1779088261671229	204	601
1779088261671230	204	604
1779088261671230	204	607
1779088261671231	204	610
1779088261671231	204	613
1779088261681943	204	406
1779088261681944	204	423
1779088261681944	204	427
1779088261681945	204	430
1779088261681945	204	434
1779088261681946	204	437
1779088261681946	204	440
1779088261681946	204	444
1779088261681947	204	447
1779088261681947	204	451
1779088261681948	204	457
1779088261681948	204	460
1779088261681948	204	464
1779088261681949	204	467
1779088261681949	204	471
1779088261681950	204	474
1779088261681950	204	477
1779088261681950	204	481
1779088261681951	204	484
1779088261681951	204	488
1779088261681951	204	491
1779088261681952	204	494
1779088261681952	204	498
1779088261681953	204	502
1779088261681953	204	506
1779088261681953	204	509
1779088261681954	204	512
1779088261681954	204	519
1779088261681955	204	523
1779088261681955	204	526
1779088261681955	204	530
1779088261681956	204	533
1779088261691580	204	378
1779088261691581	204	396
1779088261691581	204	401
1779088261691581	204	413
1779088261691582	204	417
1779088261691582	204	421
1779088261691583	204	424
1779088261691583	204	428
1779088261691583	204	431
1779088261691584	204	435
1779088261691584	204	438
1779088261691584	204	442
1779088261691585	204	446
1779088261691585	204	449
1779088261691585	204	453
1779088261691586	204	456
1779088261691586	204	459
1779088261691586	204	463
1779088261691587	204	466
1779088261691587	204	469
1779088261691587	204	474
1779088261691588	204	478
1779088261691588	204	481
1779088261691588	204	484
1779088261691589	204	488
1779088261691589	204	491
1779088261691589	204	506
1779088261691590	204	510
1779088261691590	204	514
1779088261701212	204	481
1779088261701213	204	505
1779088261701213	204	512
1779088261701214	204	518
1779088261701214	204	524
1779088261701215	204	531
1779088261701216	204	536
1779088261701216	204	542
1779088261701217	204	548
1779088261701217	204	554
1779088261701218	204	559
1779088261701218	204	564
1779088261701219	204	569
1779088261701220	204	574
1779088261701220	204	579
1779088261701221	204	584
1779088261701221	204	589
1779088261701222	204	594
1779088261701223	204	598
1779088261701223	204	603
1779088261701224	204	611
1779088261701224	204	616
1779088261701225	204	621
1779088261701225	204	625
1779088261701226	204	630
1779088261701227	204	637
1779088261701227	204	642
1779088261701228	204	647
1779088261701228	204	653
1779088261711994	204	393
1779088261711995	204	409
1779088261711995	204	414
1779088261711996	204	418
1779088261711996	204	422
1779088261711996	204	426
1779088261711998	204	428
1779088261711998	204	432
1779088261711998	204	435
1779088261711999	204	439
1779088261711999	204	442
1779088261711999	204	446
1779088261712000	204	450
1779088261712000	204	454
1779088261712000	204	457
1779088261712001	204	461
1779088261712001	204	464
1779088261712001	204	468
1779088261712002	204	471
1779088261712002	204	474
1779088261712002	204	478
1779088261712003	204	482
1779088261712003	204	485
1779088261712003	204	490
1779088261712004	204	494
1779088261712004	204	497
1779088261712004	204	501
1779088261712005	204	504
1779088261712005	204	507
1779088261712005	204	511
1779088261712006	204	514
1779088261712006	204	518
1779088261721619	204	398
1779088261721620	204	415
1779088261721621	204	419
1779088261721621	204	423
1779088261721622	204	426
1779088261721622	204	430
1779088261721623	204	433
1779088261721623	204	436
1779088261721623	204	444
1779088261721624	204	472
1779088261721624	204	480
1779088261721625	204	486
1779088261721625	204	489
1779088261721625	204	493
1779088261721626	204	496
1779088261721626	204	500
1779088261721626	204	503
1779088261721627	204	506
1779088261721627	204	510
1779088261721628	204	513
1779088261721628	204	517
1779088261721629	204	521
1779088261721629	204	524
1779088261721629	204	527
1779088261721630	204	531
1779088261721630	204	534
1779088261721630	204	538
1779088261721631	204	541
1779088261721631	204	544
1779088261731264	204	338
1779088261731264	204	351
1779088261731265	204	355
1779088261731265	204	359
1779088261731265	204	363
1779088261731266	204	367
1779088261731266	204	370
1779088261731266	204	374
1779088261731267	204	377
1779088261731267	204	381
1779088261731267	204	385
1779088261731268	204	388
1779088261731268	204	392
1779088261731268	204	396
1779088261731269	204	399
1779088261731269	204	403
1779088261731269	204	406
1779088261731269	204	410
1779088261731270	204	414
1779088261731270	204	419
1779088261731271	204	426
1779088261731271	204	432
1779088261731272	204	437
1779088261731272	204	442
1779088261731272	204	448
1779088261731273	204	453
1779088261731273	204	458
1779088261731273	204	464
1779088261731273	204	469
1779088261741844	204	464
1779088261741845	204	481
1779088261741846	204	485
1779088261741846	204	489
1779088261741847	204	492
1779088261741847	204	496
1779088261741848	204	499
1779088261741848	204	502
1779088261741849	204	505
1779088261741849	204	509
1779088261741850	204	513
1779088261741850	204	516
1779088261741850	204	520
1779088261741851	204	523
1779088261741851	204	527
1779088261741851	204	530
1779088261741852	204	534
1779088261741852	204	537
1779088261741852	204	543
1779088261741853	204	557
1779088261741853	204	561
1779088261741853	204	565
1779088261741854	204	568
1779088261741854	204	573
1779088261741855	204	576
1779088261741855	204	580
1779088261741855	204	598
1779088261741856	204	603
1779088261741856	204	607
1779088261741856	204	610
1779088261741857	204	614
1779088261741857	204	617
1779088261751568	204	404
1779088261751569	204	422
1779088261751569	204	427
1779088261751570	204	430
1779088261751570	204	434
1779088261751571	204	437
1779088261751571	204	441
1779088261751571	204	444
1779088261751572	204	448
1779088261751572	204	451
1779088261751573	204	454
1779088261751573	204	458
1779088261751573	204	462
1779088261751574	204	466
1779088261751574	204	469
1779088261751574	204	473
1779088261751575	204	476
1779088261751575	204	480
1779088261751575	204	483
1779088261751576	204	487
1779088261751576	204	496
1779088261751577	204	499
1779088261751577	204	503
1779088261751577	204	516
1779088261751578	204	522
1779088261751578	204	526
1779088261751578	204	529
1779088261751579	204	532
1779088261751579	204	536
1779088261761205	204	318
1779088261761206	204	331
1779088261761206	204	336
1779088261761206	204	339
1779088261761207	204	343
1779088261761207	204	346
1779088261761207	204	350
1779088261761207	204	353
1779088261761208	204	357
1779088261761208	204	361
1779088261761208	204	364
1779088261761209	204	368
1779088261761209	204	372
1779088261761209	204	375
1779088261761210	204	379
1779088261761210	204	382
1779088261761210	204	386
1779088261761211	204	389
1779088261761211	204	393
1779088261761211	204	396
1779088261761211	204	400
1779088261761212	204	404
1779088261761212	204	407
1779088261761212	204	411
1779088261761213	204	414
1779088261761213	204	418
1779088261761213	204	421
1779088261761213	204	425
1779088261761214	204	428
1779088261771733	204	415
1779088261771733	204	432
1779088261771734	204	437
1779088261771734	204	441
1779088261771735	204	444
1779088261771735	204	449
1779088261771735	204	452
1779088261771736	204	456
1779088261771736	204	459
1779088261771737	204	463
1779088261771737	204	466
1779088261771737	204	469
1779088261771738	204	473
1779088261771738	204	477
1779088261771738	204	480
1779088261771739	204	484
1779088261771739	204	487
1779088261771739	204	491
1779088261771740	204	494
1779088261771740	204	497
1779088261771740	204	501
1779088261771741	204	504
1779088261771741	204	509
1779088261771741	204	512
1779088261771742	204	516
1779088261771742	204	519
1779088261771742	204	523
1779088261771743	204	526
1779088261771743	204	530
1779088261771743	204	533
1779088261771744	204	537
1779088261781384	204	467
1779088261781385	204	495
1779088261781386	204	502
1779088261781386	204	508
1779088261781387	204	515
1779088261781388	204	521
1779088261781388	204	526
1779088261781389	204	531
1779088261781390	204	536
1779088261781391	204	541
1779088261781392	204	546
1779088261781392	204	550
1779088261781393	204	555
1779088261781393	204	560
1779088261781394	204	565
1779088261781395	204	570
1779088261781395	204	575
1779088261781396	204	580
1779088261781396	204	584
1779088261781397	204	589
1779088261781397	204	597
1779088261781398	204	602
1779088261781399	204	606
1779088261781399	204	611
1779088261781400	204	617
1779088261781400	204	623
1779088261781401	204	628
1779088261781401	204	634
1779088261781402	204	640
1779088261791202	204	418
1779088261791203	204	434
1779088261791203	204	438
1779088261791204	204	442
1779088261791204	204	451
1779088261791204	204	454
1779088261791205	204	458
1779088261791205	204	461
1779088261791205	204	465
1779088261791206	204	469
1779088261791206	204	472
1779088261791207	204	476
1779088261791207	204	479
1779088261791207	204	483
1779088261791208	204	486
1779088261791208	204	490
1779088261791208	204	494
1779088261791208	204	497
1779088261791209	204	501
1779088261791209	204	504
1779088261791210	204	508
1779088261791210	204	512
1779088261791210	204	516
1779088261791210	204	519
1779088261791211	204	523
1779088261791211	204	526
1779088261791211	204	529
1779088261791212	204	533
1779088261791212	204	536
1779088261791213	204	540
1779088261801842	204	464
1779088261801843	204	481
1779088261801843	204	496
1779088261801844	204	500
1779088261801844	204	504
1779088261801844	204	507
1779088261801845	204	511
1779088261801845	204	515
1779088261801845	204	520
1779088261801846	204	523
1779088261801846	204	527
1779088261801847	204	530
1779088261801847	204	534
1779088261801847	204	537
1779088261801848	204	541
1779088261801849	204	545
1779088261801849	204	548
1779088261801850	204	551
1779088261801850	204	555
1779088261801851	204	558
1779088261801851	204	561
1779088261801852	204	564
1779088261801852	204	568
1779088261801853	204	572
1779088261801854	204	575
1779088261801855	204	578
1779088261801856	204	581
1779088261801856	204	584
1779088261801857	204	588
1779088261801857	204	591
1779088261801858	204	594
1779088261801858	204	597
1779088261811545	204	331
1779088261811545	204	350
1779088261811545	204	356
1779088261811546	204	363
1779088261811546	204	369
1779088261811546	204	375
1779088261811547	204	381
1779088261811547	204	387
1779088261811547	204	392
1779088261811548	204	399
1779088261811548	204	405
1779088261811548	204	410
1779088261811548	204	416
1779088261811549	204	422
1779088261811549	204	427
1779088261811549	204	433
1779088261811549	204	439
1779088261811550	204	445
1779088261811550	204	451
1779088261811550	204	457
1779088261811551	204	464
1779088261811551	204	470
1779088261811551	204	476
1779088261811551	204	481
1779088261811552	204	487
1779088261811552	204	492
1779088261811552	204	498
1779088261811552	204	503
1779088261811553	204	509
1779088261822184	204	412
1779088261822185	204	429
1779088261822185	204	435
1779088261822186	204	438
1779088261822186	204	442
1779088261822186	204	445
1779088261822187	204	449
1779088261822187	204	452
1779088261822188	204	456
1779088261822188	204	459
1779088261822188	204	463
1779088261822189	204	466
1779088261822189	204	470
1779088261822189	204	474
1779088261822190	204	478
1779088261822190	204	481
1779088261822190	204	489
1779088261822191	204	493
1779088261822191	204	496
1779088261822191	204	500
1779088261822192	204	503
1779088261822192	204	507
1779088261822192	204	510
1779088261822193	204	515
1779088261822193	204	519
1779088261822194	204	522
1779088261822194	204	525
1779088261822194	204	529
1779088261822194	204	532
1779088261822195	204	536
1779088261822195	204	539
1779088261822196	204	543
1779088261831836	204	396
1779088261831837	204	413
1779088261831837	204	418
1779088261831838	204	422
1779088261831838	204	425
1779088261831838	204	429
1779088261831839	204	433
1779088261831839	204	436
1779088261831840	204	440
1779088261831840	204	447
1779088261831840	204	451
1779088261831841	204	455
1779088261831841	204	459
1779088261831841	204	462
1779088261831842	204	466
1779088261831842	204	469
1779088261831842	204	472
1779088261831843	204	476
1779088261831843	204	479
1779088261831843	204	483
1779088261831844	204	487
1779088261831844	204	491
1779088261831844	204	494
1779088261831845	204	498
1779088261831845	204	501
1779088261831845	204	504
1779088261831846	204	508
1779088261831846	204	511
1779088261831846	204	515
1779088261841450	204	373
1779088261841450	204	387
1779088261841450	204	391
1779088261841451	204	395
1779088261841451	204	399
1779088261841451	204	403
1779088261841451	204	406
1779088261841452	204	410
1779088261841452	204	414
1779088261841452	204	417
1779088261841453	204	421
1779088261841453	204	424
1779088261841453	204	428
1779088261841453	204	432
1779088261841454	204	436
1779088261841454	204	439
1779088261841454	204	443
1779088261841455	204	446
1779088261841455	204	450
1779088261841455	204	454
1779088261841456	204	458
1779088261841456	204	461
1779088261841456	204	465
1779088261841457	204	468
1779088261841457	204	472
1779088261841457	204	475
1779088261841458	204	479
1779088261841458	204	482
1779088261852027	204	541
1779088261852028	204	564
1779088261852028	204	572
1779088261852029	204	578
1779088261852029	204	584
1779088261852030	204	590
1779088261852030	204	596
1779088261852030	204	601
1779088261852031	204	607
1779088261852031	204	613
1779088261852031	204	618
1779088261852032	204	624
1779088261852033	204	629
1779088261852033	204	636
1779088261852034	204	642
1779088261852034	204	648
1779088261852034	204	664
1779088261852035	204	670
1779088261852035	204	676
1779088261852035	204	682
1779088261852036	204	685
1779088261852036	204	689
1779088261852036	204	692
1779088261852037	204	697
1779088261852037	204	701
1779088261852037	204	704
1779088261852038	204	707
1779088261852038	204	711
1779088261852038	204	717
1779088261852039	204	727
1779088261852039	204	733
1779088261852039	204	739
1779088261861889	204	495
1779088261861889	204	513
1779088261861890	204	518
1779088261861890	204	521
1779088261861890	204	526
1779088261861891	204	530
1779088261861891	204	533
1779088261861891	204	537
1779088261861892	204	541
1779088261861892	204	544
1779088261861892	204	548
1779088261861893	204	551
1779088261861893	204	555
1779088261861893	204	558
1779088261861894	204	562
1779088261861894	204	565
1779088261861894	204	569
1779088261861895	204	573
1779088261861895	204	576
1779088261861895	204	579
1779088261861896	204	583
1779088261861896	204	587
1779088261861896	204	591
1779088261861897	204	594
1779088261861897	204	598
1779088261861897	204	601
1779088261861898	204	605
1779088261861898	204	608
1779088261861898	204	612
1779088261861899	204	615
1779088261871604	204	343
1779088261871604	204	357
1779088261871605	204	362
1779088261871605	204	366
1779088261871605	204	369
1779088261871606	204	373
1779088261871606	204	376
1779088261871606	204	380
1779088261871607	204	383
1779088261871607	204	387
1779088261871607	204	391
1779088261871607	204	394
1779088261871608	204	398
1779088261871608	204	401
1779088261871608	204	405
1779088261871609	204	408
1779088261871609	204	412
1779088261871609	204	415
1779088261871610	204	419
1779088261871610	204	422
1779088261871610	204	427
1779088261871610	204	430
1779088261871611	204	434
1779088261871611	204	437
1779088261871611	204	440
1779088261871612	204	443
1779088261871613	204	446
1779088261871613	204	450
1779088261871613	204	453
1779088261882172	204	411
1779088261882172	204	429
1779088261882173	204	434
1779088261882173	204	437
1779088261882173	204	440
1779088261882174	204	444
1779088261882174	204	447
1779088261882175	204	451
1779088261882175	204	454
1779088261882176	204	458
1779088261882176	204	462
1779088261882176	204	465
1779088261882177	204	469
1779088261882177	204	473
1779088261882178	204	476
1779088261882178	204	480
1779088261882178	204	483
1779088261882179	204	486
1779088261882179	204	490
1779088261882179	204	493
1779088261882180	204	496
1779088261882180	204	500
1779088261882180	204	503
1779088261882181	204	508
1779088261882181	204	511
1779088261882182	204	514
1779088261882182	204	518
1779088261882182	204	521
1779088261882183	204	524
1779088261882183	204	528
1779088261882184	204	531
1779088261882184	204	534
1779088261891808	204	490
1779088261891808	204	512
1779088261891809	204	519
1779088261891809	204	525
1779088261891809	204	532
1779088261891810	204	537
1779088261891810	204	543
1779088261891810	204	549
1779088261891811	204	554
1779088261891811	204	565
1779088261891811	204	571
1779088261891812	204	577
1779088261891812	204	583
1779088261891812	204	589
1779088261891813	204	595
1779088261891813	204	601
1779088261891814	204	606
1779088261891814	204	613
1779088261891814	204	619
1779088261891815	204	625
1779088261891815	204	631
1779088261891815	204	638
1779088261891816	204	644
1779088261891816	204	650
1779088261891816	204	655
1779088261891816	204	661
1779088261891817	204	667
1779088261891817	204	673
1779088261901602	204	413
1779088261901603	204	431
1779088261901603	204	435
1779088261901604	204	439
1779088261901604	204	443
1779088261901605	204	446
1779088261901605	204	450
1779088261901605	204	453
1779088261901606	204	457
1779088261901606	204	461
1779088261901606	204	492
1779088261901607	204	499
1779088261901607	204	503
1779088261901607	204	506
1779088261901608	204	510
1779088261901608	204	513
1779088261901608	204	517
1779088261901609	204	520
1779088261901609	204	524
1779088261901609	204	527
1779088261901610	204	531
1779088261901610	204	536
1779088261901610	204	539
1779088261901611	204	543
1779088261901611	204	546
1779088261901611	204	550
1779088261901612	204	553
1779088261901612	204	556
1779088261901612	204	560
1779088261901613	204	571
1779088261911286	204	374
1779088261911286	204	391
1779088261911287	204	396
1779088261911287	204	400
1779088261911288	204	404
1779088261911288	204	407
1779088261911288	204	411
1779088261911289	204	415
1779088261911289	204	418
1779088261911289	204	422
1779088261911290	204	425
1779088261911290	204	429
1779088261911290	204	432
1779088261911291	204	436
1779088261911291	204	440
1779088261911291	204	444
1779088261911292	204	447
1779088261911292	204	451
1779088261911292	204	454
1779088261911293	204	458
1779088261911293	204	462
1779088261911293	204	466
1779088261911294	204	469
1779088261911294	204	473
1779088261911294	204	476
1779088261911295	204	479
1779088261911295	204	483
1779088261911296	204	486
1779088261911296	204	489
1779088261921880	204	454
1779088261921880	204	471
1779088261921881	204	476
1779088261921881	204	480
1779088261921882	204	483
1779088261921882	204	487
1779088261921882	204	491
1779088261921883	204	494
1779088261921883	204	498
1779088261921883	204	501
1779088261921884	204	505
1779088261921884	204	509
1779088261921885	204	512
1779088261921885	204	516
1779088261921885	204	519
1779088261921887	204	522
1779088261921887	204	525
1779088261921887	204	529
1779088261921888	204	532
1779088261921888	204	536
1779088261921888	204	539
1779088261921889	204	543
1779088261921889	204	546
1779088261921889	204	551
1779088261921890	204	560
1779088261921890	204	563
1779088261921890	204	566
1779088261921891	204	570
1779088261921891	204	573
1779088261921891	204	577
1779088261921892	204	580
1779088261921892	204	584
1779088261931576	204	432
1779088261931577	204	451
1779088261931577	204	456
1779088261931578	204	460
1779088261931578	204	464
1779088261931579	204	468
1779088261931579	204	472
1779088261931579	204	475
1779088261931580	204	478
1779088261931580	204	482
1779088261931581	204	485
1779088261931581	204	489
1779088261931581	204	493
1779088261931582	204	496
1779088261931582	204	500
1779088261931582	204	516
1779088261931583	204	520
1779088261931583	204	523
1779088261931584	204	526
1779088261931584	204	530
1779088261931584	204	535
1779088261931585	204	539
1779088261931585	204	542
1779088261931585	204	545
1779088261931586	204	549
1779088261931586	204	553
1779088261931586	204	556
1779088261931587	204	559
1779088261931587	204	562
1779088261941248	204	434
1779088261941249	204	456
1779088261941250	204	462
1779088261941250	204	467
1779088261941251	204	473
1779088261941252	204	479
1779088261941252	204	484
1779088261941253	204	490
1779088261941253	204	496
1779088261941254	204	501
1779088261941255	204	507
1779088261941255	204	512
1779088261941256	204	517
1779088261941256	204	522
1779088261941257	204	528
1779088261941257	204	533
1779088261941258	204	539
1779088261941259	204	544
1779088261941259	204	549
1779088261941260	204	554
1779088261941260	204	561
1779088261941261	204	567
1779088261941261	204	572
1779088261941262	204	577
1779088261941262	204	582
1779088261941263	204	588
1779088261941263	204	593
1779088261941264	204	598
1779088261941264	204	603
1779088261951976	204	411
1779088261951977	204	427
1779088261951977	204	432
1779088261951977	204	436
1779088261951978	204	439
1779088261951978	204	443
1779088261951979	204	446
1779088261951979	204	450
1779088261951979	204	453
1779088261951980	204	457
1779088261951980	204	460
1779088261951980	204	464
1779088261951981	204	468
1779088261951981	204	471
1779088261951981	204	475
1779088261951982	204	478
1779088261951982	204	482
1779088261951982	204	485
1779088261951983	204	488
1779088261951983	204	492
1779088261951983	204	495
1779088261951984	204	499
1779088261951984	204	502
1779088261951984	204	507
1779088261951985	204	510
1779088261951985	204	514
1779088261951985	204	517
1779088261951986	204	520
1779088261951986	204	524
1779088261951986	204	528
1779088261951987	204	531
1779088261951987	204	535
1779088261961620	204	392
1779088261961621	204	409
1779088261961621	204	414
1779088261961622	204	417
1779088261961622	204	430
1779088261961622	204	434
1779088261961623	204	437
1779088261961623	204	441
1779088261961623	204	444
1779088261961624	204	477
1779088261961624	204	485
1779088261961625	204	491
1779088261961625	204	506
1779088261961625	204	509
1779088261961626	204	513
1779088261961626	204	516
1779088261961626	204	519
1779088261961627	204	523
1779088261961627	204	526
1779088261961627	204	530
1779088261961628	204	535
1779088261961628	204	538
1779088261961629	204	541
1779088261961629	204	545
1779088261961629	204	549
1779088261961629	204	552
1779088261961630	204	555
1779088261961630	204	559
1779088261961630	204	563
1779088261971284	204	338
1779088261971285	204	351
1779088261971285	204	356
1779088261971285	204	360
1779088261971286	204	363
1779088261971286	204	367
1779088261971286	204	370
1779088261971287	204	374
1779088261971287	204	377
1779088261971287	204	381
1779088261971288	204	385
1779088261971288	204	389
1779088261971288	204	392
1779088261971288	204	396
1779088261971289	204	399
1779088261971289	204	403
1779088261971289	204	406
1779088261971290	204	410
1779088261971290	204	413
1779088261971290	204	417
1779088261971291	204	421
1779088261971291	204	425
1779088261971291	204	428
1779088261971291	204	432
1779088261971292	204	435
1779088261971292	204	438
1779088261971292	204	442
1779088261971293	204	445
1779088261971293	204	449
1779088261981833	204	442
1779088261981834	204	460
1779088261981834	204	465
1779088261981835	204	469
1779088261981835	204	472
1779088261981835	204	476
1779088261981836	204	479
1779088261981836	204	482
1779088261981837	204	486
1779088261981837	204	489
1779088261981837	204	493
1779088261981838	204	496
1779088261981838	204	500
1779088261981839	204	503
1779088261981839	204	507
1779088261981839	204	510
1779088261981840	204	513
1779088261981840	204	517
1779088261981840	204	520
1779088261981841	204	524
1779088261981841	204	527
1779088261981841	204	530
1779088261981842	204	534
1779088261981842	204	542
1779088261981842	204	545
1779088261981843	204	549
1779088261981843	204	552
1779088261981843	204	555
1779088261981844	204	558
1779088261981844	204	562
1779088261981844	204	565
1779088261981845	204	569
1779088261991513	204	410
1779088261991513	204	427
1779088261991514	204	433
1779088261991514	204	437
1779088261991514	204	441
1779088261991515	204	444
1779088261991515	204	448
1779088261991516	204	451
1779088261991516	204	454
1779088261991516	204	458
1779088261991517	204	461
1779088261991517	204	465
1779088261991518	204	468
1779088261991518	204	472
1779088261991518	204	475
1779088261991519	204	478
1779088261991520	204	482
1779088261991520	204	489
1779088261991520	204	493
1779088261991521	204	497
1779088261991521	204	501
1779088261991522	204	505
1779088261991522	204	509
1779088261991523	204	512
1779088261991523	204	516
1779088261991523	204	519
1779088261991523	204	523
1779088261991524	204	526
1779088261991524	204	530
1779088262002140	204	361
1779088262002140	204	373
1779088262002141	204	377
1779088262002141	204	381
1779088262002141	204	384
1779088262002141	204	388
1779088262002142	204	392
1779088262002142	204	395
1779088262002142	204	399
1779088262002143	204	402
1779088262002143	204	406
1779088262002143	204	409
1779088262002143	204	413
1779088262002144	204	420
1779088262002144	204	423
1779088262002144	204	427
1779088262002145	204	430
1779088262002145	204	434
1779088262002145	204	437
1779088262002145	204	441
1779088262002146	204	444
1779088262002146	204	448
1779088262002146	204	452
1779088262002147	204	456
1779088262002147	204	459
1779088262002147	204	463
1779088262002147	204	466
1779088262002148	204	469
1779088262002148	204	473
1779088262002148	204	476
1779088262002149	204	479
1779088262011723	204	377
1779088262011723	204	395
1779088262011724	204	399
1779088262011724	204	403
1779088262011724	204	406
1779088262011725	204	410
1779088262011725	204	413
1779088262011726	204	417
1779088262011726	204	420
1779088262011726	204	424
1779088262011727	204	428
1779088262011727	204	432
1779088262011727	204	436
1779088262011728	204	439
1779088262011728	204	443
1779088262011729	204	446
1779088262011729	204	450
1779088262011729	204	453
1779088262011730	204	457
1779088262011730	204	460
1779088262011730	204	465
1779088262011730	204	468
1779088262011731	204	472
1779088262011731	204	475
1779088262011731	204	479
1779088262011732	204	482
1779088262011732	204	496
1779088262011732	204	499
1779088262011733	204	503
1779088262021330	204	439
1779088262021330	204	462
1779088262021331	204	468
1779088262021332	204	474
1779088262021332	204	480
1779088262021333	204	485
1779088262021333	204	491
1779088262021334	204	496
1779088262021335	204	501
1779088262021335	204	507
1779088262021336	204	512
1779088262021336	204	518
1779088262021337	204	523
1779088262021337	204	528
1779088262021338	204	533
1779088262021339	204	539
1779088262021339	204	544
1779088262021340	204	549
1779088262021340	204	554
1779088262021341	204	559
1779088262021341	204	567
1779088262021342	204	572
1779088262021342	204	578
1779088262021343	204	583
1779088262021343	204	588
1779088262021344	204	594
1779088262021344	204	599
1779088262021345	204	604
1779088262021346	204	610
1779088262032067	204	394
1779088262032067	204	415
1779088262032068	204	419
1779088262032068	204	424
1779088262032068	204	428
1779088262032069	204	431
1779088262032069	204	435
1779088262032069	204	438
1779088262032070	204	441
1779088262032070	204	445
1779088262032071	204	448
1779088262032071	204	452
1779088262032071	204	456
1779088262032072	204	459
1779088262032072	204	463
1779088262032072	204	466
1779088262032073	204	470
1779088262032073	204	473
1779088262032073	204	477
1779088262032074	204	480
1779088262032074	204	483
1779088262032074	204	487
1779088262032075	204	490
1779088262032075	204	495
1779088262032075	204	498
1779088262032076	204	502
1779088262032076	204	505
1779088262032076	204	509
1779088262032077	204	512
1779088262032077	204	515
1779088262032077	204	519
1779088262032077	204	522
1779088262041700	204	505
1779088262041701	204	523
1779088262041701	204	528
1779088262041702	204	531
1779088262041702	204	535
1779088262041703	204	538
1779088262041703	204	542
1779088262041704	204	545
1779088262041704	204	549
1779088262041704	204	552
1779088262041705	204	555
1779088262041705	204	558
1779088262041706	204	562
1779088262041706	204	566
1779088262041706	204	569
1779088262041707	204	573
1779088262041707	204	576
1779088262041707	204	580
1779088262041708	204	583
1779088262041708	204	586
1779088262041708	204	591
1779088262041709	204	594
1779088262041709	204	598
1779088262041709	204	601
1779088262041710	204	605
1779088262041710	204	608
1779088262041710	204	611
1779088262041711	204	614
1779088262041711	204	618
1779088262051418	204	343
1779088262051418	204	355
1779088262051418	204	359
1779088262051419	204	363
1779088262051419	204	367
1779088262051419	204	370
1779088262051420	204	374
1779088262051420	204	377
1779088262051420	204	381
1779088262051420	204	385
1779088262051421	204	388
1779088262051421	204	392
1779088262051421	204	396
1779088262051422	204	400
1779088262051422	204	403
1779088262051422	204	407
1779088262051422	204	411
1779088262051423	204	414
1779088262051423	204	418
1779088262051423	204	421
1779088262051424	204	426
1779088262051424	204	429
1779088262051424	204	433
1779088262051424	204	436
1779088262051425	204	440
1779088262051425	204	443
1779088262051425	204	447
1779088262051426	204	450
1779088262051426	204	453
1779088262061973	204	442
1779088262061973	204	459
1779088262061974	204	464
1779088262061974	204	468
1779088262061974	204	471
1779088262061975	204	475
1779088262061975	204	478
1779088262061976	204	482
1779088262061976	204	486
1779088262061976	204	489
1779088262061977	204	492
1779088262061977	204	496
1779088262061977	204	499
1779088262061978	204	503
1779088262061978	204	511
1779088262061979	204	514
1779088262061979	204	517
1779088262061979	204	521
1779088262061980	204	524
1779088262061980	204	528
1779088262061980	204	531
1779088262061981	204	534
1779088262061981	204	538
1779088262061982	204	543
1779088262061982	204	546
1779088262061982	204	550
1779088262061983	204	553
1779088262061983	204	556
1779088262061983	204	560
1779088262061984	204	563
1779088262061984	204	566
1779088262061985	204	571
1779088262071652	204	387
1779088262071653	204	403
1779088262071653	204	408
1779088262071654	204	412
1779088262071654	204	416
1779088262071654	204	419
1779088262071655	204	423
1779088262071655	204	426
1779088262071656	204	442
1779088262071656	204	446
1779088262071656	204	460
1779088262071657	204	464
1779088262071657	204	468
1779088262071657	204	471
1779088262071658	204	475
1779088262071658	204	478
1779088262071658	204	482
1779088262071659	204	485
1779088262071659	204	489
1779088262071659	204	492
1779088262071660	204	497
1779088262071660	204	500
1779088262071660	204	504
1779088262071661	204	507
1779088262071661	204	511
1779088262071661	204	514
1779088262071661	204	517
1779088262071662	204	521
1779088262071662	204	525
1779088262081281	204	382
1779088262081281	204	399
1779088262081282	204	404
1779088262081282	204	407
1779088262081282	204	411
1779088262081283	204	414
1779088262081283	204	418
1779088262081283	204	421
1779088262081284	204	425
1779088262081284	204	428
1779088262081284	204	431
1779088262081285	204	435
1779088262081285	204	439
1779088262081285	204	443
1779088262081286	204	446
1779088262081286	204	450
1779088262081287	204	454
1779088262081287	204	457
1779088262081287	204	461
1779088262081287	204	464
1779088262081288	204	471
1779088262081288	204	474
1779088262081288	204	478
1779088262081289	204	481
1779088262081289	204	485
1779088262081289	204	488
1779088262081290	204	492
1779088262081290	204	495
1779088262081290	204	499
1779088262091886	204	426
1779088262091887	204	442
1779088262091887	204	448
1779088262091888	204	451
1779088262091888	204	455
1779088262091889	204	459
1779088262091889	204	462
1779088262091889	204	466
1779088262091890	204	470
1779088262091890	204	474
1779088262091890	204	477
1779088262091891	204	481
1779088262091891	204	485
1779088262091891	204	488
1779088262091892	204	492
1779088262091892	204	495
1779088262091892	204	499
1779088262091893	204	502
1779088262091893	204	506
1779088262091893	204	509
1779088262091894	204	513
1779088262091894	204	516
1779088262091894	204	520
1779088262091894	204	525
1779088262091895	204	528
1779088262091895	204	532
1779088262091895	204	539
1779088262091896	204	543
1779088262091896	204	546
1779088262091896	204	550
1779088262091897	204	554
1779088262091897	204	557
1779088262101560	204	454
1779088262101561	204	476
1779088262101561	204	483
1779088262101562	204	488
1779088262101562	204	495
1779088262101563	204	500
1779088262101563	204	531
1779088262101564	204	539
1779088262101564	204	545
1779088262101565	204	551
1779088262101566	204	556
1779088262101566	204	561
1779088262101567	204	566
1779088262101567	204	572
1779088262101568	204	577
1779088262101568	204	583
1779088262101569	204	588
1779088262101570	204	593
1779088262101570	204	599
1779088262101571	204	604
1779088262101571	204	611
1779088262101572	204	617
1779088262101572	204	623
1779088262101573	204	629
1779088262101574	204	634
1779088262101574	204	640
1779088262101574	204	646
1779088262101575	204	651
1779088262101576	204	657
1779088262111344	204	371
1779088262111345	204	386
1779088262111345	204	392
1779088262111346	204	396
1779088262111346	204	399
1779088262111346	204	403
1779088262111347	204	406
1779088262111348	204	409
1779088262111348	204	413
1779088262111349	204	416
1779088262111349	204	420
1779088262111349	204	423
1779088262111350	204	427
1779088262111350	204	430
1779088262111350	204	434
1779088262111351	204	438
1779088262111351	204	441
1779088262111351	204	444
1779088262111352	204	448
1779088262111352	204	451
1779088262111352	204	456
1779088262111352	204	460
1779088262111353	204	463
1779088262111353	204	467
1779088262111353	204	470
1779088262111354	204	473
1779088262111354	204	477
1779088262111354	204	480
1779088262111355	204	483
1779088262121937	204	445
1779088262121938	204	463
1779088262121938	204	468
1779088262121939	204	472
1779088262121939	204	475
1779088262121940	204	479
1779088262121940	204	482
1779088262121940	204	486
1779088262121941	204	489
1779088262121941	204	493
1779088262121942	204	496
1779088262121942	204	499
1779088262121942	204	503
1779088262121943	204	507
1779088262121943	204	510
1779088262121943	204	514
1779088262121944	204	517
1779088262121944	204	520
1779088262121945	204	524
1779088262121945	204	527
1779088262121946	204	530
1779088262121946	204	534
1779088262121946	204	537
1779088262121947	204	542
1779088262121947	204	546
1779088262121947	204	549
1779088262121948	204	560
1779088262121948	204	564
1779088262121948	204	567
1779088262121949	204	571
1779088262121949	204	574
1779088262121950	204	578
1779088262131618	204	333
1779088262131619	204	345
1779088262131619	204	350
1779088262131619	204	353
1779088262131620	204	358
1779088262131620	204	362
1779088262131620	204	370
1779088262131621	204	374
1779088262131621	204	377
1779088262131621	204	381
1779088262131622	204	385
1779088262131622	204	388
1779088262131622	204	392
1779088262131622	204	395
1779088262131623	204	399
1779088262131623	204	402
1779088262131623	204	406
1779088262131624	204	409
1779088262131624	204	413
1779088262131624	204	417
1779088262131625	204	421
1779088262131626	204	424
1779088262131626	204	427
1779088262131626	204	430
1779088262131627	204	434
1779088262131627	204	437
1779088262131627	204	440
1779088262131627	204	444
1779088262131628	204	447
1779088262142186	204	417
1779088262142187	204	434
1779088262142187	204	439
1779088262142187	204	443
1779088262142188	204	447
1779088262142188	204	450
1779088262142189	204	453
1779088262142189	204	457
1779088262142190	204	460
1779088262142190	204	464
1779088262142190	204	467
1779088262142191	204	471
1779088262142191	204	475
1779088262142191	204	478
1779088262142192	204	481
1779088262142193	204	485
1779088262142193	204	488
1779088262142193	204	492
1779088262142194	204	495
1779088262142194	204	498
1779088262142194	204	502
1779088262142195	204	505
1779088262142195	204	509
1779088262142195	204	513
1779088262142195	204	517
1779088262142196	204	520
1779088262142196	204	523
1779088262142197	204	527
1779088262142197	204	530
1779088262142197	204	533
1779088262142198	204	537
1779088262142198	204	540
1779088262151838	204	395
1779088262151838	204	412
1779088262151839	204	417
1779088262151839	204	421
1779088262151839	204	424
1779088262151840	204	428
1779088262151840	204	432
1779088262151841	204	436
1779088262151841	204	439
1779088262151841	204	443
1779088262151842	204	446
1779088262151842	204	450
1779088262151843	204	453
1779088262151843	204	457
1779088262151843	204	461
1779088262151844	204	464
1779088262151844	204	468
1779088262151844	204	472
1779088262151845	204	475
1779088262151845	204	479
1779088262151845	204	483
1779088262151846	204	487
1779088262151846	204	490
1779088262151846	204	494
1779088262151847	204	497
1779088262151847	204	501
1779088262151847	204	505
1779088262151848	204	508
1779088262151848	204	511
1779088262161450	204	324
1779088262161450	204	336
1779088262161450	204	341
1779088262161451	204	344
1779088262161451	204	348
1779088262161451	204	351
1779088262161452	204	355
1779088262161452	204	359
1779088262161452	204	362
1779088262161453	204	366
1779088262161453	204	370
1779088262161453	204	374
1779088262161453	204	377
1779088262161454	204	381
1779088262161454	204	384
1779088262161454	204	388
1779088262161455	204	391
1779088262161455	204	395
1779088262161455	204	398
1779088262161455	204	407
1779088262161456	204	411
1779088262161456	204	414
1779088262161456	204	418
1779088262161457	204	421
1779088262161457	204	425
1779088262161457	204	428
1779088262161457	204	432
1779088262161458	204	435
1779088262171990	204	416
1779088262171991	204	433
1779088262171991	204	438
1779088262171991	204	441
1779088262171992	204	445
1779088262171992	204	448
1779088262171993	204	452
1779088262171993	204	455
1779088262171993	204	459
1779088262171994	204	462
1779088262171994	204	466
1779088262171995	204	470
1779088262171995	204	474
1779088262171995	204	477
1779088262171996	204	481
1779088262171996	204	484
1779088262171996	204	493
1779088262171997	204	496
1779088262171997	204	499
1779088262171997	204	503
1779088262171998	204	506
1779088262171998	204	510
1779088262171998	204	513
1779088262171998	204	518
1779088262171999	204	521
1779088262171999	204	525
1779088262171999	204	528
1779088262172000	204	532
1779088262172000	204	535
1779088262172000	204	539
1779088262172001	204	542
1779088262172001	204	546
1779088262181649	204	628
1779088262181650	204	654
1779088262181651	204	661
1779088262181651	204	667
1779088262181652	204	672
1779088262181653	204	678
1779088262181653	204	683
1779088262181654	204	702
1779088262181655	204	708
1779088262181656	204	713
1779088262181657	204	719
1779088262181657	204	724
1779088262181658	204	730
1779088262181659	204	736
1779088262181659	204	741
1779088262181660	204	747
1779088262181661	204	752
1779088262181661	204	758
1779088262181662	204	763
1779088262181662	204	769
1779088262181663	204	776
1779088262181663	204	782
1779088262181664	204	787
1779088262181664	204	793
1779088262181665	204	798
1779088262181666	204	802
1779088262181666	204	807
1779088262181667	204	812
1779088262181667	204	817
1779088262191595	204	405
1779088262191596	204	424
1779088262191596	204	428
1779088262191597	204	432
1779088262191597	204	435
1779088262191597	204	439
1779088262191598	204	442
1779088262191598	204	446
1779088262191599	204	449
1779088262191599	204	453
1779088262191600	204	456
1779088262191600	204	460
1779088262191600	204	464
1779088262191600	204	468
1779088262191601	204	472
1779088262191601	204	475
1779088262191601	204	479
1779088262191602	204	482
1779088262191602	204	499
1779088262191603	204	503
1779088262191603	204	506
1779088262191603	204	511
1779088262191604	204	515
1779088262191604	204	518
1779088262191604	204	521
1779088262191605	204	525
1779088262191605	204	529
1779088262191605	204	532
1779088262191605	204	535
1779088262191606	204	539
1779088262201240	204	363
1779088262201241	204	380
1779088262201241	204	388
1779088262201242	204	392
1779088262201242	204	396
1779088262201242	204	400
1779088262201243	204	403
1779088262201243	204	407
1779088262201243	204	410
1779088262201244	204	414
1779088262201244	204	417
1779088262201245	204	421
1779088262201245	204	425
1779088262201245	204	428
1779088262201246	204	432
1779088262201246	204	435
1779088262201246	204	439
1779088262201247	204	442
1779088262201247	204	446
1779088262201247	204	449
1779088262201248	204	454
1779088262201248	204	457
1779088262201248	204	461
1779088262201249	204	465
1779088262201249	204	468
1779088262201249	204	471
1779088262201250	204	474
1779088262201251	204	477
1779088262201251	204	481
1779088262211818	204	363
1779088262211818	204	376
1779088262211819	204	381
1779088262211819	204	385
1779088262211819	204	389
1779088262211819	204	393
1779088262211820	204	397
1779088262211820	204	400
1779088262211820	204	404
1779088262211821	204	408
1779088262211821	204	412
1779088262211821	204	416
1779088262211822	204	420
1779088262211822	204	424
1779088262211822	204	427
1779088262211823	204	431
1779088262211823	204	434
1779088262211823	204	438
1779088262211823	204	441
1779088262211824	204	445
1779088262211824	204	449
1779088262211824	204	452
1779088262211825	204	456
1779088262211825	204	460
1779088262211825	204	466
1779088262211826	204	472
1779088262211826	204	477
1779088262211826	204	483
1779088262211826	204	489
1779088262211827	204	494
1779088262211827	204	499
1779088262221431	204	384
1779088262221431	204	401
1779088262221432	204	405
1779088262221432	204	409
1779088262221432	204	413
1779088262221433	204	416
1779088262221433	204	420
1779088262221433	204	423
1779088262221434	204	427
1779088262221434	204	430
1779088262221434	204	434
1779088262221435	204	437
1779088262221435	204	441
1779088262221436	204	444
1779088262221436	204	448
1779088262221436	204	451
1779088262221437	204	455
1779088262221437	204	459
1779088262221437	204	462
1779088262221438	204	466
1779088262221438	204	470
1779088262221439	204	474
1779088262221439	204	478
1779088262221439	204	481
1779088262221439	204	485
1779088262221440	204	489
1779088262221440	204	492
1779088262221440	204	495
1779088262221441	204	499
1779088262232036	204	423
1779088262232036	204	442
1779088262232037	204	447
1779088262232037	204	451
1779088262232038	204	454
1779088262232038	204	458
1779088262232038	204	461
1779088262232039	204	465
1779088262232039	204	468
1779088262232040	204	472
1779088262232040	204	475
1779088262232040	204	478
1779088262232041	204	482
1779088262232041	204	486
1779088262232041	204	490
1779088262232042	204	493
1779088262232042	204	501
1779088262232042	204	504
1779088262232043	204	508
1779088262232043	204	511
1779088262232043	204	514
1779088262232044	204	518
1779088262232044	204	521
1779088262232044	204	537
1779088262232044	204	541
1779088262232045	204	545
1779088262232045	204	548
1779088262232045	204	552
1779088262232046	204	555
1779088262232046	204	558
1779088262232046	204	562
1779088262232047	204	565
1779088262241701	204	328
1779088262241702	204	341
1779088262241702	204	346
1779088262241702	204	349
1779088262241702	204	353
1779088262241703	204	357
1779088262241703	204	360
1779088262241703	204	364
1779088262241704	204	377
1779088262241704	204	394
1779088262241704	204	398
1779088262241704	204	402
1779088262241705	204	405
1779088262241705	204	409
1779088262241705	204	413
1779088262241706	204	416
1779088262241706	204	419
1779088262241706	204	423
1779088262241706	204	426
1779088262241707	204	430
1779088262241707	204	434
1779088262241707	204	438
1779088262241708	204	441
1779088262241708	204	445
1779088262241708	204	448
1779088262241709	204	451
1779088262241709	204	455
1779088262241709	204	458
1779088262241709	204	462
1779088262251269	204	405
1779088262251270	204	424
1779088262251270	204	429
1779088262251270	204	433
1779088262251271	204	436
1779088262251271	204	440
1779088262251272	204	443
1779088262251272	204	447
1779088262251272	204	450
1779088262251273	204	455
1779088262251273	204	458
1779088262251274	204	462
1779088262251274	204	465
1779088262251274	204	469
1779088262251275	204	472
1779088262251276	204	475
1779088262251276	204	479
1779088262251277	204	482
1779088262251277	204	485
1779088262251277	204	489
1779088262251278	204	493
1779088262251278	204	497
1779088262251278	204	501
1779088262251279	204	504
1779088262251279	204	508
1779088262251279	204	511
1779088262251280	204	514
1779088262251280	204	518
1779088262251280	204	521
1779088262261904	204	513
1779088262261905	204	539
1779088262261905	204	546
1779088262261906	204	552
1779088262261907	204	558
1779088262261907	204	564
1779088262261908	204	569
1779088262261908	204	574
1779088262261909	204	580
1779088262261910	204	585
1779088262261910	204	591
1779088262261911	204	596
1779088262261911	204	602
1779088262261912	204	607
1779088262261912	204	612
1779088262261913	204	618
1779088262261914	204	624
1779088262261914	204	629
1779088262261915	204	635
1779088262261915	204	640
1779088262261916	204	646
1779088262261916	204	652
1779088262261917	204	657
1779088262261917	204	665
1779088262261918	204	670
1779088262261919	204	675
1779088262261919	204	681
1779088262261920	204	686
1779088262261920	204	697
1779088262261921	204	703
1779088262261921	204	708
1779088262261922	204	713
1779088262271744	204	378
1779088262271745	204	395
1779088262271745	204	400
1779088262271746	204	403
1779088262271746	204	407
1779088262271747	204	410
1779088262271747	204	413
1779088262271747	204	417
1779088262271748	204	421
1779088262271748	204	424
1779088262271748	204	428
1779088262271749	204	432
1779088262271749	204	435
1779088262271749	204	439
1779088262271750	204	442
1779088262271750	204	446
1779088262271751	204	449
1779088262271751	204	452
1779088262271751	204	456
1779088262271752	204	459
1779088262271752	204	464
1779088262271752	204	467
1779088262271753	204	471
1779088262271753	204	474
1779088262271753	204	478
1779088262271753	204	481
1779088262271754	204	484
1779088262271754	204	488
1779088262271755	204	490
1779088262281337	204	359
1779088262281338	204	376
1779088262281338	204	380
1779088262281339	204	384
1779088262281339	204	387
1779088262281339	204	391
1779088262281340	204	395
1779088262281340	204	398
1779088262281340	204	402
1779088262281341	204	407
1779088262281341	204	410
1779088262281341	204	413
1779088262281342	204	417
1779088262281342	204	420
1779088262281342	204	424
1779088262281343	204	427
1779088262281343	204	431
1779088262281344	204	434
1779088262281344	204	438
1779088262281344	204	441
1779088262281345	204	446
1779088262281345	204	449
1779088262281345	204	453
1779088262281346	204	456
1779088262281346	204	459
1779088262281346	204	463
1779088262281346	204	466
1779088262281347	204	470
1779088262281347	204	473
1779088262291912	204	542
1779088262291912	204	564
1779088262291913	204	572
1779088262291913	204	579
1779088262291913	204	585
1779088262291914	204	591
1779088262291914	204	598
1779088262291914	204	617
1779088262291915	204	623
1779088262291915	204	629
1779088262291916	204	635
1779088262291916	204	641
1779088262291916	204	648
1779088262291917	204	653
1779088262291917	204	659
1779088262291917	204	666
1779088262291918	204	671
1779088262291918	204	677
1779088262291918	204	683
1779088262291919	204	689
1779088262291919	204	695
1779088262291919	204	701
1779088262291920	204	706
1779088262291920	204	714
1779088262291920	204	720
1779088262291921	204	726
1779088262291921	204	731
1779088262291921	204	737
1779088262291922	204	743
1779088262291922	204	749
1779088262291922	204	755
1779088262291923	204	760
1779088262301794	204	427
1779088262301794	204	445
1779088262301795	204	450
1779088262301795	204	453
1779088262301795	204	457
1779088262301796	204	461
1779088262301796	204	464
1779088262301797	204	468
1779088262301797	204	479
1779088262301797	204	482
1779088262301798	204	486
1779088262301798	204	490
1779088262301798	204	493
1779088262301799	204	497
1779088262301799	204	500
1779088262301800	204	504
1779088262301800	204	507
1779088262301800	204	511
1779088262301800	204	514
1779088262301801	204	518
1779088262301801	204	523
1779088262301802	204	526
1779088262301802	204	529
1779088262301802	204	532
1779088262301803	204	536
1779088262301803	204	539
1779088262301803	204	543
1779088262301804	204	546
1779088262301804	204	549
1779088262311456	204	378
1779088262311456	204	397
1779088262311457	204	402
1779088262311457	204	406
1779088262311458	204	409
1779088262311458	204	413
1779088262311459	204	416
1779088262311459	204	420
1779088262311459	204	423
1779088262311460	204	426
1779088262311460	204	430
1779088262311461	204	433
1779088262311461	204	437
1779088262311462	204	440
1779088262311462	204	444
1779088262311462	204	447
1779088262311463	204	451
1779088262311463	204	454
1779088262311463	204	457
1779088262311464	204	460
1779088262311464	204	465
1779088262311465	204	469
1779088262311465	204	472
1779088262311465	204	475
1779088262311466	204	479
1779088262311466	204	482
1779088262311466	204	485
1779088262311467	204	489
1779088262311467	204	492
1779088262322052	204	433
1779088262322052	204	452
1779088262322053	204	456
1779088262322053	204	460
1779088262322054	204	464
1779088262322054	204	467
1779088262322054	204	471
1779088262322055	204	474
1779088262322055	204	478
1779088262322055	204	481
1779088262322056	204	504
1779088262322056	204	511
1779088262322056	204	516
1779088262322057	204	521
1779088262322057	204	527
1779088262322057	204	532
1779088262322058	204	538
1779088262322058	204	544
1779088262322060	204	549
1779088262322060	204	555
1779088262322061	204	560
1779088262322061	204	566
1779088262322062	204	573
1779088262322062	204	579
1779088262322062	204	583
1779088262322063	204	586
1779088262322063	204	590
1779088262322063	204	593
1779088262322064	204	597
1779088262322064	204	600
1779088262322064	204	604
1779088262322065	204	607
1779088262331764	204	441
1779088262331764	204	459
1779088262331765	204	463
1779088262331765	204	467
1779088262331765	204	471
1779088262331766	204	474
1779088262331766	204	478
1779088262331767	204	482
1779088262331767	204	486
1779088262331767	204	490
1779088262331768	204	493
1779088262331768	204	496
1779088262331768	204	500
1779088262331769	204	504
1779088262331769	204	507
1779088262331770	204	511
1779088262331770	204	514
1779088262331770	204	517
1779088262331771	204	521
1779088262331771	204	524
1779088262331771	204	529
1779088262331772	204	537
1779088262331772	204	540
1779088262331772	204	544
1779088262331773	204	547
1779088262331773	204	551
1779088262331773	204	554
1779088262331774	204	557
1779088262331774	204	561
1779088262341428	204	548
1779088262341429	204	572
1779088262341430	204	579
1779088262341430	204	584
1779088262341431	204	589
1779088262341431	204	595
1779088262341432	204	600
1779088262341433	204	605
1779088262341433	204	610
1779088262341434	204	615
1779088262341434	204	621
1779088262341435	204	626
1779088262341436	204	630
1779088262341436	204	660
1779088262341437	204	666
1779088262341438	204	671
1779088262341438	204	677
1779088262341439	204	690
1779088262341440	204	695
1779088262341440	204	700
1779088262341441	204	720
1779088262341441	204	726
1779088262341442	204	732
1779088262341443	204	738
1779088262341443	204	744
1779088262341444	204	750
1779088262341444	204	756
1779088262341445	204	762
1779088262341446	204	767
1779088262351333	204	409
1779088262351333	204	428
1779088262351334	204	434
1779088262351334	204	440
1779088262351335	204	446
1779088262351335	204	452
1779088262351336	204	458
1779088262351336	204	463
1779088262351337	204	469
1779088262351337	204	476
1779088262351337	204	482
1779088262351338	204	488
1779088262351338	204	494
1779088262351338	204	501
1779088262351339	204	507
1779088262351339	204	512
1779088262351339	204	518
1779088262351340	204	524
1779088262351340	204	530
1779088262351341	204	537
1779088262351341	204	542
1779088262351341	204	550
1779088262351342	204	556
1779088262351342	204	561
1779088262351342	204	567
1779088262351343	204	573
1779088262351343	204	579
1779088262351344	204	585
1779088262351344	204	591
1779088262351345	204	597
1779088262362047	204	425
1779088262362047	204	442
1779088262362048	204	449
1779088262362048	204	454
1779088262362049	204	461
1779088262362049	204	467
1779088262362050	204	473
1779088262362050	204	478
1779088262362050	204	484
1779088262362051	204	491
1779088262362051	204	497
1779088262362051	204	503
1779088262362052	204	509
1779088262362053	204	515
1779088262362053	204	521
1779088262362053	204	526
1779088262362054	204	532
1779088262362054	204	538
1779088262362054	204	544
1779088262362055	204	550
1779088262362055	204	555
1779088262362056	204	561
1779088262362056	204	567
1779088262362056	204	575
1779088262362056	204	581
1779088262362057	204	587
1779088262362057	204	593
1779088262362058	204	599
1779088262362058	204	604
1779088262362059	204	611
1779088262362059	204	617
1779088262362059	204	623
1779088262371774	204	336
1779088262371774	204	350
1779088262371775	204	357
1779088262371775	204	369
1779088262371776	204	376
1779088262371776	204	383
1779088262371776	204	389
1779088262371777	204	395
1779088262371777	204	401
1779088262371777	204	407
1779088262371778	204	413
1779088262371778	204	420
1779088262371778	204	426
1779088262371778	204	432
1779088262371779	204	438
1779088262371779	204	444
1779088262371779	204	450
1779088262371780	204	456
1779088262371780	204	461
1779088262371780	204	468
1779088262371780	204	475
1779088262371781	204	481
1779088262371781	204	487
1779088262371781	204	493
1779088262371782	204	499
1779088262371782	204	504
1779088262371782	204	511
1779088262371782	204	517
1779088262371783	204	523
1779088262381401	204	358
1779088262381401	204	375
1779088262381402	204	381
1779088262381402	204	387
1779088262381402	204	393
1779088262381403	204	399
1779088262381403	204	405
1779088262381403	204	411
1779088262381404	204	417
1779088262381404	204	423
1779088262381404	204	429
1779088262381405	204	435
1779088262381405	204	441
1779088262381405	204	447
1779088262381406	204	453
1779088262381406	204	459
1779088262381406	204	464
1779088262381407	204	471
1779088262381407	204	477
1779088262381407	204	482
1779088262381408	204	490
1779088262381408	204	496
1779088262381408	204	502
1779088262381409	204	508
1779088262381409	204	513
1779088262381410	204	519
1779088262381410	204	525
1779088262381410	204	531
1779088262381411	204	537
1779088262392046	204	446
1779088262392046	204	464
1779088262392047	204	471
1779088262392047	204	476
1779088262392048	204	482
1779088262392048	204	488
1779088262392049	204	494
1779088262392049	204	500
1779088262392050	204	507
1779088262392050	204	513
1779088262392050	204	519
1779088262392051	204	525
1779088262392051	204	532
1779088262392052	204	538
1779088262392052	204	544
1779088262392052	204	549
1779088262392053	204	555
1779088262392053	204	561
1779088262392053	204	567
1779088262392054	204	573
1779088262392054	204	579
1779088262392055	204	584
1779088262392055	204	590
1779088262392056	204	597
1779088262392056	204	603
1779088262392056	204	609
1779088262392057	204	615
1779088262392057	204	621
1779088262392057	204	626
1779088262392058	204	633
1779088262392058	204	639
1779088262392058	204	644
1779088262401800	204	381
1779088262401800	204	397
1779088262401801	204	404
1779088262401801	204	423
1779088262401801	204	429
1779088262401802	204	435
1779088262401802	204	441
1779088262401802	204	447
1779088262401803	204	453
1779088262401803	204	459
1779088262401803	204	465
1779088262401804	204	471
1779088262401804	204	477
1779088262401804	204	483
1779088262401804	204	489
1779088262401805	204	495
1779088262401805	204	505
1779088262401805	204	511
1779088262401806	204	517
1779088262401806	204	523
1779088262401806	204	530
1779088262401807	204	536
1779088262401807	204	542
1779088262401807	204	548
1779088262401808	204	554
1779088262401808	204	559
1779088262401809	204	565
1779088262401809	204	571
1779088262401809	204	577
1779088262411487	204	376
1779088262411488	204	394
1779088262411488	204	401
1779088262411488	204	406
1779088262411489	204	412
1779088262411489	204	418
1779088262411490	204	424
1779088262411490	204	430
1779088262411490	204	436
1779088262411491	204	442
1779088262411491	204	448
1779088262411491	204	454
1779088262411492	204	461
1779088262411492	204	467
1779088262411492	204	473
1779088262411493	204	478
1779088262411493	204	484
1779088262411493	204	491
1779088262411494	204	497
1779088262411494	204	502
1779088262411494	204	510
1779088262411494	204	516
1779088262411495	204	522
1779088262411495	204	528
1779088262411495	204	534
1779088262411496	204	540
1779088262411496	204	546
1779088262411496	204	551
1779088262411497	204	558
1779088262422152	204	402
1779088262422152	204	418
1779088262422153	204	426
1779088262422153	204	431
1779088262422153	204	437
1779088262422154	204	443
1779088262422154	204	449
1779088262422154	204	455
1779088262422155	204	461
1779088262422155	204	467
1779088262422155	204	473
1779088262422156	204	479
1779088262422156	204	485
1779088262422156	204	491
1779088262422157	204	497
1779088262422157	204	503
1779088262422157	204	509
1779088262422158	204	515
1779088262422158	204	521
1779088262422158	204	527
1779088262422159	204	533
1779088262422159	204	539
1779088262422159	204	544
1779088262422160	204	552
1779088262422160	204	557
1779088262422160	204	563
1779088262422160	204	569
1779088262422161	204	575
1779088262422161	204	581
1779088262422162	204	587
1779088262422162	204	593
1779088262422162	204	599
1779088262431857	204	337
1779088262431858	204	351
1779088262431858	204	358
1779088262431858	204	365
1779088262431858	204	371
1779088262431859	204	377
1779088262431859	204	383
1779088262431859	204	389
1779088262431860	204	395
1779088262431860	204	401
1779088262431860	204	408
1779088262431861	204	414
1779088262431861	204	420
1779088262431861	204	426
1779088262431861	204	432
1779088262431862	204	438
1779088262431862	204	444
1779088262431862	204	450
1779088262431863	204	456
1779088262431863	204	461
1779088262431863	204	467
1779088262431863	204	475
1779088262431864	204	481
1779088262431864	204	487
1779088262431864	204	493
1779088262431865	204	499
1779088262431865	204	505
1779088262431865	204	511
1779088262431865	204	524
1779088262431866	204	530
1779088262441493	204	376
1779088262441494	204	392
1779088262441494	204	400
1779088262441495	204	406
1779088262441495	204	412
1779088262441495	204	418
1779088262441496	204	424
1779088262441497	204	429
1779088262441497	204	435
1779088262441497	204	441
1779088262441498	204	447
1779088262441498	204	453
1779088262441498	204	459
1779088262441499	204	465
1779088262441499	204	471
1779088262441499	204	476
1779088262441500	204	482
1779088262441500	204	487
1779088262441500	204	493
1779088262441501	204	501
1779088262441501	204	507
1779088262441501	204	512
1779088262441502	204	518
1779088262441502	204	524
1779088262441502	204	530
1779088262441503	204	535
1779088262441503	204	541
1779088262441504	204	547
1779088262452170	204	406
1779088262452170	204	422
1779088262452170	204	429
1779088262452171	204	435
1779088262452171	204	441
1779088262452171	204	447
1779088262452172	204	453
1779088262452172	204	459
1779088262452172	204	465
1779088262452172	204	471
1779088262452173	204	477
1779088262452173	204	484
1779088262452173	204	490
1779088262452174	204	496
1779088262452174	204	502
1779088262452174	204	508
1779088262452175	204	514
1779088262452175	204	521
1779088262452175	204	527
1779088262452175	204	544
1779088262452176	204	550
1779088262452176	204	556
1779088262452176	204	562
1779088262452177	204	568
1779088262452177	204	576
1779088262452177	204	582
1779088262452178	204	588
1779088262452178	204	594
1779088262452178	204	600
1779088262452179	204	606
1779088262452179	204	612
1779088262452180	204	617
1779088262452182	204	622
1779088262461902	204	393
1779088262461902	204	410
1779088262461903	204	418
1779088262461903	204	423
1779088262461904	204	429
1779088262461904	204	436
1779088262461904	204	442
1779088262461905	204	448
1779088262461905	204	454
1779088262461905	204	460
1779088262461906	204	466
1779088262461906	204	472
1779088262461906	204	478
1779088262461907	204	484
1779088262461907	204	490
1779088262461907	204	496
1779088262461908	204	502
1779088262461908	204	508
1779088262461908	204	514
1779088262461909	204	520
1779088262461910	204	527
1779088262461910	204	533
1779088262461910	204	539
1779088262461911	204	545
1779088262461911	204	551
1779088262461911	204	557
1779088262461912	204	563
1779088262461912	204	569
1779088262461912	204	575
1779088262471585	204	355
1779088262471586	204	372
1779088262471586	204	379
1779088262471587	204	385
1779088262471587	204	391
1779088262471587	204	398
1779088262471588	204	404
1779088262471588	204	410
1779088262471588	204	415
1779088262471589	204	422
1779088262471589	204	434
1779088262471590	204	440
1779088262471590	204	446
1779088262471590	204	452
1779088262471591	204	457
1779088262471591	204	463
1779088262471591	204	469
1779088262471592	204	475
1779088262471592	204	481
1779088262471592	204	487
1779088262471593	204	506
1779088262471593	204	512
1779088262471593	204	518
1779088262471594	204	524
1779088262471594	204	530
1779088262471594	204	536
1779088262471595	204	542
1779088262471595	204	548
1779088262471595	204	554
1779088262481247	204	369
1779088262481247	204	383
1779088262481248	204	390
1779088262481248	204	396
1779088262481248	204	404
1779088262481248	204	410
1779088262481249	204	416
1779088262481249	204	422
1779088262481249	204	429
1779088262481249	204	436
1779088262481250	204	441
1779088262481250	204	448
1779088262481250	204	454
1779088262481251	204	460
1779088262481251	204	466
1779088262481251	204	473
1779088262481252	204	479
1779088262481252	204	486
1779088262481252	204	491
1779088262481252	204	498
1779088262481253	204	505
1779088262481253	204	512
1779088262481253	204	518
1779088262481254	204	524
1779088262481254	204	530
1779088262481254	204	536
1779088262481255	204	542
1779088262481255	204	548
1779088262481255	204	554
1779088262491908	204	404
1779088262491909	204	421
1779088262491909	204	428
1779088262491910	204	434
1779088262491910	204	440
1779088262491910	204	446
1779088262491911	204	453
1779088262491911	204	459
1779088262491911	204	465
1779088262491912	204	471
1779088262491912	204	477
1779088262491912	204	483
1779088262491913	204	489
1779088262491913	204	495
1779088262491913	204	501
1779088262491914	204	507
1779088262491914	204	512
1779088262491914	204	519
1779088262491915	204	524
1779088262491915	204	531
1779088262491915	204	536
1779088262491916	204	542
1779088262491916	204	548
1779088262491916	204	555
1779088262491917	204	561
1779088262491917	204	567
1779088262491917	204	573
1779088262491918	204	579
1779088262491918	204	585
1779088262491918	204	591
1779088262491919	204	597
1779088262491919	204	603
1779088262501627	204	474
1779088262501628	204	497
1779088262501628	204	504
1779088262501629	204	509
1779088262501629	204	515
1779088262501629	204	521
1779088262501630	204	527
1779088262501630	204	534
1779088262501630	204	541
1779088262501631	204	547
1779088262501631	204	553
1779088262501631	204	559
1779088262501632	204	565
1779088262501632	204	571
1779088262501633	204	577
1779088262501633	204	582
1779088262501634	204	588
1779088262501634	204	594
1779088262501635	204	600
1779088262501636	204	605
1779088262501636	204	613
1779088262501637	204	619
1779088262501637	204	625
1779088262501638	204	636
1779088262501638	204	642
1779088262501639	204	648
1779088262501639	204	654
1779088262501640	204	660
1779088262501641	204	666
1779088262511406	204	359
1779088262511406	204	386
1779088262511406	204	393
1779088262511407	204	399
1779088262511407	204	406
1779088262511407	204	412
1779088262511408	204	418
1779088262511408	204	424
1779088262511408	204	430
1779088262511409	204	436
1779088262511410	204	440
1779088262511410	204	447
1779088262511411	204	453
1779088262511411	204	460
1779088262511411	204	466
1779088262511412	204	472
1779088262511412	204	479
1779088262511412	204	485
1779088262511413	204	491
1779088262511413	204	500
1779088262511413	204	508
1779088262511413	204	514
1779088262511414	204	520
1779088262511414	204	526
1779088262511414	204	532
1779088262511415	204	538
1779088262511415	204	543
1779088262511415	204	550
1779088262511415	204	556
1779088262522099	204	476
1779088262522100	204	496
1779088262522101	204	503
1779088262522101	204	508
1779088262522102	204	512
1779088262522103	204	517
1779088262522103	204	524
1779088262522104	204	529
1779088262522104	204	535
1779088262522105	204	541
1779088262522105	204	547
1779088262522106	204	552
1779088262522107	204	558
1779088262522107	204	564
1779088262522108	204	570
1779088262522109	204	576
1779088262522109	204	582
1779088262522110	204	587
1779088262522110	204	592
1779088262522111	204	597
1779088262522112	204	603
1779088262522112	204	609
1779088262522112	204	615
1779088262522113	204	623
1779088262522113	204	629
1779088262522114	204	635
1779088262522114	204	640
1779088262522114	204	648
1779088262522115	204	654
1779088262522115	204	660
1779088262522115	204	666
1779088262522116	204	672
1779088262531885	204	387
1779088262531886	204	402
1779088262531886	204	410
1779088262531886	204	416
1779088262531887	204	422
1779088262531887	204	428
1779088262531887	204	435
1779088262531887	204	440
1779088262531888	204	446
1779088262531888	204	452
1779088262531889	204	459
1779088262531889	204	465
1779088262531889	204	471
1779088262531890	204	477
1779088262531890	204	483
1779088262531890	204	489
1779088262531891	204	495
1779088262531891	204	501
1779088262531891	204	507
1779088262531892	204	512
1779088262531892	204	518
1779088262531892	204	525
1779088262531892	204	531
1779088262531893	204	537
1779088262531895	204	541
1779088262531895	204	547
1779088262531895	204	553
1779088262531896	204	559
1779088262531896	204	565
1779088262531896	204	571
1779088262541571	204	427
1779088262541571	204	446
1779088262541572	204	454
1779088262541572	204	460
1779088262541572	204	465
1779088262541573	204	477
1779088262541573	204	483
1779088262541574	204	489
1779088262541574	204	510
1779088262541574	204	530
1779088262541575	204	536
1779088262541575	204	542
1779088262541575	204	549
1779088262541576	204	554
1779088262541576	204	560
1779088262541576	204	565
1779088262541577	204	571
1779088262541577	204	577
1779088262541578	204	583
1779088262541578	204	589
1779088262541578	204	596
1779088262541579	204	602
1779088262541579	204	608
1779088262541580	204	614
1779088262541580	204	619
1779088262541581	204	625
1779088262541581	204	631
1779088262541581	204	637
1779088262541581	204	643
1779088262551329	204	537
1779088262551330	204	555
1779088262551330	204	562
1779088262551331	204	567
1779088262551332	204	573
1779088262551332	204	579
1779088262551332	204	586
1779088262551333	204	592
1779088262551333	204	597
1779088262551333	204	603
1779088262551334	204	610
1779088262551334	204	615
1779088262551335	204	621
1779088262551335	204	627
1779088262551335	204	633
1779088262551336	204	639
1779088262551336	204	645
1779088262551336	204	651
1779088262551337	204	657
1779088262551337	204	663
1779088262551337	204	671
1779088262551338	204	676
1779088262551338	204	682
1779088262551338	204	688
1779088262551339	204	694
1779088262551339	204	700
1779088262551339	204	706
1779088262551340	204	712
1779088262551340	204	718
1779088262562166	204	379
1779088262562167	204	394
1779088262562167	204	402
1779088262562167	204	408
1779088262562168	204	414
1779088262562168	204	420
1779088262562168	204	426
1779088262562168	204	432
1779088262562169	204	438
1779088262562169	204	444
1779088262562169	204	450
1779088262562170	204	456
1779088262562170	204	462
1779088262562170	204	468
1779088262562170	204	474
1779088262562171	204	480
1779088262562171	204	498
1779088262562172	204	504
1779088262562172	204	510
1779088262562172	204	516
1779088262562173	204	521
1779088262562173	204	527
1779088262562173	204	533
1779088262562174	204	539
1779088262562174	204	546
1779088262562174	204	552
1779088262562175	204	558
1779088262562175	204	564
1779088262562175	204	570
1779088262562176	204	576
1779088262562176	204	581
1779088262562176	204	587
1779088262562177	204	593
1779088262571866	204	398
1779088262571866	204	414
1779088262571867	204	421
1779088262571867	204	426
1779088262571867	204	432
1779088262571868	204	439
1779088262571868	204	445
1779088262571868	204	450
1779088262571869	204	457
1779088262571869	204	463
1779088262571869	204	470
1779088262571870	204	476
1779088262571870	204	481
1779088262571870	204	487
1779088262571870	204	493
1779088262571871	204	499
1779088262571871	204	505
1779088262571871	204	516
1779088262571872	204	522
1779088262571872	204	528
1779088262571872	204	535
1779088262571873	204	542
1779088262571873	204	548
1779088262571873	204	553
1779088262571874	204	559
1779088262571874	204	565
1779088262571874	204	571
1779088262571875	204	578
1779088262571875	204	584
1779088262581563	204	492
1779088262581564	204	522
1779088262581565	204	540
1779088262581566	204	543
1779088262581566	204	546
1779088262581567	204	550
1779088262581568	204	553
1779088262581568	204	556
1779088262581569	204	559
1779088262581569	204	563
1779088262581570	204	566
1779088262581571	204	569
1779088262581572	204	571
1779088262581573	204	574
1779088262581574	204	577
1779088262581574	204	581
1779088262581575	204	584
1779088262581575	204	587
1779088262581576	204	590
1779088262581577	204	593
1779088262581577	204	598
1779088262581578	204	601
1779088262581578	204	604
1779088262581579	204	608
1779088262581580	204	611
1779088262581580	204	614
1779088262581581	204	617
1779088262581581	204	620
1779088262581582	204	623
1779088262591298	204	415
1779088262591299	204	434
1779088262591299	204	441
1779088262591299	204	447
1779088262591300	204	453
1779088262591300	204	458
1779088262591301	204	464
1779088262591301	204	469
1779088262591301	204	475
1779088262591302	204	480
1779088262591302	204	485
1779088262591303	204	491
1779088262591303	204	497
1779088262591303	204	502
1779088262591304	204	509
1779088262591304	204	514
1779088262591304	204	520
1779088262591305	204	526
1779088262591305	204	532
1779088262591305	204	538
1779088262591306	204	546
1779088262591306	204	553
1779088262591307	204	557
1779088262591307	204	561
1779088262591307	204	564
1779088262591307	204	568
1779088262591308	204	571
1779088262591308	204	574
1779088262591309	204	578
1779088262601983	204	463
1779088262601984	204	480
1779088262601984	204	485
1779088262601985	204	489
1779088262601985	204	492
1779088262601985	204	495
1779088262601986	204	499
1779088262601986	204	502
1779088262601987	204	506
1779088262601987	204	510
1779088262601987	204	514
1779088262601988	204	518
1779088262601988	204	521
1779088262601989	204	524
1779088262601989	204	528
1779088262601989	204	531
1779088262601990	204	535
1779088262601990	204	538
1779088262601991	204	542
1779088262601991	204	545
1779088262601991	204	549
1779088262601992	204	552
1779088262601992	204	556
1779088262601992	204	560
1779088262601993	204	564
1779088262601993	204	567
1779088262601993	204	571
1779088262601994	204	574
1779088262601994	204	577
1779088262601994	204	581
1779088262601996	204	583
1779088262601996	204	587
1779088262611674	204	335
1779088262611674	204	348
1779088262611675	204	352
1779088262611675	204	356
1779088262611675	204	359
1779088262611676	204	364
1779088262611676	204	368
1779088262611676	204	371
1779088262611676	204	375
1779088262611677	204	379
1779088262611677	204	382
1779088262611677	204	386
1779088262611678	204	389
1779088262611678	204	393
1779088262611678	204	397
1779088262611678	204	400
1779088262611679	204	404
1779088262611679	204	407
1779088262611679	204	422
1779088262611680	204	426
1779088262611680	204	430
1779088262611680	204	434
1779088262611681	204	437
1779088262611681	204	441
1779088262611681	204	444
1779088262611681	204	447
1779088262611682	204	451
1779088262611682	204	454
1779088262611682	204	467
1779088262621244	204	428
1779088262621244	204	444
1779088262621245	204	449
1779088262621245	204	452
1779088262621245	204	456
1779088262621246	204	459
1779088262621246	204	463
1779088262621246	204	466
1779088262621247	204	470
1779088262621247	204	473
1779088262621248	204	477
1779088262621248	204	480
1779088262621248	204	484
1779088262621249	204	487
1779088262621249	204	491
1779088262621250	204	494
1779088262621250	204	498
1779088262621250	204	501
1779088262621251	204	504
1779088262621251	204	508
1779088262621251	204	512
1779088262621252	204	516
1779088262621252	204	519
1779088262621252	204	523
1779088262621253	204	527
1779088262621253	204	530
1779088262621253	204	533
1779088262621254	204	537
1779088262621254	204	540
1779088262631884	204	427
1779088262631885	204	442
1779088262631886	204	446
1779088262631887	204	450
1779088262631887	204	454
1779088262631887	204	457
1779088262631888	204	461
1779088262631888	204	464
1779088262631889	204	468
1779088262631889	204	471
1779088262631889	204	475
1779088262631890	204	479
1779088262631890	204	482
1779088262631891	204	486
1779088262631891	204	490
1779088262631891	204	493
1779088262631892	204	497
1779088262631892	204	500
1779088262631892	204	503
1779088262631893	204	507
1779088262631893	204	511
1779088262631893	204	514
1779088262631894	204	517
1779088262631894	204	522
1779088262631895	204	525
1779088262631895	204	529
1779088262631895	204	532
1779088262631895	204	535
1779088262631896	204	539
1779088262631896	204	542
1779088262631897	204	545
1779088262631897	204	549
1779088262641532	204	329
1779088262641532	204	342
1779088262641533	204	347
1779088262641533	204	351
1779088262641533	204	355
1779088262641533	204	358
1779088262641534	204	362
1779088262641534	204	365
1779088262641534	204	369
1779088262641535	204	372
1779088262641535	204	376
1779088262641535	204	380
1779088262641535	204	387
1779088262641536	204	391
1779088262641536	204	394
1779088262641536	204	398
1779088262641537	204	401
1779088262641537	204	405
1779088262641537	204	408
1779088262641538	204	412
1779088262641538	204	417
1779088262641538	204	420
1779088262641539	204	424
1779088262641539	204	427
1779088262641539	204	431
1779088262641539	204	434
1779088262641540	204	437
1779088262641540	204	441
1779088262641540	204	444
1779088262652071	204	381
1779088262652072	204	395
1779088262652072	204	400
1779088262652072	204	404
1779088262652073	204	407
1779088262652073	204	411
1779088262652073	204	415
1779088262652073	204	418
1779088262652074	204	422
1779088262652074	204	425
1779088262652074	204	429
1779088262652075	204	433
1779088262652075	204	436
1779088262652075	204	440
1779088262652076	204	444
1779088262652076	204	447
1779088262652077	204	450
1779088262652077	204	454
1779088262652078	204	457
1779088262652078	204	461
1779088262652078	204	464
1779088262652079	204	468
1779088262652079	204	472
1779088262652079	204	476
1779088262652079	204	479
1779088262652080	204	483
1779088262652080	204	486
1779088262652080	204	490
1779088262652081	204	493
1779088262652081	204	496
1779088262652081	204	500
1779088262661674	204	587
1779088262661675	204	608
1779088262661676	204	616
1779088262661677	204	621
1779088262661677	204	627
1779088262661678	204	633
1779088262661679	204	638
1779088262661679	204	645
1779088262661680	204	651
1779088262661681	204	657
1779088262661681	204	662
1779088262661682	204	669
1779088262661683	204	675
1779088262661683	204	681
1779088262661684	204	687
1779088262661685	204	692
1779088262661685	204	698
1779088262661686	204	704
1779088262661687	204	710
1779088262661687	204	716
1779088262661688	204	723
1779088262661689	204	729
1779088262661689	204	735
1779088262661690	204	740
1779088262661690	204	746
1779088262661691	204	752
1779088262661691	204	757
1779088262661692	204	763
1779088262661693	204	769
1779088262671562	204	377
1779088262671563	204	394
1779088262671563	204	401
1779088262671564	204	407
1779088262671564	204	413
1779088262671564	204	419
1779088262671565	204	425
1779088262671565	204	430
1779088262671565	204	436
1779088262671566	204	442
1779088262671566	204	449
1779088262671567	204	455
1779088262671567	204	462
1779088262671567	204	478
1779088262671568	204	485
1779088262671568	204	491
1779088262671568	204	497
1779088262671569	204	503
1779088262671569	204	509
1779088262671570	204	515
1779088262671570	204	533
1779088262671570	204	540
1779088262671570	204	546
1779088262671571	204	552
1779088262671571	204	558
1779088262671571	204	563
1779088262671572	204	574
1779088262671572	204	580
1779088262671573	204	586
1779088262671573	204	592
1779088262681264	204	388
1779088262681264	204	405
1779088262681265	204	411
1779088262681265	204	416
1779088262681266	204	422
1779088262681266	204	429
1779088262681266	204	435
1779088262681267	204	440
1779088262681267	204	447
1779088262681267	204	453
1779088262681268	204	459
1779088262681268	204	465
1779088262681268	204	471
1779088262681269	204	477
1779088262681269	204	483
1779088262681269	204	488
1779088262681270	204	494
1779088262681270	204	500
1779088262681270	204	506
1779088262681271	204	512
1779088262681271	204	520
1779088262681271	204	531
1779088262681272	204	537
1779088262681272	204	542
1779088262681272	204	548
1779088262681273	204	554
1779088262681273	204	560
1779088262681273	204	566
1779088262681274	204	572
1779088262691943	204	406
1779088262691943	204	422
1779088262691944	204	430
1779088262691944	204	435
1779088262691945	204	441
1779088262691945	204	447
1779088262691945	204	454
1779088262691946	204	460
1779088262691946	204	466
1779088262691946	204	472
1779088262691947	204	478
1779088262691947	204	484
1779088262691947	204	490
1779088262691948	204	497
1779088262691948	204	503
1779088262691948	204	509
1779088262691949	204	514
1779088262691949	204	521
1779088262691949	204	526
1779088262691949	204	532
1779088262691950	204	538
1779088262691950	204	544
1779088262691950	204	550
1779088262691951	204	557
1779088262691951	204	563
1779088262691951	204	569
1779088262691952	204	575
1779088262691952	204	581
1779088262691952	204	587
1779088262691953	204	593
1779088262691953	204	600
1779088262691953	204	606
1779088262701658	204	392
1779088262701659	204	410
1779088262701660	204	443
1779088262701660	204	449
1779088262701661	204	455
1779088262701661	204	461
1779088262701661	204	467
1779088262701662	204	473
1779088262701662	204	479
1779088262701662	204	486
1779088262701663	204	492
1779088262701663	204	498
1779088262701663	204	504
1779088262701664	204	509
1779088262701664	204	515
1779088262701664	204	521
1779088262701665	204	527
1779088262701665	204	533
1779088262701665	204	539
1779088262701666	204	545
1779088262701666	204	552
1779088262701666	204	558
1779088262701667	204	564
1779088262701667	204	570
1779088262701667	204	576
1779088262701668	204	581
1779088262701668	204	587
1779088262701669	204	593
1779088262701669	204	600
1779088262711368	204	402
1779088262711368	204	418
1779088262711369	204	425
1779088262711369	204	431
1779088262711370	204	437
1779088262711370	204	443
1779088262711370	204	449
1779088262711370	204	455
1779088262711371	204	466
1779088262711371	204	473
1779088262711371	204	478
1779088262711372	204	484
1779088262711372	204	491
1779088262711372	204	497
1779088262711373	204	502
1779088262711373	204	508
1779088262711373	204	514
1779088262711374	204	520
1779088262711374	204	526
1779088262711374	204	532
1779088262711375	204	539
1779088262711375	204	545
1779088262711375	204	551
1779088262711376	204	557
1779088262711376	204	563
1779088262711376	204	569
1779088262711376	204	575
1779088262711377	204	581
1779088262711377	204	587
1779088262722058	204	416
1779088262722059	204	431
1779088262722059	204	438
1779088262722059	204	444
1779088262722060	204	450
1779088262722060	204	456
1779088262722060	204	462
1779088262722061	204	468
1779088262722061	204	475
1779088262722061	204	481
1779088262722061	204	487
1779088262722062	204	494
1779088262722062	204	500
1779088262722062	204	506
1779088262722063	204	512
1779088262722063	204	518
1779088262722063	204	524
1779088262722064	204	530
1779088262722064	204	536
1779088262722064	204	542
1779088262722064	204	548
1779088262722065	204	553
1779088262722066	204	559
1779088262722066	204	566
1779088262722066	204	572
1779088262722067	204	579
1779088262722067	204	584
1779088262722067	204	590
1779088262722068	204	607
1779088262722068	204	613
1779088262722068	204	618
1779088262722069	204	624
1779088262731791	204	407
1779088262731792	204	424
1779088262731792	204	432
1779088262731792	204	438
1779088262731793	204	443
1779088262731793	204	450
1779088262731793	204	456
1779088262731794	204	461
1779088262731794	204	467
1779088262731794	204	473
1779088262731795	204	479
1779088262731795	204	485
1779088262731796	204	491
1779088262731796	204	497
1779088262731796	204	503
1779088262731796	204	509
1779088262731797	204	515
1779088262731797	204	521
1779088262731797	204	527
1779088262731798	204	533
1779088262731798	204	540
1779088262731798	204	546
1779088262731799	204	552
1779088262731799	204	558
1779088262731799	204	564
1779088262731800	204	569
1779088262731800	204	575
1779088262731800	204	581
1779088262731801	204	587
1779088262741492	204	513
1779088262741493	204	535
1779088262741494	204	540
1779088262741495	204	543
1779088262741495	204	546
1779088262741496	204	550
1779088262741497	204	553
1779088262741497	204	556
1779088262741498	204	559
1779088262741499	204	562
1779088262741500	204	566
1779088262741500	204	583
1779088262741501	204	599
1779088262741501	204	603
1779088262741502	204	606
1779088262741503	204	610
1779088262741503	204	613
1779088262741504	204	616
1779088262741505	204	619
1779088262741505	204	623
1779088262741506	204	627
1779088262741506	204	635
1779088262741507	204	638
1779088262741508	204	642
1779088262741508	204	645
1779088262741509	204	648
1779088262741509	204	651
1779088262741510	204	655
1779088262741511	204	658
1779088262751259	204	340
1779088262751260	204	352
1779088262751260	204	357
1779088262751260	204	360
1779088262751261	204	364
1779088262751261	204	368
1779088262751261	204	371
1779088262751262	204	375
1779088262751262	204	378
1779088262751262	204	382
1779088262751262	204	386
1779088262751263	204	389
1779088262751263	204	393
1779088262751263	204	397
1779088262751264	204	400
1779088262751264	204	404
1779088262751264	204	407
1779088262751265	204	411
1779088262751265	204	414
1779088262751265	204	418
1779088262751265	204	422
1779088262751266	204	426
1779088262751266	204	429
1779088262751266	204	433
1779088262751267	204	436
1779088262751267	204	440
1779088262751267	204	443
1779088262751268	204	447
1779088262751268	204	450
1779088262751268	204	454
1779088262761808	204	425
1779088262761809	204	441
1779088262761810	204	446
1779088262761810	204	449
1779088262761811	204	453
1779088262761811	204	456
1779088262761812	204	460
1779088262761812	204	464
1779088262761813	204	468
1779088262761813	204	471
1779088262761814	204	474
1779088262761814	204	478
1779088262761815	204	481
1779088262761815	204	485
1779088262761815	204	489
1779088262761816	204	492
1779088262761816	204	495
1779088262761817	204	499
1779088262761817	204	502
1779088262761818	204	505
1779088262761818	204	509
1779088262761818	204	512
1779088262761819	204	517
1779088262761819	204	520
1779088262761820	204	524
1779088262761820	204	527
1779088262761821	204	530
1779088262761821	204	534
1779088262761821	204	537
1779088262761822	204	540
1779088262761822	204	543
1779088262771451	204	326
1779088262771451	204	339
1779088262771452	204	343
1779088262771452	204	346
1779088262771452	204	350
1779088262771453	204	354
1779088262771453	204	357
1779088262771454	204	360
1779088262771454	204	364
1779088262771454	204	368
1779088262771455	204	371
1779088262771455	204	375
1779088262771455	204	379
1779088262771456	204	382
1779088262771456	204	386
1779088262771456	204	390
1779088262771457	204	393
1779088262771457	204	397
1779088262771457	204	400
1779088262771457	204	404
1779088262771458	204	408
1779088262771458	204	412
1779088262771458	204	415
1779088262771459	204	419
1779088262771459	204	422
1779088262771459	204	426
1779088262771460	204	429
1779088262771460	204	433
1779088262771460	204	436
1779088262781985	204	401
1779088262781985	204	416
1779088262781985	204	421
1779088262781986	204	425
1779088262781986	204	432
1779088262781987	204	436
1779088262781987	204	439
1779088262781987	204	443
1779088262781988	204	446
1779088262781988	204	449
1779088262781988	204	453
1779088262781989	204	457
1779088262781989	204	470
1779088262781989	204	473
1779088262781990	204	477
1779088262781990	204	480
1779088262781991	204	484
1779088262781991	204	487
1779088262781991	204	491
1779088262781992	204	494
1779088262781992	204	497
1779088262781992	204	501
1779088262781993	204	504
1779088262781993	204	509
1779088262781993	204	512
1779088262781993	204	516
1779088262781994	204	520
1779088262781994	204	523
1779088262781995	204	526
1779088262781995	204	530
1779088262781995	204	533
1779088262781995	204	537
1779088262791620	204	373
1779088262791621	204	389
1779088262791621	204	394
1779088262791622	204	398
1779088262791622	204	401
1779088262791623	204	405
1779088262791623	204	408
1779088262791623	204	411
1779088262791624	204	415
1779088262791624	204	418
1779088262791625	204	422
1779088262791625	204	425
1779088262791625	204	429
1779088262791626	204	432
1779088262791626	204	436
1779088262791626	204	440
1779088262791627	204	443
1779088262791627	204	447
1779088262791628	204	450
1779088262791628	204	453
1779088262791629	204	457
1779088262791630	204	470
1779088262791630	204	474
1779088262791630	204	477
1779088262791631	204	481
1779088262791631	204	484
1779088262791631	204	488
1779088262791631	204	491
1779088262791632	204	494
1779088262801209	204	314
1779088262801209	204	325
1779088262801210	204	328
1779088262801210	204	332
1779088262801210	204	335
1779088262801210	204	339
1779088262801211	204	342
1779088262801211	204	348
1779088262801211	204	351
1779088262801212	204	355
1779088262801212	204	358
1779088262801212	204	362
1779088262801213	204	365
1779088262801213	204	369
1779088262801213	204	373
1779088262801213	204	376
1779088262801214	204	380
1779088262801214	204	383
1779088262801214	204	387
1779088262801215	204	390
1779088262801215	204	394
1779088262801215	204	398
1779088262801215	204	402
1779088262801216	204	405
1779088262801216	204	408
1779088262801216	204	412
1779088262801217	204	415
1779088262801217	204	418
1779088262801217	204	422
1779088262811723	204	394
1779088262811724	204	410
1779088262811724	204	414
1779088262811724	204	417
1779088262811725	204	421
1779088262811725	204	425
1779088262811725	204	428
1779088262811726	204	431
1779088262811726	204	435
1779088262811727	204	439
1779088262811727	204	442
1779088262811727	204	446
1779088262811728	204	449
1779088262811728	204	453
1779088262811728	204	457
1779088262811729	204	460
1779088262811729	204	469
1779088262811729	204	472
1779088262811730	204	476
1779088262811730	204	480
1779088262811730	204	483
1779088262811731	204	487
1779088262811731	204	491
1779088262811731	204	495
1779088262811731	204	499
1779088262811732	204	502
1779088262811732	204	505
1779088262811732	204	509
1779088262811733	204	512
1779088262811733	204	516
1779088262811734	204	519
1779088262821342	204	491
1779088262821342	204	508
1779088262821343	204	512
1779088262821344	204	516
1779088262821344	204	520
1779088262821345	204	523
1779088262821345	204	527
1779088262821346	204	530
1779088262821346	204	533
1779088262821347	204	537
1779088262821348	204	540
1779088262821348	204	544
1779088262821349	204	547
1779088262821349	204	550
1779088262821350	204	554
1779088262821350	204	557
1779088262821351	204	560
1779088262821351	204	563
1779088262821352	204	566
1779088262821352	204	570
1779088262821353	204	575
1779088262821353	204	580
1779088262821354	204	586
1779088262821354	204	592
1779088262821355	204	598
1779088262821355	204	603
1779088262821356	204	609
1779088262821357	204	615
1779088262821357	204	621
1779088262832071	204	407
1779088262832072	204	421
1779088262832072	204	426
1779088262832072	204	430
1779088262832073	204	434
1779088262832073	204	437
1779088262832074	204	441
1779088262832074	204	444
1779088262832074	204	447
1779088262832074	204	451
1779088262832075	204	454
1779088262832075	204	458
1779088262832075	204	462
1779088262832076	204	465
1779088262832076	204	468
1779088262832076	204	472
1779088262832077	204	475
1779088262832077	204	479
1779088262832077	204	482
1779088262832078	204	486
1779088262832078	204	489
1779088262832078	204	493
1779088262832079	204	496
1779088262832079	204	501
1779088262832079	204	504
1779088262832080	204	517
1779088262832080	204	520
1779088262832080	204	524
1779088262832081	204	528
1779088262832081	204	531
1779088262832081	204	535
1779088262832082	204	538
1779088262841706	204	359
1779088262841707	204	397
1779088262841707	204	403
1779088262841707	204	406
1779088262841708	204	410
1779088262841708	204	414
1779088262841708	204	417
1779088262841709	204	421
1779088262841710	204	424
1779088262841710	204	427
1779088262841710	204	431
1779088262841711	204	434
1779088262841711	204	438
1779088262841711	204	441
1779088262841711	204	445
1779088262841712	204	448
1779088262841712	204	452
1779088262841713	204	455
1779088262841713	204	459
1779088262841713	204	462
1779088262841713	204	467
1779088262841714	204	470
1779088262841714	204	474
1779088262841714	204	477
1779088262841715	204	481
1779088262841715	204	484
1779088262841715	204	487
1779088262841716	204	495
1779088262841716	204	499
1779088262851312	204	406
1779088262851313	204	426
1779088262851314	204	432
1779088262851314	204	438
1779088262851315	204	443
1779088262851316	204	449
1779088262851316	204	454
1779088262851317	204	460
1779088262851317	204	466
1779088262851318	204	472
1779088262851318	204	477
1779088262851319	204	483
1779088262851319	204	489
1779088262851319	204	495
1779088262851320	204	500
1779088262851320	204	506
1779088262851320	204	512
1779088262851321	204	518
1779088262851321	204	523
1779088262851321	204	529
1779088262851322	204	537
1779088262851322	204	543
1779088262851322	204	549
1779088262851322	204	559
1779088262851323	204	565
1779088262851323	204	570
1779088262851323	204	576
1779088262851324	204	582
1779088262851324	204	588
1779088262862024	204	480
1779088262862025	204	501
1779088262862025	204	507
1779088262862026	204	514
1779088262862026	204	520
1779088262862026	204	526
1779088262862027	204	533
1779088262862027	204	539
1779088262862028	204	545
1779088262862029	204	551
1779088262862029	204	557
1779088262862029	204	563
1779088262862030	204	568
1779088262862031	204	574
1779088262862031	204	580
1779088262862032	204	585
1779088262862032	204	590
1779088262862033	204	596
1779088262862033	204	602
1779088262862034	204	608
1779088262862034	204	614
1779088262862035	204	619
1779088262862035	204	625
1779088262862036	204	632
1779088262862036	204	637
1779088262862037	204	643
1779088262862038	204	649
1779088262862039	204	654
1779088262862039	204	659
1779088262862040	204	665
1779088262862041	204	671
1779088262862041	204	677
1779088262871820	204	437
1779088262871821	204	456
1779088262871822	204	460
1779088262871823	204	464
1779088262871823	204	467
1779088262871824	204	470
1779088262871825	204	474
1779088262871825	204	477
1779088262871826	204	480
1779088262871826	204	483
1779088262871827	204	487
1779088262871828	204	490
1779088262871828	204	493
1779088262871829	204	496
1779088262871829	204	500
1779088262871830	204	503
1779088262871830	204	506
1779088262871831	204	509
1779088262871831	204	512
1779088262871832	204	515
1779088262871833	204	520
1779088262871833	204	523
1779088262871834	204	526
1779088262871834	204	529
1779088262871835	204	533
1779088262871835	204	536
1779088262871836	204	539
1779088262871836	204	542
1779088262871837	204	545
1779088262881466	204	347
1779088262881467	204	365
1779088262881467	204	371
1779088262881467	204	377
1779088262881467	204	383
1779088262881468	204	390
1779088262881468	204	395
1779088262881468	204	400
1779088262881469	204	406
1779088262881469	204	411
1779088262881469	204	421
1779088262881469	204	426
1779088262881470	204	432
1779088262881470	204	436
1779088262881470	204	442
1779088262881471	204	447
1779088262881471	204	452
1779088262881471	204	458
1779088262881472	204	463
1779088262881472	204	468
1779088262881472	204	475
1779088262881472	204	480
1779088262881473	204	485
1779088262881473	204	490
1779088262881473	204	496
1779088262881474	204	501
1779088262881474	204	506
1779088262881474	204	511
1779088262881474	204	517
1779088262892114	204	414
1779088262892115	204	432
1779088262892115	204	439
1779088262892116	204	445
1779088262892116	204	451
1779088262892117	204	456
1779088262892117	204	463
1779088262892117	204	469
1779088262892118	204	475
1779088262892118	204	493
1779088262892118	204	499
1779088262892119	204	505
1779088262892119	204	511
1779088262892119	204	518
1779088262892120	204	523
1779088262892120	204	529
1779088262892120	204	535
1779088262892121	204	541
1779088262892121	204	547
1779088262892121	204	553
1779088262892122	204	558
1779088262892122	204	564
1779088262892122	204	570
1779088262892123	204	578
1779088262892123	204	583
1779088262892123	204	589
1779088262892124	204	594
1779088262892125	204	600
1779088262892125	204	606
1779088262892125	204	613
1779088262892126	204	619
1779088262892126	204	625
1779088262901853	204	377
1779088262901854	204	395
1779088262901854	204	403
1779088262901855	204	408
1779088262901855	204	414
1779088262901855	204	420
1779088262901856	204	426
1779088262901856	204	432
1779088262901856	204	438
1779088262901857	204	443
1779088262901857	204	449
1779088262901857	204	456
1779088262901858	204	461
1779088262901858	204	468
1779088262901858	204	473
1779088262901859	204	479
1779088262901859	204	485
1779088262901859	204	490
1779088262901860	204	497
1779088262901860	204	502
1779088262901860	204	508
1779088262901861	204	515
1779088262901861	204	521
1779088262901861	204	527
1779088262901862	204	533
1779088262901862	204	539
1779088262901862	204	545
1779088262901863	204	551
1779088262901863	204	557
1779088262901863	204	563
1779088262911530	204	380
1779088262911531	204	398
1779088262911531	204	406
1779088262911532	204	411
1779088262911532	204	417
1779088262911532	204	424
1779088262911533	204	430
1779088262911533	204	436
1779088262911533	204	442
1779088262911534	204	448
1779088262911534	204	454
1779088262911534	204	460
1779088262911535	204	465
1779088262911536	204	472
1779088262911536	204	478
1779088262911536	204	484
1779088262911537	204	490
1779088262911537	204	496
1779088262911537	204	502
1779088262911538	204	508
1779088262911538	204	515
1779088262911538	204	521
1779088262911539	204	532
1779088262911539	204	538
1779088262911539	204	543
1779088262911539	204	560
1779088262911540	204	567
1779088262911540	204	573
1779088262911540	204	579
1779088262921227	204	377
1779088262921228	204	394
1779088262921228	204	401
1779088262921229	204	407
1779088262921229	204	413
1779088262921229	204	419
1779088262921230	204	425
1779088262921230	204	432
1779088262921231	204	438
1779088262921231	204	444
1779088262921231	204	450
1779088262921232	204	456
1779088262921232	204	461
1779088262921232	204	467
1779088262921233	204	473
1779088262921233	204	479
1779088262921234	204	485
1779088262921234	204	491
1779088262921234	204	496
1779088262921235	204	502
1779088262921235	204	510
1779088262921236	204	516
1779088262921236	204	522
1779088262921236	204	528
1779088262921237	204	534
1779088262921237	204	539
1779088262921237	204	545
1779088262921238	204	551
1779088262921238	204	557
1779088262931901	204	669
1779088262931902	204	689
1779088262931903	204	695
1779088262931903	204	701
1779088262931904	204	707
1779088262931904	204	713
1779088262931905	204	719
1779088262931905	204	725
1779088262931906	204	731
1779088262931907	204	737
1779088262931907	204	743
1779088262931908	204	749
1779088262931908	204	755
1779088262931908	204	761
1779088262931909	204	767
1779088262931910	204	772
1779088262931910	204	778
1779088262931911	204	784
1779088262931911	204	790
1779088262931912	204	796
1779088262931913	204	801
1779088262931913	204	808
1779088262931914	204	813
1779088262931914	204	821
1779088262931915	204	827
1779088262931915	204	833
1779088262931916	204	838
1779088262931916	204	844
1779088262931917	204	850
1779088262931917	204	856
1779088262931919	204	862
1779088262931919	204	868
1779088262941892	204	433
1779088262941892	204	451
1779088262941893	204	458
1779088262941893	204	464
1779088262941894	204	470
1779088262941894	204	476
1779088262941894	204	482
1779088262941895	204	488
1779088262941895	204	494
1779088262941895	204	500
1779088262941896	204	507
1779088262941896	204	512
1779088262941896	204	518
1779088262941897	204	525
1779088262941897	204	531
1779088262941897	204	536
1779088262941897	204	542
1779088262941898	204	549
1779088262941898	204	554
1779088262941899	204	560
1779088262941899	204	566
1779088262941899	204	585
1779088262941899	204	591
1779088262941900	204	597
1779088262941900	204	603
1779088262941900	204	609
1779088262941901	204	615
1779088262941901	204	621
1779088262941901	204	627
1779088262941902	204	635
1779088262951642	204	504
1779088262951643	204	522
1779088262951643	204	527
1779088262951644	204	530
1779088262951644	204	536
1779088262951645	204	539
1779088262951646	204	542
1779088262951646	204	545
1779088262951647	204	547
1779088262951647	204	550
1779088262951648	204	553
1779088262951648	204	556
1779088262951649	204	559
1779088262951650	204	561
1779088262951650	204	564
1779088262951651	204	567
1779088262951651	204	569
1779088262951652	204	572
1779088262951652	204	575
1779088262951653	204	579
1779088262951653	204	584
1779088262951654	204	587
1779088262951654	204	590
1779088262951655	204	593
1779088262951656	204	596
1779088262951656	204	599
1779088262951657	204	603
1779088262951657	204	606
1779088262951658	204	610
1779088262961372	204	367
1779088262961373	204	383
1779088262961374	204	387
1779088262961374	204	390
1779088262961374	204	394
1779088262961375	204	398
1779088262961375	204	401
1779088262961376	204	405
1779088262961376	204	408
1779088262961376	204	413
1779088262961377	204	416
1779088262961377	204	420
1779088262961377	204	423
1779088262961378	204	427
1779088262961378	204	430
1779088262961378	204	434
1779088262961379	204	437
1779088262961379	204	441
1779088262961379	204	445
1779088262961380	204	448
1779088262961380	204	453
1779088262961380	204	456
1779088262961381	204	459
1779088262961381	204	463
1779088262961381	204	466
1779088262961382	204	470
1779088262961382	204	473
1779088262961382	204	476
1779088262961383	204	480
1779088262971949	204	407
1779088262971950	204	422
1779088262971950	204	427
1779088262971950	204	430
1779088262971951	204	435
1779088262971951	204	439
1779088262971952	204	443
1779088262971952	204	447
1779088262971952	204	450
1779088262971953	204	454
1779088262971953	204	457
1779088262971953	204	461
1779088262971954	204	465
1779088262971954	204	469
1779088262971954	204	472
1779088262971955	204	476
1779088262971955	204	479
1779088262971955	204	483
1779088262971956	204	486
1779088262971956	204	490
1779088262971956	204	493
1779088262971957	204	496
1779088262971957	204	500
1779088262971957	204	505
1779088262971958	204	508
1779088262971958	204	512
1779088262971958	204	515
1779088262971958	204	518
1779088262971959	204	522
1779088262971959	204	525
1779088262971959	204	529
1779088262971960	204	532
1779088262981576	204	324
1779088262981576	204	336
1779088262981576	204	340
1779088262981577	204	343
1779088262981577	204	347
1779088262981577	204	351
1779088262981577	204	354
1779088262981578	204	358
1779088262981578	204	362
1779088262981578	204	365
1779088262981579	204	369
1779088262981579	204	373
1779088262981579	204	376
1779088262981579	204	380
1779088262981580	204	384
1779088262981580	204	387
1779088262981581	204	394
1779088262981581	204	398
1779088262981581	204	401
1779088262981582	204	405
1779088262981582	204	409
1779088262981582	204	413
1779088262981582	204	417
1779088262981583	204	420
1779088262981583	204	423
1779088262981583	204	427
1779088262981584	204	430
1779088262981584	204	434
1779088262981584	204	438
1779088262992110	204	400
1779088262992110	204	417
1779088262992111	204	421
1779088262992111	204	425
1779088262992112	204	429
1779088262992112	204	432
1779088262992112	204	436
1779088262992113	204	439
1779088262992113	204	443
1779088262992113	204	446
1779088262992114	204	450
1779088262992114	204	454
1779088262992114	204	457
1779088262992115	204	461
1779088262992115	204	465
1779088262992115	204	468
1779088262992116	204	472
1779088262992116	204	475
1779088262992116	204	478
1779088262992117	204	482
1779088262992117	204	485
1779088262992117	204	489
1779088262992118	204	493
1779088262992118	204	497
1779088262992118	204	500
1779088262992119	204	504
1779088262992119	204	507
1779088262992119	204	510
1779088262992120	204	514
1779088262992120	204	517
1779088262992120	204	520
1779088263001730	204	394
1779088263001730	204	409
1779088263001730	204	413
1779088263001731	204	416
1779088263001731	204	420
1779088263001731	204	432
1779088263001732	204	436
1779088263001732	204	440
1779088263001732	204	443
1779088263001733	204	447
1779088263001733	204	451
1779088263001733	204	454
1779088263001734	204	458
1779088263001734	204	462
1779088263001734	204	466
1779088263001735	204	469
1779088263001735	204	473
1779088263001735	204	476
1779088263001736	204	480
1779088263001736	204	483
1779088263001736	204	488
1779088263001736	204	492
1779088263001737	204	495
1779088263001737	204	499
1779088263001737	204	502
1779088263001738	204	506
1779088263001738	204	509
1779088263001738	204	512
1779088263001739	204	516
1779088263011340	204	315
1779088263011340	204	327
1779088263011341	204	331
1779088263011341	204	335
1779088263011341	204	338
1779088263011342	204	342
1779088263011342	204	346
1779088263011342	204	349
1779088263011343	204	353
1779088263011343	204	357
1779088263011343	204	361
1779088263011343	204	365
1779088263011344	204	368
1779088263011344	204	372
1779088263011344	204	375
1779088263011344	204	379
1779088263011345	204	382
1779088263011345	204	386
1779088263011345	204	389
1779088263011346	204	393
1779088263011346	204	413
1779088263011346	204	417
1779088263011346	204	420
1779088263011347	204	424
1779088263011347	204	428
1779088263011347	204	431
1779088263011347	204	435
1779088263011348	204	438
1779088263011348	204	442
1779088263021877	204	426
1779088263021877	204	448
1779088263021877	204	452
1779088263021878	204	456
1779088263021878	204	460
1779088263021879	204	463
1779088263021879	204	467
1779088263021879	204	470
1779088263021880	204	474
1779088263021880	204	477
1779088263021880	204	480
1779088263021881	204	484
1779088263021881	204	487
1779088263021881	204	491
1779088263021882	204	495
1779088263021882	204	498
1779088263021882	204	502
1779088263021883	204	505
1779088263021883	204	509
1779088263021883	204	512
1779088263021884	204	516
1779088263021884	204	519
1779088263021884	204	523
1779088263021885	204	527
1779088263021885	204	531
1779088263021885	204	534
1779088263021886	204	540
1779088263021886	204	543
1779088263021886	204	547
1779088263021887	204	550
1779088263021887	204	553
1779088263021887	204	557
1779088263031543	204	501
1779088263031544	204	521
1779088263031545	204	525
1779088263031547	204	528
1779088263031547	204	532
1779088263031548	204	535
1779088263031549	204	538
1779088263031550	204	553
1779088263031550	204	557
1779088263031551	204	561
1779088263031552	204	564
1779088263031552	204	567
1779088263031553	204	570
1779088263031554	204	574
1779088263031555	204	577
1779088263031555	204	580
1779088263031556	204	583
1779088263031556	204	587
1779088263031557	204	590
1779088263031558	204	593
1779088263031558	204	597
1779088263031559	204	601
1779088263031560	204	604
1779088263031560	204	607
1779088263031561	204	610
1779088263031561	204	614
1779088263031562	204	617
1779088263031562	204	620
1779088263031563	204	624
1779088263041276	204	321
1779088263041276	204	335
1779088263041277	204	339
1779088263041277	204	344
1779088263041277	204	348
1779088263041278	204	352
1779088263041278	204	355
1779088263041278	204	359
1779088263041278	204	362
1779088263041279	204	366
1779088263041279	204	370
1779088263041279	204	373
1779088263041280	204	377
1779088263041280	204	380
1779088263041280	204	384
1779088263041280	204	388
1779088263041281	204	391
1779088263041281	204	394
1779088263041281	204	398
1779088263041282	204	401
1779088263041282	204	406
1779088263041283	204	409
1779088263041283	204	413
1779088263041283	204	416
1779088263041284	204	420
1779088263041284	204	423
1779088263041284	204	426
1779088263041285	204	429
1779088263041285	204	433
1779088263051806	204	385
1779088263051807	204	401
1779088263051808	204	406
1779088263051808	204	409
1779088263051809	204	413
1779088263051809	204	417
1779088263051810	204	420
1779088263051810	204	423
1779088263051810	204	427
1779088263051811	204	430
1779088263051811	204	434
1779088263051812	204	437
1779088263051812	204	441
1779088263051812	204	448
1779088263051813	204	452
1779088263051813	204	456
1779088263051813	204	459
1779088263051813	204	463
1779088263051814	204	466
1779088263051814	204	470
1779088263051815	204	473
1779088263051816	204	488
1779088263051816	204	495
1779088263051817	204	502
1779088263051817	204	507
1779088263051817	204	513
1779088263051817	204	519
1779088263051818	204	524
1779088263051818	204	527
1779088263051819	204	531
1779088263051819	204	534
1779088263061444	204	330
1779088263061444	204	342
1779088263061444	204	346
1779088263061445	204	350
1779088263061445	204	353
1779088263061445	204	357
1779088263061445	204	360
1779088263061446	204	364
1779088263061446	204	367
1779088263061446	204	371
1779088263061447	204	375
1779088263061447	204	378
1779088263061447	204	382
1779088263061447	204	386
1779088263061448	204	389
1779088263061448	204	393
1779088263061448	204	396
1779088263061449	204	400
1779088263061449	204	403
1779088263061449	204	407
1779088263061450	204	411
1779088263061450	204	415
1779088263061450	204	418
1779088263061450	204	422
1779088263061451	204	425
1779088263061451	204	429
1779088263061451	204	432
1779088263061452	204	435
1779088263061452	204	439
1779088263071978	204	386
1779088263071978	204	400
1779088263071979	204	405
1779088263071979	204	408
1779088263071979	204	412
1779088263071980	204	415
1779088263071980	204	419
1779088263071980	204	422
1779088263071981	204	426
1779088263071981	204	429
1779088263071981	204	432
1779088263071982	204	436
1779088263071982	204	440
1779088263071982	204	444
1779088263071982	204	448
1779088263071983	204	451
1779088263071983	204	455
1779088263071983	204	458
1779088263071984	204	462
1779088263071984	204	465
1779088263071984	204	469
1779088263071985	204	473
1779088263071985	204	476
1779088263071985	204	481
1779088263071985	204	484
1779088263071986	204	487
1779088263071986	204	491
1779088263071986	204	494
1779088263071987	204	497
1779088263071987	204	501
1779088263071987	204	504
1779088263071988	204	508
1779088263081584	204	373
1779088263081585	204	387
1779088263081585	204	392
1779088263081586	204	396
1779088263081586	204	399
1779088263081586	204	402
1779088263081587	204	406
1779088263081587	204	409
1779088263081588	204	412
1779088263081588	204	415
1779088263081589	204	419
1779088263081589	204	422
1779088263081589	204	426
1779088263081590	204	429
1779088263081590	204	432
1779088263081591	204	436
1779088263081591	204	439
1779088263081591	204	443
1779088263081592	204	446
1779088263081592	204	450
1779088263081593	204	454
1779088263081593	204	457
1779088263081593	204	460
1779088263081594	204	464
1779088263081594	204	471
1779088263081595	204	489
1779088263081595	204	493
1779088263081596	204	509
1779088263081596	204	513
1779088263091198	204	349
1779088263091198	204	363
1779088263091199	204	368
1779088263091199	204	371
1779088263091199	204	375
1779088263091199	204	378
1779088263091200	204	382
1779088263091200	204	386
1779088263091201	204	389
1779088263091201	204	393
1779088263091201	204	396
1779088263091202	204	400
1779088263091202	204	403
1779088263091202	204	407
1779088263091202	204	411
1779088263091203	204	414
1779088263091203	204	417
1779088263091204	204	421
1779088263091204	204	424
1779088263091204	204	428
1779088263091204	204	432
1779088263091205	204	436
1779088263091205	204	439
1779088263091205	204	443
1779088263091206	204	446
1779088263091206	204	449
1779088263091206	204	453
1779088263091207	204	456
1779088263091207	204	459
1779088263101758	204	399
1779088263101758	204	415
1779088263101759	204	420
1779088263101759	204	424
1779088263101760	204	427
1779088263101760	204	431
1779088263101760	204	434
1779088263101761	204	438
1779088263101761	204	441
1779088263101762	204	444
1779088263101763	204	448
1779088263101763	204	451
1779088263101763	204	455
1779088263101764	204	459
1779088263101764	204	462
1779088263101764	204	466
1779088263101764	204	469
1779088263101765	204	473
1779088263101765	204	476
1779088263101766	204	479
1779088263101766	204	483
1779088263101766	204	486
1779088263101767	204	491
1779088263101767	204	494
1779088263101767	204	498
1779088263101768	204	501
1779088263101768	204	504
1779088263101769	204	507
1779088263101769	204	511
1779088263101770	204	514
1779088263101770	204	518
1779088263111377	204	493
1779088263111378	204	510
1779088263111378	204	516
1779088263111379	204	523
1779088263111379	204	538
1779088263111380	204	544
1779088263111380	204	550
1779088263111381	204	557
1779088263111381	204	563
1779088263111382	204	568
1779088263111382	204	575
1779088263111383	204	578
1779088263111383	204	581
1779088263111384	204	584
1779088263111385	204	588
1779088263111385	204	591
1779088263111386	204	594
1779088263111386	204	597
1779088263111387	204	600
1779088263111388	204	603
1779088263111388	204	608
1779088263111389	204	611
1779088263111389	204	614
1779088263111390	204	617
1779088263111390	204	620
1779088263111391	204	624
1779088263111392	204	627
1779088263111392	204	630
1779088263111393	204	633
1779088263122118	204	411
1779088263122119	204	424
1779088263122119	204	428
1779088263122119	204	432
1779088263122120	204	436
1779088263122120	204	439
1779088263122120	204	443
1779088263122121	204	447
1779088263122121	204	454
1779088263122121	204	457
1779088263122122	204	461
1779088263122122	204	464
1779088263122122	204	468
1779088263122122	204	472
1779088263122123	204	475
1779088263122123	204	479
1779088263122123	204	482
1779088263122124	204	486
1779088263122124	204	489
1779088263122124	204	493
1779088263122125	204	497
1779088263122125	204	500
1779088263122125	204	504
1779088263122125	204	508
1779088263122126	204	512
1779088263122127	204	515
1779088263122127	204	518
1779088263122127	204	521
1779088263122127	204	525
1779088263122128	204	529
1779088263122128	204	533
1779088263122129	204	536
1779088263131752	204	385
1779088263131753	204	399
1779088263131753	204	403
1779088263131754	204	407
1779088263131754	204	410
1779088263131754	204	414
1779088263131755	204	418
1779088263131755	204	421
1779088263131755	204	425
1779088263131755	204	428
1779088263131756	204	432
1779088263131756	204	435
1779088263131756	204	439
1779088263131757	204	442
1779088263131757	204	446
1779088263131757	204	449
1779088263131758	204	453
1779088263131758	204	457
1779088263131758	204	460
1779088263131759	204	464
1779088263131759	204	468
1779088263131759	204	471
1779088263131760	204	475
1779088263131760	204	478
1779088263131760	204	482
1779088263131760	204	485
1779088263131761	204	489
1779088263131761	204	492
1779088263131761	204	496
1779088263141341	204	317
1779088263141342	204	327
1779088263141342	204	331
1779088263141342	204	334
1779088263141342	204	337
1779088263141343	204	340
1779088263141343	204	343
1779088263141343	204	346
1779088263141344	204	349
1779088263141344	204	352
1779088263141344	204	356
1779088263141344	204	359
1779088263141345	204	363
1779088263141345	204	367
1779088263141345	204	370
1779088263141346	204	374
1779088263141346	204	378
1779088263141346	204	381
1779088263141346	204	385
1779088263141347	204	388
1779088263141347	204	392
1779088263141347	204	396
1779088263141347	204	400
1779088263141348	204	404
1779088263141348	204	407
1779088263141348	204	411
1779088263141349	204	414
1779088263141349	204	418
1779088263141349	204	421
1779088263151860	204	441
1779088263151861	204	457
1779088263151861	204	462
1779088263151861	204	465
1779088263151862	204	469
1779088263151862	204	472
1779088263151863	204	476
1779088263151863	204	479
1779088263151863	204	483
1779088263151864	204	486
1779088263151864	204	489
1779088263151864	204	493
1779088263151865	204	497
1779088263151865	204	500
1779088263151865	204	504
1779088263151866	204	507
1779088263151866	204	511
1779088263151866	204	514
1779088263151867	204	518
1779088263151867	204	521
1779088263151867	204	528
1779088263151868	204	532
1779088263151868	204	535
1779088263151868	204	540
1779088263151869	204	543
1779088263151869	204	547
1779088263151869	204	550
1779088263151869	204	554
1779088263151870	204	557
1779088263151870	204	560
1779088263151871	204	563
1779088263151871	204	567
1779088263161527	204	383
1779088263161528	204	398
1779088263161528	204	403
1779088263161529	204	406
1779088263161529	204	410
1779088263161529	204	414
1779088263161530	204	417
1779088263161530	204	421
1779088263161530	204	425
1779088263161531	204	428
1779088263161531	204	431
1779088263161532	204	435
1779088263161532	204	439
1779088263161532	204	442
1779088263161532	204	446
1779088263161533	204	449
1779088263161533	204	464
1779088263161534	204	468
1779088263161534	204	471
1779088263161534	204	475
1779088263161535	204	480
1779088263161535	204	483
1779088263161535	204	487
1779088263161535	204	490
1779088263161536	204	494
1779088263161536	204	497
1779088263161536	204	501
1779088263161537	204	504
1779088263161537	204	508
1779088263172130	204	332
1779088263172130	204	343
1779088263172130	204	347
1779088263172131	204	351
1779088263172131	204	354
1779088263172131	204	358
1779088263172131	204	362
1779088263172132	204	365
1779088263172132	204	369
1779088263172132	204	373
1779088263172133	204	376
1779088263172134	204	379
1779088263172134	204	382
1779088263172134	204	386
1779088263172135	204	389
1779088263172135	204	393
1779088263172135	204	397
1779088263172135	204	400
1779088263172136	204	404
1779088263172136	204	407
1779088263172136	204	411
1779088263172136	204	414
1779088263172137	204	419
1779088263172137	204	422
1779088263172137	204	426
1779088263172138	204	429
1779088263172138	204	433
1779088263172138	204	436
1779088263172138	204	439
1779088263172139	204	443
1779088263172139	204	446
1779088263181674	204	376
1779088263181675	204	391
1779088263181675	204	409
1779088263181676	204	425
1779088263181676	204	429
1779088263181677	204	433
1779088263181677	204	436
1779088263181677	204	440
1779088263181678	204	443
1779088263181678	204	447
1779088263181678	204	450
1779088263181679	204	454
1779088263181679	204	458
1779088263181679	204	461
1779088263181680	204	465
1779088263181680	204	468
1779088263181680	204	472
1779088263181680	204	475
1779088263181681	204	479
1779088263181681	204	482
1779088263181681	204	487
1779088263181682	204	491
1779088263181682	204	494
1779088263181682	204	497
1779088263181683	204	501
1779088263181683	204	504
1779088263181683	204	508
1779088263181684	204	511
1779088263181684	204	514
1779088263191293	204	584
1779088263191294	204	608
1779088263191295	204	619
1779088263191295	204	625
1779088263191296	204	630
1779088263191297	204	635
1779088263191297	204	642
1779088263191298	204	646
1779088263191298	204	651
1779088263191299	204	656
1779088263191300	204	661
1779088263191300	204	666
1779088263191301	204	671
1779088263191301	204	676
1779088263191302	204	682
1779088263191303	204	687
1779088263191303	204	692
1779088263191304	204	698
1779088263191304	204	703
1779088263191305	204	709
1779088263191306	204	715
1779088263191306	204	721
1779088263191307	204	726
1779088263191307	204	732
1779088263191308	204	737
1779088263191308	204	742
1779088263191309	204	748
1779088263191311	204	755
1779088263191311	204	760
1779088263201193	204	350
1779088263201194	204	362
1779088263201194	204	366
1779088263201195	204	370
1779088263201195	204	373
1779088263201196	204	377
1779088263201196	204	380
1779088263201196	204	385
1779088263201197	204	388
1779088263201197	204	392
1779088263201197	204	395
1779088263201198	204	399
1779088263201198	204	402
1779088263201198	204	406
1779088263201199	204	410
1779088263201199	204	413
1779088263201199	204	417
1779088263201200	204	420
1779088263201200	204	424
1779088263201200	204	427
1779088263201201	204	431
1779088263201201	204	435
1779088263201202	204	438
1779088263201202	204	441
1779088263201202	204	445
1779088263201203	204	448
1779088263201203	204	452
1779088263201203	204	455
1779088263201204	204	459
1779088263201204	204	462
1779088263211755	204	399
1779088263211756	204	413
1779088263211757	204	418
1779088263211757	204	421
1779088263211758	204	425
1779088263211758	204	428
1779088263211759	204	432
1779088263211759	204	435
1779088263211759	204	438
1779088263211760	204	442
1779088263211760	204	445
1779088263211760	204	449
1779088263211761	204	453
1779088263211761	204	457
1779088263211761	204	460
1779088263211762	204	464
1779088263211762	204	467
1779088263211763	204	471
1779088263211763	204	475
1779088263211764	204	478
1779088263211764	204	481
1779088263211764	204	485
1779088263211764	204	490
1779088263211765	204	493
1779088263211765	204	497
1779088263211765	204	500
1779088263211766	204	503
1779088263211766	204	507
1779088263211767	204	511
1779088263211767	204	514
1779088263211767	204	518
1779088263221370	204	326
1779088263221371	204	348
1779088263221371	204	353
1779088263221371	204	356
1779088263221372	204	360
1779088263221372	204	363
1779088263221372	204	367
1779088263221373	204	370
1779088263221373	204	374
1779088263221373	204	377
1779088263221373	204	381
1779088263221374	204	385
1779088263221374	204	389
1779088263221374	204	393
1779088263221375	204	400
1779088263221375	204	403
1779088263221375	204	407
1779088263221376	204	410
1779088263221376	204	414
1779088263221376	204	417
1779088263221377	204	422
1779088263221377	204	425
1779088263221377	204	429
1779088263221377	204	432
1779088263221378	204	436
1779088263221378	204	439
1779088263221378	204	442
1779088263221379	204	446
1779088263221379	204	449
1779088263231914	204	393
1779088263231915	204	407
1779088263231915	204	412
1779088263231916	204	415
1779088263231916	204	419
1779088263231917	204	422
1779088263231917	204	426
1779088263231917	204	429
1779088263231918	204	433
1779088263231918	204	436
1779088263231918	204	440
1779088263231919	204	443
1779088263231919	204	447
1779088263231920	204	450
1779088263231920	204	454
1779088263231920	204	457
1779088263231921	204	461
1779088263231921	204	464
1779088263231921	204	468
1779088263231922	204	471
1779088263231922	204	475
1779088263231922	204	478
1779088263231923	204	482
1779088263231923	204	486
1779088263231923	204	490
1779088263231924	204	493
1779088263231924	204	496
1779088263231924	204	500
1779088263231925	204	503
1779088263231925	204	507
1779088263231925	204	510
1779088263231926	204	514
1779088263241528	204	365
1779088263241528	204	380
1779088263241528	204	384
1779088263241529	204	388
1779088263241529	204	391
1779088263241530	204	395
1779088263241530	204	398
1779088263241530	204	402
1779088263241531	204	405
1779088263241531	204	409
1779088263241531	204	413
1779088263241532	204	417
1779088263241532	204	420
1779088263241533	204	423
1779088263241533	204	426
1779088263241534	204	430
1779088263241534	204	433
1779088263241534	204	437
1779088263241535	204	440
1779088263241535	204	444
1779088263241535	204	476
1779088263241536	204	480
1779088263241536	204	484
1779088263241536	204	487
1779088263241537	204	491
1779088263241537	204	494
1779088263241537	204	497
1779088263241538	204	501
1779088263241538	204	504
1779088263252132	204	377
1779088263252133	204	392
1779088263252133	204	396
1779088263252134	204	400
1779088263252134	204	403
1779088263252135	204	407
1779088263252135	204	410
1779088263252135	204	414
1779088263252135	204	418
1779088263252136	204	421
1779088263252136	204	425
1779088263252137	204	428
1779088263252137	204	432
1779088263252137	204	436
1779088263252138	204	439
1779088263252138	204	442
1779088263252138	204	446
1779088263252139	204	449
1779088263252139	204	453
1779088263252140	204	456
1779088263252140	204	460
1779088263252140	204	463
1779088263252141	204	468
1779088263252141	204	471
1779088263252141	204	474
1779088263252142	204	478
1779088263252142	204	481
1779088263252142	204	488
1779088263252143	204	492
1779088263252143	204	495
1779088263252143	204	499
1779088263261731	204	370
1779088263261732	204	386
1779088263261732	204	391
1779088263261732	204	394
1779088263261733	204	398
1779088263261733	204	402
1779088263261734	204	406
1779088263261734	204	409
1779088263261734	204	413
1779088263261735	204	418
1779088263261735	204	421
1779088263261735	204	425
1779088263261736	204	428
1779088263261736	204	432
1779088263261737	204	435
1779088263261737	204	439
1779088263261737	204	442
1779088263261738	204	446
1779088263261738	204	449
1779088263261738	204	453
1779088263261739	204	457
1779088263261739	204	460
1779088263261739	204	464
1779088263261740	204	468
1779088263261740	204	471
1779088263261740	204	475
1779088263261741	204	478
1779088263261741	204	481
1779088263261741	204	485
1779088263271313	204	484
1779088263271313	204	501
1779088263271314	204	507
1779088263271314	204	514
1779088263271315	204	520
1779088263271315	204	526
1779088263271316	204	532
1779088263271316	204	538
1779088263271317	204	544
1779088263271317	204	549
1779088263271318	204	555
1779088263271318	204	561
1779088263271319	204	568
1779088263271319	204	574
1779088263271320	204	580
1779088263271320	204	598
1779088263271320	204	604
1779088263271321	204	610
1779088263271321	204	616
1779088263271322	204	622
1779088263271322	204	629
1779088263271323	204	635
1779088263271323	204	641
1779088263271324	204	646
1779088263271324	204	652
1779088263271325	204	658
1779088263271325	204	664
1779088263271326	204	670
1779088263271326	204	676
1779088263282106	204	448
1779088263282107	204	473
1779088263282107	204	481
1779088263282108	204	488
1779088263282108	204	494
1779088263282109	204	501
1779088263282109	204	508
1779088263282109	204	515
1779088263282110	204	521
1779088263282110	204	528
1779088263282111	204	534
1779088263282111	204	541
1779088263282111	204	547
1779088263282112	204	554
1779088263282112	204	561
1779088263282113	204	567
1779088263282113	204	574
1779088263282113	204	581
1779088263282114	204	588
1779088263282114	204	594
1779088263282114	204	601
1779088263282115	204	607
1779088263282115	204	614
1779088263282115	204	623
1779088263282116	204	630
1779088263282116	204	637
1779088263282116	204	642
1779088263282117	204	648
1779088263282117	204	654
1779088263282117	204	660
1779088263282118	204	666
1779088263282118	204	673
1779088263291891	204	446
1779088263291893	204	471
1779088263291893	204	479
1779088263291894	204	486
1779088263291894	204	493
1779088263291895	204	499
1779088263291895	204	506
1779088263291895	204	514
1779088263291896	204	527
1779088263291896	204	534
1779088263291896	204	540
1779088263291897	204	547
1779088263291897	204	554
1779088263291898	204	561
1779088263291898	204	567
1779088263291898	204	574
1779088263291899	204	581
1779088263291899	204	588
1779088263291899	204	594
1779088263291900	204	601
1779088263291900	204	607
1779088263291900	204	616
1779088263291901	204	622
1779088263291901	204	628
1779088263291901	204	634
1779088263291902	204	640
1779088263291902	204	645
1779088263291902	204	648
1779088263291903	204	651
1779088263291903	204	654
1779088263301651	204	346
1779088263301651	204	368
1779088263301652	204	377
1779088263301652	204	384
1779088263301652	204	391
1779088263301653	204	397
1779088263301653	204	404
1779088263301653	204	411
1779088263301654	204	435
1779088263301654	204	454
1779088263301654	204	461
1779088263301655	204	468
1779088263301655	204	475
1779088263301655	204	482
1779088263301656	204	489
1779088263301656	204	495
1779088263301656	204	503
1779088263301657	204	510
1779088263301657	204	517
1779088263301657	204	524
1779088263301657	204	532
1779088263301658	204	539
1779088263301658	204	546
1779088263301658	204	553
1779088263301659	204	561
1779088263301659	204	567
1779088263301659	204	574
1779088263301660	204	580
1779088263301660	204	586
1779088263311342	204	384
1779088263311342	204	406
1779088263311343	204	414
1779088263311343	204	421
1779088263311344	204	428
1779088263311344	204	434
1779088263311344	204	441
1779088263311345	204	448
1779088263311345	204	455
1779088263311345	204	462
1779088263311346	204	468
1779088263311346	204	475
1779088263311347	204	481
1779088263311347	204	488
1779088263311347	204	495
1779088263311348	204	502
1779088263311348	204	508
1779088263311348	204	515
1779088263311349	204	521
1779088263311350	204	528
1779088263311350	204	537
1779088263311350	204	544
1779088263311351	204	551
1779088263311351	204	557
1779088263311352	204	563
1779088263311352	204	569
1779088263311352	204	573
1779088263311352	204	576
1779088263311353	204	580
1779088263322029	204	484
1779088263322029	204	508
1779088263322030	204	516
1779088263322030	204	523
1779088263322030	204	529
1779088263322031	204	536
1779088263322031	204	543
1779088263322031	204	549
1779088263322032	204	556
1779088263322032	204	563
1779088263322033	204	570
1779088263322033	204	576
1779088263322033	204	583
1779088263322034	204	590
1779088263322034	204	596
1779088263322034	204	603
1779088263322035	204	610
1779088263322035	204	617
1779088263322035	204	623
1779088263322036	204	630
1779088263322036	204	637
1779088263322036	204	643
1779088263322037	204	655
1779088263322037	204	664
1779088263322037	204	671
1779088263322038	204	676
1779088263322038	204	682
1779088263322038	204	688
1779088263322039	204	693
1779088263322039	204	699
1779088263322040	204	715
1779088263322040	204	721
1779088263331861	204	431
1779088263331862	204	456
1779088263331862	204	464
1779088263331863	204	471
1779088263331863	204	477
1779088263331863	204	484
1779088263331864	204	490
1779088263331864	204	497
1779088263331865	204	504
1779088263331865	204	510
1779088263331865	204	517
1779088263331866	204	524
1779088263331866	204	531
1779088263331866	204	539
1779088263331867	204	545
1779088263331867	204	552
1779088263331867	204	559
1779088263331868	204	565
1779088263331868	204	571
1779088263331868	204	578
1779088263331869	204	585
1779088263331869	204	594
1779088263331869	204	600
1779088263331870	204	607
1779088263331870	204	613
1779088263331870	204	619
1779088263331871	204	625
1779088263331871	204	628
1779088263331871	204	631
1779088263331872	204	635
1779088263341599	204	575
1779088263341600	204	591
1779088263341600	204	596
1779088263341601	204	600
1779088263341601	204	603
1779088263341601	204	607
1779088263341602	204	610
1779088263341602	204	614
1779088263341603	204	617
1779088263341603	204	621
1779088263341603	204	624
1779088263341604	204	627
1779088263341604	204	631
1779088263341604	204	635
1779088263341605	204	638
1779088263341605	204	642
1779088263341605	204	645
1779088263341606	204	649
1779088263341606	204	652
1779088263341606	204	655
1779088263341607	204	660
1779088263341607	204	664
1779088263341607	204	667
1779088263341608	204	671
1779088263341608	204	674
1779088263341608	204	677
1779088263341609	204	680
1779088263341609	204	684
1779088263341609	204	687
1779088263351393	204	536
1779088263351394	204	563
1779088263351394	204	569
1779088263351395	204	574
1779088263351395	204	580
1779088263351395	204	585
1779088263351396	204	590
1779088263351396	204	594
1779088263351396	204	597
1779088263351397	204	600
1779088263351397	204	603
1779088263351398	204	606
1779088263351398	204	609
1779088263351398	204	612
1779088263351399	204	616
1779088263351399	204	621
1779088263351400	204	626
1779088263351400	204	631
1779088263351400	204	636
1779088263351401	204	641
1779088263351401	204	648
1779088263351401	204	654
1779088263351402	204	659
1779088263351402	204	664
1779088263351403	204	669
1779088263351403	204	673
1779088263351403	204	678
1779088263351404	204	682
1779088263351404	204	698
1779088263361220	204	411
1779088263361221	204	429
1779088263361221	204	434
1779088263361222	204	438
1779088263361222	204	442
1779088263361223	204	450
1779088263361223	204	453
1779088263361224	204	456
1779088263361225	204	459
1779088263361225	204	463
1779088263361226	204	467
1779088263361226	204	470
1779088263361227	204	474
1779088263361227	204	478
1779088263361228	204	481
1779088263361228	204	485
1779088263361229	204	488
1779088263361229	204	491
1779088263361229	204	495
1779088263361230	204	498
1779088263361230	204	501
1779088263361231	204	506
1779088263361231	204	509
1779088263361231	204	512
1779088263361232	204	516
1779088263361232	204	519
1779088263361233	204	522
1779088263361233	204	526
1779088263361233	204	529
1779088263361234	204	532
1779088263371866	204	425
1779088263371868	204	444
1779088263371868	204	448
1779088263371869	204	452
1779088263371869	204	456
1779088263371869	204	459
1779088263371870	204	462
1779088263371870	204	466
1779088263371871	204	469
1779088263371871	204	472
1779088263371871	204	476
1779088263371872	204	479
1779088263371872	204	483
1779088263371873	204	486
1779088263371873	204	490
1779088263371874	204	494
1779088263371874	204	497
1779088263371874	204	500
1779088263371875	204	504
1779088263371875	204	507
1779088263371875	204	511
1779088263371876	204	514
1779088263371876	204	517
1779088263371877	204	522
1779088263371877	204	525
1779088263371877	204	529
1779088263371878	204	532
1779088263371878	204	535
1779088263371878	204	539
1779088263371879	204	542
1779088263371879	204	546
1779088263371880	204	549
1779088263381516	204	325
1779088263381517	204	337
1779088263381517	204	342
1779088263381517	204	346
1779088263381518	204	350
1779088263381518	204	354
1779088263381518	204	358
1779088263381518	204	361
1779088263381519	204	365
1779088263381519	204	369
1779088263381519	204	372
1779088263381520	204	376
1779088263381520	204	389
1779088263381520	204	393
1779088263381520	204	396
1779088263381521	204	400
1779088263381521	204	403
1779088263381521	204	407
1779088263381522	204	411
1779088263381522	204	414
1779088263381523	204	418
1779088263381523	204	422
1779088263381523	204	425
1779088263381524	204	428
1779088263381524	204	432
1779088263381524	204	435
1779088263381525	204	439
1779088263381525	204	442
1779088263381525	204	446
1779088263392061	204	420
1779088263392062	204	438
1779088263392062	204	443
1779088263392063	204	447
1779088263392063	204	450
1779088263392064	204	454
1779088263392064	204	457
1779088263392064	204	461
1779088263392065	204	464
1779088263392065	204	468
1779088263392065	204	471
1779088263392066	204	474
1779088263392066	204	478
1779088263392067	204	482
1779088263392067	204	486
1779088263392067	204	489
1779088263392068	204	497
1779088263392068	204	500
1779088263392068	204	503
1779088263392069	204	507
1779088263392069	204	510
1779088263392069	204	514
1779088263392070	204	518
1779088263392070	204	522
1779088263392070	204	525
1779088263392071	204	528
1779088263392071	204	532
1779088263392071	204	535
1779088263392072	204	538
1779088263392072	204	542
1779088263392072	204	547
1779088263401730	204	410
1779088263401731	204	427
1779088263401732	204	432
1779088263401732	204	436
1779088263401733	204	439
1779088263401734	204	442
1779088263401734	204	445
1779088263401735	204	449
1779088263401736	204	452
1779088263401737	204	455
1779088263401737	204	459
1779088263401738	204	462
1779088263401739	204	465
1779088263401739	204	469
1779088263401740	204	472
1779088263401740	204	475
1779088263401741	204	479
1779088263401741	204	483
1779088263401742	204	486
1779088263401742	204	490
1779088263401742	204	494
1779088263401743	204	498
1779088263401743	204	501
1779088263401744	204	504
1779088263401744	204	508
1779088263401744	204	511
1779088263401745	204	515
1779088263401745	204	518
1779088263401746	204	522
1779088263411356	204	324
1779088263411356	204	336
1779088263411356	204	340
1779088263411357	204	344
1779088263411357	204	348
1779088263411357	204	352
1779088263411357	204	356
1779088263411358	204	359
1779088263411358	204	363
1779088263411358	204	367
1779088263411358	204	370
1779088263411359	204	374
1779088263411359	204	378
1779088263411359	204	381
1779088263411360	204	384
1779088263411360	204	388
1779088263411360	204	391
1779088263411360	204	395
1779088263411361	204	399
1779088263411361	204	403
1779088263411361	204	407
1779088263411362	204	410
1779088263411362	204	414
1779088263411362	204	417
1779088263411362	204	421
1779088263411363	204	424
1779088263411363	204	428
1779088263411363	204	431
1779088263411364	204	435
1779088263421895	204	482
1779088263421896	204	503
1779088263421896	204	507
1779088263421897	204	511
1779088263421897	204	514
1779088263421898	204	518
1779088263421898	204	521
1779088263421898	204	525
1779088263421899	204	528
1779088263421899	204	532
1779088263421899	204	535
1779088263421900	204	539
1779088263421900	204	542
1779088263421901	204	546
1779088263421901	204	550
1779088263421901	204	553
1779088263421902	204	557
1779088263421902	204	560
1779088263421903	204	564
1779088263421903	204	567
1779088263421903	204	570
1779088263421904	204	574
1779088263421904	204	577
1779088263421904	204	582
1779088263421905	204	586
1779088263421905	204	589
1779088263421905	204	593
1779088263421906	204	596
1779088263421906	204	600
1779088263421906	204	603
1779088263421907	204	612
1779088263421907	204	615
1779088263431629	204	546
1779088263431630	204	572
1779088263431631	204	579
1779088263431631	204	585
1779088263431632	204	591
1779088263431633	204	598
1779088263431633	204	604
1779088263431634	204	611
1779088263431636	204	616
1779088263431636	204	622
1779088263431637	204	628
1779088263431637	204	634
1779088263431638	204	639
1779088263431639	204	645
1779088263431639	204	650
1779088263431640	204	656
1779088263431641	204	661
1779088263431641	204	667
1779088263431642	204	672
1779088263431642	204	678
1779088263431643	204	685
1779088263431644	204	691
1779088263431644	204	696
1779088263431645	204	701
1779088263431645	204	704
1779088263431646	204	708
1779088263431647	204	729
1779088263431647	204	735
1779088263431648	204	740
1779088263441499	204	401
1779088263441500	204	418
1779088263441500	204	423
1779088263441501	204	426
1779088263441501	204	430
1779088263441501	204	433
1779088263441502	204	437
1779088263441502	204	440
1779088263441503	204	443
1779088263441503	204	447
1779088263441503	204	450
1779088263441504	204	454
1779088263441504	204	457
1779088263441504	204	461
1779088263441505	204	464
1779088263441505	204	468
1779088263441506	204	471
1779088263441506	204	474
1779088263441506	204	478
1779088263441506	204	481
1779088263441507	204	484
1779088263441507	204	489
1779088263441507	204	493
1779088263441508	204	496
1779088263441508	204	499
1779088263441509	204	502
1779088263441509	204	506
1779088263441510	204	509
1779088263441510	204	512
1779088263441510	204	516
1779088263452117	204	419
1779088263452118	204	435
1779088263452118	204	440
1779088263452119	204	444
1779088263452119	204	447
1779088263452119	204	451
1779088263452120	204	454
1779088263452120	204	457
1779088263452121	204	462
1779088263452121	204	465
1779088263452121	204	469
1779088263452122	204	473
1779088263452122	204	476
1779088263452122	204	480
1779088263452123	204	483
1779088263452123	204	487
1779088263452123	204	490
1779088263452124	204	494
1779088263452124	204	497
1779088263452124	204	500
1779088263452125	204	504
1779088263452125	204	507
1779088263452126	204	511
1779088263452126	204	515
1779088263452126	204	518
1779088263452128	204	521
1779088263452128	204	524
1779088263452128	204	527
1779088263452129	204	531
1779088263452129	204	534
1779088263452129	204	537
1779088263461753	204	385
1779088263461753	204	405
1779088263461754	204	410
1779088263461754	204	413
1779088263461755	204	416
1779088263461755	204	420
1779088263461755	204	423
1779088263461756	204	426
1779088263461756	204	428
1779088263461757	204	431
1779088263461757	204	439
1779088263461757	204	442
1779088263461758	204	446
1779088263461758	204	448
1779088263461758	204	452
1779088263461759	204	455
1779088263461759	204	458
1779088263461759	204	461
1779088263461760	204	464
1779088263461760	204	467
1779088263461760	204	473
1779088263461761	204	476
1779088263461761	204	479
1779088263461761	204	482
1779088263461762	204	485
1779088263461762	204	488
1779088263461762	204	491
1779088263461763	204	494
1779088263461763	204	497
1779088263471365	204	365
1779088263471366	204	380
1779088263471367	204	384
1779088263471367	204	388
1779088263471367	204	391
1779088263471368	204	395
1779088263471368	204	398
1779088263471369	204	402
1779088263471369	204	406
1779088263471369	204	410
1779088263471370	204	413
1779088263471371	204	417
1779088263471371	204	420
1779088263471371	204	424
1779088263471372	204	427
1779088263471372	204	430
1779088263471372	204	434
1779088263471373	204	437
1779088263471373	204	441
1779088263471373	204	444
1779088263471374	204	449
1779088263471374	204	452
1779088263471375	204	456
1779088263471375	204	459
1779088263471375	204	463
1779088263471376	204	466
1779088263471376	204	470
1779088263471376	204	473
1779088263471377	204	476
1779088263481946	204	412
1779088263481946	204	427
1779088263481947	204	432
1779088263481947	204	436
1779088263481948	204	439
1779088263481948	204	443
1779088263481948	204	446
1779088263481949	204	450
1779088263481949	204	453
1779088263481950	204	456
1779088263481950	204	460
1779088263481950	204	464
1779088263481951	204	467
1779088263481951	204	470
1779088263481952	204	474
1779088263481952	204	477
1779088263481953	204	480
1779088263481953	204	483
1779088263481953	204	487
1779088263481954	204	490
1779088263481954	204	494
1779088263481954	204	497
1779088263481955	204	501
1779088263481955	204	505
1779088263481955	204	508
1779088263481956	204	512
1779088263481956	204	515
1779088263481957	204	518
1779088263481957	204	522
1779088263481957	204	525
1779088263481958	204	529
1779088263481958	204	533
1779088263491582	204	373
1779088263491582	204	388
1779088263491583	204	393
1779088263491583	204	397
1779088263491584	204	400
1779088263491584	204	404
1779088263491585	204	407
1779088263491585	204	411
1779088263491585	204	414
1779088263491586	204	418
1779088263491586	204	430
1779088263491586	204	434
1779088263491587	204	438
1779088263491587	204	441
1779088263491587	204	445
1779088263491588	204	448
1779088263491588	204	451
1779088263491588	204	455
1779088263491589	204	458
1779088263491589	204	462
1779088263491589	204	466
1779088263491590	204	470
1779088263491590	204	477
1779088263491590	204	480
1779088263491591	204	484
1779088263491591	204	487
1779088263491591	204	491
1779088263491592	204	494
1779088263491592	204	497
1779088263502195	204	437
1779088263502196	204	452
1779088263502196	204	457
1779088263502197	204	460
1779088263502197	204	464
1779088263502198	204	468
1779088263502198	204	471
1779088263502198	204	475
1779088263502199	204	478
1779088263502199	204	482
1779088263502199	204	486
1779088263502200	204	490
1779088263502200	204	493
1779088263502201	204	496
1779088263502202	204	500
1779088263502202	204	503
1779088263502202	204	506
1779088263502203	204	510
1779088263502203	204	513
1779088263502203	204	517
1779088263502203	204	520
1779088263502204	204	524
1779088263502204	204	527
1779088263502204	204	532
1779088263502205	204	535
1779088263502205	204	538
1779088263502205	204	542
1779088263502206	204	545
1779088263502206	204	548
1779088263502206	204	552
1779088263502207	204	555
1779088263502207	204	558
1779088263511855	204	531
1779088263511856	204	550
1779088263511856	204	557
1779088263511857	204	563
1779088263511857	204	569
1779088263511858	204	575
1779088263511858	204	581
1779088263511859	204	587
1779088263511859	204	593
1779088263511859	204	599
1779088263511860	204	604
1779088263511860	204	610
1779088263511860	204	616
1779088263511861	204	621
1779088263511861	204	627
1779088263511861	204	633
1779088263511861	204	639
1779088263511862	204	645
1779088263511862	204	650
1779088263511862	204	656
1779088263511863	204	661
1779088263511863	204	664
1779088263511863	204	668
1779088263511864	204	671
1779088263511864	204	674
1779088263511865	204	678
1779088263511865	204	681
1779088263511866	204	684
1779088263511866	204	687
1779088263521651	204	362
1779088263521651	204	377
1779088263521652	204	382
1779088263521652	204	386
1779088263521652	204	390
1779088263521653	204	394
1779088263521653	204	398
1779088263521654	204	401
1779088263521654	204	405
1779088263521654	204	408
1779088263521655	204	412
1779088263521655	204	431
1779088263521655	204	449
1779088263521656	204	452
1779088263521656	204	456
1779088263521656	204	462
1779088263521657	204	468
1779088263521657	204	473
1779088263521657	204	479
1779088263521657	204	485
1779088263521658	204	492
1779088263521658	204	497
1779088263521658	204	503
1779088263521659	204	513
1779088263521659	204	520
1779088263521659	204	526
1779088263521660	204	532
1779088263521661	204	537
1779088263521661	204	545
1779088263531302	204	415
1779088263531303	204	433
1779088263531303	204	437
1779088263531304	204	441
1779088263531304	204	444
1779088263531304	204	448
1779088263531305	204	455
1779088263531305	204	459
1779088263531306	204	462
1779088263531306	204	466
1779088263531306	204	469
1779088263531307	204	473
1779088263531307	204	476
1779088263531307	204	480
1779088263531308	204	483
1779088263531308	204	487
1779088263531308	204	490
1779088263531309	204	494
1779088263531309	204	497
1779088263531309	204	500
1779088263531310	204	505
1779088263531310	204	509
1779088263531310	204	512
1779088263531311	204	516
1779088263531311	204	519
1779088263531311	204	523
1779088263531311	204	526
1779088263531312	204	529
1779088263531312	204	533
1779088263541933	204	396
1779088263541933	204	409
1779088263541934	204	417
1779088263541934	204	421
1779088263541934	204	425
1779088263541935	204	428
1779088263541935	204	432
1779088263541935	204	436
1779088263541936	204	440
1779088263541936	204	443
1779088263541936	204	447
1779088263541937	204	451
1779088263541937	204	454
1779088263541937	204	458
1779088263541937	204	461
1779088263541938	204	465
1779088263541938	204	468
1779088263541938	204	472
1779088263541939	204	475
1779088263541939	204	479
1779088263541939	204	482
1779088263541940	204	486
1779088263541940	204	489
1779088263541940	204	494
1779088263541941	204	497
1779088263541941	204	510
1779088263541941	204	514
1779088263541941	204	518
1779088263541942	204	521
1779088263541942	204	525
1779088263541942	204	528
1779088263541943	204	532
1779088263551568	204	399
1779088263551568	204	415
1779088263551569	204	420
1779088263551569	204	423
1779088263551569	204	427
1779088263551570	204	430
1779088263551570	204	434
1779088263551571	204	437
1779088263551571	204	441
1779088263551571	204	445
1779088263551572	204	448
1779088263551572	204	452
1779088263551572	204	455
1779088263551573	204	459
1779088263551573	204	462
1779088263551573	204	466
1779088263551574	204	469
1779088263551574	204	473
1779088263551574	204	476
1779088263551575	204	480
1779088263551575	204	484
1779088263551575	204	488
1779088263551575	204	492
1779088263551576	204	495
1779088263551576	204	498
1779088263551576	204	502
1779088263551577	204	505
1779088263551577	204	509
1779088263551577	204	512
1779088263562189	204	439
1779088263562190	204	453
1779088263562190	204	458
1779088263562190	204	462
1779088263562191	204	465
1779088263562191	204	469
1779088263562191	204	473
1779088263562192	204	477
1779088263562192	204	480
1779088263562192	204	484
1779088263562193	204	487
1779088263562193	204	491
1779088263562193	204	494
1779088263562194	204	498
1779088263562194	204	502
1779088263562194	204	505
1779088263562195	204	509
1779088263562195	204	512
1779088263562195	204	519
1779088263562195	204	523
1779088263562196	204	527
1779088263562196	204	531
1779088263562196	204	534
1779088263562197	204	539
1779088263562197	204	542
1779088263562197	204	546
1779088263562198	204	550
1779088263562198	204	553
1779088263562198	204	556
1779088263562199	204	560
1779088263562199	204	563
1779088263562199	204	567
1779088263571852	204	366
1779088263571852	204	380
1779088263571853	204	385
1779088263571853	204	388
1779088263571853	204	392
1779088263571854	204	396
1779088263571854	204	399
1779088263571854	204	403
1779088263571855	204	406
1779088263571855	204	410
1779088263571855	204	413
1779088263571856	204	417
1779088263571856	204	420
1779088263571857	204	423
1779088263571857	204	427
1779088263571858	204	430
1779088263571858	204	434
1779088263571858	204	437
1779088263571859	204	441
1779088263571859	204	445
1779088263571859	204	449
1779088263571860	204	453
1779088263571860	204	456
1779088263571860	204	459
1779088263571860	204	463
1779088263571861	204	467
1779088263571861	204	470
1779088263571861	204	473
1779088263571862	204	477
1779088263581427	204	375
1779088263581427	204	1210
1779088263581428	204	1216
1779088263581428	204	1219
1779088263581428	204	1223
1779088263581429	204	1227
1779088263581429	204	1230
1779088263581429	204	1234
1779088263581430	204	1237
1779088263581430	204	1241
1779088263581430	204	1245
1779088263581431	204	1249
1779088263581431	204	1252
1779088263581431	204	1256
1779088263581431	204	1259
1779088263581432	204	1263
1779088263581432	204	1266
1779088263581432	204	1270
1779088263581433	204	1273
1779088263581433	204	1277
1779088263581434	204	1281
1779088263581434	204	1285
1779088263581434	204	1288
1779088263581434	204	1291
1779088263581435	204	1294
1779088263581435	204	1297
1779088263581435	204	1300
1779088263581436	204	1303
1779088263591835	204	532
1779088263591836	204	556
1779088263591836	204	564
1779088263591837	204	570
1779088263591837	204	576
1779088263591838	204	582
1779088263591839	204	588
1779088263591839	204	594
1779088263591840	204	599
1779088263591840	204	605
1779088263591841	204	612
1779088263591841	204	617
1779088263591841	204	624
1779088263591842	204	629
1779088263591842	204	635
1779088263591842	204	642
1779088263591843	204	647
1779088263591843	204	653
1779088263591843	204	659
1779088263591844	204	665
1779088263591844	204	671
1779088263591844	204	677
1779088263591845	204	682
1779088263591845	204	691
1779088263591845	204	696
1779088263591846	204	702
1779088263591846	204	708
1779088263591846	204	714
1779088263591847	204	720
1779088263591847	204	726
1779088263591847	204	732
1779088263591848	204	738
1779088263601702	204	358
1779088263601702	204	386
1779088263601703	204	407
1779088263601703	204	414
1779088263601703	204	422
1779088263601704	204	426
1779088263601704	204	443
1779088263601704	204	447
1779088263601705	204	451
1779088263601705	204	454
1779088263601705	204	458
1779088263601705	204	461
1779088263601706	204	465
1779088263601706	204	468
1779088263601706	204	472
1779088263601707	204	475
1779088263601707	204	479
1779088263601707	204	482
1779088263601708	204	485
1779088263601708	204	489
1779088263601708	204	493
1779088263601709	204	497
1779088263601709	204	500
1779088263601709	204	503
1779088263601710	204	507
1779088263601710	204	511
1779088263601710	204	514
1779088263601710	204	517
1779088263601711	204	521
1779088263611324	204	385
1779088263611324	204	403
1779088263611325	204	408
1779088263611325	204	411
1779088263611326	204	415
1779088263611326	204	418
1779088263611326	204	422
1779088263611327	204	425
1779088263611327	204	429
1779088263611327	204	432
1779088263611328	204	436
1779088263611328	204	439
1779088263611328	204	443
1779088263611329	204	446
1779088263611329	204	450
1779088263611329	204	453
1779088263611330	204	457
1779088263611330	204	460
1779088263611330	204	463
1779088263611331	204	467
1779088263611331	204	471
1779088263611332	204	475
1779088263611332	204	478
1779088263611332	204	482
1779088263611332	204	486
1779088263611333	204	489
1779088263611333	204	492
1779088263611333	204	495
1779088263611334	204	499
1779088263621920	204	394
1779088263621921	204	408
1779088263621921	204	412
1779088263621921	204	416
1779088263621922	204	419
1779088263621923	204	422
1779088263621923	204	426
1779088263621923	204	429
1779088263621923	204	434
1779088263621924	204	438
1779088263621924	204	442
1779088263621924	204	445
1779088263621925	204	449
1779088263621925	204	452
1779088263621925	204	456
1779088263621925	204	460
1779088263621926	204	463
1779088263621926	204	467
1779088263621926	204	470
1779088263621927	204	474
1779088263621927	204	477
1779088263621927	204	481
1779088263621927	204	485
1779088263621928	204	489
1779088263621928	204	492
1779088263621928	204	496
1779088263621929	204	499
1779088263621929	204	503
1779088263621929	204	506
1779088263621930	204	509
1779088263621931	204	512
1779088263621931	204	516
1779088263631543	204	379
1779088263631543	204	400
1779088263631544	204	404
1779088263631545	204	408
1779088263631545	204	412
1779088263631545	204	415
1779088263631546	204	418
1779088263631546	204	422
1779088263631546	204	425
1779088263631547	204	429
1779088263631547	204	432
1779088263631547	204	435
1779088263631548	204	443
1779088263631548	204	447
1779088263631548	204	450
1779088263631549	204	454
1779088263631549	204	457
1779088263631549	204	460
1779088263631550	204	464
1779088263631550	204	467
1779088263631550	204	474
1779088263631551	204	478
1779088263631551	204	481
1779088263631551	204	485
1779088263631552	204	488
1779088263631552	204	491
1779088263631552	204	495
1779088263631553	204	498
1779088263631553	204	502
1779088263642153	204	578
1779088263642154	204	596
1779088263642154	204	600
1779088263642155	204	603
1779088263642156	204	607
1779088263642156	204	610
1779088263642157	204	613
1779088263642158	204	616
1779088263642158	204	620
1779088263642159	204	624
1779088263642160	204	627
1779088263642160	204	630
1779088263642161	204	633
1779088263642161	204	637
1779088263642162	204	640
1779088263642163	204	643
1779088263642163	204	646
1779088263642164	204	649
1779088263642165	204	652
1779088263642166	204	655
1779088263642167	204	658
1779088263642168	204	661
1779088263642168	204	666
1779088263642169	204	669
1779088263642170	204	673
1779088263642170	204	676
1779088263642171	204	679
1779088263642171	204	682
1779088263642172	204	686
1779088263642172	204	689
1779088263642173	204	692
1779088263651967	204	388
1779088263651967	204	404
1779088263651967	204	410
1779088263651968	204	413
1779088263651968	204	417
1779088263651969	204	420
1779088263651969	204	424
1779088263651969	204	427
1779088263651970	204	431
1779088263651970	204	434
1779088263651970	204	438
1779088263651971	204	441
1779088263651971	204	445
1779088263651971	204	448
1779088263651972	204	452
1779088263651972	204	455
1779088263651972	204	459
1779088263651973	204	462
1779088263651973	204	465
1779088263651973	204	469
1779088263651974	204	482
1779088263651974	204	487
1779088263651974	204	490
1779088263651975	204	494
1779088263651975	204	497
1779088263651975	204	501
1779088263651976	204	504
1779088263651976	204	508
1779088263651976	204	511
1779088263651977	204	514
1779088263661585	204	399
1779088263661586	204	416
1779088263661586	204	420
1779088263661587	204	424
1779088263661587	204	428
1779088263661587	204	431
1779088263661588	204	435
1779088263661588	204	439
1779088263661588	204	442
1779088263661589	204	446
1779088263661589	204	449
1779088263661589	204	453
1779088263661590	204	456
1779088263661590	204	460
1779088263661590	204	464
1779088263661591	204	467
1779088263661591	204	471
1779088263661591	204	474
1779088263661592	204	498
1779088263661592	204	516
1779088263661593	204	521
1779088263661593	204	525
1779088263661593	204	528
1779088263661593	204	532
1779088263661594	204	539
1779088263661594	204	543
1779088263661594	204	546
1779088263661595	204	550
1779088263661595	204	554
1779088263671241	204	336
1779088263671242	204	351
1779088263671242	204	356
1779088263671242	204	360
1779088263671243	204	363
1779088263671243	204	367
1779088263671243	204	371
1779088263671244	204	374
1779088263671244	204	378
1779088263671244	204	381
1779088263671244	204	385
1779088263671245	204	388
1779088263671245	204	392
1779088263671245	204	396
1779088263671246	204	399
1779088263671246	204	403
1779088263671246	204	406
1779088263671247	204	410
1779088263671247	204	413
1779088263671247	204	417
1779088263671247	204	421
1779088263671248	204	425
1779088263671248	204	428
1779088263671249	204	431
1779088263671249	204	435
1779088263671249	204	439
1779088263671249	204	445
1779088263671250	204	451
1779088263671250	204	458
1779088263681805	204	437
1779088263681805	204	454
1779088263681806	204	459
1779088263681806	204	462
1779088263681806	204	466
1779088263681807	204	469
1779088263681807	204	473
1779088263681807	204	476
1779088263681808	204	480
1779088263681808	204	483
1779088263681808	204	487
1779088263681809	204	490
1779088263681809	204	494
1779088263681809	204	497
1779088263681810	204	501
1779088263681810	204	504
1779088263681810	204	508
1779088263681811	204	511
1779088263681811	204	514
1779088263681812	204	518
1779088263681812	204	521
1779088263681812	204	525
1779088263681813	204	533
1779088263681813	204	536
1779088263681813	204	539
1779088263681813	204	543
1779088263681814	204	546
1779088263681814	204	550
1779088263681815	204	553
1779088263681815	204	556
1779088263681816	204	560
1779088263691466	204	397
1779088263691466	204	412
1779088263691467	204	416
1779088263691467	204	420
1779088263691467	204	423
1779088263691468	204	427
1779088263691468	204	430
1779088263691469	204	433
1779088263691469	204	437
1779088263691470	204	441
1779088263691470	204	444
1779088263691470	204	448
1779088263691471	204	451
1779088263691471	204	455
1779088263691471	204	458
1779088263691472	204	462
1779088263691472	204	466
1779088263691472	204	469
1779088263691473	204	473
1779088263691473	204	477
1779088263691473	204	481
1779088263691474	204	485
1779088263691474	204	488
1779088263691474	204	492
1779088263691474	204	496
1779088263691475	204	499
1779088263691475	204	502
1779088263691475	204	506
1779088263691476	204	509
1779088263702087	204	361
1779088263702087	204	373
1779088263702088	204	376
1779088263702088	204	380
1779088263702089	204	384
1779088263702089	204	387
1779088263702089	204	390
1779088263702090	204	394
1779088263702090	204	397
1779088263702091	204	406
1779088263702091	204	410
1779088263702092	204	414
1779088263702092	204	417
1779088263702102	204	411
1779088263702102	204	415
1779088263702102	204	418
1779088263702103	204	422
1779088263702103	204	425
1779088263702103	204	429
1779088263702104	204	433
1779088263702104	204	436
1779088263702104	204	440
1779088263702104	204	443
1779088263702105	204	448
1779088263702105	204	451
1779088263702105	204	454
1779088263702106	204	458
1779088263702106	204	461
1779088263702106	204	465
1779088263702106	204	468
1779088263702107	204	472
1779088263702107	204	475
1779088263711669	204	390
1779088263711670	204	405
1779088263711670	204	413
1779088263711671	204	417
1779088263711671	204	443
1779088263711672	204	447
1779088263711672	204	450
1779088263711672	204	454
1779088263711673	204	457
1779088263711673	204	461
1779088263711673	204	465
1779088263711674	204	468
1779088263711674	204	472
1779088263711674	204	475
1779088263711675	204	479
1779088263711675	204	482
1779088263711675	204	486
1779088263711675	204	489
1779088263711676	204	493
1779088263711676	204	496
1779088263711676	204	500
1779088263711678	204	503
1779088263711678	204	506
1779088263711678	204	510
1779088263711678	204	513
1779088263711679	204	517
1779088263711679	204	520
1779088263711679	204	524
1779088263711680	204	527
1779088263721298	204	523
1779088263721298	204	539
1779088263721298	204	543
1779088263721299	204	547
1779088263721299	204	550
1779088263721299	204	554
1779088263721300	204	558
1779088263721300	204	561
1779088263721300	204	565
1779088263721301	204	569
1779088263721301	204	572
1779088263721302	204	576
1779088263721302	204	579
1779088263721302	204	583
1779088263721303	204	586
1779088263721303	204	590
1779088263721303	204	594
1779088263721304	204	597
1779088263721304	204	603
1779088263721304	204	620
1779088263721305	204	625
1779088263721305	204	629
1779088263721305	204	632
1779088263721306	204	636
1779088263721306	204	640
1779088263721307	204	643
1779088263721307	204	647
1779088263721308	204	650
1779088263721308	204	654
1779088263732038	204	408
1779088263732039	204	422
1779088263732039	204	426
1779088263732040	204	430
1779088263732040	204	434
1779088263732040	204	437
1779088263732041	204	441
1779088263732041	204	445
1779088263732041	204	448
1779088263732042	204	452
1779088263732042	204	455
1779088263732042	204	459
1779088263732042	204	462
1779088263732043	204	466
1779088263732043	204	469
1779088263732043	204	473
1779088263732044	204	476
1779088263732044	204	480
1779088263732044	204	484
1779088263732045	204	487
1779088263732045	204	491
1779088263732045	204	498
1779088263732046	204	502
1779088263732046	204	506
1779088263732046	204	510
1779088263732046	204	513
1779088263732047	204	517
1779088263732047	204	520
1779088263732047	204	523
1779088263732048	204	527
1779088263732048	204	530
1779088263732048	204	534
1779088263741667	204	383
1779088263741668	204	396
1779088263741668	204	411
1779088263741668	204	416
1779088263741668	204	419
1779088263741669	204	423
1779088263741669	204	438
1779088263741669	204	442
1779088263741670	204	445
1779088263741670	204	449
1779088263741670	204	453
1779088263741671	204	456
1779088263741671	204	460
1779088263741671	204	463
1779088263741672	204	467
1779088263741672	204	470
1779088263741672	204	474
1779088263741672	204	477
1779088263741673	204	481
1779088263741673	204	484
1779088263741673	204	489
1779088263741674	204	492
1779088263741674	204	495
1779088263741674	204	499
1779088263741675	204	502
1779088263741675	204	506
1779088263741675	204	509
1779088263741676	204	513
1779088263741676	204	516
1779088263751283	204	373
1779088263751283	204	387
1779088263751284	204	392
1779088263751284	204	395
1779088263751285	204	399
1779088263751285	204	402
1779088263751285	204	406
1779088263751286	204	409
1779088263751286	204	413
1779088263751286	204	417
1779088263751287	204	421
1779088263751287	204	424
1779088263751287	204	428
1779088263751288	204	431
1779088263751288	204	435
1779088263751288	204	438
1779088263751289	204	441
1779088263751289	204	445
1779088263751289	204	448
1779088263751290	204	452
1779088263751290	204	457
1779088263751290	204	460
1779088263751291	204	464
1779088263751291	204	467
1779088263751291	204	470
1779088263751292	204	474
1779088263751292	204	477
1779088263751292	204	481
1779088263751292	204	484
1779088263761864	204	415
1779088263761864	204	430
1779088263761865	204	435
1779088263761865	204	439
1779088263761866	204	443
1779088263761866	204	447
1779088263761866	204	450
1779088263761867	204	454
1779088263761867	204	457
1779088263761867	204	461
1779088263761868	204	464
1779088263761869	204	467
1779088263761869	204	471
1779088263761869	204	474
1779088263761870	204	478
1779088263761870	204	481
1779088263761870	204	485
1779088263761871	204	488
1779088263761871	204	492
1779088263761872	204	495
1779088263761872	204	509
1779088263761872	204	512
1779088263761872	204	516
1779088263761873	204	521
1779088263761873	204	524
1779088263761873	204	528
1779088263761874	204	531
1779088263761874	204	534
1779088263761875	204	538
1779088263761875	204	541
1779088263761875	204	545
1779088263761876	204	549
1779088263771515	204	379
1779088263771515	204	394
1779088263771516	204	406
1779088263771516	204	410
1779088263771517	204	413
1779088263771517	204	417
1779088263771517	204	421
1779088263771518	204	424
1779088263771518	204	428
1779088263771518	204	431
1779088263771519	204	435
1779088263771519	204	438
1779088263771519	204	442
1779088263771520	204	445
1779088263771520	204	449
1779088263771520	204	452
1779088263771521	204	456
1779088263771521	204	459
1779088263771521	204	462
1779088263771522	204	466
1779088263771522	204	470
1779088263771522	204	474
1779088263771523	204	477
1779088263771523	204	480
1779088263771523	204	484
1779088263771524	204	487
1779088263771524	204	491
1779088263771524	204	494
1779088263771525	204	498
1779088263782114	204	351
1779088263782114	204	365
1779088263782115	204	370
1779088263782115	204	373
1779088263782115	204	377
1779088263782116	204	380
1779088263782116	204	384
1779088263782116	204	388
1779088263782116	204	392
1779088263782117	204	396
1779088263782117	204	400
1779088263782117	204	403
1779088263782118	204	407
1779088263782118	204	410
1779088263782118	204	414
1779088263782118	204	417
1779088263782119	204	421
1779088263782119	204	424
1779088263782119	204	428
1779088263782120	204	432
1779088263782120	204	435
1779088263782120	204	439
1779088263782121	204	443
1779088263782121	204	447
1779088263782121	204	450
1779088263782122	204	453
1779088263782123	204	456
1779088263782123	204	459
1779088263782123	204	463
1779088263782124	204	466
1779088263782124	204	470
1779088263791683	204	387
1779088263791683	204	403
1779088263791683	204	408
1779088263791684	204	423
1779088263791684	204	427
1779088263791685	204	430
1779088263791685	204	434
1779088263791685	204	437
1779088263791686	204	441
1779088263791686	204	444
1779088263791686	204	448
1779088263791687	204	451
1779088263791687	204	455
1779088263791687	204	458
1779088263791688	204	462
1779088263791688	204	465
1779088263791688	204	469
1779088263791689	204	472
1779088263791689	204	476
1779088263791689	204	479
1779088263791690	204	484
1779088263791690	204	487
1779088263791690	204	491
1779088263791691	204	494
1779088263791691	204	497
1779088263791691	204	501
1779088263791692	204	504
1779088263791692	204	507
1779088263791692	204	511
1779088263801290	204	504
1779088263801291	204	518
1779088263801291	204	522
1779088263801291	204	526
1779088263801292	204	530
1779088263801292	204	533
1779088263801292	204	537
1779088263801293	204	540
1779088263801293	204	544
1779088263801293	204	547
1779088263801294	204	551
1779088263801294	204	555
1779088263801294	204	558
1779088263801294	204	563
1779088263801295	204	566
1779088263801295	204	575
1779088263801295	204	579
1779088263801296	204	582
1779088263801296	204	588
1779088263801296	204	603
1779088263801297	204	609
1779088263801297	204	612
1779088263801297	204	616
1779088263801298	204	620
1779088263801298	204	624
1779088263801298	204	627
1779088263801298	204	631
1779088263801299	204	635
1779088263801299	204	648
1779088263812150	204	359
1779088263812150	204	372
1779088263812150	204	376
1779088263812151	204	380
1779088263812151	204	384
1779088263812151	204	388
1779088263812151	204	392
1779088263812152	204	395
1779088263812152	204	399
1779088263812152	204	403
1779088263812153	204	407
1779088263812153	204	411
1779088263812153	204	414
1779088263812154	204	418
1779088263812154	204	421
1779088263812154	204	425
1779088263812155	204	429
1779088263812155	204	432
1779088263812155	204	436
1779088263812156	204	439
1779088263812156	204	443
1779088263812156	204	447
1779088263812156	204	450
1779088263812157	204	455
1779088263812157	204	458
1779088263812157	204	461
1779088263812158	204	465
1779088263812158	204	468
1779088263812158	204	472
1779088263812158	204	475
1779088263812159	204	479
1779088263812159	204	483
1779088263821730	204	423
1779088263821731	204	450
1779088263821731	204	455
1779088263821732	204	459
1779088263821732	204	462
1779088263821732	204	466
1779088263821733	204	469
1779088263821733	204	473
1779088263821733	204	476
1779088263821734	204	480
1779088263821734	204	483
1779088263821734	204	487
1779088263821735	204	490
1779088263821735	204	494
1779088263821736	204	497
1779088263821736	204	501
1779088263821736	204	504
1779088263821737	204	508
1779088263821737	204	511
1779088263821737	204	515
1779088263821738	204	519
1779088263821738	204	523
1779088263821738	204	526
1779088263821739	204	530
1779088263821739	204	533
1779088263821739	204	536
1779088263821740	204	540
1779088263821740	204	543
1779088263821740	204	547
1779088263831373	204	319
1779088263831374	204	331
1779088263831374	204	336
1779088263831374	204	340
1779088263831375	204	344
1779088263831375	204	347
1779088263831375	204	351
1779088263831376	204	355
1779088263831376	204	358
1779088263831376	204	362
1779088263831376	204	366
1779088263831377	204	370
1779088263831377	204	373
1779088263831378	204	376
1779088263831378	204	379
1779088263831379	204	383
1779088263831379	204	387
1779088263831379	204	390
1779088263831379	204	394
1779088263831380	204	398
1779088263831380	204	402
1779088263831380	204	405
1779088263831380	204	409
1779088263831381	204	412
1779088263831381	204	416
1779088263831381	204	419
1779088263831382	204	422
1779088263831382	204	430
1779088263831382	204	433
1779088263841902	204	433
1779088263841902	204	448
1779088263841902	204	453
1779088263841903	204	456
1779088263841903	204	460
1779088263841903	204	463
1779088263841904	204	467
1779088263841904	204	470
1779088263841904	204	474
1779088263841905	204	477
1779088263841905	204	481
1779088263841905	204	485
1779088263841906	204	488
1779088263841906	204	492
1779088263841906	204	496
1779088263841906	204	499
1779088263841907	204	503
1779088263841907	204	506
1779088263841907	204	510
1779088263841908	204	513
1779088263841908	204	517
1779088263841908	204	521
1779088263841909	204	524
1779088263841909	204	529
1779088263841909	204	532
1779088263841910	204	536
1779088263841910	204	539
1779088263841910	204	542
1779088263841911	204	546
1779088263841911	204	549
1779088263841911	204	553
1779088263841912	204	556
1779088263851559	204	396
1779088263851560	204	411
1779088263851560	204	416
1779088263851560	204	420
1779088263851561	204	423
1779088263851561	204	427
1779088263851561	204	431
1779088263851562	204	435
1779088263851562	204	438
1779088263851562	204	442
1779088263851563	204	445
1779088263851563	204	449
1779088263851564	204	452
1779088263851564	204	456
1779088263851564	204	460
1779088263851565	204	463
1779088263851565	204	466
1779088263851565	204	470
1779088263851566	204	473
1779088263851566	204	477
1779088263851566	204	481
1779088263851567	204	485
1779088263851567	204	489
1779088263851567	204	492
1779088263851567	204	496
1779088263851568	204	499
1779088263851568	204	502
1779088263851569	204	505
1779088263851570	204	508
1779088263862175	204	466
1779088263862175	204	484
1779088263862175	204	489
1779088263862176	204	492
1779088263862176	204	496
1779088263862177	204	499
1779088263862177	204	502
1779088263862177	204	505
1779088263862178	204	508
1779088263862178	204	511
1779088263862179	204	514
1779088263862179	204	517
1779088263862180	204	520
1779088263862180	204	523
1779088263862180	204	526
1779088263862181	204	529
1779088263862181	204	532
1779088263862181	204	536
1779088263862182	204	538
1779088263862182	204	541
1779088263862182	204	544
1779088263862183	204	547
1779088263862183	204	550
1779088263862183	204	555
1779088263862184	204	558
1779088263862184	204	561
1779088263862184	204	564
1779088263862185	204	567
1779088263862185	204	570
1779088263862185	204	574
1779088263862186	204	577
1779088263862186	204	581
1779088263871868	204	388
1779088263871869	204	404
1779088263871870	204	409
1779088263871870	204	413
1779088263871870	204	416
1779088263871871	204	420
1779088263871871	204	424
1779088263871871	204	427
1779088263871872	204	434
1779088263871872	204	438
1779088263871873	204	441
1779088263871873	204	445
1779088263871873	204	448
1779088263871874	204	452
1779088263871874	204	465
1779088263871875	204	468
1779088263871875	204	472
1779088263871875	204	475
1779088263871876	204	478
1779088263871876	204	482
1779088263871876	204	487
1779088263871877	204	490
1779088263871877	204	493
1779088263871877	204	497
1779088263871878	204	501
1779088263871878	204	505
1779088263871878	204	508
1779088263871878	204	512
1779088263871879	204	515
1779088263881483	204	359
1779088263881484	204	374
1779088263881484	204	379
1779088263881484	204	386
1779088263881485	204	390
1779088263881485	204	394
1779088263881486	204	398
1779088263881486	204	401
1779088263881486	204	405
1779088263881487	204	409
1779088263881487	204	412
1779088263881487	204	416
1779088263881488	204	419
1779088263881488	204	422
1779088263881488	204	426
1779088263881489	204	429
1779088263881489	204	433
1779088263881489	204	436
1779088263881490	204	439
1779088263881490	204	444
1779088263881490	204	448
1779088263881491	204	451
1779088263881491	204	454
1779088263881491	204	458
1779088263881492	204	461
1779088263881492	204	464
1779088263881492	204	468
1779088263881493	204	471
1779088263892052	204	414
1779088263892052	204	431
1779088263892053	204	435
1779088263892053	204	439
1779088263892054	204	442
1779088263892054	204	446
1779088263892054	204	449
1779088263892055	204	452
1779088263892055	204	456
1779088263892055	204	460
1779088263892056	204	463
1779088263892056	204	466
1779088263892057	204	470
1779088263892057	204	473
1779088263892057	204	477
1779088263892058	204	480
1779088263892058	204	484
1779088263892058	204	487
1779088263892059	204	491
1779088263892059	204	494
1779088263892060	204	497
1779088263892060	204	501
1779088263892060	204	504
1779088263892061	204	509
1779088263892061	204	512
1779088263892061	204	515
1779088263892061	204	519
1779088263892062	204	522
1779088263892062	204	526
1779088263892062	204	529
1779088263892063	204	533
1779088263892063	204	536
1779088263901687	204	374
1779088263901687	204	401
1779088263901688	204	417
1779088263901688	204	422
1779088263901689	204	425
1779088263901689	204	429
1779088263901689	204	433
1779088263901690	204	436
1779088263901690	204	441
1779088263901690	204	444
1779088263901691	204	447
1779088263901691	204	451
1779088263901692	204	454
1779088263901692	204	458
1779088263901692	204	461
1779088263901693	204	464
1779088263901694	204	468
1779088263901694	204	471
1779088263901694	204	475
1779088263901695	204	478
1779088263901695	204	483
1779088263901695	204	490
1779088263901695	204	493
1779088263901696	204	497
1779088263901696	204	500
1779088263901697	204	503
1779088263901697	204	507
1779088263901697	204	510
1779088263901698	204	514
1779088263911299	204	315
1779088263911300	204	328
1779088263911300	204	332
1779088263911300	204	335
1779088263911301	204	339
1779088263911301	204	343
1779088263911301	204	346
1779088263911301	204	350
1779088263911302	204	353
1779088263911302	204	357
1779088263911302	204	361
1779088263911303	204	364
1779088263911303	204	368
1779088263911303	204	371
1779088263911303	204	375
1779088263911304	204	378
1779088263911304	204	382
1779088263911304	204	385
1779088263911305	204	389
1779088263911305	204	392
1779088263911305	204	397
1779088263911306	204	400
1779088263911306	204	403
1779088263911306	204	407
1779088263911306	204	410
1779088263911307	204	414
1779088263911307	204	417
1779088263911307	204	421
1779088263911307	204	424
1779088263921817	204	411
1779088263921818	204	427
1779088263921818	204	433
1779088263921819	204	436
1779088263921819	204	440
1779088263921820	204	443
1779088263921820	204	447
1779088263921820	204	451
1779088263921821	204	454
1779088263921821	204	458
1779088263921821	204	461
1779088263921822	204	465
1779088263921822	204	469
1779088263921823	204	472
1779088263921823	204	476
1779088263921823	204	479
1779088263921824	204	483
1779088263921824	204	486
1779088263921824	204	490
1779088263921825	204	493
1779088263921825	204	496
1779088263921825	204	500
1779088263921826	204	505
1779088263921826	204	508
1779088263921826	204	512
1779088263921827	204	515
1779088263921827	204	518
1779088263921827	204	522
1779088263921828	204	525
1779088263921828	204	528
1779088263921828	204	532
1779088263931456	204	376
1779088263931456	204	392
1779088263931457	204	397
1779088263931457	204	401
1779088263931457	204	404
1779088263931458	204	408
1779088263931458	204	411
1779088263931458	204	415
1779088263931459	204	418
1779088263931459	204	422
1779088263931460	204	425
1779088263931460	204	429
1779088263931460	204	432
1779088263931461	204	435
1779088263931461	204	439
1779088263931461	204	442
1779088263931462	204	446
1779088263931462	204	449
1779088263931462	204	453
1779088263931462	204	456
1779088263931463	204	460
1779088263931463	204	464
1779088263931463	204	467
1779088263931464	204	471
1779088263931464	204	474
1779088263931464	204	478
1779088263931465	204	481
1779088263931465	204	484
1779088263931465	204	488
1779088263942037	204	380
1779088263942037	204	393
1779088263942038	204	397
1779088263942038	204	401
1779088263942038	204	404
1779088263942038	204	408
1779088263942039	204	416
1779088263942039	204	419
1779088263942039	204	423
1779088263942039	204	427
1779088263942040	204	430
1779088263942040	204	434
1779088263942040	204	437
1779088263942041	204	442
1779088263942041	204	445
1779088263942041	204	449
1779088263942041	204	453
1779088263942042	204	456
1779088263942042	204	460
1779088263942042	204	463
1779088263942043	204	467
1779088263942043	204	470
1779088263942043	204	474
1779088263942043	204	478
1779088263942044	204	482
1779088263942044	204	485
1779088263942044	204	489
1779088263942045	204	492
1779088263942045	204	496
1779088263942045	204	499
1779088263942046	204	502
1779088263942046	204	506
1779088263951645	204	471
1779088263951646	204	493
1779088263951646	204	500
1779088263951648	204	505
1779088263951648	204	510
1779088263951649	204	514
1779088263951649	204	519
1779088263951650	204	524
1779088263951651	204	529
1779088263951651	204	534
1779088263951652	204	539
1779088263951652	204	543
1779088263951653	204	549
1779088263951653	204	553
1779088263951654	204	559
1779088263951654	204	564
1779088263951655	204	569
1779088263951655	204	575
1779088263951656	204	580
1779088263951656	204	586
1779088263951657	204	594
1779088263951657	204	600
1779088263951658	204	605
1779088263951658	204	611
1779088263951659	204	617
1779088263951659	204	622
1779088263951660	204	628
1779088263951660	204	634
1779088263951661	204	640
1779088263961432	204	476
1779088263961433	204	503
1779088263961434	204	510
1779088263961435	204	517
1779088263961436	204	522
1779088263961437	204	527
1779088263961437	204	533
1779088263961438	204	538
1779088263961439	204	543
1779088263961440	204	549
1779088263961441	204	554
1779088263961441	204	559
1779088263961442	204	564
1779088263961443	204	570
1779088263961443	204	575
1779088263961444	204	580
1779088263961445	204	586
1779088263961445	204	591
1779088263961446	204	596
1779088263961447	204	602
1779088263961447	204	610
1779088263961448	204	616
1779088263961448	204	644
1779088263961449	204	664
1779088263961450	204	670
1779088263961450	204	676
1779088263961451	204	681
1779088263961451	204	687
1779088263961452	204	693
1779088263971263	204	374
1779088263971264	204	391
1779088263971264	204	396
1779088263971265	204	399
1779088263971265	204	403
1779088263971265	204	406
1779088263971266	204	410
1779088263971266	204	413
1779088263971267	204	417
1779088263971267	204	420
1779088263971268	204	424
1779088263971268	204	427
1779088263971268	204	431
1779088263971269	204	434
1779088263971269	204	438
1779088263971269	204	441
1779088263971270	204	444
1779088263971270	204	448
1779088263971271	204	456
1779088263971271	204	459
1779088263971271	204	463
1779088263971273	204	467
1779088263971273	204	470
1779088263971273	204	474
1779088263971274	204	477
1779088263971274	204	480
1779088263971274	204	484
1779088263971275	204	487
1779088263971275	204	491
1779088263971275	204	494
1779088263981866	204	482
1779088263981867	204	499
1779088263981867	204	504
1779088263981867	204	509
1779088263981868	204	512
1779088263981868	204	516
1779088263981869	204	519
1779088263981869	204	522
1779088263981870	204	526
1779088263981870	204	530
1779088263981871	204	533
1779088263981871	204	537
1779088263981871	204	540
1779088263981872	204	544
1779088263981872	204	547
1779088263981872	204	562
1779088263981873	204	566
1779088263981873	204	570
1779088263981873	204	573
1779088263981874	204	576
1779088263981874	204	580
1779088263981874	204	584
1779088263981875	204	587
1779088263981875	204	592
1779088263981875	204	596
1779088263981876	204	599
1779088263981876	204	603
1779088263981876	204	606
1779088263981877	204	610
1779088263981877	204	613
1779088263981878	204	617
1779088263981878	204	620
1779088263991587	204	324
1779088263991587	204	337
1779088263991588	204	341
1779088263991588	204	345
1779088263991588	204	348
1779088263991589	204	352
1779088263991589	204	355
1779088263991589	204	359
1779088263991589	204	362
1779088263991590	204	366
1779088263991590	204	370
1779088263991590	204	373
1779088263991591	204	377
1779088263991591	204	381
1779088263991591	204	385
1779088263991591	204	388
1779088263991592	204	392
1779088263991592	204	395
1779088263991592	204	399
1779088263991593	204	402
1779088263991593	204	409
1779088263991593	204	413
1779088263991593	204	416
1779088263991594	204	419
1779088263991594	204	423
1779088263991594	204	426
1779088263991595	204	430
1779088263991595	204	433
1779088263991595	204	437
1779088264002131	204	423
1779088264002132	204	441
1779088264002132	204	446
1779088264002133	204	450
1779088264002133	204	454
1779088264002134	204	458
1779088264002134	204	461
1779088264002135	204	464
1779088264002135	204	468
1779088264002135	204	471
1779088264002136	204	474
1779088264002136	204	478
1779088264002136	204	482
1779088264002137	204	485
1779088264002137	204	489
1779088264002138	204	492
1779088264002138	204	496
1779088264002138	204	499
1779088264002139	204	502
1779088264002139	204	506
1779088264002139	204	509
1779088264002140	204	513
1779088264002140	204	517
1779088264002140	204	521
1779088264002141	204	524
1779088264002141	204	528
1779088264002141	204	531
1779088264002142	204	534
1779088264002142	204	538
1779088264002142	204	547
1779088264002143	204	550
1779088264011792	204	396
1779088264011793	204	413
1779088264011793	204	417
1779088264011794	204	421
1779088264011794	204	425
1779088264011795	204	428
1779088264011795	204	432
1779088264011795	204	435
1779088264011796	204	439
1779088264011796	204	442
1779088264011797	204	446
1779088264011797	204	449
1779088264011797	204	453
1779088264011798	204	457
1779088264011798	204	460
1779088264011798	204	464
1779088264011799	204	467
1779088264011799	204	471
1779088264011799	204	474
1779088264011800	204	478
1779088264011800	204	482
1779088264011800	204	486
1779088264011801	204	489
1779088264011801	204	493
1779088264011801	204	497
1779088264011802	204	500
1779088264011802	204	503
1779088264011802	204	507
1779088264011803	204	510
1779088264021400	204	320
1779088264021400	204	333
1779088264021401	204	337
1779088264021401	204	341
1779088264021401	204	345
1779088264021401	204	348
1779088264021402	204	352
1779088264021403	204	355
1779088264021403	204	358
1779088264021403	204	363
1779088264021404	204	367
1779088264021404	204	371
1779088264021404	204	374
1779088264021404	204	378
1779088264021405	204	382
1779088264021405	204	386
1779088264021405	204	389
1779088264021406	204	393
1779088264021406	204	396
1779088264021406	204	400
1779088264021406	204	404
1779088264021407	204	408
1779088264021407	204	411
1779088264021407	204	415
1779088264021408	204	418
1779088264021408	204	421
1779088264021408	204	425
1779088264021408	204	428
1779088264021409	204	432
1779088264031929	204	421
1779088264031930	204	438
1779088264031930	204	443
1779088264031931	204	447
1779088264031931	204	450
1779088264031931	204	454
1779088264031932	204	457
1779088264031932	204	461
1779088264031932	204	464
1779088264031933	204	468
1779088264031933	204	471
1779088264031934	204	475
1779088264031934	204	479
1779088264031934	204	482
1779088264031935	204	485
1779088264031935	204	489
1779088264031935	204	492
1779088264031936	204	496
1779088264031936	204	499
1779088264031936	204	503
1779088264031937	204	506
1779088264031937	204	510
1779088264031937	204	513
1779088264031938	204	518
1779088264031938	204	521
1779088264031938	204	525
1779088264031939	204	528
1779088264031939	204	532
1779088264031939	204	535
1779088264031939	204	549
1779088264031940	204	552
1779088264031940	204	556
1779088264041602	204	450
1779088264041603	204	503
1779088264041604	204	511
1779088264041604	204	517
1779088264041605	204	522
1779088264041606	204	529
1779088264041606	204	534
1779088264041607	204	540
1779088264041608	204	546
1779088264041608	204	551
1779088264041609	204	557
1779088264041609	204	568
1779088264041610	204	574
1779088264041610	204	580
1779088264041611	204	585
1779088264041612	204	591
1779088264041612	204	597
1779088264041613	204	602
1779088264041613	204	608
1779088264041614	204	613
1779088264041614	204	621
1779088264041616	204	626
1779088264041617	204	631
1779088264041617	204	636
1779088264041618	204	642
1779088264041618	204	647
1779088264041619	204	652
1779088264041619	204	658
1779088264041620	204	663
1779088264051398	204	364
1779088264051398	204	379
1779088264051399	204	383
1779088264051399	204	387
1779088264051399	204	391
1779088264051400	204	394
1779088264051400	204	402
1779088264051400	204	405
1779088264051401	204	409
1779088264051401	204	413
1779088264051402	204	416
1779088264051402	204	421
1779088264051402	204	424
1779088264051402	204	428
1779088264051403	204	431
1779088264051403	204	435
1779088264051404	204	438
1779088264051404	204	442
1779088264051404	204	445
1779088264051405	204	448
1779088264051405	204	453
1779088264051405	204	457
1779088264051406	204	460
1779088264051406	204	464
1779088264051406	204	467
1779088264051407	204	470
1779088264051407	204	474
1779088264051407	204	477
1779088264051408	204	481
1779088264061984	204	427
1779088264061985	204	444
1779088264061985	204	449
1779088264061986	204	453
1779088264061986	204	456
1779088264061986	204	460
1779088264061987	204	464
1779088264061987	204	467
1779088264061987	204	471
1779088264061988	204	474
1779088264061988	204	478
1779088264061988	204	482
1779088264061989	204	485
1779088264061989	204	489
1779088264061990	204	492
1779088264061990	204	496
1779088264061990	204	499
1779088264061990	204	503
1779088264061991	204	506
1779088264061991	204	510
1779088264061992	204	514
1779088264061992	204	518
1779088264061992	204	521
1779088264061993	204	526
1779088264061993	204	529
1779088264061993	204	533
1779088264061993	204	537
1779088264061994	204	541
1779088264061994	204	544
1779088264061994	204	548
1779088264061995	204	551
1779088264061995	204	555
1779088264071637	204	322
1779088264071637	204	334
1779088264071638	204	338
1779088264071638	204	342
1779088264071638	204	346
1779088264071638	204	349
1779088264071639	204	353
1779088264071639	204	356
1779088264071639	204	360
1779088264071639	204	364
1779088264071640	204	368
1779088264071640	204	371
1779088264071640	204	375
1779088264071641	204	378
1779088264071641	204	382
1779088264071641	204	385
1779088264071641	204	389
1779088264071642	204	392
1779088264071642	204	396
1779088264071642	204	399
1779088264071643	204	404
1779088264071643	204	407
1779088264071643	204	411
1779088264071643	204	418
1779088264071644	204	422
1779088264071644	204	425
1779088264071644	204	429
1779088264071644	204	432
1779088264071645	204	436
1779088264082181	204	393
1779088264082182	204	408
1779088264082182	204	413
1779088264082182	204	417
1779088264082183	204	420
1779088264082183	204	424
1779088264082183	204	427
1779088264082184	204	431
1779088264082184	204	434
1779088264082185	204	438
1779088264082185	204	441
1779088264082185	204	445
1779088264082186	204	448
1779088264082186	204	452
1779088264082186	204	455
1779088264082187	204	459
1779088264082187	204	462
1779088264082187	204	466
1779088264082188	204	469
1779088264082188	204	473
1779088264082188	204	476
1779088264082189	204	480
1779088264082189	204	483
1779088264082189	204	488
1779088264082190	204	492
1779088264082190	204	495
1779088264082190	204	499
1779088264082191	204	502
1779088264082191	204	506
1779088264082191	204	509
1779088264082192	204	512
1779088264082192	204	516
1779088264091804	204	381
1779088264091804	204	398
1779088264091805	204	403
1779088264091805	204	407
1779088264091805	204	411
1779088264091806	204	415
1779088264091806	204	418
1779088264091807	204	421
1779088264091808	204	424
1779088264091808	204	428
1779088264091808	204	443
1779088264091809	204	447
1779088264091809	204	451
1779088264091809	204	454
1779088264091810	204	458
1779088264091810	204	461
1779088264091810	204	464
1779088264091811	204	468
1779088264091811	204	471
1779088264091811	204	476
1779088264091812	204	479
1779088264091812	204	483
1779088264091813	204	486
1779088264091813	204	489
1779088264091813	204	493
1779088264091813	204	496
1779088264091814	204	500
1779088264091814	204	504
1779088264101407	204	336
1779088264101407	204	347
1779088264101408	204	352
1779088264101408	204	355
1779088264101408	204	359
1779088264101409	204	362
1779088264101409	204	366
1779088264101409	204	369
1779088264101409	204	374
1779088264101410	204	377
1779088264101410	204	381
1779088264101410	204	384
1779088264101411	204	388
1779088264101411	204	392
1779088264101411	204	395
1779088264101411	204	399
1779088264101412	204	403
1779088264101412	204	406
1779088264101412	204	410
1779088264101413	204	413
1779088264101413	204	418
1779088264101413	204	421
1779088264101413	204	425
1779088264101414	204	429
1779088264101414	204	432
1779088264101414	204	436
1779088264101415	204	439
1779088264101415	204	443
1779088264101415	204	447
1779088264111954	204	445
1779088264111955	204	463
1779088264111956	204	467
1779088264111956	204	472
1779088264111957	204	475
1779088264111957	204	479
1779088264111957	204	483
1779088264111958	204	486
1779088264111958	204	494
1779088264111959	204	497
1779088264111959	204	501
1779088264111959	204	504
1779088264111960	204	508
1779088264111960	204	512
1779088264111960	204	515
1779088264111961	204	519
1779088264111961	204	522
1779088264111961	204	526
1779088264111962	204	529
1779088264111962	204	533
1779088264111962	204	536
1779088264111963	204	539
1779088264111963	204	543
1779088264111964	204	547
1779088264111964	204	551
1779088264111964	204	555
1779088264111965	204	558
1779088264111966	204	560
1779088264111966	204	564
1779088264111967	204	567
1779088264111967	204	571
1779088264111967	204	574
1779088264121631	204	384
1779088264121632	204	400
1779088264121632	204	404
1779088264121633	204	408
1779088264121633	204	411
1779088264121633	204	415
1779088264121634	204	418
1779088264121634	204	421
1779088264121635	204	425
1779088264121635	204	428
1779088264121636	204	432
1779088264121636	204	447
1779088264121636	204	452
1779088264121636	204	456
1779088264121637	204	471
1779088264121637	204	475
1779088264121638	204	478
1779088264121638	204	482
1779088264121638	204	485
1779088264121639	204	489
1779088264121639	204	493
1779088264121639	204	497
1779088264121639	204	501
1779088264121640	204	504
1779088264121640	204	507
1779088264121641	204	510
1779088264121641	204	514
1779088264121641	204	517
1779088264121642	204	521
1779088264131249	204	356
1779088264131249	204	370
1779088264131250	204	374
1779088264131250	204	378
1779088264131250	204	382
1779088264131251	204	386
1779088264131251	204	390
1779088264131251	204	393
1779088264131252	204	397
1779088264131252	204	401
1779088264131252	204	404
1779088264131253	204	408
1779088264131253	204	412
1779088264131253	204	415
1779088264131253	204	419
1779088264131254	204	422
1779088264131254	204	426
1779088264131254	204	429
1779088264131255	204	433
1779088264131255	204	436
1779088264131255	204	441
1779088264131256	204	445
1779088264131256	204	449
1779088264131256	204	452
1779088264131257	204	456
1779088264131257	204	459
1779088264131257	204	463
1779088264131258	204	466
1779088264131258	204	469
1779088264141813	204	409
1779088264141813	204	423
1779088264141814	204	428
1779088264141814	204	432
1779088264141814	204	435
1779088264141815	204	439
1779088264141815	204	443
1779088264141815	204	446
1779088264141815	204	450
1779088264141816	204	453
1779088264141816	204	457
1779088264141816	204	461
1779088264141817	204	464
1779088264141817	204	468
1779088264141817	204	471
1779088264141818	204	475
1779088264141818	204	478
1779088264141818	204	482
1779088264141819	204	485
1779088264141819	204	489
1779088264141819	204	497
1779088264141819	204	500
1779088264141820	204	504
1779088264141820	204	508
1779088264141820	204	511
1779088264141821	204	515
1779088264141821	204	518
1779088264141821	204	528
1779088264141822	204	532
1779088264141822	204	535
1779088264141822	204	539
1779088264151448	204	333
1779088264151448	204	346
1779088264151448	204	350
1779088264151449	204	354
1779088264151449	204	357
1779088264151449	204	361
1779088264151450	204	366
1779088264151450	204	370
1779088264151450	204	373
1779088264151450	204	377
1779088264151451	204	381
1779088264151451	204	384
1779088264151451	204	388
1779088264151452	204	391
1779088264151452	204	394
1779088264151452	204	398
1779088264151453	204	401
1779088264151453	204	405
1779088264151453	204	408
1779088264151453	204	412
1779088264151454	204	416
1779088264151454	204	420
1779088264151454	204	423
1779088264151455	204	426
1779088264151455	204	430
1779088264151455	204	433
1779088264151455	204	437
1779088264151456	204	440
1779088264151456	204	444
1779088264161985	204	415
1779088264161986	204	430
1779088264161986	204	435
1779088264161986	204	438
1779088264161987	204	442
1779088264161987	204	446
1779088264161987	204	449
1779088264161988	204	452
1779088264161988	204	456
1779088264161988	204	459
1779088264161989	204	463
1779088264161989	204	466
1779088264161989	204	470
1779088264161990	204	473
1779088264161990	204	477
1779088264161992	204	479
1779088264161992	204	485
1779088264161992	204	490
1779088264161993	204	496
1779088264161993	204	501
1779088264161993	204	507
1779088264161994	204	513
1779088264161994	204	518
1779088264161994	204	526
1779088264161994	204	530
1779088264161995	204	537
1779088264161995	204	543
1779088264161995	204	548
1779088264161996	204	554
1779088264161996	204	560
1779088264161996	204	566
1779088264161997	204	572
1779088264171664	204	374
1779088264171665	204	391
1779088264171665	204	396
1779088264171666	204	400
1779088264171666	204	403
1779088264171666	204	407
1779088264171667	204	410
1779088264171667	204	414
1779088264171667	204	418
1779088264171668	204	421
1779088264171668	204	425
1779088264171669	204	440
1779088264171669	204	444
1779088264171669	204	447
1779088264171670	204	451
1779088264171670	204	454
1779088264171670	204	458
1779088264171671	204	461
1779088264171671	204	465
1779088264171671	204	468
1779088264171672	204	472
1779088264171672	204	476
1779088264171673	204	480
1779088264171673	204	483
1779088264171673	204	487
1779088264171674	204	491
1779088264171674	204	494
1779088264171674	204	498
1779088264171675	204	502
1779088264181264	204	329
1779088264181264	204	346
1779088264181264	204	351
1779088264181265	204	355
1779088264181265	204	358
1779088264181265	204	362
1779088264181266	204	366
1779088264181266	204	369
1779088264181266	204	373
1779088264181267	204	377
1779088264181267	204	381
1779088264181267	204	384
1779088264181267	204	388
1779088264181268	204	392
1779088264181268	204	395
1779088264181268	204	398
1779088264181268	204	402
1779088264181269	204	405
1779088264181269	204	409
1779088264181269	204	412
1779088264181270	204	417
1779088264181270	204	420
1779088264181270	204	424
1779088264181270	204	427
1779088264181271	204	431
1779088264181271	204	434
1779088264181271	204	437
1779088264181272	204	441
1779088264181272	204	444
1779088264191805	204	433
1779088264191805	204	447
1779088264191806	204	452
1779088264191806	204	455
1779088264191806	204	459
1779088264191807	204	463
1779088264191807	204	466
1779088264191807	204	470
1779088264191807	204	473
1779088264191808	204	476
1779088264191808	204	480
1779088264191808	204	484
1779088264191809	204	487
1779088264191809	204	491
1779088264191809	204	495
1779088264191810	204	499
1779088264191810	204	502
1779088264191810	204	506
1779088264191811	204	509
1779088264191811	204	513
1779088264191811	204	516
1779088264191811	204	520
1779088264191812	204	524
1779088264191812	204	528
1779088264191812	204	531
1779088264191813	204	535
1779088264191813	204	538
1779088264191813	204	541
1779088264191814	204	545
1779088264191814	204	548
1779088264191814	204	552
1779088264201452	204	360
1779088264201452	204	375
1779088264201453	204	379
1779088264201453	204	382
1779088264201454	204	386
1779088264201455	204	389
1779088264201455	204	392
1779088264201456	204	396
1779088264201456	204	399
1779088264201457	204	411
1779088264201457	204	415
1779088264201458	204	419
1779088264201458	204	422
1779088264201459	204	426
1779088264201459	204	429
1779088264201460	204	432
1779088264201460	204	436
1779088264201461	204	439
1779088264201461	204	443
1779088264201462	204	446
1779088264201462	204	451
1779088264201462	204	454
1779088264201462	204	458
1779088264201463	204	462
1779088264201463	204	465
1779088264201463	204	468
1779088264201464	204	472
1779088264201464	204	475
1779088264201464	204	480
1779088264212029	204	379
1779088264212029	204	392
1779088264212030	204	397
1779088264212030	204	401
1779088264212031	204	404
1779088264212031	204	408
1779088264212031	204	411
1779088264212031	204	415
1779088264212032	204	419
1779088264212032	204	423
1779088264212032	204	426
1779088264212033	204	430
1779088264212033	204	433
1779088264212033	204	437
1779088264212033	204	440
1779088264212034	204	447
1779088264212034	204	451
1779088264212034	204	454
1779088264212035	204	458
1779088264212035	204	461
1779088264212035	204	465
1779088264212035	204	468
1779088264212036	204	472
1779088264212036	204	476
1779088264212036	204	480
1779088264212037	204	483
1779088264212037	204	486
1779088264212037	204	490
1779088264212038	204	493
1779088264212038	204	497
1779088264212038	204	500
1779088264212038	204	503
1779088264221629	204	360
1779088264221630	204	375
1779088264221630	204	380
1779088264221631	204	383
1779088264221631	204	387
1779088264221631	204	390
1779088264221632	204	394
1779088264221632	204	401
1779088264221632	204	404
1779088264221633	204	408
1779088264221633	204	412
1779088264221633	204	415
1779088264221634	204	419
1779088264221634	204	423
1779088264221634	204	426
1779088264221635	204	429
1779088264221635	204	433
1779088264221635	204	449
1779088264221636	204	453
1779088264221636	204	457
1779088264221636	204	474
1779088264221637	204	477
1779088264221637	204	481
1779088264221637	204	484
1779088264221638	204	488
1779088264221638	204	491
1779088264221638	204	495
1779088264221639	204	498
1779088264221639	204	502
1779088264231227	204	331
1779088264231227	204	343
1779088264231228	204	348
1779088264231228	204	351
1779088264231228	204	355
1779088264231229	204	359
1779088264231229	204	363
1779088264231229	204	366
1779088264231229	204	370
1779088264231230	204	374
1779088264231230	204	377
1779088264231230	204	381
1779088264231231	204	384
1779088264231231	204	388
1779088264231231	204	392
1779088264231231	204	395
1779088264231232	204	398
1779088264231233	204	402
1779088264231233	204	405
1779088264231233	204	408
1779088264231234	204	413
1779088264231234	204	416
1779088264231234	204	420
1779088264231234	204	423
1779088264231235	204	427
1779088264231235	204	430
1779088264231235	204	434
1779088264231236	204	437
1779088264231236	204	440
1779088264241764	204	395
1779088264241764	204	410
1779088264241764	204	415
1779088264241765	204	418
1779088264241765	204	422
1779088264241765	204	426
1779088264241766	204	429
1779088264241766	204	432
1779088264241766	204	436
1779088264241767	204	440
1779088264241767	204	443
1779088264241767	204	446
1779088264241768	204	450
1779088264241768	204	454
1779088264241768	204	457
1779088264241769	204	460
1779088264241769	204	464
1779088264241769	204	467
1779088264241770	204	471
1779088264241770	204	474
1779088264241770	204	478
1779088264241771	204	481
1779088264241771	204	486
1779088264241771	204	489
1779088264241772	204	493
1779088264241772	204	496
1779088264241772	204	500
1779088264241772	204	506
1779088264241773	204	510
1779088264241773	204	513
1779088264241773	204	517
1779088264251379	204	374
1779088264251379	204	389
1779088264251380	204	393
1779088264251380	204	397
1779088264251380	204	401
1779088264251381	204	405
1779088264251381	204	408
1779088264251381	204	412
1779088264251382	204	416
1779088264251382	204	419
1779088264251382	204	423
1779088264251383	204	427
1779088264251383	204	431
1779088264251383	204	434
1779088264251384	204	438
1779088264251384	204	441
1779088264251384	204	445
1779088264251385	204	448
1779088264251385	204	452
1779088264251385	204	455
1779088264251385	204	459
1779088264251386	204	463
1779088264251386	204	467
1779088264251386	204	483
1779088264251387	204	486
1779088264251387	204	490
1779088264251387	204	493
1779088264251388	204	497
1779088264251388	204	501
1779088264261977	204	399
1779088264261977	204	413
1779088264261978	204	417
1779088264261978	204	421
1779088264261979	204	424
1779088264261979	204	428
1779088264261979	204	431
1779088264261980	204	435
1779088264261980	204	438
1779088264261980	204	442
1779088264261981	204	446
1779088264261981	204	449
1779088264261981	204	453
1779088264261982	204	456
1779088264261982	204	460
1779088264261982	204	463
1779088264261982	204	467
1779088264261983	204	470
1779088264261983	204	474
1779088264261983	204	477
1779088264261984	204	481
1779088264261984	204	484
1779088264261984	204	488
1779088264261985	204	492
1779088264261985	204	496
1779088264261985	204	499
1779088264261986	204	502
1779088264261986	204	506
1779088264261986	204	509
1779088264261986	204	512
1779088264261987	204	516
1779088264261987	204	519
1779088264271592	204	357
1779088264271593	204	371
1779088264271593	204	375
1779088264271593	204	379
1779088264271594	204	382
1779088264271594	204	386
1779088264271594	204	389
1779088264271594	204	393
1779088264271595	204	397
1779088264271595	204	400
1779088264271595	204	404
1779088264271596	204	407
1779088264271596	204	411
1779088264271596	204	414
1779088264271597	204	418
1779088264271597	204	421
1779088264271597	204	425
1779088264271597	204	428
1779088264271598	204	432
1779088264271598	204	435
1779088264271598	204	440
1779088264271599	204	444
1779088264271599	204	447
1779088264271599	204	451
1779088264271599	204	454
1779088264271600	204	458
1779088264271600	204	461
1779088264271600	204	465
1779088264271601	204	468
1779088264282158	204	407
1779088264282159	204	423
1779088264282159	204	428
1779088264282160	204	432
1779088264282161	204	434
1779088264282161	204	438
1779088264282161	204	441
1779088264282162	204	445
1779088264282162	204	448
1779088264282163	204	456
1779088264282163	204	459
1779088264282163	204	463
1779088264282164	204	467
1779088264282164	204	470
1779088264282164	204	474
1779088264282165	204	477
1779088264282165	204	481
1779088264282165	204	484
1779088264282166	204	488
1779088264282166	204	491
1779088264282166	204	495
1779088264282167	204	498
1779088264282167	204	503
1779088264282167	204	506
1779088264282168	204	510
1779088264282168	204	513
1779088264282168	204	517
1779088264282169	204	520
1779088264282169	204	523
1779088264282169	204	526
1779088264282170	204	530
1779088264291792	204	372
1779088264291792	204	389
1779088264291793	204	394
1779088264291793	204	397
1779088264291794	204	401
1779088264291794	204	404
1779088264291795	204	408
1779088264291795	204	412
1779088264291795	204	415
1779088264291796	204	418
1779088264291796	204	422
1779088264291797	204	425
1779088264291797	204	429
1779088264291797	204	432
1779088264291798	204	436
1779088264291798	204	440
1779088264291798	204	444
1779088264291799	204	447
1779088264291799	204	450
1779088264291799	204	454
1779088264291800	204	458
1779088264291800	204	462
1779088264291800	204	465
1779088264291801	204	469
1779088264291801	204	473
1779088264291801	204	476
1779088264291802	204	479
1779088264291802	204	483
1779088264291802	204	486
1779088264301378	204	378
1779088264301378	204	392
1779088264301379	204	397
1779088264301379	204	400
1779088264301379	204	404
1779088264301380	204	408
1779088264301380	204	412
1779088264301380	204	415
1779088264301381	204	419
1779088264301381	204	422
1779088264301381	204	426
1779088264301382	204	430
1779088264301382	204	433
1779088264301382	204	437
1779088264301383	204	441
1779088264301383	204	444
1779088264301383	204	447
1779088264301383	204	451
1779088264301384	204	454
1779088264301384	204	458
1779088264301385	204	462
1779088264301385	204	465
1779088264301386	204	468
1779088264301386	204	472
1779088264301386	204	475
1779088264301387	204	479
1779088264301387	204	482
1779088264301387	204	485
1779088264301388	204	489
1779088264311961	204	364
1779088264311962	204	375
1779088264311962	204	379
1779088264311962	204	382
1779088264311963	204	386
1779088264311963	204	389
1779088264311963	204	393
1779088264311963	204	396
1779088264311964	204	411
1779088264311964	204	415
1779088264311964	204	418
1779088264311965	204	422
1779088264311965	204	425
1779088264311965	204	429
1779088264311965	204	432
1779088264311966	204	436
1779088264311966	204	440
1779088264311966	204	443
1779088264311966	204	447
1779088264311967	204	451
1779088264311967	204	454
1779088264311967	204	457
1779088264311968	204	465
1779088264311968	204	470
1779088264311968	204	473
1779088264311968	204	477
1779088264311969	204	480
1779088264311969	204	484
1779088264311969	204	488
1779088264311970	204	491
1779088264311970	204	495
1779088264311970	204	498
1779088264321561	204	377
1779088264321561	204	394
1779088264321562	204	398
1779088264321562	204	402
1779088264321563	204	406
1779088264321563	204	409
1779088264321563	204	413
1779088264321564	204	417
1779088264321564	204	421
1779088264321564	204	425
1779088264321565	204	428
1779088264321565	204	431
1779088264321566	204	435
1779088264321566	204	438
1779088264321566	204	442
1779088264321567	204	446
1779088264321567	204	449
1779088264321567	204	453
1779088264321568	204	456
1779088264321568	204	460
1779088264321568	204	464
1779088264321568	204	468
1779088264321569	204	471
1779088264321569	204	475
1779088264321569	204	478
1779088264321570	204	481
1779088264321570	204	485
1779088264321570	204	489
1779088264321571	204	492
1779088264332192	204	452
1779088264332193	204	475
1779088264332193	204	480
1779088264332194	204	483
1779088264332194	204	487
1779088264332194	204	490
1779088264332195	204	494
1779088264332195	204	497
1779088264332195	204	501
1779088264332196	204	504
1779088264332196	204	508
1779088264332196	204	511
1779088264332197	204	514
1779088264332197	204	518
1779088264332197	204	522
1779088264332198	204	526
1779088264332198	204	529
1779088264332198	204	533
1779088264332199	204	536
1779088264332199	204	539
1779088264332200	204	543
1779088264332200	204	546
1779088264332200	204	550
1779088264332201	204	554
1779088264332201	204	558
1779088264332201	204	561
1779088264332202	204	565
1779088264332202	204	568
1779088264332202	204	571
1779088264332203	204	575
1779088264332203	204	578
1779088264332203	204	581
1779088264341878	204	649
1779088264341879	204	667
1779088264341879	204	671
1779088264341880	204	676
1779088264341881	204	679
1779088264341881	204	683
1779088264341882	204	687
1779088264341882	204	690
1779088264341883	204	693
1779088264341883	204	697
1779088264341884	204	700
1779088264341885	204	703
1779088264341885	204	707
1779088264341886	204	710
1779088264341886	204	730
1779088264341887	204	735
1779088264341887	204	739
1779088264341888	204	742
1779088264341888	204	745
1779088264341889	204	749
1779088264341889	204	754
1779088264341890	204	757
1779088264341890	204	761
1779088264341891	204	774
1779088264341891	204	778
1779088264341892	204	782
1779088264341892	204	786
1779088264341893	204	789
1779088264341893	204	794
1779088264351771	204	410
1779088264351772	204	428
1779088264351772	204	437
1779088264351773	204	441
1779088264351773	204	445
1779088264351774	204	448
1779088264351775	204	451
1779088264351775	204	454
1779088264351776	204	458
1779088264351776	204	461
1779088264351776	204	465
1779088264351777	204	468
1779088264351777	204	472
1779088264351777	204	476
1779088264351778	204	480
1779088264351778	204	483
1779088264351778	204	487
1779088264351779	204	490
1779088264351779	204	494
1779088264351779	204	497
1779088264351780	204	502
1779088264351780	204	505
1779088264351780	204	509
1779088264351781	204	512
1779088264351781	204	516
1779088264351781	204	519
1779088264351782	204	523
1779088264351782	204	526
1779088264351783	204	530
1779088264361408	204	533
1779088264361408	204	553
1779088264361409	204	557
1779088264361410	204	561
1779088264361410	204	564
1779088264361410	204	567
1779088264361411	204	571
1779088264361411	204	574
1779088264361412	204	578
1779088264361412	204	582
1779088264361413	204	586
1779088264361413	204	589
1779088264361414	204	592
1779088264361414	204	596
1779088264361415	204	600
1779088264361415	204	603
1779088264361415	204	607
1779088264361416	204	610
1779088264361416	204	614
1779088264361416	204	617
1779088264361417	204	622
1779088264361417	204	636
1779088264361418	204	640
1779088264361418	204	643
1779088264361418	204	647
1779088264361419	204	666
1779088264361419	204	686
1779088264361420	204	691
1779088264361420	204	694
1779088264371204	204	371
1779088264371204	204	386
1779088264371204	204	390
1779088264371205	204	394
1779088264371205	204	398
1779088264371205	204	401
1779088264371206	204	405
1779088264371206	204	408
1779088264371206	204	412
1779088264371207	204	415
1779088264371207	204	419
1779088264371207	204	423
1779088264371207	204	426
1779088264371208	204	430
1779088264371208	204	434
1779088264371208	204	437
1779088264371209	204	441
1779088264371209	204	444
1779088264371209	204	448
1779088264371210	204	451
1779088264371210	204	455
1779088264371210	204	459
1779088264371211	204	463
1779088264371211	204	466
1779088264371211	204	469
1779088264371212	204	472
1779088264371213	204	476
1779088264371213	204	479
1779088264371213	204	483
1779088264371214	204	486
1779088264381797	204	449
1779088264381798	204	466
1779088264381798	204	470
1779088264381799	204	473
1779088264381800	204	476
1779088264381801	204	479
1779088264381802	204	483
1779088264381802	204	486
1779088264381803	204	489
1779088264381804	204	493
1779088264381805	204	496
1779088264381805	204	499
1779088264381806	204	503
1779088264381806	204	506
1779088264381807	204	509
1779088264381807	204	513
1779088264381808	204	516
1779088264381809	204	523
1779088264381809	204	526
1779088264381810	204	530
1779088264381810	204	533
1779088264381811	204	536
1779088264381811	204	541
1779088264381812	204	544
1779088264381813	204	548
1779088264381813	204	551
1779088264381814	204	554
1779088264381814	204	557
1779088264381815	204	561
1779088264381815	204	564
1779088264381816	204	567
1779088264391472	204	329
1779088264391473	204	341
1779088264391473	204	346
1779088264391473	204	349
1779088264391474	204	353
1779088264391474	204	356
1779088264391474	204	360
1779088264391475	204	364
1779088264391475	204	367
1779088264391475	204	371
1779088264391475	204	378
1779088264391476	204	382
1779088264391476	204	385
1779088264391476	204	389
1779088264391477	204	393
1779088264391477	204	396
1779088264391477	204	400
1779088264391477	204	403
1779088264391478	204	407
1779088264391478	204	410
1779088264391478	204	415
1779088264391479	204	419
1779088264391479	204	422
1779088264391479	204	425
1779088264391479	204	429
1779088264391480	204	432
1779088264391480	204	436
1779088264391480	204	439
1779088264391481	204	443
1779088264402010	204	426
1779088264402011	204	441
1779088264402011	204	446
1779088264402012	204	450
1779088264402012	204	453
1779088264402012	204	457
1779088264402013	204	460
1779088264402013	204	464
1779088264402013	204	467
1779088264402014	204	471
1779088264402014	204	474
1779088264402015	204	478
1779088264402015	204	481
1779088264402015	204	485
1779088264402016	204	488
1779088264402016	204	492
1779088264402017	204	495
1779088264402017	204	498
1779088264402017	204	502
1779088264402018	204	506
1779088264402018	204	509
1779088264402018	204	513
1779088264402019	204	516
1779088264402019	204	520
1779088264402019	204	524
1779088264402020	204	527
1779088264402020	204	531
1779088264402020	204	534
1779088264402021	204	537
1779088264402021	204	541
1779088264402021	204	545
1779088264402022	204	548
1779088264411657	204	378
1779088264411657	204	393
1779088264411658	204	399
1779088264411658	204	402
1779088264411659	204	406
1779088264411659	204	410
1779088264411659	204	413
1779088264411660	204	417
1779088264411660	204	420
1779088264411660	204	424
1779088264411661	204	427
1779088264411661	204	431
1779088264411661	204	446
1779088264411661	204	450
1779088264411662	204	454
1779088264411662	204	457
1779088264411662	204	461
1779088264411663	204	464
1779088264411663	204	468
1779088264411663	204	471
1779088264411664	204	476
1779088264411664	204	480
1779088264411665	204	483
1779088264411665	204	486
1779088264411665	204	490
1779088264411666	204	493
1779088264411666	204	497
1779088264411666	204	504
1779088264411667	204	507
1779088264421264	204	348
1779088264421264	204	362
1779088264421265	204	367
1779088264421265	204	370
1779088264421265	204	374
1779088264421266	204	386
1779088264421266	204	390
1779088264421266	204	393
1779088264421267	204	397
1779088264421267	204	401
1779088264421268	204	405
1779088264421268	204	408
1779088264421269	204	411
1779088264421269	204	415
1779088264421269	204	418
1779088264421270	204	422
1779088264421270	204	425
1779088264421270	204	429
1779088264421271	204	432
1779088264421271	204	436
1779088264421271	204	440
1779088264421272	204	444
1779088264421272	204	447
1779088264421272	204	451
1779088264421273	204	454
1779088264421273	204	458
1779088264421273	204	461
1779088264421274	204	464
1779088264421274	204	468
1779088264431829	204	425
1779088264431829	204	440
1779088264431830	204	445
1779088264431830	204	448
1779088264431831	204	452
1779088264431831	204	455
1779088264431831	204	459
1779088264431832	204	462
1779088264431832	204	466
1779088264431832	204	470
1779088264431833	204	473
1779088264431833	204	477
1779088264431833	204	481
1779088264431833	204	484
1779088264431834	204	488
1779088264431834	204	491
1779088264431835	204	495
1779088264431835	204	498
1779088264431835	204	502
1779088264431836	204	505
1779088264431836	204	508
1779088264431836	204	512
1779088264431836	204	516
1779088264431837	204	520
1779088264431837	204	524
1779088264431838	204	527
1779088264431838	204	531
1779088264431838	204	534
1779088264431839	204	537
1779088264431839	204	541
1779088264431839	204	544
1779088264431840	204	548
1779088264441480	204	527
1779088264441480	204	542
1779088264441481	204	546
1779088264441482	204	550
1779088264441482	204	553
1779088264441483	204	557
1779088264441483	204	560
1779088264441484	204	563
1779088264441485	204	567
1779088264441485	204	570
1779088264441486	204	573
1779088264441486	204	577
1779088264441487	204	580
1779088264441487	204	603
1779088264441488	204	621
1779088264441489	204	628
1779088264441489	204	632
1779088264441490	204	635
1779088264441490	204	639
1779088264441491	204	643
1779088264441491	204	647
1779088264441492	204	652
1779088264441492	204	656
1779088264441493	204	673
1779088264441493	204	678
1779088264441494	204	681
1779088264441494	204	684
1779088264441494	204	689
1779088264451265	204	387
1779088264451265	204	400
1779088264451266	204	404
1779088264451266	204	408
1779088264451266	204	412
1779088264451267	204	415
1779088264451267	204	419
1779088264451267	204	422
1779088264451268	204	426
1779088264451268	204	429
1779088264451268	204	433
1779088264451269	204	436
1779088264451269	204	444
1779088264451269	204	447
1779088264451269	204	451
1779088264451270	204	455
1779088264451270	204	458
1779088264451270	204	462
1779088264451271	204	465
1779088264451271	204	469
1779088264451272	204	472
1779088264451272	204	477
1779088264451272	204	480
1779088264451273	204	483
1779088264451273	204	487
1779088264451273	204	490
1779088264451273	204	494
1779088264451274	204	497
1779088264451274	204	501
1779088264451274	204	504
1779088264461868	204	455
1779088264461868	204	473
1779088264461869	204	478
1779088264461869	204	481
1779088264461870	204	485
1779088264461870	204	488
1779088264461870	204	492
1779088264461871	204	495
1779088264461871	204	499
1779088264461872	204	502
1779088264461872	204	506
1779088264461872	204	509
1779088264461873	204	513
1779088264461873	204	516
1779088264461873	204	520
1779088264461874	204	523
1779088264461874	204	527
1779088264461874	204	530
1779088264461875	204	534
1779088264461875	204	537
1779088264461875	204	540
1779088264461876	204	544
1779088264461876	204	547
1779088264461876	204	552
1779088264461877	204	556
1779088264461877	204	559
1779088264461877	204	563
1779088264461878	204	566
1779088264461878	204	569
1779088264461878	204	573
1779088264461879	204	576
1779088264461879	204	580
1779088264471549	204	322
1779088264471549	204	334
1779088264471549	204	338
1779088264471550	204	342
1779088264471550	204	345
1779088264471550	204	349
1779088264471550	204	353
1779088264471551	204	356
1779088264471551	204	360
1779088264471551	204	364
1779088264471552	204	367
1779088264471552	204	372
1779088264471552	204	375
1779088264471552	204	379
1779088264471553	204	382
1779088264471553	204	386
1779088264471553	204	389
1779088264471554	204	393
1779088264471554	204	406
1779088264471554	204	410
1779088264471554	204	414
1779088264471555	204	418
1779088264471555	204	421
1779088264471555	204	424
1779088264471556	204	428
1779088264471556	204	431
1779088264471556	204	435
1779088264471556	204	438
1779088264471557	204	442
1779088264482091	204	429
1779088264482091	204	444
1779088264482092	204	448
1779088264482092	204	452
1779088264482092	204	456
1779088264482093	204	460
1779088264482093	204	464
1779088264482093	204	468
1779088264482094	204	471
1779088264482094	204	475
1779088264482095	204	479
1779088264482095	204	483
1779088264482095	204	486
1779088264482106	204	480
1779088264482106	204	483
1779088264482107	204	487
1779088264482107	204	490
1779088264482107	204	494
1779088264482108	204	498
1779088264482108	204	501
1779088264482108	204	505
1779088264482109	204	508
1779088264482109	204	513
1779088264482109	204	525
1779088264482110	204	528
1779088264482110	204	531
1779088264482110	204	535
1779088264482111	204	538
1779088264482111	204	542
1779088264482111	204	545
1779088264482112	204	548
1779088264491753	204	456
1779088264491753	204	474
1779088264491754	204	479
1779088264491754	204	483
1779088264491755	204	486
1779088264491755	204	490
1779088264491755	204	493
1779088264491756	204	497
1779088264491756	204	500
1779088264491756	204	504
1779088264491757	204	507
1779088264491757	204	511
1779088264491757	204	515
1779088264491758	204	518
1779088264491759	204	521
1779088264491759	204	525
1779088264491759	204	528
1779088264491760	204	532
1779088264491760	204	535
1779088264491760	204	538
1779088264491761	204	543
1779088264491761	204	546
1779088264491761	204	550
1779088264491762	204	554
1779088264491762	204	557
1779088264491763	204	560
1779088264491763	204	564
1779088264491763	204	567
1779088264491764	204	570
1779088264501424	204	369
1779088264501424	204	388
1779088264501425	204	392
1779088264501425	204	396
1779088264501426	204	399
1779088264501426	204	403
1779088264501426	204	407
1779088264501427	204	410
1779088264501427	204	414
1779088264501428	204	417
1779088264501428	204	421
1779088264501428	204	425
1779088264501429	204	428
1779088264501429	204	432
1779088264501429	204	435
1779088264501430	204	439
1779088264501430	204	442
1779088264501430	204	446
1779088264501431	204	449
1779088264501431	204	452
1779088264501431	204	457
1779088264501432	204	461
1779088264501432	204	464
1779088264501432	204	467
1779088264501433	204	471
1779088264501433	204	474
1779088264501433	204	478
1779088264501434	204	481
1779088264501434	204	484
1779088264512003	204	420
1779088264512003	204	435
1779088264512003	204	439
1779088264512004	204	443
1779088264512004	204	446
1779088264512004	204	450
1779088264512005	204	454
1779088264512005	204	458
1779088264512005	204	462
1779088264512005	204	466
1779088264512006	204	469
1779088264512006	204	473
1779088264512006	204	476
1779088264512007	204	480
1779088264512007	204	483
1779088264512007	204	487
1779088264512008	204	490
1779088264512008	204	494
1779088264512008	204	497
1779088264512009	204	501
1779088264512009	204	504
1779088264512009	204	508
1779088264512010	204	512
1779088264512010	204	516
1779088264512010	204	520
1779088264512011	204	523
1779088264512011	204	526
1779088264512011	204	530
1779088264512011	204	533
1779088264512012	204	537
1779088264512012	204	541
1779088264512014	204	543
1779088264521656	204	606
1779088264521657	204	626
1779088264521657	204	631
1779088264521658	204	634
1779088264521659	204	643
1779088264521659	204	647
1779088264521660	204	650
1779088264521661	204	653
1779088264521661	204	657
1779088264521662	204	660
1779088264521663	204	663
1779088264521663	204	666
1779088264521664	204	670
1779088264521665	204	673
1779088264521665	204	677
1779088264521665	204	680
1779088264521666	204	683
1779088264521667	204	687
1779088264521667	204	690
1779088264521668	204	694
1779088264521668	204	698
1779088264521669	204	702
1779088264521669	204	705
1779088264521670	204	712
1779088264521670	204	715
1779088264521671	204	719
1779088264521671	204	722
1779088264521672	204	728
1779088264521672	204	751
1779088264531669	204	384
1779088264531669	204	399
1779088264531670	204	413
1779088264531670	204	417
1779088264531670	204	420
1779088264531671	204	424
1779088264531671	204	440
1779088264531671	204	443
1779088264531672	204	447
1779088264531672	204	451
1779088264531672	204	456
1779088264531673	204	459
1779088264531673	204	463
1779088264531673	204	466
1779088264531674	204	470
1779088264531674	204	474
1779088264531674	204	477
1779088264531675	204	481
1779088264531675	204	484
1779088264531675	204	488
1779088264531676	204	491
1779088264531676	204	496
1779088264531676	204	499
1779088264531677	204	503
1779088264531677	204	506
1779088264531677	204	509
1779088264531678	204	513
1779088264531678	204	516
1779088264531679	204	520
1779088264531679	204	524
1779088264541297	204	409
1779088264541298	204	426
1779088264541299	204	430
1779088264541300	204	433
1779088264541300	204	437
1779088264541301	204	441
1779088264541301	204	444
1779088264541301	204	448
1779088264541302	204	452
1779088264541302	204	456
1779088264541303	204	459
1779088264541303	204	463
1779088264541303	204	466
1779088264541304	204	470
1779088264541304	204	473
1779088264541304	204	477
1779088264541305	204	480
1779088264541305	204	484
1779088264541305	204	487
1779088264541306	204	491
1779088264541306	204	495
1779088264541306	204	499
1779088264541307	204	502
1779088264541307	204	506
1779088264541307	204	509
1779088264541308	204	512
1779088264541308	204	516
1779088264541308	204	519
1779088264541309	204	523
1779088264551919	204	374
1779088264551919	204	386
1779088264551920	204	390
1779088264551920	204	394
1779088264551920	204	398
1779088264551920	204	401
1779088264551921	204	405
1779088264551921	204	408
1779088264551921	204	412
1779088264551922	204	417
1779088264551922	204	420
1779088264551922	204	424
1779088264551922	204	428
1779088264551923	204	431
1779088264551923	204	435
1779088264551923	204	438
1779088264551924	204	442
1779088264551924	204	446
1779088264551924	204	449
1779088264551925	204	458
1779088264551925	204	462
1779088264551925	204	465
1779088264551925	204	469
1779088264551926	204	473
1779088264551926	204	477
1779088264551926	204	480
1779088264551926	204	484
1779088264551927	204	487
1779088264551927	204	492
1779088264551927	204	495
1779088264551928	204	498
1779088264551928	204	502
1779088264561520	204	401
1779088264561521	204	416
1779088264561521	204	421
1779088264561522	204	425
1779088264561522	204	428
1779088264561522	204	432
1779088264561523	204	435
1779088264561523	204	439
1779088264561523	204	442
1779088264561524	204	446
1779088264561524	204	454
1779088264561524	204	458
1779088264561525	204	462
1779088264561525	204	465
1779088264561525	204	469
1779088264561526	204	472
1779088264561527	204	475
1779088264561527	204	478
1779088264561528	204	482
1779088264561528	204	485
1779088264561528	204	489
1779088264561529	204	493
1779088264561529	204	497
1779088264561529	204	500
1779088264561530	204	503
1779088264561530	204	507
1779088264561530	204	510
1779088264561531	204	513
1779088264561531	204	517
1779088264572153	204	409
1779088264572154	204	425
1779088264572154	204	430
1779088264572154	204	433
1779088264572155	204	437
1779088264572155	204	440
1779088264572155	204	444
1779088264572156	204	447
1779088264572156	204	451
1779088264572157	204	454
1779088264572157	204	458
1779088264572157	204	462
1779088264572158	204	466
1779088264572158	204	470
1779088264572158	204	473
1779088264572159	204	477
1779088264572159	204	480
1779088264572159	204	484
1779088264572160	204	487
1779088264572160	204	491
1779088264572160	204	494
1779088264572161	204	498
1779088264572161	204	502
1779088264572161	204	506
1779088264572162	204	509
1779088264572162	204	512
1779088264572162	204	516
1779088264572163	204	519
1779088264572163	204	522
1779088264572163	204	526
1779088264572164	204	530
1779088264581779	204	370
1779088264581779	204	384
1779088264581779	204	389
1779088264581780	204	393
1779088264581780	204	396
1779088264581780	204	400
1779088264581781	204	403
1779088264581781	204	407
1779088264581781	204	410
1779088264581782	204	414
1779088264581782	204	417
1779088264581782	204	422
1779088264581783	204	425
1779088264581783	204	429
1779088264581783	204	433
1779088264581784	204	446
1779088264581784	204	450
1779088264581784	204	454
1779088264581784	204	457
1779088264581785	204	461
1779088264581785	204	465
1779088264581785	204	469
1779088264581786	204	472
1779088264581786	204	476
1779088264581786	204	479
1779088264581786	204	483
1779088264581787	204	486
1779088264581787	204	490
1779088264581787	204	494
1779088264591376	204	407
1779088264591377	204	425
1779088264591377	204	429
1779088264591378	204	433
1779088264591378	204	436
1779088264591378	204	440
1779088264591379	204	443
1779088264591379	204	447
1779088264591380	204	450
1779088264591380	204	454
1779088264591380	204	458
1779088264591381	204	461
1779088264591381	204	465
1779088264591381	204	468
1779088264591382	204	472
1779088264591382	204	475
1779088264591383	204	479
1779088264591383	204	482
1779088264591383	204	485
1779088264591384	204	489
1779088264591384	204	493
1779088264591384	204	497
1779088264591385	204	500
1779088264591385	204	504
1779088264591385	204	507
1779088264591386	204	510
1779088264591386	204	514
1779088264591386	204	517
1779088264591387	204	521
1779088264601996	204	582
1779088264601996	204	600
1779088264601997	204	605
1779088264601997	204	609
1779088264601998	204	613
1779088264601998	204	617
1779088264601998	204	621
1779088264601999	204	624
1779088264601999	204	628
1779088264601999	204	631
1779088264602000	204	635
1779088264602000	204	638
1779088264602001	204	642
1779088264602001	204	645
1779088264602001	204	649
1779088264602002	204	653
1779088264602002	204	656
1779088264602002	204	660
1779088264602003	204	663
1779088264602003	204	667
1779088264602003	204	671
1779088264602004	204	674
1779088264602004	204	678
1779088264602004	204	685
1779088264602005	204	689
1779088264602005	204	707
1779088264602005	204	712
1779088264602006	204	715
1779088264602006	204	719
1779088264602006	204	723
1779088264602007	204	726
1779088264602007	204	730
1779088264611814	204	381
1779088264611814	204	394
1779088264611815	204	398
1779088264611815	204	402
1779088264611816	204	405
1779088264611816	204	409
1779088264611817	204	413
1779088264611817	204	416
1779088264611817	204	420
1779088264611817	204	424
1779088264611818	204	427
1779088264611818	204	431
1779088264611818	204	435
1779088264611819	204	438
1779088264611819	204	442
1779088264611819	204	445
1779088264611819	204	449
1779088264611820	204	452
1779088264611820	204	456
1779088264611820	204	460
1779088264611821	204	464
1779088264611821	204	467
1779088264611821	204	471
1779088264611821	204	474
1779088264611822	204	478
1779088264611822	204	481
1779088264611822	204	485
1779088264611823	204	488
1779088264611823	204	492
1779088264621406	204	431
1779088264621406	204	448
1779088264621406	204	452
1779088264621407	204	456
1779088264621407	204	459
1779088264621407	204	463
1779088264621408	204	467
1779088264621408	204	470
1779088264621408	204	474
1779088264621409	204	478
1779088264621409	204	481
1779088264621410	204	485
1779088264621410	204	489
1779088264621410	204	497
1779088264621411	204	501
1779088264621411	204	504
1779088264621411	204	508
1779088264621412	204	511
1779088264621412	204	515
1779088264621412	204	518
1779088264621413	204	523
1779088264621413	204	527
1779088264621413	204	530
1779088264621414	204	534
1779088264621414	204	537
1779088264621414	204	540
1779088264621415	204	544
1779088264621415	204	547
1779088264621415	204	551
1779088264632054	204	392
1779088264632054	204	405
1779088264632055	204	410
1779088264632055	204	413
1779088264632055	204	417
1779088264632056	204	421
1779088264632056	204	424
1779088264632056	204	428
1779088264632056	204	432
1779088264632057	204	435
1779088264632057	204	439
1779088264632057	204	443
1779088264632058	204	446
1779088264632058	204	450
1779088264632058	204	454
1779088264632058	204	457
1779088264632059	204	461
1779088264632059	204	464
1779088264632059	204	468
1779088264632060	204	472
1779088264632060	204	475
1779088264632060	204	479
1779088264632061	204	482
1779088264632062	204	486
1779088264632062	204	490
1779088264632062	204	493
1779088264632062	204	497
1779088264632063	204	500
1779088264632063	204	503
1779088264632063	204	507
1779088264632064	204	511
1779088264632064	204	526
1779088264641679	204	437
1779088264641679	204	455
1779088264641680	204	459
1779088264641680	204	463
1779088264641680	204	466
1779088264641681	204	470
1779088264641681	204	474
1779088264641682	204	478
1779088264641682	204	481
1779088264641682	204	485
1779088264641683	204	488
1779088264641683	204	492
1779088264641683	204	495
1779088264641684	204	499
1779088264641684	204	502
1779088264641684	204	506
1779088264641685	204	509
1779088264641685	204	513
1779088264641685	204	517
1779088264641686	204	520
1779088264641686	204	525
1779088264641686	204	529
1779088264641687	204	532
1779088264641687	204	535
1779088264641687	204	539
1779088264641688	204	542
1779088264641688	204	546
1779088264641688	204	549
1779088264641689	204	553
1779088264651331	204	413
1779088264651332	204	428
1779088264651332	204	432
1779088264651333	204	436
1779088264651333	204	440
1779088264651333	204	444
1779088264651334	204	447
1779088264651334	204	451
1779088264651334	204	455
1779088264651335	204	459
1779088264651335	204	462
1779088264651335	204	465
1779088264651336	204	469
1779088264651336	204	473
1779088264651336	204	477
1779088264651337	204	480
1779088264651337	204	484
1779088264651338	204	487
1779088264651338	204	491
1779088264651338	204	495
1779088264651339	204	499
1779088264651339	204	503
1779088264651339	204	506
1779088264651340	204	510
1779088264651340	204	513
1779088264651340	204	522
1779088264651341	204	525
1779088264651341	204	529
1779088264651341	204	532
1779088264661960	204	392
1779088264661960	204	405
1779088264661960	204	410
1779088264661961	204	413
1779088264661961	204	417
1779088264661961	204	421
1779088264661961	204	424
1779088264661962	204	428
1779088264661962	204	431
1779088264661962	204	435
1779088264661963	204	438
1779088264661963	204	442
1779088264661963	204	446
1779088264661963	204	449
1779088264661964	204	453
1779088264661964	204	457
1779088264661964	204	460
1779088264661965	204	464
1779088264661965	204	467
1779088264661965	204	471
1779088264661966	204	474
1779088264661966	204	478
1779088264661966	204	482
1779088264661966	204	486
1779088264661967	204	490
1779088264661967	204	493
1779088264661967	204	496
1779088264661967	204	500
1779088264661968	204	503
1779088264661968	204	507
1779088264661969	204	510
1779088264661969	204	513
1779088264671570	204	400
1779088264671570	204	416
1779088264671571	204	421
1779088264671571	204	424
1779088264671571	204	428
1779088264671572	204	432
1779088264671572	204	435
1779088264671572	204	439
1779088264671573	204	442
1779088264671573	204	446
1779088264671573	204	450
1779088264671574	204	453
1779088264671574	204	457
1779088264671574	204	461
1779088264671574	204	464
1779088264671575	204	468
1779088264671575	204	471
1779088264671575	204	475
1779088264671576	204	478
1779088264671576	204	482
1779088264671576	204	486
1779088264671577	204	490
1779088264671577	204	493
1779088264671577	204	497
1779088264671578	204	500
1779088264671578	204	504
1779088264671578	204	507
1779088264671579	204	511
1779088264671579	204	514
1779088264682193	204	583
1779088264682194	204	602
1779088264682194	204	606
1779088264682195	204	610
1779088264682196	204	613
1779088264682196	204	616
1779088264682197	204	620
1779088264682197	204	623
1779088264682199	204	626
1779088264682200	204	629
1779088264682200	204	632
1779088264682201	204	635
1779088264682201	204	639
1779088264682202	204	642
1779088264682202	204	646
1779088264682203	204	649
1779088264682204	204	652
1779088264682204	204	656
1779088264682205	204	659
1779088264682205	204	665
1779088264682206	204	668
1779088264682206	204	686
1779088264682207	204	691
1779088264682207	204	695
1779088264682208	204	699
1779088264682209	204	703
1779088264682209	204	706
1779088264682210	204	709
1779088264682210	204	713
1779088264682211	204	716
1779088264682211	204	729
1779088264682212	204	733
1779088264692019	204	384
1779088264692020	204	398
1779088264692020	204	403
1779088264692020	204	407
1779088264692021	204	410
1779088264692021	204	418
1779088264692021	204	422
1779088264692021	204	426
1779088264692022	204	430
1779088264692022	204	434
1779088264692022	204	438
1779088264692023	204	441
1779088264692023	204	454
1779088264692023	204	458
1779088264692024	204	462
1779088264692024	204	465
1779088264692024	204	468
1779088264692025	204	472
1779088264692025	204	475
1779088264692025	204	479
1779088264692026	204	484
1779088264692026	204	487
1779088264692026	204	491
1779088264692027	204	494
1779088264692027	204	497
1779088264692027	204	501
1779088264692028	204	504
1779088264692028	204	508
1779088264692028	204	512
1779088264701637	204	417
1779088264701637	204	449
1779088264701638	204	455
1779088264701638	204	472
1779088264701639	204	479
1779088264701639	204	485
1779088264701639	204	489
1779088264701640	204	493
1779088264701640	204	496
1779088264701641	204	500
1779088264701641	204	504
1779088264701641	204	508
1779088264701642	204	511
1779088264701642	204	515
1779088264701642	204	518
1779088264701643	204	522
1779088264701643	204	525
1779088264701643	204	529
1779088264701644	204	533
1779088264701644	204	536
1779088264701644	204	541
1779088264701645	204	545
1779088264701646	204	548
1779088264701646	204	552
1779088264701647	204	555
1779088264701647	204	558
1779088264701647	204	562
1779088264701648	204	566
1779088264701648	204	569
1779088264711306	204	351
1779088264711306	204	364
1779088264711307	204	369
1779088264711307	204	372
1779088264711307	204	376
1779088264711308	204	379
1779088264711308	204	383
1779088264711308	204	386
1779088264711308	204	390
1779088264711309	204	395
1779088264711309	204	399
1779088264711309	204	402
1779088264711310	204	406
1779088264711310	204	410
1779088264711310	204	414
1779088264711311	204	418
1779088264711311	204	421
1779088264711311	204	425
1779088264711311	204	429
1779088264711312	204	433
1779088264711312	204	440
1779088264711312	204	444
1779088264711313	204	447
1779088264711313	204	451
1779088264711313	204	455
1779088264711314	204	458
1779088264711314	204	462
1779088264711314	204	466
1779088264711314	204	470
1779088264721874	204	458
1779088264721874	204	478
1779088264721875	204	482
1779088264721875	204	486
1779088264721875	204	489
1779088264721876	204	493
1779088264721876	204	496
1779088264721876	204	500
1779088264721877	204	503
1779088264721877	204	507
1779088264721877	204	510
1779088264721878	204	514
1779088264721878	204	518
1779088264721879	204	521
1779088264721879	204	524
1779088264721879	204	528
1779088264721880	204	531
1779088264721880	204	535
1779088264721880	204	539
1779088264721880	204	542
1779088264721881	204	545
1779088264721881	204	554
1779088264721881	204	557
1779088264721882	204	562
1779088264721882	204	565
1779088264721882	204	569
1779088264721883	204	572
1779088264721883	204	576
1779088264721883	204	579
1779088264721884	204	583
1779088264721884	204	588
1779088264721884	204	591
1779088264731566	204	422
1779088264731566	204	438
1779088264731567	204	442
1779088264731567	204	446
1779088264731567	204	449
1779088264731568	204	453
1779088264731568	204	456
1779088264731569	204	460
1779088264731569	204	464
1779088264731569	204	468
1779088264731570	204	471
1779088264731570	204	474
1779088264731570	204	481
1779088264731571	204	485
1779088264731571	204	488
1779088264731571	204	492
1779088264731572	204	495
1779088264731572	204	499
1779088264731572	204	502
1779088264731573	204	506
1779088264731573	204	510
1779088264731573	204	514
1779088264731574	204	518
1779088264731574	204	521
1779088264731574	204	538
1779088264731575	204	541
1779088264731575	204	545
1779088264731575	204	548
1779088264731576	204	552
1779088264741215	204	323
1779088264741215	204	336
1779088264741216	204	340
1779088264741216	204	344
1779088264741216	204	347
1779088264741217	204	351
1779088264741217	204	355
1779088264741217	204	358
1779088264741217	204	362
1779088264741218	204	365
1779088264741218	204	369
1779088264741218	204	372
1779088264741219	204	376
1779088264741219	204	380
1779088264741219	204	383
1779088264741219	204	387
1779088264741220	204	390
1779088264741220	204	394
1779088264741220	204	398
1779088264741221	204	401
1779088264741221	204	406
1779088264741221	204	409
1779088264741221	204	413
1779088264741222	204	416
1779088264741222	204	420
1779088264741222	204	423
1779088264741222	204	427
1779088264741223	204	430
1779088264741223	204	443
1779088264751754	204	444
1779088264751755	204	464
1779088264751755	204	469
1779088264751756	204	472
1779088264751756	204	476
1779088264751757	204	479
1779088264751757	204	483
1779088264751757	204	486
1779088264751758	204	490
1779088264751758	204	494
1779088264751758	204	497
1779088264751759	204	500
1779088264751759	204	504
1779088264751760	204	506
1779088264751761	204	510
1779088264751761	204	514
1779088264751761	204	517
1779088264751762	204	521
1779088264751762	204	524
1779088264751762	204	527
1779088264751763	204	531
1779088264751763	204	534
1779088264751763	204	539
1779088264751764	204	543
1779088264751764	204	546
1779088264751764	204	549
1779088264751765	204	553
1779088264751765	204	556
1779088264751765	204	559
1779088264751766	204	563
1779088264751766	204	566
1779088264761427	204	553
1779088264761428	204	580
1779088264761428	204	592
1779088264761429	204	598
1779088264761429	204	604
1779088264761430	204	610
1779088264761430	204	616
1779088264761431	204	623
1779088264761431	204	629
1779088264761432	204	635
1779088264761433	204	655
1779088264761433	204	662
1779088264761434	204	678
1779088264761434	204	683
1779088264761435	204	689
1779088264761435	204	694
1779088264761436	204	699
1779088264761436	204	704
1779088264761437	204	708
1779088264761437	204	713
1779088264761438	204	720
1779088264761438	204	724
1779088264761439	204	729
1779088264761439	204	734
1779088264761440	204	739
1779088264761440	204	744
1779088264761441	204	749
1779088264761442	204	754
1779088264761442	204	759
1779088264771321	204	396
1779088264771322	204	415
1779088264771322	204	420
1779088264771323	204	423
1779088264771323	204	427
1779088264771323	204	430
1779088264771324	204	434
1779088264771324	204	438
1779088264771324	204	441
1779088264771325	204	445
1779088264771325	204	448
1779088264771326	204	452
1779088264771326	204	455
1779088264771326	204	460
1779088264771327	204	463
1779088264771327	204	467
1779088264771327	204	470
1779088264771328	204	474
1779088264771328	204	477
1779088264771328	204	480
1779088264771329	204	484
1779088264771329	204	488
1779088264771329	204	492
1779088264771330	204	495
1779088264771330	204	499
1779088264771330	204	502
1779088264771330	204	505
1779088264771331	204	509
1779088264771331	204	512
1779088264771333	204	514
1779088264781946	204	444
1779088264781946	204	463
1779088264781947	204	468
1779088264781947	204	472
1779088264781948	204	475
1779088264781948	204	479
1779088264781948	204	483
1779088264781949	204	486
1779088264781949	204	489
1779088264781949	204	493
1779088264781950	204	496
1779088264781950	204	500
1779088264781950	204	503
1779088264781951	204	507
1779088264781951	204	510
1779088264781951	204	514
1779088264781952	204	517
1779088264781952	204	521
1779088264781952	204	524
1779088264781953	204	528
1779088264781953	204	531
1779088264781953	204	535
1779088264781954	204	538
1779088264781954	204	543
1779088264781954	204	546
1779088264781955	204	550
1779088264781955	204	553
1779088264781955	204	557
1779088264781956	204	560
1779088264781956	204	563
1779088264781957	204	566
1779088264781957	204	570
1779088264791615	204	344
1779088264791615	204	358
1779088264791616	204	363
1779088264791616	204	367
1779088264791616	204	370
1779088264791617	204	374
1779088264791617	204	377
1779088264791617	204	381
1779088264791618	204	385
1779088264791618	204	388
1779088264791618	204	392
1779088264791618	204	396
1779088264791619	204	399
1779088264791619	204	403
1779088264791619	204	411
1779088264791620	204	415
1779088264791620	204	418
1779088264791620	204	422
1779088264791621	204	425
1779088264791621	204	429
1779088264791621	204	433
1779088264791622	204	437
1779088264791622	204	440
1779088264791622	204	444
1779088264791623	204	447
1779088264791623	204	451
1779088264791623	204	455
1779088264791623	204	458
1779088264791624	204	462
1779088264802194	204	409
1779088264802195	204	427
1779088264802196	204	431
1779088264802196	204	435
1779088264802196	204	439
1779088264802197	204	442
1779088264802197	204	447
1779088264802197	204	450
1779088264802198	204	454
1779088264802198	204	457
1779088264802199	204	461
1779088264802199	204	464
1779088264802199	204	480
1779088264802200	204	485
1779088264802200	204	488
1779088264802200	204	492
1779088264802201	204	495
1779088264802201	204	498
1779088264802201	204	502
1779088264802202	204	505
1779088264802202	204	509
1779088264802202	204	512
1779088264802203	204	515
1779088264802203	204	520
1779088264802203	204	524
1779088264802204	204	527
1779088264802204	204	530
1779088264802204	204	534
1779088264802205	204	537
1779088264802205	204	541
1779088264802206	204	544
1779088264802206	204	547
1779088264811857	204	400
1779088264811858	204	418
1779088264811858	204	422
1779088264811859	204	426
1779088264811859	204	429
1779088264811860	204	433
1779088264811860	204	436
1779088264811861	204	440
1779088264811861	204	443
1779088264811861	204	447
1779088264811862	204	450
1779088264811862	204	453
1779088264811863	204	456
1779088264811863	204	460
1779088264811864	204	464
1779088264811864	204	467
1779088264811864	204	471
1779088264811865	204	474
1779088264811865	204	477
1779088264811865	204	481
1779088264811866	204	485
1779088264811866	204	489
1779088264811867	204	492
1779088264811867	204	496
1779088264811867	204	499
1779088264811868	204	502
1779088264811868	204	506
1779088264811868	204	509
1779088264811869	204	512
1779088264821470	204	323
1779088264821471	204	336
1779088264821471	204	341
1779088264821472	204	344
1779088264821472	204	348
1779088264821472	204	352
1779088264821472	204	355
1779088264821473	204	359
1779088264821473	204	362
1779088264821473	204	367
1779088264821473	204	371
1779088264821474	204	375
1779088264821474	204	378
1779088264821474	204	382
1779088264821476	204	384
1779088264821476	204	388
1779088264821476	204	391
1779088264821476	204	395
1779088264821477	204	398
1779088264821477	204	403
1779088264821477	204	406
1779088264821478	204	410
1779088264821478	204	413
1779088264821478	204	417
1779088264821479	204	420
1779088264821479	204	423
1779088264821479	204	431
1779088264821479	204	434
1779088264832006	204	422
1779088264832006	204	440
1779088264832007	204	445
1779088264832007	204	448
1779088264832008	204	452
1779088264832008	204	455
1779088264832008	204	459
1779088264832009	204	462
1779088264832009	204	466
1779088264832010	204	469
1779088264832010	204	472
1779088264832010	204	476
1779088264832011	204	479
1779088264832011	204	483
1779088264832011	204	487
1779088264832012	204	490
1779088264832012	204	493
1779088264832012	204	497
1779088264832013	204	501
1779088264832013	204	504
1779088264832013	204	508
1779088264832014	204	511
1779088264832014	204	515
1779088264832014	204	519
1779088264832014	204	523
1779088264832015	204	526
1779088264832015	204	529
1779088264832016	204	533
1779088264832016	204	536
1779088264832016	204	539
1779088264832016	204	543
1779088264832017	204	546
1779088264841655	204	643
1779088264841656	204	667
1779088264841656	204	673
1779088264841656	204	679
1779088264841657	204	685
1779088264841657	204	692
1779088264841658	204	698
1779088264841658	204	704
1779088264841658	204	710
1779088264841659	204	717
1779088264841659	204	722
1779088264841660	204	728
1779088264841660	204	733
1779088264841660	204	739
1779088264841661	204	744
1779088264841661	204	750
1779088264841661	204	755
1779088264841662	204	760
1779088264841662	204	766
1779088264841662	204	771
1779088264841662	204	778
1779088264841663	204	784
1779088264841663	204	789
1779088264841663	204	795
1779088264841664	204	800
1779088264841664	204	805
1779088264841664	204	811
1779088264841665	204	817
1779088264841665	204	822
1779088264851606	204	379
1779088264851607	204	396
1779088264851607	204	401
1779088264851608	204	404
1779088264851608	204	408
1779088264851608	204	411
1779088264851609	204	415
1779088264851609	204	418
1779088264851610	204	421
1779088264851610	204	425
1779088264851610	204	428
1779088264851611	204	432
1779088264851611	204	435
1779088264851611	204	439
1779088264851612	204	443
1779088264851612	204	446
1779088264851612	204	449
1779088264851613	204	453
1779088264851613	204	456
1779088264851613	204	459
1779088264851614	204	463
1779088264851614	204	468
1779088264851614	204	471
1779088264851615	204	475
1779088264851615	204	478
1779088264851615	204	504
1779088264851616	204	508
1779088264851616	204	512
1779088264851616	204	515
1779088264851617	204	519
1779088264861226	204	382
1779088264861227	204	399
1779088264861227	204	404
1779088264861228	204	410
1779088264861228	204	416
1779088264861228	204	422
1779088264861229	204	427
1779088264861229	204	433
1779088264861229	204	438
1779088264861230	204	450
1779088264861230	204	456
1779088264861231	204	463
1779088264861231	204	469
1779088264861231	204	475
1779088264861232	204	481
1779088264861232	204	487
1779088264861232	204	493
1779088264861233	204	498
1779088264861233	204	505
1779088264861233	204	510
1779088264861234	204	515
1779088264861234	204	519
1779088264861234	204	522
1779088264861235	204	526
1779088264861235	204	529
1779088264861235	204	533
1779088264861235	204	536
1779088264861236	204	540
1779088264861236	204	543
1779088264871872	204	438
1779088264871872	204	456
1779088264871873	204	461
1779088264871873	204	465
1779088264871875	204	467
1779088264871875	204	471
1779088264871875	204	474
1779088264871876	204	478
1779088264871876	204	481
1779088264871877	204	485
1779088264871877	204	488
1779088264871877	204	492
1779088264871878	204	496
1779088264871878	204	499
1779088264871878	204	503
1779088264871879	204	506
1779088264871879	204	510
1779088264871879	204	513
1779088264871880	204	517
1779088264871880	204	520
1779088264871880	204	524
1779088264871881	204	527
1779088264871881	204	531
1779088264871881	204	536
1779088264871882	204	539
1779088264871882	204	543
1779088264871882	204	546
1779088264871883	204	549
1779088264871883	204	553
1779088264871883	204	556
1779088264871884	204	560
1779088264871884	204	564
1779088264881537	204	379
1779088264881538	204	397
1779088264881539	204	402
1779088264881539	204	406
1779088264881539	204	409
1779088264881540	204	412
1779088264881540	204	416
1779088264881540	204	419
1779088264881541	204	423
1779088264881541	204	426
1779088264881542	204	430
1779088264881542	204	433
1779088264881542	204	437
1779088264881543	204	440
1779088264881543	204	444
1779088264881543	204	447
1779088264881544	204	451
1779088264881544	204	455
1779088264881544	204	458
1779088264881545	204	462
1779088264881545	204	466
1779088264881545	204	470
1779088264881546	204	474
1779088264881546	204	477
1779088264881546	204	481
1779088264881547	204	484
1779088264881547	204	488
1779088264881547	204	491
1779088264881548	204	494
1779088264892140	204	407
1779088264892140	204	423
1779088264892141	204	426
1779088264892141	204	430
1779088264892142	204	433
1779088264892142	204	436
1779088264892143	204	439
1779088264892143	204	442
1779088264892144	204	446
1779088264892144	204	449
1779088264892144	204	452
1779088264892145	204	455
1779088264892145	204	458
1779088264892145	204	461
1779088264892146	204	464
1779088264892146	204	467
1779088264892147	204	470
1779088264892147	204	473
1779088264892148	204	475
1779088264892149	204	478
1779088264892149	204	481
1779088264892150	204	484
1779088264892150	204	492
1779088264892151	204	495
1779088264892151	204	498
1779088264892151	204	501
1779088264892152	204	504
1779088264892152	204	507
1779088264892153	204	510
1779088264892153	204	513
1779088264892153	204	516
1779088264901753	204	384
1779088264901753	204	398
1779088264901753	204	402
1779088264901754	204	406
1779088264901754	204	409
1779088264901754	204	413
1779088264901755	204	416
1779088264901755	204	420
1779088264901755	204	423
1779088264901756	204	427
1779088264901756	204	430
1779088264901756	204	434
1779088264901757	204	438
1779088264901757	204	441
1779088264901757	204	448
1779088264901757	204	452
1779088264901758	204	455
1779088264901758	204	459
1779088264901758	204	462
1779088264901759	204	466
1779088264901759	204	470
1779088264901759	204	474
1779088264901760	204	477
1779088264901760	204	480
1779088264901760	204	484
1779088264901760	204	487
1779088264901761	204	491
1779088264901761	204	494
1779088264901761	204	498
1779088264911349	204	388
1779088264911350	204	405
1779088264911350	204	410
1779088264911351	204	414
1779088264911351	204	418
1779088264911352	204	421
1779088264911352	204	425
1779088264911353	204	428
1779088264911353	204	432
1779088264911353	204	445
1779088264911354	204	449
1779088264911354	204	453
1779088264911354	204	457
1779088264911355	204	460
1779088264911355	204	464
1779088264911355	204	468
1779088264911356	204	471
1779088264911356	204	475
1779088264911357	204	478
1779088264911357	204	481
1779088264911357	204	489
1779088264911358	204	492
1779088264911358	204	496
1779088264911358	204	499
1779088264911359	204	503
1779088264911359	204	506
1779088264911359	204	509
1779088264911360	204	513
1779088264911360	204	516
1779088264921970	204	621
1779088264921971	204	646
1779088264921972	204	652
1779088264921973	204	658
1779088264921973	204	663
1779088264921974	204	669
1779088264921974	204	674
1779088264921975	204	679
1779088264921975	204	685
1779088264921976	204	690
1779088264921977	204	695
1779088264921977	204	701
1779088264921978	204	706
1779088264921978	204	712
1779088264921979	204	717
1779088264921979	204	723
1779088264921980	204	728
1779088264921980	204	734
1779088264921981	204	739
1779088264921981	204	744
1779088264921982	204	750
1779088264921983	204	755
1779088264921983	204	761
1779088264921984	204	768
1779088264921984	204	774
1779088264921985	204	779
1779088264921985	204	785
1779088264921986	204	790
1779088264921986	204	795
1779088264921987	204	801
1779088264921987	204	806
1779088264921988	204	811
1779088264931915	204	431
1779088264931915	204	449
1779088264931916	204	454
1779088264931916	204	462
1779088264931917	204	466
1779088264931917	204	470
1779088264931918	204	473
1779088264931918	204	476
1779088264931919	204	479
1779088264931919	204	483
1779088264931920	204	486
1779088264931920	204	490
1779088264931920	204	494
1779088264931921	204	497
1779088264931921	204	501
1779088264931921	204	504
1779088264931922	204	507
1779088264931923	204	511
1779088264931923	204	514
1779088264931924	204	518
1779088264931924	204	521
1779088264931924	204	526
1779088264931925	204	530
1779088264931925	204	533
1779088264931925	204	537
1779088264931926	204	540
1779088264931926	204	544
1779088264931927	204	547
1779088264931927	204	551
1779088264931927	204	554
1779088264941578	204	422
1779088264941579	204	442
1779088264941579	204	446
1779088264941580	204	450
1779088264941581	204	453
1779088264941582	204	456
1779088264941582	204	460
1779088264941582	204	464
1779088264941583	204	467
1779088264941583	204	471
1779088264941584	204	474
1779088264941584	204	478
1779088264941584	204	481
1779088264941585	204	497
1779088264941585	204	502
1779088264941585	204	505
1779088264941586	204	509
1779088264941586	204	524
1779088264941586	204	528
1779088264941587	204	531
1779088264941587	204	536
1779088264941587	204	540
1779088264941588	204	543
1779088264941588	204	547
1779088264941588	204	551
1779088264941589	204	554
1779088264941589	204	558
1779088264941590	204	561
1779088264941590	204	565
1779088264951242	204	349
1779088264951242	204	361
1779088264951242	204	365
1779088264951243	204	369
1779088264951243	204	372
1779088264951243	204	376
1779088264951243	204	379
1779088264951244	204	383
1779088264951244	204	387
1779088264951244	204	391
1779088264951245	204	394
1779088264951245	204	398
1779088264951245	204	402
1779088264951245	204	405
1779088264951246	204	409
1779088264951246	204	412
1779088264951246	204	416
1779088264951247	204	419
1779088264951247	204	423
1779088264951247	204	428
1779088264951248	204	433
1779088264951248	204	448
1779088264951248	204	452
1779088264951248	204	456
1779088264951249	204	460
1779088264951249	204	463
1779088264951249	204	469
1779088264951250	204	480
1779088264951250	204	485
1779088264961814	204	428
1779088264961815	204	445
1779088264961815	204	450
1779088264961816	204	454
1779088264961816	204	457
1779088264961816	204	461
1779088264961817	204	464
1779088264961817	204	468
1779088264961818	204	471
1779088264961818	204	475
1779088264961818	204	479
1779088264961819	204	482
1779088264961819	204	486
1779088264961819	204	489
1779088264961820	204	493
1779088264961820	204	496
1779088264961820	204	500
1779088264961821	204	503
1779088264961821	204	511
1779088264961821	204	515
1779088264961822	204	519
1779088264961822	204	522
1779088264961822	204	527
1779088264961824	204	530
1779088264961824	204	542
1779088264961825	204	546
1779088264961825	204	550
1779088264961825	204	554
1779088264961826	204	557
1779088264961826	204	561
1779088264961826	204	565
1779088264971483	204	371
1779088264971483	204	386
1779088264971483	204	391
1779088264971484	204	395
1779088264971484	204	399
1779088264971484	204	403
1779088264971485	204	406
1779088264971485	204	410
1779088264971485	204	413
1779088264971486	204	417
1779088264971486	204	420
1779088264971487	204	424
1779088264971487	204	427
1779088264971487	204	431
1779088264971487	204	435
1779088264971488	204	438
1779088264971488	204	442
1779088264971489	204	445
1779088264971489	204	449
1779088264971489	204	452
1779088264971490	204	457
1779088264971490	204	460
1779088264971490	204	464
1779088264971491	204	468
1779088264971491	204	471
1779088264971491	204	475
1779088264971492	204	478
1779088264971492	204	484
1779088264971492	204	506
1779088264981196	204	405
1779088264981196	204	428
1779088264981197	204	433
1779088264981197	204	438
1779088264981197	204	441
1779088264981198	204	445
1779088264981198	204	449
1779088264981198	204	453
1779088264981199	204	457
1779088264981199	204	460
1779088264981199	204	464
1779088264981199	204	467
1779088264981200	204	471
1779088264981200	204	474
1779088264981200	204	478
1779088264981201	204	482
1779088264981201	204	485
1779088264981201	204	489
1779088264981202	204	492
1779088264981202	204	496
1779088264981202	204	500
1779088264981203	204	505
1779088264981203	204	509
1779088264981203	204	513
1779088264981203	204	516
1779088264981204	204	520
1779088264981204	204	524
1779088264981204	204	527
1779088264981205	204	531
1779088264981205	204	534
1779088264991838	204	438
1779088264991838	204	458
1779088264991839	204	463
1779088264991839	204	466
1779088264991840	204	470
1779088264991840	204	474
1779088264991840	204	477
1779088264991841	204	481
1779088264991841	204	484
1779088264991841	204	488
1779088264991842	204	491
1779088264991842	204	495
1779088264991842	204	499
1779088264991843	204	502
1779088264991843	204	505
1779088264991843	204	509
1779088264991844	204	513
1779088264991844	204	516
1779088264991845	204	520
1779088264991845	204	523
1779088264991845	204	527
1779088264991846	204	530
1779088264991846	204	533
1779088264991847	204	538
1779088264991847	204	542
1779088264991847	204	546
1779088264991848	204	549
1779088264991848	204	553
1779088264991849	204	556
1779088264991849	204	560
1779088264991849	204	567
1779088264991850	204	570
1779088265001505	204	454
1779088265001506	204	472
1779088265001506	204	480
1779088265001507	204	486
1779088265001507	204	493
1779088265001508	204	499
1779088265001509	204	505
1779088265001509	204	510
1779088265001510	204	516
1779088265001511	204	522
1779088265001511	204	529
1779088265001512	204	535
1779088265001512	204	541
1779088265001513	204	547
1779088265001513	204	553
1779088265001514	204	572
1779088265001515	204	578
1779088265001515	204	595
1779088265001516	204	601
1779088265001516	204	607
1779088265001517	204	615
1779088265001517	204	620
1779088265001518	204	626
1779088265001518	204	632
1779088265001519	204	638
1779088265001519	204	643
1779088265001520	204	648
1779088265001521	204	654
1779088265001521	204	659
1779088265011276	204	340
1779088265011277	204	353
1779088265011277	204	357
1779088265011277	204	360
1779088265011278	204	364
1779088265011278	204	367
1779088265011278	204	371
1779088265011279	204	374
1779088265011279	204	378
1779088265011280	204	381
1779088265011280	204	385
1779088265011280	204	388
1779088265011281	204	392
1779088265011281	204	395
1779088265011281	204	399
1779088265011282	204	402
1779088265011282	204	406
1779088265011282	204	410
1779088265011283	204	413
1779088265011283	204	416
1779088265011283	204	421
1779088265011283	204	424
1779088265011284	204	428
1779088265011284	204	431
1779088265011284	204	434
1779088265011285	204	438
1779088265011285	204	442
1779088265011285	204	445
1779088265011286	204	448
1779088265021820	204	417
1779088265021820	204	432
1779088265021820	204	437
1779088265021821	204	441
1779088265021821	204	445
1779088265021821	204	448
1779088265021822	204	451
1779088265021822	204	455
1779088265021823	204	468
1779088265021823	204	472
1779088265021824	204	475
1779088265021824	204	479
1779088265021824	204	483
1779088265021824	204	487
1779088265021825	204	490
1779088265021825	204	494
1779088265021825	204	497
1779088265021826	204	501
1779088265021826	204	504
1779088265021826	204	507
1779088265021827	204	511
1779088265021827	204	514
1779088265021827	204	519
1779088265021828	204	522
1779088265021828	204	526
1779088265021828	204	529
1779088265021829	204	533
1779088265021829	204	536
1779088265021829	204	539
1779088265021830	204	543
1779088265021830	204	546
1779088265031461	204	332
1779088265031461	204	344
1779088265031461	204	348
1779088265031462	204	352
1779088265031462	204	356
1779088265031462	204	360
1779088265031462	204	363
1779088265031463	204	367
1779088265031463	204	370
1779088265031463	204	374
1779088265031464	204	378
1779088265031464	204	386
1779088265031464	204	389
1779088265031464	204	393
1779088265031465	204	396
1779088265031465	204	400
1779088265031465	204	404
1779088265031466	204	407
1779088265031466	204	411
1779088265031466	204	414
1779088265031466	204	418
1779088265031467	204	422
1779088265031467	204	425
1779088265031467	204	429
1779088265031468	204	432
1779088265031468	204	435
1779088265031469	204	438
1779088265031469	204	442
1779088265031469	204	445
1779088265042004	204	436
1779088265042005	204	453
1779088265042005	204	458
1779088265042006	204	461
1779088265042006	204	465
1779088265042007	204	468
1779088265042007	204	472
1779088265042007	204	475
1779088265042008	204	479
1779088265042008	204	482
1779088265042008	204	486
1779088265042009	204	489
1779088265042009	204	493
1779088265042010	204	497
1779088265042010	204	500
1779088265042010	204	504
1779088265042011	204	507
1779088265042011	204	511
1779088265042011	204	514
1779088265042012	204	518
1779088265042012	204	521
1779088265042012	204	524
1779088265042013	204	528
1779088265042013	204	533
1779088265042013	204	536
1779088265042014	204	539
1779088265042014	204	543
1779088265042014	204	546
1779088265042015	204	550
1779088265042015	204	553
1779088265042015	204	556
1779088265042016	204	560
1779088265051664	204	380
1779088265051664	204	395
1779088265051665	204	400
1779088265051665	204	404
1779088265051665	204	407
1779088265051666	204	411
1779088265051666	204	415
1779088265051666	204	418
1779088265051667	204	422
1779088265051667	204	425
1779088265051667	204	428
1779088265051668	204	444
1779088265051668	204	448
1779088265051668	204	452
1779088265051668	204	455
1779088265051669	204	459
1779088265051669	204	462
1779088265051669	204	466
1779088265051670	204	469
1779088265051670	204	473
1779088265051670	204	477
1779088265051671	204	481
1779088265051671	204	485
1779088265051671	204	488
1779088265051672	204	492
1779088265051672	204	495
1779088265051672	204	498
1779088265051673	204	502
1779088265051673	204	506
1779088265061265	204	321
1779088265061265	204	333
1779088265061266	204	337
1779088265061266	204	341
1779088265061266	204	345
1779088265061267	204	348
1779088265061267	204	352
1779088265061267	204	355
1779088265061267	204	359
1779088265061268	204	363
1779088265061268	204	366
1779088265061268	204	370
1779088265061269	204	374
1779088265061269	204	377
1779088265061269	204	381
1779088265061269	204	384
1779088265061270	204	388
1779088265061270	204	392
1779088265061270	204	395
1779088265061271	204	399
1779088265061271	204	403
1779088265061271	204	406
1779088265061271	204	410
1779088265061272	204	413
1779088265061272	204	422
1779088265061272	204	425
1779088265061273	204	429
1779088265061273	204	433
1779088265061273	204	436
1779088265071798	204	916
1779088265071798	204	931
1779088265071799	204	935
1779088265071799	204	940
1779088265071799	204	944
1779088265071800	204	947
1779088265071800	204	951
1779088265071800	204	954
1779088265071801	204	958
1779088265071801	204	963
1779088265071801	204	966
1779088265071802	204	969
1779088265071802	204	972
1779088265071802	204	975
1779088265071803	204	979
1779088265071803	204	982
1779088265071803	204	985
1779088265071804	204	991
1779088265071804	204	995
1779088265071804	204	998
1779088265071805	204	1001
1779088265071805	204	1004
1779088265071805	204	1016
1779088265071806	204	1019
1779088265071806	204	1022
1779088265071806	204	1025
1779088265071807	204	1028
1779088265071807	204	1031
1779088265071807	204	1034
1779088265071807	204	1037
1779088265071808	204	1040
1779088265081932	204	557
1779088265081933	204	572
1779088265081934	204	576
1779088265081934	204	579
1779088265081935	204	583
1779088265081935	204	587
1779088265081936	204	590
1779088265081936	204	593
1779088265081937	204	597
1779088265081937	204	600
1779088265081938	204	604
1779088265081938	204	607
1779088265081939	204	610
1779088265081940	204	613
1779088265081941	204	616
1779088265081941	204	620
1779088265081942	204	625
1779088265081942	204	629
1779088265081943	204	646
1779088265081943	204	651
1779088265081944	204	654
1779088265081944	204	658
1779088265081945	204	662
1779088265081945	204	665
1779088265081946	204	669
1779088265081946	204	672
1779088265081947	204	677
1779088265081947	204	689
1779088265081948	204	693
1779088265081949	204	696
1779088265081949	204	700
1779088265091730	204	406
1779088265091731	204	422
1779088265091731	204	426
1779088265091731	204	430
1779088265091732	204	434
1779088265091732	204	438
1779088265091732	204	441
1779088265091733	204	445
1779088265091733	204	448
1779088265091734	204	452
1779088265091734	204	456
1779088265091734	204	459
1779088265091734	204	463
1779088265091735	204	466
1779088265091735	204	470
1779088265091735	204	473
1779088265091736	204	477
1779088265091736	204	480
1779088265091736	204	484
1779088265091737	204	487
1779088265091737	204	492
1779088265091738	204	495
1779088265091738	204	499
1779088265091738	204	502
1779088265091739	204	506
1779088265091739	204	509
1779088265091739	204	512
1779088265091740	204	516
1779088265091740	204	519
1779088265101350	204	400
1779088265101351	204	416
1779088265101351	204	420
1779088265101351	204	424
1779088265101352	204	427
1779088265101352	204	431
1779088265101353	204	439
1779088265101353	204	443
1779088265101353	204	447
1779088265101354	204	450
1779088265101354	204	454
1779088265101354	204	457
1779088265101355	204	461
1779088265101355	204	464
1779088265101355	204	468
1779088265101356	204	472
1779088265101356	204	475
1779088265101356	204	478
1779088265101357	204	482
1779088265101357	204	486
1779088265101357	204	490
1779088265101358	204	494
1779088265101358	204	497
1779088265101358	204	501
1779088265101359	204	504
1779088265101359	204	508
1779088265101359	204	512
1779088265101359	204	517
1779088265101360	204	537
1779088265112092	204	408
1779088265112092	204	421
1779088265112092	204	425
1779088265112093	204	429
1779088265112093	204	433
1779088265112093	204	436
1779088265112094	204	440
1779088265112094	204	444
1779088265112094	204	448
1779088265112095	204	451
1779088265112095	204	455
1779088265112095	204	458
1779088265112096	204	462
1779088265112096	204	466
1779088265112096	204	469
1779088265112097	204	473
1779088265112097	204	476
1779088265112097	204	480
1779088265112097	204	484
1779088265112098	204	487
1779088265112108	204	491
1779088265112109	204	484
1779088265112109	204	487
1779088265112109	204	492
1779088265112110	204	509
1779088265112110	204	513
1779088265112110	204	517
1779088265112111	204	520
1779088265112111	204	524
1779088265112111	204	530
1779088265112112	204	542
1779088265112112	204	545
1779088265121735	204	398
1779088265121736	204	413
1779088265121736	204	417
1779088265121736	204	420
1779088265121737	204	424
1779088265121737	204	428
1779088265121737	204	431
1779088265121738	204	435
1779088265121738	204	439
1779088265121738	204	442
1779088265121739	204	446
1779088265121739	204	450
1779088265121739	204	453
1779088265121740	204	457
1779088265121740	204	460
1779088265121740	204	464
1779088265121741	204	467
1779088265121741	204	471
1779088265121741	204	475
1779088265121742	204	478
1779088265121742	204	483
1779088265121742	204	487
1779088265121742	204	490
1779088265121743	204	497
1779088265121743	204	514
1779088265121743	204	518
1779088265121744	204	522
1779088265121744	204	526
1779088265121744	204	530
1779088265131353	204	503
1779088265131354	204	519
1779088265131355	204	524
1779088265131355	204	527
1779088265131355	204	542
1779088265131356	204	546
1779088265131356	204	549
1779088265131356	204	553
1779088265131357	204	556
1779088265131357	204	560
1779088265131357	204	563
1779088265131358	204	567
1779088265131358	204	572
1779088265131358	204	576
1779088265131359	204	580
1779088265131359	204	583
1779088265131359	204	587
1779088265131359	204	605
1779088265131360	204	610
1779088265131360	204	619
1779088265131360	204	623
1779088265131361	204	627
1779088265131361	204	630
1779088265131361	204	634
1779088265131362	204	640
1779088265131362	204	652
1779088265131362	204	656
1779088265131363	204	660
1779088265131363	204	666
1779088265142110	204	379
1779088265142111	204	391
1779088265142111	204	395
1779088265142111	204	399
1779088265142112	204	402
1779088265142112	204	406
1779088265142112	204	410
1779088265142112	204	414
1779088265142113	204	417
1779088265142113	204	421
1779088265142113	204	424
1779088265142114	204	428
1779088265142114	204	431
1779088265142114	204	435
1779088265142114	204	439
1779088265142115	204	442
1779088265142115	204	446
1779088265142115	204	449
1779088265142116	204	453
1779088265142116	204	456
1779088265142116	204	460
1779088265142116	204	464
1779088265142117	204	467
1779088265142117	204	472
1779088265142117	204	475
1779088265142117	204	479
1779088265142118	204	482
1779088265142118	204	486
1779088265142118	204	490
1779088265142119	204	493
1779088265142119	204	497
1779088265142120	204	500
1779088265151704	204	380
1779088265151704	204	406
1779088265151705	204	411
1779088265151705	204	414
1779088265151705	204	418
1779088265151706	204	422
1779088265151706	204	425
1779088265151706	204	429
1779088265151706	204	433
1779088265151707	204	437
1779088265151707	204	440
1779088265151707	204	444
1779088265151708	204	447
1779088265151708	204	451
1779088265151708	204	455
1779088265151709	204	458
1779088265151709	204	461
1779088265151710	204	465
1779088265151710	204	468
1779088265151710	204	472
1779088265151711	204	476
1779088265151711	204	480
1779088265151711	204	483
1779088265151711	204	486
1779088265151712	204	490
1779088265151712	204	493
1779088265151712	204	497
1779088265151713	204	501
1779088265151713	204	504
1779088265161302	204	452
1779088265161302	204	474
1779088265161302	204	479
1779088265161302	204	482
1779088265161303	204	485
1779088265161303	204	489
1779088265161303	204	492
1779088265161304	204	495
1779088265161304	204	498
1779088265161304	204	501
1779088265161304	204	504
1779088265161305	204	507
1779088265161305	204	510
1779088265161305	204	515
1779088265161306	204	518
1779088265161306	204	521
1779088265161306	204	524
1779088265161306	204	527
1779088265161307	204	530
1779088265161307	204	533
1779088265161307	204	538
1779088265161307	204	542
1779088265161308	204	545
1779088265161308	204	548
1779088265161308	204	551
1779088265161309	204	554
1779088265161309	204	557
1779088265161309	204	560
1779088265161310	204	563
1779088265171982	204	444
1779088265171983	204	461
1779088265171983	204	470
1779088265171984	204	473
1779088265171984	204	477
1779088265171985	204	480
1779088265171986	204	483
1779088265171986	204	488
1779088265171987	204	491
1779088265171987	204	495
1779088265171988	204	498
1779088265171988	204	502
1779088265171988	204	506
1779088265171989	204	509
1779088265171989	204	513
1779088265171990	204	516
1779088265171990	204	520
1779088265171990	204	523
1779088265171991	204	527
1779088265171991	204	530
1779088265171992	204	533
1779088265171992	204	536
1779088265171993	204	540
1779088265171993	204	544
1779088265171994	204	548
1779088265171994	204	551
1779088265171994	204	554
1779088265171995	204	558
1779088265171995	204	561
1779088265171995	204	565
1779088265171996	204	568
1779088265171996	204	571
1779088265181658	204	389
1779088265181659	204	404
1779088265181660	204	408
1779088265181660	204	423
1779088265181661	204	427
1779088265181661	204	430
1779088265181662	204	434
1779088265181663	204	448
1779088265181663	204	452
1779088265181664	204	456
1779088265181664	204	459
1779088265181665	204	462
1779088265181665	204	466
1779088265181666	204	469
1779088265181666	204	499
1779088265181667	204	504
1779088265181667	204	508
1779088265181668	204	521
1779088265181668	204	525
1779088265181668	204	528
1779088265181669	204	533
1779088265181670	204	536
1779088265181670	204	539
1779088265181670	204	543
1779088265181671	204	546
1779088265181671	204	549
1779088265181671	204	553
1779088265181672	204	556
1779088265181672	204	560
1779088265191331	204	482
1779088265191332	204	502
1779088265191333	204	506
1779088265191333	204	510
1779088265191334	204	514
1779088265191334	204	518
1779088265191335	204	522
1779088265191335	204	525
1779088265191336	204	529
1779088265191336	204	532
1779088265191337	204	536
1779088265191337	204	539
1779088265191338	204	543
1779088265191338	204	547
1779088265191338	204	550
1779088265191339	204	554
1779088265191339	204	557
1779088265191340	204	560
1779088265191340	204	564
1779088265191341	204	567
1779088265191341	204	572
1779088265191342	204	575
1779088265191342	204	578
1779088265191342	204	582
1779088265191343	204	585
1779088265191343	204	588
1779088265191344	204	592
1779088265191344	204	595
1779088265191344	204	599
1779088265202042	204	451
1779088265202042	204	470
1779088265202043	204	475
1779088265202044	204	478
1779088265202045	204	481
1779088265202046	204	483
1779088265202047	204	486
1779088265202048	204	490
1779088265202048	204	493
1779088265202048	204	497
1779088265202049	204	500
1779088265202050	204	503
1779088265202050	204	506
1779088265202051	204	510
1779088265202051	204	518
1779088265202052	204	521
1779088265202052	204	525
1779088265202053	204	528
1779088265202053	204	531
1779088265202054	204	535
1779088265202054	204	538
1779088265202054	204	542
1779088265202055	204	545
1779088265202055	204	550
1779088265202056	204	553
1779088265202057	204	556
1779088265202057	204	559
1779088265202057	204	563
1779088265202058	204	566
1779088265202058	204	569
1779088265202058	204	573
1779088265202059	204	576
1779088265211735	204	431
1779088265211736	204	447
1779088265211737	204	452
1779088265211737	204	456
1779088265211738	204	459
1779088265211738	204	462
1779088265211739	204	466
1779088265211739	204	469
1779088265211740	204	472
1779088265211740	204	477
1779088265211741	204	480
1779088265211741	204	484
1779088265211741	204	487
1779088265211742	204	491
1779088265211742	204	495
1779088265211743	204	498
1779088265211743	204	502
1779088265211743	204	506
1779088265211744	204	509
1779088265211744	204	512
1779088265211745	204	517
1779088265211745	204	520
1779088265211745	204	524
1779088265211746	204	527
1779088265211746	204	531
1779088265211747	204	534
1779088265211747	204	538
1779088265211747	204	541
1779088265211748	204	544
1779088265221379	204	332
1779088265221379	204	345
1779088265221379	204	349
1779088265221380	204	353
1779088265221380	204	357
1779088265221380	204	360
1779088265221380	204	364
1779088265221381	204	367
1779088265221381	204	371
1779088265221381	204	375
1779088265221382	204	378
1779088265221382	204	382
1779088265221382	204	386
1779088265221383	204	389
1779088265221383	204	393
1779088265221383	204	396
1779088265221384	204	400
1779088265221384	204	403
1779088265221384	204	407
1779088265221385	204	410
1779088265221386	204	414
1779088265221386	204	418
1779088265221386	204	421
1779088265221386	204	425
1779088265221387	204	428
1779088265221387	204	431
1779088265221387	204	435
1779088265221388	204	438
1779088265221388	204	443
1779088265231917	204	415
1779088265231918	204	429
1779088265231918	204	434
1779088265231918	204	437
1779088265231919	204	441
1779088265231919	204	444
1779088265231919	204	448
1779088265231920	204	451
1779088265231920	204	455
1779088265231920	204	459
1779088265231921	204	462
1779088265231921	204	466
1779088265231921	204	469
1779088265231921	204	473
1779088265231922	204	476
1779088265231922	204	480
1779088265231923	204	483
1779088265231923	204	487
1779088265231923	204	490
1779088265231924	204	494
1779088265231924	204	497
1779088265231924	204	501
1779088265231924	204	504
1779088265231925	204	509
1779088265231925	204	512
1779088265231925	204	515
1779088265231926	204	519
1779088265231926	204	526
1779088265231926	204	530
1779088265231927	204	533
1779088265231927	204	537
1779088265231928	204	540
1779088265241553	204	454
1779088265241554	204	484
1779088265241554	204	491
1779088265241555	204	497
1779088265241555	204	503
1779088265241555	204	510
1779088265241555	204	529
1779088265241556	204	537
1779088265241556	204	554
1779088265241556	204	560
1779088265241557	204	567
1779088265241557	204	573
1779088265241557	204	579
1779088265241557	204	586
1779088265241558	204	593
1779088265241558	204	598
1779088265241558	204	608
1779088265241558	204	614
1779088265241559	204	620
1779088265241559	204	626
1779088265241559	204	634
1779088265241560	204	641
1779088265241560	204	647
1779088265241560	204	653
1779088265241560	204	658
1779088265241561	204	665
1779088265241561	204	670
1779088265241561	204	676
1779088265241562	204	682
1779088265251353	204	380
1779088265251353	204	397
1779088265251354	204	404
1779088265251354	204	410
1779088265251355	204	416
1779088265251355	204	422
1779088265251355	204	428
1779088265251356	204	434
1779088265251356	204	439
1779088265251357	204	445
1779088265251357	204	451
1779088265251357	204	457
1779088265251357	204	463
1779088265251358	204	469
1779088265251358	204	475
1779088265251358	204	481
1779088265251359	204	486
1779088265251359	204	492
1779088265251360	204	498
1779088265251360	204	504
1779088265251360	204	511
1779088265251361	204	517
1779088265251361	204	523
1779088265251361	204	529
1779088265251362	204	534
1779088265251362	204	540
1779088265251362	204	546
1779088265251363	204	552
1779088265251363	204	558
1779088265262021	204	429
1779088265262022	204	446
1779088265262022	204	453
1779088265262022	204	459
1779088265262023	204	465
1779088265262023	204	471
1779088265262023	204	477
1779088265262024	204	483
1779088265262024	204	489
1779088265262025	204	495
1779088265262025	204	501
1779088265262025	204	508
1779088265262026	204	513
1779088265262026	204	519
1779088265262026	204	525
1779088265262027	204	531
1779088265262027	204	537
1779088265262027	204	542
1779088265262028	204	549
1779088265262028	204	555
1779088265262028	204	560
1779088265262029	204	566
1779088265262029	204	572
1779088265262029	204	580
1779088265262029	204	586
1779088265262030	204	591
1779088265262030	204	597
1779088265262030	204	603
1779088265262031	204	609
1779088265262031	204	615
1779088265262032	204	621
1779088265262032	204	627
1779088265271755	204	326
1779088265271755	204	341
1779088265271756	204	359
1779088265271756	204	366
1779088265271756	204	372
1779088265271757	204	378
1779088265271758	204	383
1779088265271758	204	394
1779088265271758	204	400
1779088265271758	204	406
1779088265271759	204	413
1779088265271759	204	419
1779088265271759	204	425
1779088265271760	204	431
1779088265271760	204	437
1779088265271760	204	443
1779088265271760	204	449
1779088265271761	204	455
1779088265271761	204	460
1779088265271761	204	466
1779088265271762	204	474
1779088265271762	204	480
1779088265271762	204	485
1779088265271762	204	491
1779088265271763	204	497
1779088265271763	204	503
1779088265271763	204	509
1779088265271764	204	515
1779088265271764	204	521
1779088265281384	204	380
1779088265281385	204	397
1779088265281385	204	405
1779088265281386	204	410
1779088265281386	204	415
1779088265281387	204	423
1779088265281387	204	429
1779088265281387	204	435
1779088265281388	204	440
1779088265281388	204	446
1779088265281388	204	452
1779088265281389	204	458
1779088265281389	204	463
1779088265281390	204	469
1779088265281390	204	475
1779088265281390	204	481
1779088265281390	204	486
1779088265281391	204	492
1779088265281391	204	498
1779088265281392	204	504
1779088265281392	204	512
1779088265281392	204	517
1779088265281393	204	523
1779088265281393	204	529
1779088265281393	204	535
1779088265281393	204	541
1779088265281394	204	546
1779088265281394	204	552
1779088265281394	204	558
1779088265292073	204	418
1779088265292074	204	436
1779088265292074	204	443
1779088265292075	204	449
1779088265292075	204	455
1779088265292075	204	461
1779088265292076	204	467
1779088265292076	204	473
1779088265292076	204	478
1779088265292077	204	484
1779088265292077	204	490
1779088265292078	204	496
1779088265292078	204	501
1779088265292079	204	507
1779088265292079	204	514
1779088265292079	204	520
1779088265292080	204	525
1779088265292080	204	545
1779088265292080	204	551
1779088265292081	204	556
1779088265292081	204	562
1779088265292082	204	568
1779088265292082	204	574
1779088265292082	204	581
1779088265292083	204	586
1779088265292084	204	592
1779088265292084	204	598
1779088265292085	204	604
1779088265292085	204	610
1779088265292085	204	616
1779088265292086	204	622
1779088265292087	204	628
1779088265301812	204	373
1779088265301812	204	391
1779088265301813	204	398
1779088265301813	204	404
1779088265301814	204	410
1779088265301814	204	416
1779088265301814	204	421
1779088265301815	204	427
1779088265301815	204	433
1779088265301815	204	439
1779088265301815	204	445
1779088265301816	204	451
1779088265301816	204	457
1779088265301816	204	463
1779088265301817	204	469
1779088265301817	204	475
1779088265301817	204	480
1779088265301818	204	486
1779088265301818	204	492
1779088265301818	204	498
1779088265301819	204	511
1779088265301819	204	517
1779088265301819	204	523
1779088265301820	204	529
1779088265301820	204	535
1779088265301820	204	540
1779088265301821	204	546
1779088265301821	204	552
1779088265301821	204	560
1779088265311485	204	402
1779088265311485	204	421
1779088265311486	204	428
1779088265311486	204	434
1779088265311486	204	440
1779088265311487	204	446
1779088265311487	204	453
1779088265311488	204	459
1779088265311488	204	465
1779088265311488	204	471
1779088265311489	204	477
1779088265311489	204	482
1779088265311489	204	488
1779088265311490	204	495
1779088265311490	204	501
1779088265311490	204	507
1779088265311491	204	512
1779088265311491	204	518
1779088265311491	204	524
1779088265311492	204	530
1779088265311492	204	537
1779088265311492	204	544
1779088265311493	204	550
1779088265311493	204	556
1779088265311493	204	561
1779088265311494	204	568
1779088265311494	204	573
1779088265311494	204	579
1779088265311495	204	585
1779088265322193	204	578
1779088265322194	204	598
1779088265322195	204	605
1779088265322195	204	611
1779088265322196	204	617
1779088265322196	204	623
1779088265322197	204	629
1779088265322197	204	635
1779088265322198	204	641
1779088265322198	204	647
1779088265322199	204	653
1779088265322199	204	659
1779088265322200	204	665
1779088265322201	204	671
1779088265322201	204	677
1779088265322202	204	682
1779088265322202	204	688
1779088265322203	204	694
1779088265322203	204	700
1779088265322204	204	705
1779088265322204	204	711
1779088265322205	204	717
1779088265322206	204	722
1779088265322206	204	728
1779088265322206	204	736
1779088265322207	204	742
1779088265322207	204	748
1779088265322208	204	753
1779088265322209	204	759
1779088265322209	204	765
1779088265322210	204	770
1779088265322210	204	776
1779088265322213	204	780
1779088265332096	204	394
1779088265332096	204	412
1779088265332097	204	418
1779088265332097	204	424
1779088265332098	204	430
1779088265332098	204	436
1779088265332098	204	443
1779088265332099	204	449
1779088265332099	204	456
1779088265332109	204	452
1779088265332109	204	458
1779088265332109	204	464
1779088265332110	204	470
1779088265332110	204	476
1779088265332110	204	482
1779088265332111	204	488
1779088265332111	204	494
1779088265332111	204	500
1779088265332111	204	506
1779088265332112	204	512
1779088265332112	204	519
1779088265332112	204	525
1779088265332113	204	531
1779088265332113	204	537
1779088265332114	204	543
1779088265332114	204	549
1779088265332114	204	555
1779088265332115	204	561
1779088265332115	204	567
1779088265341783	204	590
1779088265341784	204	608
1779088265341784	204	623
1779088265341784	204	630
1779088265341785	204	637
1779088265341785	204	643
1779088265341785	204	649
1779088265341786	204	655
1779088265341786	204	661
1779088265341787	204	666
1779088265341788	204	672
1779088265341788	204	678
1779088265341788	204	684
1779088265341789	204	690
1779088265341789	204	695
1779088265341789	204	701
1779088265341790	204	707
1779088265341790	204	713
1779088265341790	204	719
1779088265341791	204	725
1779088265341791	204	733
1779088265341791	204	739
1779088265341792	204	745
1779088265341792	204	751
1779088265341792	204	757
1779088265341792	204	763
1779088265341793	204	769
1779088265341793	204	775
1779088265341793	204	781
1779088265351688	204	433
1779088265351688	204	450
1779088265351689	204	457
1779088265351689	204	462
1779088265351690	204	469
1779088265351690	204	475
1779088265351690	204	481
1779088265351691	204	487
1779088265351691	204	494
1779088265351691	204	500
1779088265351692	204	506
1779088265351692	204	511
1779088265351692	204	518
1779088265351693	204	524
1779088265351693	204	529
1779088265351693	204	535
1779088265351693	204	541
1779088265351694	204	547
1779088265351694	204	553
1779088265351694	204	559
1779088265351695	204	565
1779088265351695	204	573
1779088265351695	204	579
1779088265351696	204	585
1779088265351696	204	591
1779088265351697	204	597
1779088265351697	204	602
1779088265351697	204	608
1779088265351697	204	614
1779088265351698	204	621
1779088265361433	204	401
1779088265361434	204	422
1779088265361435	204	429
1779088265361435	204	435
1779088265361435	204	442
1779088265361436	204	448
1779088265361436	204	454
1779088265361436	204	460
1779088265361437	204	466
1779088265361437	204	473
1779088265361438	204	480
1779088265361438	204	486
1779088265361438	204	492
1779088265361439	204	498
1779088265361439	204	504
1779088265361439	204	509
1779088265361440	204	515
1779088265361440	204	521
1779088265361440	204	526
1779088265361441	204	532
1779088265361441	204	540
1779088265361442	204	546
1779088265361442	204	552
1779088265361442	204	557
1779088265361442	204	563
1779088265361443	204	569
1779088265361444	204	574
1779088265361444	204	580
1779088265361445	204	586
1779088265372146	204	460
1779088265372147	204	480
1779088265372147	204	487
1779088265372148	204	493
1779088265372148	204	498
1779088265372149	204	504
1779088265372149	204	510
1779088265372150	204	516
1779088265372150	204	522
1779088265372151	204	528
1779088265372151	204	534
1779088265372152	204	539
1779088265372152	204	545
1779088265372153	204	551
1779088265372153	204	556
1779088265372154	204	562
1779088265372154	204	574
1779088265372155	204	580
1779088265372155	204	586
1779088265372156	204	592
1779088265372156	204	598
1779088265372156	204	604
1779088265372157	204	609
1779088265372157	204	617
1779088265372158	204	623
1779088265372158	204	629
1779088265372159	204	634
1779088265372159	204	640
1779088265372160	204	646
1779088265372160	204	652
1779088265372161	204	658
1779088265372162	204	663
1779088265381932	204	378
1779088265381933	204	396
1779088265381933	204	403
1779088265381934	204	409
1779088265381934	204	415
1779088265381934	204	421
1779088265381934	204	427
1779088265381935	204	433
1779088265381935	204	439
1779088265381935	204	446
1779088265381936	204	452
1779088265381936	204	458
1779088265381936	204	464
1779088265381937	204	470
1779088265381937	204	476
1779088265381937	204	481
1779088265381938	204	488
1779088265381938	204	494
1779088265381938	204	500
1779088265381939	204	505
1779088265381939	204	511
1779088265381939	204	519
1779088265381940	204	525
1779088265381940	204	531
1779088265381940	204	537
1779088265381940	204	543
1779088265381941	204	549
1779088265381941	204	555
1779088265381941	204	562
1779088265381942	204	568
1779088265391617	204	392
1779088265391618	204	411
1779088265391618	204	418
1779088265391619	204	423
1779088265391619	204	429
1779088265391619	204	435
1779088265391620	204	441
1779088265391620	204	447
1779088265391620	204	453
1779088265391621	204	459
1779088265391621	204	465
1779088265391621	204	471
1779088265391622	204	476
1779088265391622	204	496
1779088265391622	204	502
1779088265391623	204	508
1779088265391623	204	513
1779088265391623	204	519
1779088265391624	204	525
1779088265391624	204	531
1779088265391624	204	539
1779088265391625	204	544
1779088265391625	204	550
1779088265391625	204	556
1779088265391626	204	562
1779088265391626	204	568
1779088265391626	204	574
1779088265391627	204	580
1779088265391627	204	585
1779088265401314	204	376
1779088265401314	204	394
1779088265401315	204	402
1779088265401315	204	407
1779088265401315	204	414
1779088265401316	204	419
1779088265401316	204	426
1779088265401317	204	431
1779088265401317	204	437
1779088265401317	204	444
1779088265401318	204	450
1779088265401318	204	456
1779088265401318	204	463
1779088265401319	204	482
1779088265401319	204	488
1779088265401319	204	494
1779088265401320	204	500
1779088265401320	204	506
1779088265401320	204	513
1779088265401320	204	519
1779088265401321	204	527
1779088265401321	204	533
1779088265401321	204	539
1779088265401322	204	544
1779088265401322	204	550
1779088265401322	204	556
1779088265401323	204	562
1779088265401323	204	568
1779088265401323	204	580
1779088265412011	204	485
1779088265412012	204	502
1779088265412012	204	510
1779088265412013	204	515
1779088265412013	204	521
1779088265412014	204	528
1779088265412014	204	534
1779088265412014	204	540
1779088265412015	204	547
1779088265412015	204	553
1779088265412016	204	559
1779088265412016	204	566
1779088265412017	204	572
1779088265412017	204	578
1779088265412017	204	584
1779088265412019	204	589
1779088265412019	204	595
1779088265412020	204	601
1779088265412020	204	607
1779088265412021	204	613
1779088265412021	204	625
1779088265412021	204	632
1779088265412022	204	638
1779088265412022	204	645
1779088265412023	204	651
1779088265412023	204	658
1779088265412023	204	664
1779088265412024	204	669
1779088265412024	204	677
1779088265412025	204	683
1779088265412025	204	689
1779088265412026	204	695
1779088265421821	204	409
1779088265421822	204	426
1779088265421823	204	434
1779088265421823	204	440
1779088265421823	204	445
1779088265421824	204	451
1779088265421824	204	458
1779088265421824	204	464
1779088265421825	204	469
1779088265421825	204	475
1779088265421826	204	481
1779088265421826	204	487
1779088265421826	204	493
1779088265421827	204	499
1779088265421827	204	504
1779088265421828	204	510
1779088265421828	204	516
1779088265421828	204	521
1779088265421829	204	527
1779088265421829	204	534
1779088265421829	204	541
1779088265421830	204	547
1779088265421830	204	553
1779088265421830	204	559
1779088265421831	204	564
1779088265421831	204	570
1779088265421831	204	576
1779088265421832	204	582
1779088265421832	204	588
1779088265431520	204	361
1779088265431520	204	377
1779088265431521	204	384
1779088265431521	204	389
1779088265431521	204	395
1779088265431522	204	401
1779088265431522	204	407
1779088265431522	204	413
1779088265431523	204	420
1779088265431523	204	426
1779088265431523	204	432
1779088265431524	204	438
1779088265431524	204	444
1779088265431524	204	450
1779088265431525	204	456
1779088265431525	204	461
1779088265431525	204	467
1779088265431526	204	473
1779088265431526	204	479
1779088265431526	204	485
1779088265431527	204	491
1779088265431527	204	499
1779088265431527	204	505
1779088265431528	204	510
1779088265431528	204	516
1779088265431528	204	522
1779088265431529	204	527
1779088265431529	204	533
1779088265431530	204	539
1779088265431531	204	544
1779088265442183	204	408
1779088265442184	204	424
1779088265442184	204	432
1779088265442185	204	437
1779088265442185	204	443
1779088265442185	204	449
1779088265442186	204	455
1779088265442186	204	461
1779088265442186	204	467
1779088265442187	204	473
1779088265442187	204	488
1779088265442187	204	495
1779088265442188	204	501
1779088265442188	204	506
1779088265442188	204	512
1779088265442189	204	518
1779088265442189	204	524
1779088265442189	204	530
1779088265442190	204	536
1779088265442190	204	542
1779088265442190	204	548
1779088265442191	204	554
1779088265442191	204	559
1779088265442191	204	567
1779088265442192	204	573
1779088265442192	204	579
1779088265442192	204	584
1779088265442193	204	590
1779088265442193	204	596
1779088265442193	204	602
1779088265442193	204	608
1779088265442194	204	614
1779088265451907	204	403
1779088265451908	204	421
1779088265451908	204	428
1779088265451909	204	433
1779088265451909	204	439
1779088265451909	204	445
1779088265451910	204	451
1779088265451910	204	457
1779088265451910	204	463
1779088265451911	204	469
1779088265451911	204	475
1779088265451911	204	481
1779088265451912	204	487
1779088265451912	204	493
1779088265451912	204	499
1779088265451913	204	505
1779088265451913	204	510
1779088265451913	204	516
1779088265451914	204	522
1779088265451914	204	528
1779088265451915	204	536
1779088265451915	204	541
1779088265451915	204	547
1779088265451916	204	553
1779088265451916	204	559
1779088265451916	204	577
1779088265451916	204	584
1779088265451917	204	591
1779088265451917	204	597
1779088265461616	204	338
1779088265461617	204	354
1779088265461617	204	361
1779088265461618	204	366
1779088265461618	204	373
1779088265461618	204	380
1779088265461618	204	386
1779088265461619	204	391
1779088265461619	204	397
1779088265461619	204	403
1779088265461620	204	409
1779088265461620	204	415
1779088265461620	204	421
1779088265461621	204	427
1779088265461621	204	433
1779088265461621	204	439
1779088265461622	204	445
1779088265461622	204	473
1779088265461622	204	505
1779088265461622	204	511
1779088265461623	204	519
1779088265461623	204	525
1779088265461623	204	531
1779088265461624	204	536
1779088265461624	204	542
1779088265461624	204	548
1779088265461624	204	554
1779088265461625	204	560
1779088265461625	204	566
1779088265471288	204	369
1779088265471288	204	386
1779088265471288	204	393
1779088265471289	204	399
1779088265471289	204	405
1779088265471289	204	411
1779088265471290	204	417
1779088265471290	204	423
1779088265471290	204	429
1779088265471291	204	435
1779088265471291	204	441
1779088265471291	204	447
1779088265471291	204	453
1779088265471292	204	459
1779088265471292	204	465
1779088265471292	204	471
1779088265471293	204	477
1779088265471293	204	483
1779088265471293	204	489
1779088265471294	204	495
1779088265471294	204	502
1779088265471294	204	508
1779088265471295	204	514
1779088265471295	204	526
1779088265471295	204	532
1779088265471296	204	539
1779088265471296	204	545
1779088265471296	204	552
1779088265471296	204	559
1779088265481969	204	622
1779088265481970	204	636
1779088265481971	204	642
1779088265481972	204	646
1779088265481973	204	651
1779088265481974	204	657
1779088265481974	204	662
1779088265481975	204	667
1779088265481976	204	672
1779088265481977	204	677
1779088265481977	204	682
1779088265481978	204	688
1779088265481979	204	693
1779088265481980	204	697
1779088265481980	204	702
1779088265481981	204	707
1779088265481981	204	712
1779088265481982	204	717
1779088265481984	204	721
1779088265481984	204	726
1779088265481985	204	731
1779088265481985	204	736
1779088265481986	204	741
1779088265481987	204	751
1779088265481987	204	756
1779088265481988	204	762
1779088265481988	204	766
1779088265481989	204	772
1779088265481990	204	777
1779088265481990	204	782
1779088265481991	204	787
1779088265481991	204	792
1779088265491892	204	395
1779088265491892	204	414
1779088265491893	204	421
1779088265491893	204	427
1779088265491894	204	432
1779088265491895	204	438
1779088265491895	204	444
1779088265491896	204	450
1779088265491896	204	455
1779088265491897	204	461
1779088265491897	204	467
1779088265491897	204	473
1779088265491898	204	479
1779088265491898	204	485
1779088265491899	204	491
1779088265491899	204	497
1779088265491899	204	503
1779088265491900	204	508
1779088265491900	204	514
1779088265491901	204	520
1779088265491902	204	525
1779088265491902	204	533
1779088265491903	204	539
1779088265491903	204	544
1779088265491903	204	550
1779088265491904	204	556
1779088265491904	204	562
1779088265491905	204	567
1779088265491905	204	573
1779088265491906	204	579
1779088265501589	204	593
1779088265501590	204	611
1779088265501591	204	618
1779088265501591	204	623
1779088265501592	204	629
1779088265501592	204	635
1779088265501593	204	641
1779088265501593	204	647
1779088265501594	204	652
1779088265501594	204	658
1779088265501595	204	664
1779088265501595	204	671
1779088265501596	204	677
1779088265501596	204	683
1779088265501597	204	689
1779088265501597	204	695
1779088265501597	204	701
1779088265501598	204	707
1779088265501598	204	713
1779088265501599	204	719
1779088265501599	204	726
1779088265501600	204	732
1779088265501600	204	738
1779088265501600	204	744
1779088265501601	204	750
1779088265501601	204	756
1779088265501601	204	762
1779088265501602	204	768
1779088265501602	204	773
