1779088234555491	204	343
1779088234564966	204	232
1779088234564979	204	234
1779088234564983	204	234
1779088234564983	204	238
1779088234564985	204	240
1779088234564985	204	244
1779088234564985	204	250
1779088234564987	204	252
1779088234564989	204	254
1779088234575329	204	238
1779088234575329	204	253
1779088234575330	204	257
1779088234575330	204	260
1779088234575331	204	264
1779088234575331	204	267
1779088234575332	204	270
1779088234575333	204	273
1779088234575333	204	276
1779088234575334	204	280
1779088234575338	204	279
1779088234584685	204	242
1779088234584686	204	261
1779088234584686	204	268
1779088234584687	204	274
1779088234584687	204	290
1779088234584688	204	298
1779088234584688	204	314
1779088234584689	204	320
1779088234584689	204	326
1779088234595167	204	219
1779088234595168	204	239
1779088234595168	204	243
1779088234595169	204	247
1779088234595169	204	250
1779088234595170	204	254
1779088234595171	204	256
1779088234595171	204	260
1779088234595172	204	263
1779088234595172	204	266
1779088234595173	204	270
1779088234605532	204	182
1779088234605532	204	197
1779088234605533	204	200
1779088234605533	204	204
1779088234605533	204	206
1779088234605534	204	209
1779088234605534	204	212
1779088234605534	204	215
1779088234605535	204	218
1779088234605535	204	222
1779088234614897	204	146
1779088234614898	204	157
1779088234614898	204	161
1779088234614898	204	164
1779088234614898	204	167
1779088234614899	204	170
1779088234614899	204	174
1779088234614899	204	177
1779088234614900	204	182
1779088234625227	204	198
1779088234625227	204	213
1779088234625228	204	217
1779088234625228	204	220
1779088234625229	204	223
1779088234625229	204	226
1779088234625229	204	229
1779088234625230	204	232
1779088234625230	204	236
1779088234625230	204	239
1779088234625231	204	243
1779088234635620	204	185
1779088234635621	204	199
1779088234635621	204	202
1779088234635621	204	205
1779088234635622	204	208
1779088234635622	204	211
1779088234635623	204	214
1779088234635623	204	218
1779088234635623	204	221
1779088234635624	204	224
1779088234645011	204	175
1779088234645012	204	191
1779088234645012	204	194
1779088234645013	204	198
1779088234645013	204	201
1779088234645014	204	204
1779088234645014	204	207
1779088234645014	204	210
1779088234645015	204	213
1779088234645015	204	217
1779088234655386	204	197
1779088234655386	204	211
1779088234655387	204	216
1779088234655387	204	219
1779088234655387	204	222
1779088234655388	204	225
1779088234655388	204	228
1779088234655389	204	232
1779088234655389	204	236
1779088234655389	204	239
1779088234664787	204	222
1779088234664788	204	242
1779088234664788	204	248
1779088234664789	204	255
1779088234664790	204	260
1779088234664790	204	266
1779088234664791	204	273
1779088234664791	204	279
1779088234664792	204	291
1779088234675177	204	209
1779088234675177	204	222
1779088234675177	204	226
1779088234675178	204	230
1779088234675178	204	233
1779088234675179	204	237
1779088234675179	204	240
1779088234675179	204	244
1779088234675180	204	247
1779088234675180	204	251
1779088234675181	204	254
1779088234685586	204	221
1779088234685587	204	238
1779088234685587	204	244
1779088234685588	204	248
1779088234685588	204	251
1779088234685589	204	255
1779088234685589	204	258
1779088234685589	204	261
1779088234685590	204	265
1779088234685590	204	269
1779088234694950	204	236
1779088234694950	204	254
1779088234694951	204	258
1779088234694951	204	262
1779088234694952	204	265
1779088234694952	204	269
1779088234694952	204	272
1779088234694953	204	275
1779088234694953	204	278
1779088234705343	204	238
1779088234705345	204	254
1779088234705346	204	258
1779088234705346	204	262
1779088234705347	204	266
1779088234705347	204	269
1779088234705348	204	273
1779088234705348	204	277
1779088234705348	204	280
1779088234705349	204	284
1779088234705349	204	287
1779088234714739	204	247
1779088234714740	204	269
1779088234714741	204	275
1779088234714742	204	281
1779088234714742	204	287
1779088234714744	204	292
1779088234714744	204	298
1779088234714745	204	303
1779088234714746	204	309
1779088234725160	204	183
1779088234725161	204	198
1779088234725161	204	202
1779088234725161	204	206
1779088234725162	204	220
1779088234725162	204	224
1779088234725162	204	228
1779088234725162	204	231
1779088234725163	204	235
1779088234725163	204	238
1779088234725164	204	241
1779088234735554	204	195
1779088234735555	204	212
1779088234735556	204	216
1779088234735557	204	219
1779088234735557	204	225
1779088234735558	204	231
1779088234735558	204	237
1779088234735558	204	243
1779088234735559	204	248
1779088234735559	204	254
1779088234744905	204	222
1779088234744906	204	241
1779088234744907	204	248
1779088234744907	204	254
1779088234744908	204	260
1779088234744908	204	266
1779088234744909	204	273
1779088234744909	204	278
1779088234744910	204	284
1779088234755294	204	203
1779088234755295	204	218
1779088234755295	204	222
1779088234755295	204	226
1779088234755296	204	229
1779088234755296	204	233
1779088234755296	204	236
1779088234755297	204	240
1779088234755297	204	244
1779088234755297	204	247
1779088234755298	204	251
1779088234764708	204	197
1779088234764708	204	213
1779088234764709	204	217
1779088234764709	204	221
1779088234764709	204	225
1779088234764710	204	229
1779088234764710	204	232
1779088234764710	204	235
1779088234764711	204	239
1779088234775050	204	219
1779088234775051	204	233
1779088234775051	204	241
1779088234775052	204	245
1779088234775053	204	248
1779088234775053	204	252
1779088234775054	204	255
1779088234775054	204	259
1779088234775055	204	262
1779088234775055	204	265
1779088234775056	204	268
1779088234785420	204	218
1779088234785420	204	232
1779088234785421	204	235
1779088234785421	204	239
1779088234785421	204	243
1779088234785422	204	246
1779088234785422	204	250
1779088234785422	204	254
1779088234785423	204	257
1779088234785423	204	260
1779088234794769	204	164
1779088234794770	204	178
1779088234794770	204	182
1779088234794770	204	185
1779088234794771	204	189
1779088234794771	204	192
1779088234794771	204	195
1779088234794772	204	210
1779088234794772	204	213
1779088234805127	204	152
1779088234805127	204	161
1779088234805128	204	165
1779088234805128	204	168
1779088234805128	204	172
1779088234805130	204	173
1779088234805130	204	176
1779088234805131	204	179
1779088234805131	204	182
1779088234805131	204	186
1779088234805132	204	189
1779088234815465	204	184
1779088234815465	204	196
1779088234815465	204	200
1779088234815466	204	203
1779088234815466	204	206
1779088234815466	204	209
1779088234815467	204	212
1779088234815467	204	215
1779088234815467	204	218
1779088234815468	204	221
1779088234824838	204	235
1779088234824839	204	260
1779088234824839	204	267
1779088234824839	204	273
1779088234824840	204	279
1779088234824840	204	284
1779088234824840	204	290
1779088234824841	204	295
1779088234824841	204	302
1779088234835251	204	218
1779088234835252	204	235
1779088234835253	204	239
1779088234835253	204	243
1779088234835254	204	247
1779088234835254	204	250
1779088234835255	204	254
1779088234835255	204	257
1779088234835255	204	260
1779088234835256	204	264
1779088234835256	204	267
1779088234845616	204	199
1779088234845616	204	215
1779088234845617	204	219
1779088234845617	204	223
1779088234845618	204	226
1779088234845618	204	230
1779088234845618	204	233
1779088234845619	204	237
1779088234845619	204	240
1779088234845620	204	244
1779088234854952	204	176
1779088234854952	204	189
1779088234854953	204	194
1779088234854953	204	197
1779088234854953	204	201
1779088234854954	204	204
1779088234854954	204	208
1779088234854954	204	212
1779088234854955	204	215
1779088234865260	204	176
1779088234865260	204	189
1779088234865261	204	192
1779088234865261	204	195
1779088234865261	204	198
1779088234865262	204	201
1779088234865262	204	204
1779088234865262	204	208
1779088234865263	204	211
1779088234865263	204	214
1779088234865263	204	217
1779088234875628	204	189
1779088234875628	204	202
1779088234875629	204	206
1779088234875629	204	216
1779088234875629	204	219
1779088234875630	204	223
1779088234875630	204	226
1779088234875630	204	230
1779088234875630	204	234
1779088234875631	204	237
1779088234885014	204	164
1779088234885015	204	175
1779088234885015	204	179
1779088234885015	204	182
1779088234885016	204	185
1779088234885016	204	188
1779088234885016	204	191
1779088234885016	204	204
1779088234885017	204	208
1779088234885017	204	210
1779088234895375	204	185
1779088234895375	204	200
1779088234895376	204	204
1779088234895376	204	207
1779088234895377	204	211
1779088234895377	204	214
1779088234895377	204	218
1779088234895378	204	221
1779088234895378	204	226
1779088234895378	204	230
1779088234904756	204	165
1779088234904756	204	190
1779088234904756	204	197
1779088234904757	204	203
1779088234904757	204	209
1779088234904757	204	225
1779088234904757	204	231
1779088234904758	204	237
1779088234904758	204	244
1779088234915106	204	207
1779088234915107	204	221
1779088234915107	204	225
1779088234915107	204	228
1779088234915108	204	231
1779088234915108	204	234
1779088234915108	204	237
1779088234915109	204	241
1779088234915109	204	244
1779088234915109	204	247
1779088234915110	204	250
1779088234925580	204	187
1779088234925580	204	204
1779088234925581	204	208
1779088234925581	204	212
1779088234925582	204	215
1779088234925582	204	219
1779088234925582	204	222
1779088234925583	204	225
1779088234925583	204	229
1779088234925583	204	233
1779088234934963	204	178
1779088234934963	204	193
1779088234934964	204	197
1779088234934964	204	201
1779088234934964	204	204
1779088234934965	204	208
1779088234934965	204	212
1779088234934965	204	215
1779088234934966	204	219
1779088234945334	204	213
1779088234945336	204	226
1779088234945336	204	230
1779088234945337	204	234
1779088234945337	204	237
1779088234945337	204	241
1779088234945338	204	244
1779088234945338	204	248
1779088234945338	204	252
1779088234945339	204	255
1779088234945339	204	258
1779088234954746	204	171
1779088234954747	204	184
1779088234954747	204	188
1779088234954747	204	191
1779088234954748	204	194
1779088234954748	204	197
1779088234954749	204	200
1779088234954749	204	203
1779088234954749	204	207
1779088234965112	204	149
1779088234965112	204	158
1779088234965113	204	162
1779088234965113	204	166
1779088234965113	204	169
1779088234965114	204	172
1779088234965114	204	175
1779088234965114	204	178
1779088234965114	204	181
1779088234965115	204	184
1779088234965115	204	188
1779088234975448	204	179
1779088234975448	204	193
1779088234975448	204	197
1779088234975449	204	201
1779088234975449	204	205
1779088234975449	204	208
1779088234975450	204	220
1779088234975450	204	224
1779088234975450	204	227
1779088234975451	204	231
1779088234984831	204	168
1779088234984832	204	182
1779088234984832	204	189
1779088234984832	204	195
1779088234984833	204	201
1779088234984833	204	207
1779088234984833	204	214
1779088234984834	204	220
1779088234984834	204	226
1779088234995159	204	233
1779088234995159	204	250
1779088234995160	204	254
1779088234995160	204	258
1779088234995160	204	262
1779088234995161	204	266
1779088234995161	204	269
1779088234995161	204	273
1779088234995162	204	277
1779088234995162	204	280
1779088234995163	204	284
1779088235005535	204	223
1779088235005535	204	236
1779088235005536	204	240
1779088235005536	204	243
1779088235005537	204	246
1779088235005537	204	250
1779088235005537	204	253
1779088235005537	204	256
1779088235005538	204	259
1779088235005538	204	262
1779088235014885	204	153
1779088235014886	204	162
1779088235014887	204	166
1779088235014887	204	169
1779088235014887	204	172
1779088235014887	204	175
1779088235014888	204	179
1779088235014888	204	182
1779088235014888	204	186
1779088235025228	204	217
1779088235025228	204	232
1779088235025229	204	237
1779088235025229	204	240
1779088235025230	204	244
1779088235025230	204	247
1779088235025231	204	251
1779088235025231	204	254
1779088235025231	204	257
1779088235025232	204	261
1779088235025233	204	264
1779088235035648	204	216
1779088235035649	204	231
1779088235035649	204	235
1779088235035650	204	239
1779088235035650	204	243
1779088235035650	204	246
1779088235035651	204	250
1779088235035651	204	254
1779088235035651	204	257
1779088235035652	204	261
1779088235044997	204	156
1779088235044998	204	169
1779088235044998	204	173
1779088235044998	204	176
1779088235044999	204	180
1779088235044999	204	183
1779088235044999	204	186
1779088235045000	204	190
1779088235045000	204	193
1779088235045000	204	196
1779088235055344	204	209
1779088235055344	204	236
1779088235055345	204	240
1779088235055345	204	244
1779088235055345	204	247
1779088235055346	204	250
1779088235055346	204	254
1779088235055347	204	257
1779088235055347	204	261
1779088235055347	204	264
1779088235064704	204	200
1779088235064704	204	216
1779088235064705	204	219
1779088235064705	204	223
1779088235064706	204	226
1779088235064706	204	229
1779088235064706	204	252
1779088235064707	204	256
1779088235064707	204	260
1779088235075069	204	214
1779088235075070	204	228
1779088235075070	204	232
1779088235075070	204	235
1779088235075071	204	239
1779088235075072	204	241
1779088235075073	204	245
1779088235075073	204	248
1779088235075073	204	252
1779088235075074	204	259
1779088235075074	204	262
1779088235085493	204	202
1779088235085493	204	217
1779088235085494	204	221
1779088235085494	204	225
1779088235085494	204	229
1779088235085495	204	233
1779088235085495	204	236
1779088235085495	204	241
1779088235085496	204	244
1779088235085496	204	248
1779088235094827	204	174
1779088235094828	204	185
1779088235094828	204	189
1779088235094828	204	193
1779088235094828	204	196
1779088235094829	204	199
1779088235094829	204	202
1779088235094829	204	205
1779088235094830	204	208
1779088235105187	204	220
1779088235105187	204	236
1779088235105187	204	240
1779088235105188	204	243
1779088235105188	204	246
1779088235105189	204	250
1779088235105189	204	253
1779088235105189	204	256
1779088235105190	204	260
1779088235105190	204	263
1779088235105190	204	266
1779088235115605	204	238
1779088235115605	204	252
1779088235115606	204	256
1779088235115606	204	259
1779088235115607	204	263
1779088235115607	204	267
1779088235115607	204	270
1779088235115608	204	274
1779088235115608	204	278
1779088235115608	204	295
1779088235125111	204	157
1779088235125112	204	171
1779088235125112	204	174
1779088235125113	204	178
1779088235125113	204	181
1779088235125113	204	184
1779088235125114	204	187
1779088235125114	204	190
1779088235125114	204	193
1779088235125115	204	196
1779088235135457	204	215
1779088235135458	204	231
1779088235135458	204	235
1779088235135459	204	239
1779088235135459	204	242
1779088235135460	204	246
1779088235135460	204	249
1779088235135460	204	253
1779088235135461	204	256
1779088235135461	204	260
1779088235144809	204	216
1779088235144810	204	232
1779088235144810	204	236
1779088235144811	204	239
1779088235144811	204	242
1779088235144813	204	244
1779088235144813	204	248
1779088235144813	204	251
1779088235144814	204	254
1779088235155155	204	212
1779088235155156	204	225
1779088235155156	204	229
1779088235155157	204	232
1779088235155157	204	236
1779088235155157	204	240
1779088235155158	204	243
1779088235155158	204	247
1779088235155158	204	251
1779088235155159	204	254
1779088235155159	204	258
1779088235165565	204	201
1779088235165566	204	213
1779088235165566	204	217
1779088235165567	204	220
1779088235165567	204	223
1779088235165567	204	226
1779088235165567	204	230
1779088235165568	204	233
1779088235165568	204	236
1779088235165568	204	239
1779088235174955	204	153
1779088235174956	204	166
1779088235174956	204	169
1779088235174956	204	173
1779088235174956	204	176
1779088235174957	204	179
1779088235174957	204	185
1779088235174957	204	189
1779088235174958	204	192
1779088235185300	204	227
1779088235185300	204	251
1779088235185301	204	254
1779088235185301	204	258
1779088235185301	204	261
1779088235185302	204	264
1779088235185302	204	268
1779088235185302	204	272
1779088235185303	204	275
1779088235185303	204	279
1779088235185303	204	282
1779088235195674	204	262
1779088235195675	204	278
1779088235195675	204	282
1779088235195675	204	286
1779088235195676	204	290
1779088235195676	204	305
1779088235195677	204	309
1779088235195677	204	313
1779088235195677	204	317
1779088235195678	204	320
1779088235205081	204	175
1779088235205081	204	186
1779088235205081	204	190
1779088235205082	204	193
1779088235205082	204	196
1779088235205082	204	199
1779088235205083	204	203
1779088235205083	204	206
1779088235205083	204	209
1779088235205083	204	212
1779088235215443	204	217
1779088235215443	204	232
1779088235215444	204	235
1779088235215444	204	238
1779088235215444	204	242
1779088235215445	204	257
1779088235215447	204	259
1779088235215447	204	262
1779088235215448	204	265
1779088235215448	204	268
1779088235224801	204	144
1779088235224802	204	155
1779088235224802	204	159
1779088235224802	204	163
1779088235224803	204	177
1779088235224803	204	182
1779088235224803	204	185
1779088235224803	204	189
1779088235224804	204	192
1779088235235148	204	214
1779088235235148	204	230
1779088235235149	204	235
1779088235235149	204	239
1779088235235149	204	256
1779088235235150	204	262
1779088235235150	204	268
1779088235235150	204	273
1779088235235151	204	279
1779088235235151	204	285
1779088235235151	204	290
1779088235245538	204	208
1779088235245539	204	222
1779088235245539	204	226
1779088235245540	204	230
1779088235245540	204	234
1779088235245540	204	237
1779088235245541	204	241
1779088235245541	204	245
1779088235245541	204	249
1779088235245542	204	253
1779088235254882	204	168
1779088235254882	204	180
1779088235254882	204	184
1779088235254883	204	188
1779088235254883	204	191
1779088235254883	204	194
1779088235254884	204	197
1779088235254884	204	201
1779088235254884	204	204
1779088235265235	204	206
1779088235265235	204	220
1779088235265236	204	224
1779088235265236	204	228
1779088235265237	204	231
1779088235265237	204	235
1779088235265237	204	238
1779088235265237	204	242
1779088235265238	204	246
1779088235265238	204	249
1779088235265239	204	252
1779088235275637	204	237
1779088235275638	204	250
1779088235275638	204	254
1779088235275638	204	259
1779088235275639	204	262
1779088235275639	204	266
1779088235275639	204	270
1779088235275640	204	274
1779088235275640	204	280
1779088235275640	204	296
1779088235285132	204	153
1779088235285132	204	164
1779088235285132	204	168
1779088235285133	204	178
1779088235285133	204	181
1779088235285133	204	184
1779088235285134	204	188
1779088235285135	204	190
1779088235285135	204	193
1779088235285136	204	196
1779088235295481	204	196
1779088235295482	204	210
1779088235295482	204	214
1779088235295482	204	218
1779088235295483	204	222
1779088235295483	204	225
1779088235295483	204	229
1779088235295484	204	232
1779088235295484	204	236
1779088235295484	204	240
1779088235304873	204	139
1779088235304873	204	149
1779088235304874	204	152
1779088235304874	204	155
1779088235304874	204	159
1779088235304875	204	162
1779088235304875	204	165
1779088235304875	204	168
1779088235304875	204	172
1779088235315161	204	219
1779088235315161	204	234
1779088235315162	204	237
1779088235315162	204	241
1779088235315162	204	245
1779088235315163	204	249
1779088235315163	204	252
1779088235315163	204	256
1779088235315164	204	259
1779088235315164	204	264
1779088235315165	204	268
1779088235325582	204	204
1779088235325583	204	218
1779088235325583	204	221
1779088235325584	204	225
1779088235325584	204	228
1779088235325584	204	231
1779088235325585	204	234
1779088235325585	204	237
1779088235325585	204	240
1779088235325586	204	243
1779088235334984	204	164
1779088235334985	204	176
1779088235334985	204	179
1779088235334985	204	183
1779088235334985	204	186
1779088235334986	204	189
1779088235334986	204	192
1779088235334986	204	195
1779088235334987	204	198
1779088235334987	204	201
1779088235345342	204	213
1779088235345343	204	228
1779088235345343	204	232
1779088235345344	204	236
1779088235345344	204	239
1779088235345344	204	243
1779088235345345	204	246
1779088235345345	204	250
1779088235345345	204	254
1779088235345346	204	257
1779088235355694	204	262
1779088235355694	204	291
1779088235355695	204	296
1779088235355695	204	300
1779088235355696	204	303
1779088235355696	204	307
1779088235355696	204	311
1779088235355697	204	314
1779088235355698	204	317
1779088235355698	204	320
1779088235365105	204	162
1779088235365105	204	172
1779088235365105	204	176
1779088235365105	204	179
1779088235365106	204	183
1779088235365106	204	186
1779088235365106	204	189
1779088235365107	204	192
1779088235365107	204	195
1779088235365107	204	198
1779088235375455	204	204
1779088235375455	204	218
1779088235375456	204	223
1779088235375456	204	226
1779088235375456	204	230
1779088235375457	204	233
1779088235375457	204	237
1779088235375457	204	240
1779088235375458	204	244
1779088235375458	204	259
1779088235384803	204	135
1779088235384804	204	146
1779088235384804	204	149
1779088235384804	204	152
1779088235384805	204	155
1779088235384805	204	164
1779088235384805	204	178
1779088235384806	204	181
1779088235384806	204	184
1779088235395154	204	207
1779088235395154	204	220
1779088235395155	204	224
1779088235395155	204	227
1779088235395156	204	230
1779088235395156	204	234
1779088235395156	204	237
1779088235395157	204	241
1779088235395157	204	245
1779088235395157	204	249
1779088235395158	204	253
1779088235405559	204	208
1779088235405560	204	222
1779088235405560	204	226
1779088235405560	204	229
1779088235405561	204	232
1779088235405561	204	235
1779088235405562	204	238
1779088235405562	204	242
1779088235405562	204	246
1779088235405562	204	249
1779088235414896	204	160
1779088235414897	204	170
1779088235414897	204	174
1779088235414897	204	177
1779088235414897	204	180
1779088235414898	204	183
1779088235414898	204	187
1779088235414898	204	190
1779088235414899	204	193
1779088235425238	204	214
1779088235425238	204	229
1779088235425239	204	233
1779088235425239	204	237
1779088235425240	204	241
1779088235425240	204	245
1779088235425240	204	248
1779088235425241	204	252
1779088235425241	204	256
1779088235425241	204	259
1779088235425241	204	263
1779088235435655	204	260
1779088235435656	204	280
1779088235435656	204	287
1779088235435656	204	293
1779088235435657	204	300
1779088235435657	204	307
1779088235435658	204	323
1779088235435658	204	330
1779088235435658	204	337
1779088235435659	204	343
1779088235445100	204	159
1779088235445100	204	170
1779088235445100	204	174
1779088235445101	204	177
1779088235445101	204	180
1779088235445101	204	183
1779088235445102	204	186
1779088235445102	204	189
1779088235445102	204	192
1779088235445103	204	195
1779088235455446	204	228
1779088235455447	204	242
1779088235455447	204	247
1779088235455447	204	250
1779088235455448	204	254
1779088235455448	204	257
1779088235455448	204	261
1779088235455449	204	264
1779088235455449	204	268
1779088235455449	204	272
1779088235464803	204	161
1779088235464803	204	182
1779088235464804	204	186
1779088235464804	204	190
1779088235464804	204	194
1779088235464805	204	197
1779088235464805	204	201
1779088235464805	204	205
1779088235464805	204	208
1779088235475165	204	205
1779088235475166	204	219
1779088235475166	204	224
1779088235475166	204	227
1779088235475167	204	231
1779088235475167	204	234
1779088235475167	204	238
1779088235475168	204	241
1779088235475168	204	246
1779088235475168	204	249
1779088235475169	204	253
1779088235485570	204	202
1779088235485571	204	216
1779088235485571	204	220
1779088235485571	204	223
1779088235485572	204	226
1779088235485572	204	229
1779088235485573	204	232
1779088235485573	204	236
1779088235485573	204	244
1779088235485574	204	247
1779088235494904	204	165
1779088235494904	204	174
1779088235494904	204	178
1779088235494905	204	181
1779088235494905	204	184
1779088235494905	204	187
1779088235494905	204	190
1779088235494906	204	193
1779088235494906	204	196
1779088235505248	204	207
1779088235505249	204	220
1779088235505249	204	224
1779088235505249	204	227
1779088235505250	204	230
1779088235505250	204	234
1779088235505250	204	237
1779088235505251	204	241
1779088235505251	204	245
1779088235505251	204	249
1779088235505252	204	252
1779088235515653	204	250
1779088235515654	204	264
1779088235515654	204	269
1779088235515654	204	272
1779088235515654	204	277
1779088235515655	204	280
1779088235515655	204	284
1779088235515656	204	287
1779088235515656	204	291
1779088235515656	204	295
1779088235525047	204	175
1779088235525047	204	185
1779088235525048	204	189
1779088235525048	204	193
1779088235525048	204	196
1779088235525049	204	200
1779088235525049	204	204
1779088235525049	204	208
1779088235525049	204	211
1779088235525050	204	215
1779088235535411	204	210
1779088235535411	204	226
1779088235535412	204	230
1779088235535412	204	234
1779088235535412	204	238
1779088235535413	204	241
1779088235535413	204	245
1779088235535414	204	249
1779088235535414	204	252
1779088235535414	204	256
1779088235544758	204	141
1779088235544759	204	154
1779088235544759	204	158
1779088235544759	204	172
1779088235544760	204	176
1779088235544760	204	179
1779088235544760	204	182
1779088235544760	204	185
1779088235544761	204	189
1779088235555101	204	215
1779088235555102	204	229
1779088235555102	204	234
1779088235555103	204	238
1779088235555103	204	242
1779088235555103	204	245
1779088235555104	204	249
1779088235555104	204	253
1779088235555104	204	256
1779088235555105	204	260
1779088235555105	204	263
1779088235565522	204	188
1779088235565522	204	201
1779088235565523	204	205
1779088235565523	204	208
1779088235565523	204	211
1779088235565524	204	215
1779088235565524	204	218
1779088235565524	204	222
1779088235565525	204	225
1779088235565525	204	229
1779088235574904	204	160
1779088235574905	204	174
1779088235574905	204	179
1779088235574906	204	183
1779088235574906	204	186
1779088235574906	204	190
1779088235574907	204	213
1779088235574907	204	217
1779088235574907	204	221
1779088235585218	204	199
1779088235585219	204	213
1779088235585219	204	216
1779088235585220	204	219
1779088235585220	204	222
1779088235585220	204	226
1779088235585221	204	229
1779088235585221	204	232
1779088235585221	204	236
1779088235585222	204	239
1779088235585222	204	242
1779088235595621	204	191
1779088235595621	204	204
1779088235595622	204	208
1779088235595622	204	212
1779088235595622	204	215
1779088235595623	204	219
1779088235595623	204	222
1779088235595623	204	226
1779088235595624	204	230
1779088235595624	204	233
1779088235605005	204	141
1779088235605005	204	151
1779088235605005	204	154
1779088235605006	204	157
1779088235605006	204	160
1779088235605006	204	164
1779088235605007	204	167
1779088235605007	204	170
1779088235605007	204	173
1779088235605007	204	176
1779088235615327	204	175
1779088235615327	204	188
1779088235615327	204	192
1779088235615328	204	195
1779088235615328	204	199
1779088235615329	204	203
1779088235615329	204	206
1779088235615329	204	210
1779088235615330	204	214
1779088235615330	204	217
1779088235625693	204	183
1779088235625694	204	208
1779088235625695	204	215
1779088235625695	204	221
1779088235625695	204	227
1779088235625696	204	233
1779088235625696	204	238
1779088235625696	204	244
1779088235625697	204	249
1779088235625697	204	256
1779088235635070	204	201
1779088235635070	204	214
1779088235635071	204	218
1779088235635071	204	221
1779088235635072	204	224
1779088235635072	204	227
1779088235635072	204	230
1779088235635073	204	233
1779088235635073	204	236
1779088235635073	204	239
1779088235645469	204	230
1779088235645470	204	246
1779088235645470	204	250
1779088235645471	204	254
1779088235645471	204	257
1779088235645472	204	261
1779088235645472	204	264
1779088235645473	204	268
1779088235645473	204	272
1779088235645474	204	275
1779088235654839	204	165
1779088235654840	204	178
1779088235654840	204	181
1779088235654841	204	184
1779088235654842	204	187
1779088235654842	204	190
1779088235654843	204	194
1779088235654843	204	198
1779088235654843	204	201
1779088235665193	204	230
1779088235665193	204	244
1779088235665194	204	248
1779088235665194	204	253
1779088235665194	204	256
1779088235665195	204	260
1779088235665195	204	264
1779088235665195	204	267
1779088235665196	204	272
1779088235665196	204	275
1779088235665196	204	279
1779088235675563	204	203
1779088235675564	204	218
1779088235675564	204	222
1779088235675564	204	225
1779088235675565	204	228
1779088235675565	204	231
1779088235675565	204	234
1779088235675566	204	238
1779088235675566	204	241
1779088235675567	204	244
1779088235684901	204	200
1779088235684901	204	216
1779088235684901	204	220
1779088235684902	204	224
1779088235684902	204	228
1779088235684902	204	231
1779088235684903	204	235
1779088235684903	204	239
1779088235684903	204	243
1779088235695236	204	231
1779088235695236	204	250
1779088235695237	204	255
1779088235695237	204	263
1779088235695239	204	265
1779088235695240	204	269
1779088235695240	204	272
1779088235695241	204	275
1779088235695241	204	278
1779088235695242	204	283
1779088235695242	204	287
1779088235705590	204	249
1779088235705591	204	276
1779088235705591	204	284
1779088235705592	204	290
1779088235705592	204	297
1779088235705593	204	304
1779088235705593	204	323
1779088235705594	204	329
1779088235705594	204	335
1779088235705594	204	340
1779088235715052	204	204
1779088235715053	204	221
1779088235715053	204	229
1779088235715054	204	233
1779088235715054	204	237
1779088235715054	204	240
1779088235715055	204	244
1779088235715055	204	247
1779088235715056	204	251
1779088235715056	204	254
1779088235725398	204	204
1779088235725398	204	218
1779088235725399	204	221
1779088235725399	204	224
1779088235725400	204	227
1779088235725400	204	230
1779088235725400	204	234
1779088235725401	204	237
1779088235725401	204	240
1779088235725401	204	243
1779088235734729	204	144
1779088235734729	204	155
1779088235734729	204	161
1779088235734730	204	164
1779088235734730	204	167
1779088235734730	204	170
1779088235734730	204	173
1779088235734731	204	176
1779088235734731	204	179
1779088235745052	204	207
1779088235745053	204	221
1779088235745053	204	226
1779088235745054	204	230
1779088235745054	204	234
1779088235745054	204	237
1779088235745054	204	241
1779088235745055	204	245
1779088235745055	204	248
1779088235745055	204	252
1779088235745056	204	255
1779088235755456	204	252
1779088235755457	204	265
1779088235755457	204	270
1779088235755457	204	274
1779088235755457	204	278
1779088235755458	204	281
1779088235755458	204	285
1779088235755458	204	288
1779088235755459	204	292
1779088235755459	204	296
1779088235764839	204	195
1779088235764844	204	207
1779088235764844	204	211
1779088235764844	204	215
1779088235764845	204	218
1779088235764845	204	222
1779088235764845	204	225
1779088235764845	204	229
1779088235764846	204	233
1779088235775167	204	237
1779088235775167	204	253
1779088235775168	204	257
1779088235775168	204	260
1779088235775168	204	264
1779088235775169	204	267
1779088235775169	204	271
1779088235775169	204	274
1779088235775170	204	279
1779088235775170	204	283
1779088235775171	204	286
1779088235785546	204	162
1779088235785546	204	174
1779088235785546	204	178
1779088235785547	204	181
1779088235785547	204	184
1779088235785547	204	187
1779088235785548	204	190
1779088235785548	204	194
1779088235785548	204	197
1779088235785548	204	200
1779088235794909	204	233
1779088235794909	204	252
1779088235794909	204	256
1779088235794910	204	259
1779088235794910	204	263
1779088235794911	204	274
1779088235794911	204	278
1779088235794912	204	280
1779088235794913	204	284
1779088235805288	204	231
1779088235805289	204	244
1779088235805289	204	249
1779088235805289	204	257
1779088235805290	204	261
1779088235805290	204	264
1779088235805290	204	268
1779088235805291	204	272
1779088235805291	204	275
1779088235805291	204	279
1779088235805292	204	282
1779088235815663	204	177
1779088235815663	204	188
1779088235815664	204	192
1779088235815664	204	195
1779088235815664	204	198
1779088235815665	204	201
1779088235815665	204	205
1779088235815665	204	208
1779088235815666	204	211
1779088235815666	204	215
1779088235825029	204	195
1779088235825029	204	208
1779088235825029	204	211
1779088235825030	204	214
1779088235825030	204	218
1779088235825030	204	220
1779088235825030	204	224
1779088235825031	204	227
1779088235825031	204	230
1779088235825031	204	233
1779088235835417	204	216
1779088235835417	204	231
1779088235835423	204	230
1779088235835424	204	234
1779088235835424	204	238
1779088235835424	204	241
1779088235835425	204	245
1779088235835425	204	248
1779088235835425	204	252
1779088235835426	204	255
1779088235844767	204	150
1779088235844767	204	162
1779088235844767	204	167
1779088235844768	204	170
1779088235844768	204	173
1779088235844768	204	176
1779088235844769	204	179
1779088235844769	204	182
1779088235844769	204	186
1779088235855116	204	208
1779088235855116	204	223
1779088235855117	204	227
1779088235855117	204	231
1779088235855118	204	235
1779088235855118	204	238
1779088235855118	204	242
1779088235855119	204	245
1779088235855119	204	249
1779088235855119	204	253
1779088235855120	204	257
1779088235865527	204	169
1779088235865528	204	182
1779088235865528	204	185
1779088235865529	204	188
1779088235865529	204	192
1779088235865529	204	195
1779088235865530	204	198
1779088235865530	204	201
1779088235865530	204	204
1779088235865530	204	207
1779088235874916	204	214
1779088235874917	204	234
1779088235874917	204	238
1779088235874918	204	241
1779088235874918	204	247
1779088235874919	204	251
1779088235874919	204	254
1779088235874920	204	258
1779088235874920	204	262
1779088235885284	204	229
1779088235885285	204	245
1779088235885286	204	249
1779088235885286	204	252
1779088235885287	204	255
1779088235885287	204	258
1779088235885288	204	261
1779088235885288	204	264
1779088235885289	204	267
1779088235885289	204	271
1779088235885290	204	274
1779088235895649	204	158
1779088235895650	204	170
1779088235895650	204	174
1779088235895651	204	178
1779088235895651	204	181
1779088235895651	204	185
1779088235895651	204	188
1779088235895652	204	196
1779088235895652	204	199
1779088235895652	204	202
1779088235905008	204	216
1779088235905009	204	233
1779088235905010	204	236
1779088235905011	204	238
1779088235905012	204	242
1779088235905012	204	245
1779088235905013	204	249
1779088235905013	204	253
1779088235905013	204	257
1779088235905014	204	261
1779088235915378	204	232
1779088235915379	204	253
1779088235915379	204	259
1779088235915380	204	264
1779088235915381	204	270
1779088235915382	204	275
1779088235915382	204	281
1779088235915383	204	286
1779088235915383	204	292
1779088235915384	204	298
1779088235924784	204	178
1779088235924785	204	202
1779088235924785	204	206
1779088235924785	204	210
1779088235924786	204	214
1779088235924786	204	217
1779088235924786	204	221
1779088235924787	204	225
1779088235924787	204	228
1779088235935111	204	207
1779088235935111	204	224
1779088235935112	204	228
1779088235935112	204	231
1779088235935113	204	234
1779088235935113	204	238
1779088235935113	204	240
1779088235935114	204	243
1779088235935114	204	246
1779088235935114	204	250
1779088235935115	204	253
1779088235945512	204	143
1779088235945513	204	154
1779088235945513	204	158
1779088235945513	204	161
1779088235945513	204	168
1779088235945514	204	172
1779088235945514	204	176
1779088235945514	204	180
1779088235945515	204	184
1779088235945515	204	187
1779088235954863	204	205
1779088235954864	204	220
1779088235954864	204	224
1779088235954865	204	227
1779088235954865	204	230
1779088235954865	204	233
1779088235954866	204	236
1779088235954866	204	240
1779088235954866	204	243
1779088235965197	204	219
1779088235965198	204	238
1779088235965198	204	243
1779088235965199	204	247
1779088235965199	204	250
1779088235965199	204	254
1779088235965200	204	258
1779088235965200	204	262
1779088235965201	204	266
1779088235965201	204	270
1779088235965201	204	273
1779088235975565	204	307
1779088235975566	204	327
1779088235975566	204	332
1779088235975567	204	335
1779088235975571	204	335
1779088235975571	204	339
1779088235975572	204	342
1779088235975572	204	345
1779088235975573	204	349
1779088235975573	204	352
1779088235985019	204	353
1779088235985019	204	369
1779088235985020	204	373
1779088235985020	204	377
1779088235985021	204	381
1779088235985021	204	385
1779088235985021	204	388
1779088235985022	204	392
1779088235985022	204	396
1779088235985022	204	399
1779088235995510	204	217
1779088235995511	204	229
1779088235995511	204	233
1779088235995512	204	237
1779088235995512	204	240
1779088235995512	204	243
1779088235995512	204	246
1779088235995513	204	249
1779088235995513	204	253
1779088235995514	204	256
1779088236004858	204	164
1779088236004859	204	174
1779088236004859	204	178
1779088236004859	204	182
1779088236004860	204	185
1779088236004860	204	188
1779088236004860	204	191
1779088236004861	204	194
1779088236004861	204	198
1779088236015285	204	231
1779088236015286	204	250
1779088236015287	204	255
1779088236015287	204	259
1779088236015288	204	263
1779088236015288	204	266
1779088236015288	204	270
1779088236015289	204	275
1779088236015289	204	278
1779088236015290	204	282
1779088236015290	204	285
1779088236025661	204	151
1779088236025662	204	161
1779088236025662	204	165
1779088236025662	204	168
1779088236025662	204	171
1779088236025663	204	175
1779088236025663	204	178
1779088236025663	204	181
1779088236025663	204	184
1779088236025664	204	187
1779088236035017	204	208
1779088236035018	204	236
1779088236035018	204	245
1779088236035019	204	253
1779088236035019	204	267
1779088236035020	204	270
1779088236035020	204	274
1779088236035020	204	278
1779088236035021	204	282
1779088236035021	204	286
1779088236045401	204	197
1779088236045401	204	218
1779088236045402	204	225
1779088236045402	204	232
1779088236045403	204	239
1779088236045407	204	241
1779088236045408	204	245
1779088236045408	204	248
1779088236045408	204	252
1779088236045409	204	255
1779088236054755	204	159
1779088236054755	204	177
1779088236054756	204	183
1779088236054756	204	189
1779088236054756	204	195
1779088236054757	204	200
1779088236054757	204	203
1779088236054757	204	206
1779088236054757	204	209
1779088236065071	204	198
1779088236065071	204	218
1779088236065072	204	225
1779088236065072	204	233
1779088236065072	204	239
1779088236065073	204	246
1779088236065073	204	252
1779088236065073	204	256
1779088236065073	204	260
1779088236065074	204	263
1779088236065074	204	267
1779088236075434	204	242
1779088236075434	204	264
1779088236075435	204	272
1779088236075436	204	279
1779088236075436	204	286
1779088236075437	204	291
1779088236075437	204	297
1779088236075438	204	303
1779088236075438	204	308
1779088236075439	204	314
1779088236084851	204	185
1779088236084851	204	204
1779088236084852	204	211
1779088236084852	204	216
1779088236084852	204	223
1779088236084852	204	226
1779088236084853	204	230
1779088236084853	204	232
1779088236084853	204	240
1779088236095186	204	205
1779088236095187	204	225
1779088236095187	204	234
1779088236095187	204	241
1779088236095188	204	247
1779088236095188	204	254
1779088236095188	204	259
1779088236095189	204	263
1779088236095189	204	267
1779088236095189	204	270
1779088236095190	204	273
1779088236105563	204	247
1779088236105564	204	267
1779088236105564	204	277
1779088236105564	204	281
1779088236105565	204	285
1779088236105565	204	288
1779088236105565	204	292
1779088236105566	204	295
1779088236105566	204	299
1779088236105566	204	302
1779088236114961	204	204
1779088236114962	204	219
1779088236114962	204	223
1779088236114962	204	226
1779088236114963	204	229
1779088236114963	204	232
1779088236114967	204	232
1779088236114967	204	236
1779088236114967	204	239
1779088236125306	204	218
1779088236125307	204	235
1779088236125307	204	241
1779088236125308	204	245
1779088236125308	204	248
1779088236125308	204	252
1779088236125309	204	256
1779088236125309	204	259
1779088236125309	204	263
1779088236125310	204	267
1779088236125310	204	270
1779088236135667	204	143
1779088236135668	204	153
1779088236135668	204	157
1779088236135668	204	160
1779088236135669	204	163
1779088236135669	204	166
1779088236135669	204	169
1779088236135670	204	173
1779088236135670	204	176
1779088236135670	204	179
1779088236145001	204	200
1779088236145002	204	218
1779088236145002	204	222
1779088236145003	204	226
1779088236145003	204	229
1779088236145003	204	233
1779088236145003	204	237
1779088236145004	204	240
1779088236145004	204	244
1779088236145004	204	248
1779088236155342	204	253
1779088236155343	204	279
1779088236155344	204	286
1779088236155344	204	293
1779088236155345	204	300
1779088236155345	204	305
1779088236155346	204	311
1779088236155346	204	317
1779088236155347	204	327
1779088236155348	204	333
1779088236164773	204	153
1779088236164773	204	172
1779088236164774	204	178
1779088236164774	204	184
1779088236164774	204	190
1779088236164775	204	195
1779088236164775	204	211
1779088236164775	204	214
1779088236164775	204	217
1779088236175081	204	208
1779088236175082	204	230
1779088236175082	204	238
1779088236175083	204	246
1779088236175083	204	253
1779088236175083	204	259
1779088236175084	204	265
1779088236175084	204	271
1779088236175084	204	274
1779088236175085	204	278
1779088236175085	204	282
1779088236185456	204	182
1779088236185457	204	200
1779088236185457	204	207
1779088236185457	204	213
1779088236185458	204	219
1779088236185458	204	224
1779088236185458	204	230
1779088236185464	204	231
1779088236185464	204	236
1779088236185465	204	240
1779088236194800	204	198
1779088236194800	204	221
1779088236194801	204	229
1779088236194801	204	235
1779088236194801	204	241
1779088236194802	204	247
1779088236194802	204	251
1779088236194802	204	254
1779088236194803	204	268
1779088236205165	204	205
1779088236205165	204	226
1779088236205166	204	234
1779088236205166	204	241
1779088236205166	204	248
1779088236205167	204	262
1779088236205167	204	266
1779088236205167	204	269
1779088236205168	204	273
1779088236205168	204	277
1779088236205169	204	280
1779088236215538	204	169
1779088236215538	204	187
1779088236215538	204	193
1779088236215539	204	199
1779088236215539	204	205
1779088236215539	204	210
1779088236215540	204	216
1779088236215540	204	219
1779088236215540	204	222
1779088236215541	204	225
1779088236224916	204	187
1779088236224917	204	210
1779088236224917	204	217
1779088236224918	204	224
1779088236224918	204	234
1779088236224918	204	238
1779088236224919	204	242
1779088236224919	204	245
1779088236224919	204	249
1779088236235262	204	251
1779088236235262	204	270
1779088236235263	204	278
1779088236235263	204	285
1779088236235264	204	292
1779088236235265	204	298
1779088236235265	204	304
1779088236235266	204	310
1779088236235266	204	316
1779088236235267	204	322
1779088236235267	204	327
1779088236245688	204	158
1779088236245689	204	175
1779088236245689	204	182
1779088236245689	204	188
1779088236245690	204	194
1779088236245690	204	200
1779088236245690	204	205
1779088236245690	204	210
1779088236245691	204	213
1779088236245691	204	216
1779088236255064	204	190
1779088236255065	204	209
1779088236255065	204	216
1779088236255065	204	222
1779088236255066	204	227
1779088236255066	204	233
1779088236255066	204	237
1779088236255067	204	240
1779088236255070	204	240
1779088236255070	204	243
1779088236265400	204	156
1779088236265401	204	173
1779088236265401	204	179
1779088236265401	204	185
1779088236265402	204	191
1779088236265402	204	197
1779088236265402	204	202
1779088236265403	204	208
1779088236265403	204	213
1779088236265403	204	217
1779088236274783	204	168
1779088236274783	204	188
1779088236274783	204	207
1779088236274784	204	214
1779088236274784	204	219
1779088236274784	204	223
1779088236274785	204	227
1779088236274785	204	231
1779088236274785	204	234
1779088236285111	204	223
1779088236285112	204	722
1779088236285112	204	727
1779088236285113	204	731
1779088236285113	204	735
1779088236285113	204	738
1779088236285114	204	741
1779088236285114	204	745
1779088236285114	204	748
1779088236285115	204	752
1779088236285115	204	755
1779088236294968	204	212
1779088236294969	204	232
1779088236294970	204	238
1779088236294971	204	243
1779088236294973	204	247
1779088236294982	204	242
1779088236294982	204	245
1779088236294983	204	257
1779088236294983	204	261
1779088236305356	204	241
1779088236305356	204	293
1779088236305357	204	300
1779088236305357	204	306
1779088236305357	204	310
1779088236305358	204	313
1779088236305358	204	317
1779088236305358	204	320
1779088236305359	204	329
1779088236305359	204	332
1779088236305359	204	336
1779088236314790	204	204
1779088236314790	204	222
1779088236314791	204	228
1779088236314791	204	234
1779088236314792	204	239
1779088236314792	204	249
1779088236314793	204	254
1779088236314794	204	260
1779088236314794	204	266
1779088236325154	204	189
1779088236325154	204	208
1779088236325154	204	216
1779088236325155	204	221
1779088236325155	204	228
1779088236325155	204	234
1779088236325156	204	241
1779088236325156	204	245
1779088236325156	204	249
1779088236325159	204	249
1779088236325160	204	253
1779088236335566	204	176
1779088236335567	204	196
1779088236335567	204	202
1779088236335567	204	208
1779088236335568	204	214
1779088236335568	204	219
1779088236335568	204	224
1779088236335569	204	227
1779088236335569	204	230
1779088236335569	204	233
1779088236344966	204	216
1779088236344967	204	240
1779088236344968	204	248
1779088236344968	204	255
1779088236344969	204	261
1779088236344969	204	267
1779088236344969	204	273
1779088236344970	204	279
1779088236344970	204	285
1779088236355352	204	254
1779088236355353	204	277
1779088236355353	204	284
1779088236355354	204	292
1779088236355354	204	299
1779088236355355	204	305
1779088236355355	204	312
1779088236355355	204	316
1779088236355356	204	319
1779088236355356	204	322
1779088236355356	204	326
1779088236364776	204	176
1779088236364776	204	196
1779088236364777	204	230
1779088236364777	204	234
1779088236364777	204	238
1779088236364778	204	242
1779088236364778	204	245
1779088236364778	204	249
1779088236364779	204	253
1779088236375122	204	174
1779088236375123	204	192
1779088236375123	204	198
1779088236375123	204	206
1779088236375124	204	213
1779088236375124	204	220
1779088236375124	204	226
1779088236375125	204	232
1779088236375125	204	236
1779088236375125	204	239
1779088236375126	204	243
1779088236385523	204	183
1779088236385524	204	203
1779088236385524	204	210
1779088236385525	204	218
1779088236385525	204	225
1779088236385525	204	233
1779088236385526	204	237
1779088236385526	204	241
1779088236385526	204	245
1779088236385526	204	248
1779088236394868	204	255
1779088236394869	204	281
1779088236394869	204	289
1779088236394870	204	295
1779088236394870	204	300
1779088236394871	204	306
1779088236394871	204	312
1779088236394872	204	317
1779088236394872	204	323
1779088236405291	204	207
1779088236405292	204	222
1779088236405292	204	225
1779088236405293	204	229
1779088236405293	204	232
1779088236405293	204	235
1779088236405293	204	238
1779088236405294	204	242
1779088236405294	204	246
1779088236405295	204	249
1779088236405295	204	258
1779088236414708	204	204
1779088236414709	204	219
1779088236414709	204	223
1779088236414710	204	226
1779088236414710	204	229
1779088236414711	204	232
1779088236414711	204	235
1779088236414711	204	238
1779088236414712	204	242
1779088236425050	204	157
1779088236425050	204	168
1779088236425051	204	172
1779088236425051	204	175
1779088236425051	204	178
1779088236425052	204	182
1779088236425052	204	186
1779088236425052	204	189
1779088236425052	204	192
1779088236425053	204	195
1779088236425053	204	198
1779088236435405	204	197
1779088236435405	204	213
1779088236435406	204	217
1779088236435406	204	220
1779088236435407	204	223
1779088236435407	204	226
1779088236435407	204	229
1779088236435408	204	232
1779088236435408	204	235
1779088236435408	204	238
1779088236444815	204	228
1779088236444816	204	251
1779088236444816	204	257
1779088236444817	204	264
1779088236444817	204	270
1779088236444818	204	275
1779088236444818	204	281
1779088236444819	204	286
1779088236444819	204	292
1779088236455222	204	185
1779088236455222	204	201
1779088236455223	204	206
1779088236455223	204	210
1779088236455224	204	213
1779088236455224	204	217
1779088236455224	204	220
1779088236455225	204	224
1779088236455225	204	227
1779088236455225	204	231
1779088236455226	204	235
1779088236465610	204	205
1779088236465611	204	221
1779088236465611	204	225
1779088236465612	204	230
1779088236465612	204	234
1779088236465612	204	237
1779088236465613	204	241
1779088236465613	204	245
1779088236465613	204	248
1779088236465614	204	252
1779088236474952	204	188
1779088236474953	204	208
1779088236474953	204	215
1779088236474954	204	222
1779088236474954	204	228
1779088236474955	204	233
1779088236474955	204	239
1779088236474956	204	245
1779088236474956	204	249
1779088236485302	204	214
1779088236485303	204	230
1779088236485303	204	234
1779088236485303	204	238
1779088236485304	204	242
1779088236485304	204	245
1779088236485304	204	249
1779088236485305	204	253
1779088236485305	204	256
1779088236485305	204	260
1779088236485306	204	263
1779088236494717	204	185
1779088236494718	204	199
1779088236494718	204	203
1779088236494718	204	206
1779088236494719	204	210
1779088236494719	204	213
1779088236494719	204	216
1779088236494720	204	220
1779088236494720	204	223
1779088236505024	204	150
1779088236505024	204	161
1779088236505025	204	165
1779088236505025	204	168
1779088236505025	204	171
1779088236505025	204	175
1779088236505026	204	178
1779088236505026	204	181
1779088236505026	204	184
1779088236505027	204	187
1779088236505027	204	191
1779088236515365	204	205
1779088236515365	204	221
1779088236515366	204	230
1779088236515366	204	233
1779088236515366	204	236
1779088236515367	204	239
1779088236515367	204	242
1779088236515367	204	245
1779088236515368	204	248
1779088236515368	204	251
1779088236524721	204	201
1779088236524721	204	222
1779088236524722	204	227
1779088236524722	204	233
1779088236524723	204	238
1779088236524724	204	242
1779088236524724	204	273
1779088236524725	204	279
1779088236524725	204	284
1779088236535122	204	199
1779088236535123	204	215
1779088236535123	204	221
1779088236535123	204	224
1779088236535124	204	228
1779088236535124	204	232
1779088236535124	204	235
1779088236535125	204	238
1779088236535125	204	242
1779088236535125	204	246
1779088236535126	204	249
1779088236545529	204	196
1779088236545530	204	210
1779088236545530	204	214
1779088236545531	204	217
1779088236545531	204	221
1779088236545531	204	224
1779088236545532	204	227
1779088236545532	204	231
1779088236545532	204	234
1779088236545533	204	238
1779088236554923	204	230
1779088236554923	204	249
1779088236554924	204	256
1779088236554924	204	262
1779088236554925	204	267
1779088236554925	204	273
1779088236554926	204	279
1779088236554926	204	284
1779088236554927	204	289
1779088236565322	204	204
1779088236565323	204	220
1779088236565323	204	224
1779088236565324	204	228
1779088236565324	204	232
1779088236565324	204	235
1779088236565325	204	238
1779088236565325	204	242
1779088236565325	204	246
1779088236565326	204	249
1779088236565326	204	253
1779088236574736	204	184
1779088236574737	204	198
1779088236574737	204	202
1779088236574738	204	205
1779088236574738	204	208
1779088236574738	204	211
1779088236574739	204	215
1779088236574739	204	219
1779088236574739	204	222
1779088236585064	204	198
1779088236585065	204	220
1779088236585065	204	223
1779088236585066	204	227
1779088236585066	204	230
1779088236585066	204	234
1779088236585067	204	237
1779088236585067	204	241
1779088236585067	204	245
1779088236585068	204	248
1779088236585068	204	252
1779088236595482	204	222
1779088236595482	204	238
1779088236595483	204	243
1779088236595483	204	247
1779088236595483	204	250
1779088236595484	204	254
1779088236595484	204	257
1779088236595484	204	261
1779088236595485	204	264
1779088236595485	204	268
1779088236604855	204	239
1779088236604855	204	262
1779088236604856	204	270
1779088236604856	204	277
1779088236604857	204	283
1779088236604858	204	289
1779088236604858	204	296
1779088236604859	204	302
1779088236604859	204	308
1779088236615274	204	176
1779088236615274	204	190
1779088236615275	204	194
1779088236615275	204	198
1779088236615275	204	201
1779088236615276	204	210
1779088236615276	204	214
1779088236615276	204	217
1779088236615277	204	221
1779088236615277	204	224
1779088236615277	204	228
1779088236625658	204	181
1779088236625659	204	197
1779088236625659	204	201
1779088236625659	204	205
1779088236625660	204	208
1779088236625660	204	212
1779088236625660	204	215
1779088236625661	204	219
1779088236625661	204	222
1779088236625661	204	226
1779088236635039	204	257
1779088236635040	204	276
1779088236635040	204	283
1779088236635041	204	288
1779088236635041	204	294
1779088236635042	204	300
1779088236635042	204	313
1779088236635043	204	319
1779088236635043	204	325
1779088236635044	204	332
1779088236645471	204	200
1779088236645472	204	216
1779088236645472	204	220
1779088236645473	204	224
1779088236645473	204	227
1779088236645477	204	226
1779088236645477	204	229
1779088236645478	204	233
1779088236645478	204	237
1779088236645478	204	241
1779088236654877	204	183
1779088236654877	204	197
1779088236654878	204	201
1779088236654878	204	204
1779088236654878	204	207
1779088236654879	204	211
1779088236654879	204	214
1779088236654880	204	217
1779088236654880	204	221
1779088236665187	204	150
1779088236665188	204	160
1779088236665188	204	164
1779088236665188	204	167
1779088236665188	204	170
1779088236665189	204	174
1779088236665189	204	177
1779088236665189	204	180
1779088236665190	204	183
1779088236665190	204	186
1779088236665190	204	189
1779088236675528	204	187
1779088236675529	204	201
1779088236675529	204	205
1779088236675529	204	208
1779088236675530	204	212
1779088236675530	204	215
1779088236675530	204	218
1779088236675531	204	221
1779088236675531	204	224
1779088236675531	204	228
1779088236684910	204	186
1779088236684910	204	200
1779088236684911	204	204
1779088236684911	204	207
1779088236684911	204	211
1779088236684912	204	214
1779088236684912	204	217
1779088236684912	204	220
1779088236684913	204	224
1779088236695242	204	205
1779088236695243	204	223
1779088236695243	204	228
1779088236695243	204	232
1779088236695244	204	236
1779088236695244	204	240
1779088236695244	204	243
1779088236695245	204	247
1779088236695245	204	250
1779088236695245	204	254
1779088236695246	204	257
1779088236705664	204	209
1779088236705665	204	231
1779088236705665	204	238
1779088236705665	204	243
1779088236705666	204	249
1779088236705666	204	255
1779088236705666	204	260
1779088236705667	204	267
1779088236705667	204	272
1779088236705667	204	279
1779088236715059	204	270
1779088236715059	204	290
1779088236715059	204	296
1779088236715060	204	303
1779088236715060	204	307
1779088236715060	204	311
1779088236715067	204	312
1779088236715067	204	316
1779088236715068	204	320
1779088236715068	204	323
1779088236725481	204	270
1779088236725481	204	287
1779088236725482	204	291
1779088236725482	204	295
1779088236725482	204	299
1779088236725483	204	303
1779088236725483	204	306
1779088236725483	204	310
1779088236725484	204	314
1779088236725484	204	318
1779088236734891	204	204
1779088236734892	204	219
1779088236734892	204	223
1779088236734893	204	227
1779088236734893	204	230
1779088236734893	204	234
1779088236734894	204	238
1779088236734894	204	242
1779088236734894	204	246
1779088236745222	204	156
1779088236745223	204	167
1779088236745223	204	170
1779088236745223	204	174
1779088236745224	204	177
1779088236745224	204	180
1779088236745224	204	184
1779088236745225	204	188
1779088236745225	204	191
1779088236745225	204	195
1779088236745226	204	198
1779088236755568	204	186
1779088236755569	204	200
1779088236755569	204	204
1779088236755569	204	208
1779088236755570	204	211
1779088236755570	204	214
1779088236755570	204	217
1779088236755571	204	220
1779088236755571	204	223
1779088236755571	204	226
1779088236764948	204	174
1779088236764948	204	186
1779088236764948	204	190
1779088236764949	204	194
1779088236764949	204	197
1779088236764949	204	200
1779088236764950	204	203
1779088236764950	204	206
1779088236764950	204	209
1779088236775311	204	179
1779088236775311	204	193
1779088236775312	204	198
1779088236775312	204	202
1779088236775312	204	205
1779088236775313	204	209
1779088236775313	204	212
1779088236775313	204	216
1779088236775314	204	219
1779088236775314	204	230
1779088236775314	204	234
1779088236784696	204	167
1779088236784696	204	180
1779088236784696	204	184
1779088236784697	204	187
1779088236784697	204	191
1779088236784697	204	194
1779088236784698	204	197
1779088236784699	204	200
1779088236784699	204	203
1779088236795066	204	226
1779088236795066	204	250
1779088236795067	204	256
1779088236795068	204	263
1779088236795068	204	269
1779088236795069	204	274
1779088236795069	204	279
1779088236795070	204	284
1779088236795070	204	289
1779088236795071	204	294
1779088236795072	204	299
1779088236805486	204	199
1779088236805487	204	214
1779088236805487	204	218
1779088236805488	204	221
1779088236805488	204	224
1779088236805489	204	228
1779088236805489	204	230
1779088236805490	204	233
1779088236805490	204	237
1779088236805490	204	241
1779088236814886	204	246
1779088236814887	204	264
1779088236814887	204	268
1779088236814888	204	272
1779088236814888	204	276
1779088236814888	204	279
1779088236814889	204	283
1779088236814889	204	286
1779088236814889	204	290
1779088236825278	204	323
1779088236825279	204	341
1779088236825279	204	345
1779088236825280	204	349
1779088236825280	204	353
1779088236825281	204	356
1779088236825281	204	360
1779088236825281	204	364
1779088236825281	204	370
1779088236825282	204	387
1779088236825282	204	392
1779088236834753	204	259
1779088236834753	204	278
1779088236834753	204	282
1779088236834754	204	285
1779088236834754	204	288
1779088236834755	204	291
1779088236834755	204	295
1779088236834755	204	298
1779088236834756	204	302
1779088236845166	204	225
1779088236845167	204	249
1779088236845167	204	257
1779088236845168	204	264
1779088236845168	204	271
1779088236845169	204	278
1779088236845169	204	285
1779088236845169	204	289
1779088236845170	204	293
1779088236845170	204	296
1779088236845170	204	299
1779088236855580	204	270
1779088236855581	204	290
1779088236855582	204	295
1779088236855582	204	308
1779088236855583	204	312
1779088236855584	204	316
1779088236855584	204	319
1779088236855585	204	322
1779088236855587	204	324
1779088236855587	204	328
1779088236865012	204	219
1779088236865013	204	235
1779088236865013	204	240
1779088236865014	204	244
1779088236865014	204	248
1779088236865015	204	251
1779088236865015	204	255
1779088236865015	204	258
1779088236865016	204	263
1779088236865016	204	266
1779088236875387	204	260
1779088236875388	204	287
1779088236875389	204	296
1779088236875389	204	303
1779088236875390	204	309
1779088236875390	204	314
1779088236875391	204	319
1779088236875391	204	324
1779088236875392	204	330
1779088236875392	204	336
1779088236884834	204	220
1779088236884835	204	238
1779088236884835	204	243
1779088236884836	204	247
1779088236884836	204	251
1779088236884837	204	254
1779088236884837	204	258
1779088236884837	204	261
1779088236884838	204	266
1779088236895224	204	382
1779088236895225	204	415
1779088236895226	204	422
1779088236895227	204	428
1779088236895228	204	433
1779088236895229	204	439
1779088236895230	204	445
1779088236895231	204	449
1779088236895231	204	455
1779088236895232	204	459
1779088236895233	204	465
1779088236904819	204	361
1779088236904821	204	391
1779088236904822	204	399
1779088236904823	204	404
1779088236904824	204	410
1779088236904825	204	415
1779088236904826	204	421
1779088236904827	204	427
1779088236904828	204	433
1779088236915377	204	360
1779088236915378	204	391
1779088236915379	204	398
1779088236915380	204	404
1779088236915381	204	410
1779088236915382	204	416
1779088236915382	204	422
1779088236915383	204	428
1779088236915384	204	433
1779088236915385	204	439
1779088236915385	204	445
1779088236924958	204	373
1779088236924959	204	416
1779088236924960	204	423
1779088236924961	204	428
1779088236924962	204	434
1779088236924963	204	440
1779088236924964	204	446
1779088236924965	204	451
1779088236924965	204	456
1779088236935532	204	199
1779088236935533	204	217
1779088236935533	204	221
1779088236935534	204	224
1779088236935534	204	227
1779088236935535	204	230
1779088236935535	204	233
1779088236935536	204	236
1779088236935536	204	239
1779088236935536	204	242
1779088236935537	204	246
1779088236944938	204	213
1779088236944939	204	233
1779088236944939	204	237
1779088236944940	204	240
1779088236944941	204	249
1779088236944941	204	252
1779088236944942	204	256
1779088236944942	204	260
1779088236944943	204	265
1779088236955300	204	199
1779088236955301	204	217
1779088236955301	204	222
1779088236955301	204	226
1779088236955302	204	229
1779088236955302	204	234
1779088236955303	204	240
1779088236955303	204	246
1779088236955303	204	252
1779088236955304	204	258
1779088236955304	204	264
1779088236964725	204	212
1779088236964726	204	233
1779088236964726	204	240
1779088236964727	204	247
1779088236964727	204	262
1779088236964728	204	266
1779088236964728	204	269
1779088236964728	204	273
1779088236964729	204	276
1779088236975098	204	265
1779088236975098	204	290
1779088236975099	204	298
1779088236975099	204	306
1779088236975100	204	313
1779088236975100	204	319
1779088236975101	204	325
1779088236975101	204	331
1779088236975102	204	337
1779088236975102	204	342
1779088236975103	204	348
1779088236985543	204	171
1779088236985543	204	190
1779088236985544	204	197
1779088236985544	204	203
1779088236985545	204	210
1779088236985545	204	215
1779088236985545	204	221
1779088236985545	204	227
1779088236985546	204	230
1779088236985546	204	234
1779088236994930	204	208
1779088236994931	204	231
1779088236994931	204	239
1779088236994932	204	245
1779088236994932	204	252
1779088236994932	204	256
1779088236994933	204	259
1779088236994933	204	262
1779088236994934	204	266
1779088237005295	204	224
1779088237005296	204	248
1779088237005296	204	257
1779088237005297	204	264
1779088237005297	204	271
1779088237005297	204	277
1779088237005298	204	283
1779088237005298	204	287
1779088237005298	204	291
1779088237005299	204	294
1779088237005299	204	297
1779088237015692	204	227
1779088237015692	204	254
1779088237015693	204	263
1779088237015693	204	269
1779088237015693	204	277
1779088237015694	204	281
1779088237015694	204	296
1779088237015694	204	311
1779088237015695	204	315
1779088237015695	204	319
1779088237025110	204	202
1779088237025111	204	223
1779088237025111	204	230
1779088237025111	204	236
1779088237025112	204	249
1779088237025112	204	253
1779088237025113	204	256
1779088237025113	204	259
1779088237025113	204	263
1779088237025114	204	266
1779088237035474	204	192
1779088237035475	204	213
1779088237035475	204	220
1779088237035476	204	226
1779088237035476	204	232
1779088237035476	204	237
1779088237035476	204	241
1779088237035477	204	246
1779088237035477	204	251
1779088237035478	204	256
1779088237044832	204	217
1779088237044833	204	241
1779088237044833	204	248
1779088237044834	204	255
1779088237044834	204	262
1779088237044834	204	266
1779088237044835	204	270
1779088237044835	204	273
1779088237044836	204	277
1779088237055207	204	204
1779088237055207	204	224
1779088237055208	204	231
1779088237055208	204	238
1779088237055208	204	244
1779088237055209	204	250
1779088237055209	204	256
1779088237055210	204	260
1779088237055210	204	263
1779088237055210	204	267
1779088237055211	204	270
1779088237065573	204	183
1779088237065574	204	204
1779088237065574	204	212
1779088237065575	204	219
1779088237065575	204	226
1779088237065575	204	233
1779088237065576	204	239
1779088237065576	204	245
1779088237065576	204	251
1779088237065576	204	255
1779088237074928	204	229
1779088237074929	204	252
1779088237074929	204	260
1779088237074930	204	267
1779088237074930	204	273
1779088237074930	204	279
1779088237074931	204	285
1779088237074931	204	290
1779088237074932	204	296
1779088237085327	204	210
1779088237085327	204	230
1779088237085328	204	237
1779088237085328	204	244
1779088237085328	204	249
1779088237085329	204	255
1779088237085329	204	261
1779088237085330	204	265
1779088237085330	204	268
1779088237085330	204	272
1779088237085331	204	275
1779088237094697	204	158
1779088237094697	204	176
1779088237094698	204	182
1779088237094698	204	188
1779088237094699	204	194
1779088237094699	204	199
1779088237094699	204	204
1779088237094699	204	210
1779088237094700	204	213
1779088237105069	204	226
1779088237105070	204	249
1779088237105070	204	257
1779088237105071	204	264
1779088237105071	204	271
1779088237105071	204	277
1779088237105072	204	283
1779088237105072	204	289
1779088237105072	204	295
1779088237105073	204	300
1779088237105073	204	306
1779088237115476	204	195
1779088237115477	204	215
1779088237115477	204	222
1779088237115477	204	229
1779088237115478	204	236
1779088237115478	204	242
1779088237115478	204	246
1779088237115479	204	250
1779088237115479	204	253
1779088237115479	204	256
1779088237124828	204	192
1779088237124829	204	212
1779088237124829	204	219
1779088237124830	204	224
1779088237124830	204	229
1779088237124831	204	234
1779088237124831	204	243
1779088237124831	204	246
1779088237124832	204	249
1779088237135179	204	306
1779088237135179	204	321
1779088237135180	204	326
1779088237135180	204	329
1779088237135180	204	333
1779088237135180	204	337
1779088237135181	204	341
1779088237135181	204	344
1779088237135181	204	348
1779088237135182	204	351
1779088237135182	204	355
1779088237145627	204	181
1779088237145628	204	194
1779088237145628	204	198
1779088237145629	204	201
1779088237145629	204	205
1779088237145629	204	209
1779088237145630	204	213
1779088237145630	204	217
1779088237145630	204	221
1779088237145631	204	224
1779088237155009	204	206
1779088237155010	204	220
1779088237155010	204	224
1779088237155010	204	227
1779088237155011	204	230
1779088237155011	204	234
1779088237155011	204	237
1779088237155012	204	240
1779088237155012	204	243
1779088237155012	204	246
1779088237165345	204	189
1779088237165346	204	204
1779088237165346	204	208
1779088237165347	204	212
1779088237165347	204	215
1779088237165347	204	219
1779088237165348	204	223
1779088237165348	204	226
1779088237165348	204	230
1779088237165349	204	234
1779088237174728	204	158
1779088237174728	204	168
1779088237174729	204	172
1779088237174729	204	175
1779088237174729	204	178
1779088237174730	204	182
1779088237174730	204	185
1779088237174730	204	188
1779088237174730	204	191
1779088237185072	204	203
1779088237185072	204	217
1779088237185073	204	232
1779088237185073	204	236
1779088237185073	204	240
1779088237185074	204	243
1779088237185074	204	247
1779088237185074	204	252
1779088237185075	204	255
1779088237185075	204	259
1779088237185075	204	262
1779088237195490	204	184
1779088237195490	204	198
1779088237195490	204	201
1779088237195491	204	205
1779088237195491	204	208
1779088237195491	204	211
1779088237195492	204	215
1779088237195492	204	217
1779088237195492	204	221
1779088237195493	204	224
1779088237204883	204	204
1779088237204884	204	231
1779088237204884	204	239
1779088237204885	204	245
1779088237204885	204	248
1779088237204886	204	252
1779088237204886	204	256
1779088237204886	204	260
1779088237204887	204	263
1779088237215248	204	227
1779088237215249	204	254
1779088237215249	204	263
1779088237215250	204	270
1779088237215250	204	276
1779088237215251	204	282
1779088237215251	204	286
1779088237215252	204	290
1779088237215252	204	293
1779088237215253	204	296
1779088237215253	204	299
1779088237225648	204	191
1779088237225649	204	212
1779088237225649	204	219
1779088237225650	204	225
1779088237225650	204	230
1779088237225650	204	236
1779088237225651	204	239
1779088237225651	204	243
1779088237225651	204	253
1779088237225652	204	257
1779088237235003	204	208
1779088237235004	204	231
1779088237235004	204	239
1779088237235005	204	246
1779088237235005	204	253
1779088237235005	204	259
1779088237235006	204	262
1779088237235006	204	266
1779088237235007	204	269
1779088237235007	204	272
1779088237245374	204	197
1779088237245375	204	219
1779088237245376	204	226
1779088237245376	204	232
1779088237245376	204	237
1779088237245377	204	243
1779088237245377	204	247
1779088237245377	204	251
1779088237245377	204	254
1779088237245378	204	258
1779088237254731	204	204
1779088237254731	204	228
1779088237254732	204	235
1779088237254732	204	242
1779088237254733	204	256
1779088237254733	204	260
1779088237254733	204	263
1779088237254734	204	267
1779088237254735	204	270
1779088237265100	204	230
1779088237265101	204	255
1779088237265101	204	263
1779088237265102	204	270
1779088237265102	204	277
1779088237265103	204	284
1779088237265103	204	291
1779088237265104	204	295
1779088237265104	204	298
1779088237265104	204	301
1779088237265105	204	305
1779088237275503	204	190
1779088237275504	204	212
1779088237275504	204	219
1779088237275504	204	225
1779088237275505	204	230
1779088237275506	204	235
1779088237275506	204	239
1779088237275506	204	243
1779088237275507	204	246
1779088237275507	204	250
1779088237284852	204	200
1779088237284853	204	222
1779088237284854	204	228
1779088237284854	204	234
1779088237284854	204	240
1779088237284855	204	243
1779088237284855	204	247
1779088237284855	204	250
1779088237284856	204	253
1779088237295205	204	215
1779088237295205	204	238
1779088237295206	204	245
1779088237295206	204	252
1779088237295207	204	258
1779088237295207	204	265
1779088237295207	204	268
1779088237295208	204	272
1779088237295208	204	276
1779088237295209	204	279
1779088237295210	204	282
1779088237305583	204	160
1779088237305584	204	178
1779088237305584	204	185
1779088237305585	204	191
1779088237305585	204	197
1779088237305585	204	203
1779088237305586	204	208
1779088237305586	204	211
1779088237305586	204	214
1779088237305587	204	217
1779088237314961	204	214
1779088237314961	204	236
1779088237314962	204	243
1779088237314962	204	248
1779088237314963	204	253
1779088237314963	204	256
1779088237314963	204	260
1779088237314964	204	264
1779088237314964	204	267
1779088237325326	204	260
1779088237325326	204	284
1779088237325327	204	292
1779088237325327	204	299
1779088237325328	204	306
1779088237325328	204	313
1779088237325328	204	320
1779088237325329	204	327
1779088237325329	204	331
1779088237325330	204	334
1779088237325330	204	338
1779088237334758	204	163
1779088237334758	204	189
1779088237334759	204	196
1779088237334760	204	201
1779088237334760	204	206
1779088237334760	204	209
1779088237334761	204	212
1779088237334761	204	215
1779088237334761	204	229
1779088237345086	204	239
1779088237345086	204	265
1779088237345087	204	273
1779088237345088	204	284
1779088237345088	204	291
1779088237345088	204	297
1779088237345089	204	313
1779088237345089	204	316
1779088237345090	204	320
1779088237345090	204	323
1779088237345091	204	326
1779088237355510	204	187
1779088237355511	204	208
1779088237355511	204	215
1779088237355511	204	223
1779088237355512	204	229
1779088237355512	204	236
1779088237355513	204	240
1779088237355513	204	244
1779088237355513	204	247
1779088237355514	204	251
1779088237364859	204	191
1779088237364860	204	212
1779088237364860	204	219
1779088237364860	204	224
1779088237364861	204	230
1779088237364861	204	233
1779088237364862	204	236
1779088237364862	204	239
1779088237364862	204	242
1779088237375198	204	204
1779088237375199	204	224
1779088237375199	204	233
1779088237375200	204	240
1779088237375200	204	246
1779088237375201	204	253
1779088237375201	204	260
1779088237375201	204	264
1779088237375202	204	268
1779088237375202	204	271
1779088237375202	204	275
1779088237385565	204	165
1779088237385565	204	183
1779088237385565	204	189
1779088237385566	204	196
1779088237385566	204	202
1779088237385566	204	209
1779088237385567	204	215
1779088237385567	204	221
1779088237385567	204	225
1779088237385568	204	228
1779088237394945	204	191
1779088237394946	204	213
1779088237394946	204	221
1779088237394946	204	228
1779088237394947	204	234
1779088237394947	204	239
1779088237394947	204	243
1779088237394948	204	246
1779088237394948	204	250
1779088237405290	204	250
1779088237405291	204	272
1779088237405291	204	281
1779088237405291	204	288
1779088237405292	204	295
1779088237405292	204	303
1779088237405292	204	309
1779088237405293	204	315
1779088237405293	204	320
1779088237405293	204	326
1779088237405294	204	332
1779088237414721	204	158
1779088237414721	204	177
1779088237414721	204	183
1779088237414722	204	189
1779088237414722	204	201
1779088237414722	204	205
1779088237414723	204	208
1779088237414723	204	211
1779088237414723	204	215
1779088237425032	204	215
1779088237425033	204	236
1779088237425034	204	244
1779088237425034	204	251
1779088237425034	204	258
1779088237425035	204	265
1779088237425035	204	271
1779088237425035	204	277
1779088237425036	204	281
1779088237425036	204	284
1779088237425036	204	287
1779088237435415	204	173
1779088237435415	204	192
1779088237435416	204	199
1779088237435416	204	222
1779088237435416	204	226
1779088237435417	204	230
1779088237435417	204	233
1779088237435418	204	237
1779088237435418	204	241
1779088237435418	204	245
1779088237444755	204	181
1779088237444756	204	201
1779088237444756	204	209
1779088237444756	204	215
1779088237444757	204	232
1779088237444757	204	237
1779088237444758	204	241
1779088237444758	204	244
1779088237444758	204	248
1779088237455100	204	204
1779088237455101	204	227
1779088237455101	204	236
1779088237455101	204	243
1779088237455102	204	251
1779088237455102	204	257
1779088237455103	204	263
1779088237455103	204	272
1779088237455103	204	276
1779088237455104	204	279
1779088237455104	204	283
1779088237465478	204	178
1779088237465479	204	197
1779088237465479	204	203
1779088237465479	204	210
1779088237465480	204	215
1779088237465480	204	221
1779088237465480	204	227
1779088237465481	204	230
1779088237465481	204	234
1779088237465481	204	237
1779088237474875	204	186
1779088237474876	204	205
1779088237474876	204	212
1779088237474876	204	218
1779088237474877	204	224
1779088237474877	204	230
1779088237474878	204	233
1779088237474878	204	237
1779088237474878	204	240
1779088237485207	204	243
1779088237485208	204	265
1779088237485209	204	273
1779088237485209	204	280
1779088237485210	204	287
1779088237485210	204	294
1779088237485211	204	304
1779088237485211	204	310
1779088237485212	204	316
1779088237485213	204	321
1779088237485213	204	327
1779088237495632	204	185
1779088237495635	204	203
1779088237495636	204	211
1779088237495636	204	218
1779088237495637	204	225
1779088237495637	204	232
1779088237495637	204	239
1779088237495638	204	243
1779088237495638	204	246
1779088237495638	204	250
1779088237504987	204	184
1779088237504988	204	203
1779088237504988	204	210
1779088237504989	204	215
1779088237504989	204	221
1779088237504989	204	226
1779088237504990	204	229
1779088237504990	204	232
1779088237504990	204	236
1779088237515332	204	205
1779088237515332	204	228
1779088237515333	204	236
1779088237515333	204	243
1779088237515334	204	250
1779088237515334	204	256
1779088237515334	204	263
1779088237515335	204	268
1779088237515335	204	272
1779088237515335	204	275
1779088237515336	204	279
1779088237524709	204	199
1779088237524710	204	221
1779088237524710	204	228
1779088237524710	204	234
1779088237524711	204	239
1779088237524711	204	242
1779088237524712	204	245
1779088237524712	204	248
1779088237524713	204	251
1779088237535073	204	217
1779088237535074	204	240
1779088237535074	204	248
1779088237535075	204	255
1779088237535075	204	262
1779088237535076	204	269
1779088237535076	204	276
1779088237535076	204	288
1779088237535077	204	292
1779088237535077	204	295
1779088237535078	204	298
1779088237545468	204	184
1779088237545469	204	203
1779088237545469	204	209
1779088237545470	204	216
1779088237545470	204	222
1779088237545470	204	227
1779088237545471	204	233
1779088237545471	204	237
1779088237545471	204	240
1779088237545472	204	244
1779088237554812	204	202
1779088237554812	204	225
1779088237554813	204	232
1779088237554813	204	239
1779088237554813	204	245
1779088237554814	204	251
1779088237554814	204	255
1779088237554815	204	261
1779088237554815	204	265
1779088237565175	204	298
1779088237565175	204	316
1779088237565176	204	322
1779088237565177	204	328
1779088237565181	204	330
1779088237565181	204	335
1779088237565182	204	339
1779088237565183	204	344
1779088237565183	204	350
1779088237565184	204	355
1779088237565184	204	359
1779088237575659	204	214
1779088237575660	204	232
1779088237575660	204	1400
1779088237575661	204	1404
1779088237575662	204	1408
1779088237575662	204	1412
1779088237575662	204	1415
1779088237575663	204	1418
1779088237575663	204	1421
1779088237575664	204	1425
1779088237585183	204	216
1779088237585184	204	234
1779088237585184	204	238
1779088237585185	204	242
1779088237585185	204	245
1779088237585186	204	249
1779088237585187	204	252
1779088237585187	204	255
1779088237585187	204	259
1779088237585188	204	262
1779088237595536	204	174
1779088237595536	204	186
1779088237595536	204	191
1779088237595537	204	194
1779088237595537	204	197
1779088237595538	204	200
1779088237595538	204	203
1779088237595538	204	206
1779088237595539	204	209
1779088237595539	204	212
1779088237604906	204	207
1779088237604907	204	223
1779088237604907	204	227
1779088237604908	204	231
1779088237604908	204	234
1779088237604909	204	238
1779088237604909	204	241
1779088237604909	204	245
1779088237604910	204	249
1779088237615248	204	228
1779088237615248	204	250
1779088237615249	204	258
1779088237615249	204	265
1779088237615249	204	272
1779088237615250	204	278
1779088237615250	204	285
1779088237615250	204	291
1779088237615251	204	295
1779088237615251	204	298
1779088237615251	204	301
1779088237625645	204	194
1779088237625645	204	213
1779088237625646	204	220
1779088237625646	204	226
1779088237625647	204	231
1779088237625647	204	237
1779088237625647	204	241
1779088237625648	204	250
1779088237625648	204	254
1779088237625648	204	257
1779088237635005	204	220
1779088237635006	204	244
1779088237635009	204	250
1779088237635009	204	257
1779088237635010	204	263
1779088237635010	204	271
1779088237635010	204	275
1779088237635011	204	278
1779088237635011	204	287
1779088237635012	204	290
1779088237645401	204	258
1779088237645401	204	279
1779088237645402	204	283
1779088237645403	204	286
1779088237645403	204	290
1779088237645404	204	293
1779088237645404	204	296
1779088237645405	204	298
1779088237645405	204	301
1779088237645406	204	305
1779088237654812	204	153
1779088237654812	204	164
1779088237654813	204	179
1779088237654813	204	183
1779088237654813	204	186
1779088237654814	204	189
1779088237654814	204	193
1779088237654814	204	196
1779088237654815	204	199
1779088237665165	204	209
1779088237665166	204	225
1779088237665166	204	230
1779088237665167	204	233
1779088237665167	204	237
1779088237665168	204	240
1779088237665169	204	243
1779088237665169	204	247
1779088237665170	204	250
1779088237665170	204	253
1779088237665170	204	257
1779088237675580	204	202
1779088237675581	204	218
1779088237675582	204	231
1779088237675582	204	235
1779088237675583	204	238
1779088237675584	204	242
1779088237675584	204	245
1779088237675584	204	249
1779088237675585	204	253
1779088237675585	204	256
1779088237684945	204	212
1779088237684946	204	235
1779088237684946	204	242
1779088237684947	204	247
1779088237684948	204	252
1779088237684948	204	257
1779088237684949	204	262
1779088237684950	204	268
1779088237684950	204	274
1779088237695331	204	265
1779088237695332	204	286
1779088237695333	204	292
1779088237695333	204	296
1779088237695334	204	300
1779088237695334	204	303
1779088237695334	204	307
1779088237695335	204	311
1779088237695335	204	315
1779088237695336	204	319
1779088237695336	204	325
1779088237704762	204	235
1779088237704763	204	258
1779088237704764	204	265
1779088237704768	204	267
1779088237704769	204	273
1779088237704769	204	280
1779088237704770	204	286
1779088237704771	204	291
1779088237704771	204	298
1779088237715171	204	219
1779088237715172	204	236
1779088237715173	204	240
1779088237715173	204	243
1779088237715173	204	246
1779088237715174	204	250
1779088237715174	204	253
1779088237715174	204	257
1779088237715175	204	261
1779088237715175	204	264
1779088237715175	204	268
1779088237725536	204	259
1779088237725536	204	278
1779088237725537	204	282
1779088237725538	204	286
1779088237725538	204	289
1779088237725539	204	294
1779088237725539	204	297
1779088237725540	204	300
1779088237725540	204	304
1779088237725541	204	307
1779088237734930	204	175
1779088237734931	204	187
1779088237734931	204	191
1779088237734931	204	195
1779088237734932	204	198
1779088237734932	204	202
1779088237734932	204	206
1779088237734933	204	209
1779088237734933	204	213
1779088237745292	204	217
1779088237745292	204	240
1779088237745293	204	244
1779088237745293	204	248
1779088237745293	204	252
1779088237745294	204	255
1779088237745294	204	259
1779088237745294	204	262
1779088237745295	204	266
1779088237745295	204	269
1779088237745296	204	273
1779088237755657	204	160
1779088237755658	204	172
1779088237755658	204	176
1779088237755658	204	179
1779088237755659	204	182
1779088237755659	204	185
1779088237755659	204	188
1779088237755660	204	192
1779088237755660	204	195
1779088237755660	204	198
1779088237765008	204	198
1779088237765008	204	211
1779088237765009	204	215
1779088237765009	204	219
1779088237765009	204	223
1779088237765010	204	227
1779088237765010	204	230
1779088237765010	204	234
1779088237765011	204	238
1779088237765011	204	241
1779088237775405	204	214
1779088237775406	204	229
1779088237775406	204	234
1779088237775406	204	237
1779088237775409	204	238
1779088237775410	204	242
1779088237775410	204	245
1779088237775410	204	249
1779088237775411	204	253
1779088237775411	204	256
1779088237784753	204	131
1779088237784753	204	141
1779088237784753	204	145
1779088237784754	204	148
1779088237784754	204	151
1779088237784754	204	155
1779088237784754	204	158
1779088237784755	204	162
1779088237784755	204	166
1779088237795076	204	213
1779088237795077	204	228
1779088237795077	204	232
1779088237795077	204	236
1779088237795078	204	239
1779088237795078	204	242
1779088237795078	204	245
1779088237795079	204	248
1779088237795079	204	253
1779088237795079	204	259
1779088237795080	204	265
1779088237805443	204	315
1779088237805444	204	339
1779088237805445	204	344
1779088237805445	204	348
1779088237805446	204	351
1779088237805447	204	354
1779088237805447	204	357
1779088237805448	204	360
1779088237805448	204	363
1779088237805449	204	367
1779088237814921	204	178
1779088237814922	204	191
1779088237814922	204	195
1779088237814923	204	198
1779088237814923	204	201
1779088237814924	204	203
1779088237814924	204	207
1779088237814925	204	210
1779088237814925	204	213
1779088237825287	204	185
1779088237825287	204	198
1779088237825288	204	202
1779088237825288	204	205
1779088237825289	204	208
1779088237825289	204	211
1779088237825289	204	214
1779088237825290	204	218
1779088237825290	204	221
1779088237825290	204	224
1779088237825291	204	226
1779088237835664	204	195
1779088237835665	204	208
1779088237835665	204	213
1779088237835665	204	216
1779088237835666	204	220
1779088237835666	204	223
1779088237835666	204	246
1779088237835666	204	250
1779088237835667	204	253
1779088237835667	204	257
1779088237845015	204	195
1779088237845016	204	209
1779088237845016	204	213
1779088237845017	204	222
1779088237845017	204	226
1779088237845021	204	226
1779088237845021	204	230
1779088237845022	204	234
1779088237845022	204	237
1779088237845022	204	241
1779088237855417	204	263
1779088237855418	204	282
1779088237855419	204	288
1779088237855419	204	294
1779088237855420	204	300
1779088237855421	204	306
1779088237855421	204	311
1779088237855422	204	318
1779088237855422	204	323
1779088237855423	204	329
1779088237864842	204	154
1779088237864842	204	164
1779088237864843	204	168
1779088237864843	204	171
1779088237864843	204	175
1779088237864843	204	178
1779088237864844	204	181
1779088237864844	204	184
1779088237864844	204	187
1779088237875182	204	195
1779088237875182	204	211
1779088237875183	204	216
1779088237875183	204	219
1779088237875183	204	223
1779088237875184	204	226
1779088237875184	204	230
1779088237875184	204	233
1779088237875185	204	238
1779088237875185	204	241
1779088237875186	204	244
1779088237885576	204	141
1779088237885576	204	151
1779088237885577	204	155
1779088237885577	204	158
1779088237885577	204	161
1779088237885578	204	165
1779088237885578	204	168
1779088237885578	204	171
1779088237885578	204	175
1779088237885579	204	178
1779088237894926	204	188
1779088237894927	204	207
1779088237894927	204	212
1779088237894928	204	216
1779088237894928	204	220
1779088237894929	204	223
1779088237894929	204	227
1779088237894929	204	230
1779088237894930	204	234
1779088237905255	204	203
1779088237905256	204	217
1779088237905257	204	221
1779088237905257	204	225
1779088237905258	204	228
1779088237905258	204	232
1779088237905258	204	236
1779088237905259	204	240
1779088237905259	204	243
1779088237905260	204	247
1779088237905260	204	251
1779088237915659	204	166
1779088237915660	204	179
1779088237915660	204	182
1779088237915660	204	186
1779088237915661	204	189
1779088237915661	204	192
1779088237915668	204	189
1779088237915668	204	192
1779088237915668	204	195
1779088237915669	204	198
1779088237925012	204	186
1779088237925012	204	199
1779088237925012	204	203
1779088237925013	204	206
1779088237925013	204	209
1779088237925014	204	212
1779088237925014	204	215
1779088237925014	204	219
1779088237925015	204	222
1779088237925015	204	226
1779088237935368	204	257
1779088237935369	204	279
1779088237935370	204	286
1779088237935370	204	292
1779088237935371	204	299
1779088237935372	204	305
1779088237935372	204	311
1779088237935373	204	317
1779088237935373	204	323
1779088237935374	204	329
1779088237944795	204	203
1779088237944795	204	217
1779088237944796	204	221
1779088237944796	204	225
1779088237944796	204	229
1779088237944797	204	238
1779088237944797	204	242
1779088237944797	204	246
1779088237944798	204	250
1779088237955138	204	216
1779088237955139	204	231
1779088237955139	204	235
1779088237955140	204	239
1779088237955140	204	242
1779088237955140	204	246
1779088237955141	204	249
1779088237955141	204	253
1779088237955141	204	257
1779088237955142	204	261
1779088237955142	204	264
1779088237965558	204	171
1779088237965558	204	186
1779088237965559	204	191
1779088237965559	204	194
1779088237965559	204	198
1779088237965559	204	201
1779088237965560	204	205
1779088237965560	204	209
1779088237965560	204	217
1779088237965561	204	220
1779088237974950	204	225
1779088237974951	204	248
1779088237974951	204	254
1779088237974952	204	259
1779088237974952	204	265
1779088237974952	204	271
1779088237974953	204	278
1779088237974953	204	284
1779088237974953	204	290
1779088237985346	204	193
1779088237985346	204	208
1779088237985346	204	214
1779088237985347	204	218
1779088237985347	204	224
1779088237985347	204	229
1779088237985348	204	235
1779088237985348	204	240
1779088237985348	204	247
1779088237985352	204	249
1779088237985352	204	256
1779088237994766	204	151
1779088237994767	204	164
1779088237994767	204	170
1779088237994767	204	175
1779088237994768	204	181
1779088237994768	204	186
1779088237994768	204	192
1779088237994769	204	197
1779088237994769	204	203
1779088238005075	204	189
1779088238005075	204	215
1779088238005076	204	220
1779088238005076	204	225
1779088238005076	204	230
1779088238005077	204	237
1779088238005077	204	243
1779088238005078	204	249
1779088238005078	204	255
1779088238005078	204	262
1779088238005079	204	268
1779088238015446	204	255
1779088238015447	204	336
1779088238015447	204	354
1779088238015448	204	360
1779088238015448	204	367
1779088238015449	204	372
1779088238015449	204	377
1779088238015450	204	382
1779088238015450	204	387
1779088238015451	204	392
1779088238024943	204	171
1779088238024944	204	182
1779088238024945	204	186
1779088238024945	204	189
1779088238024946	204	193
1779088238024946	204	196
1779088238024946	204	199
1779088238024947	204	202
1779088238024947	204	205
1779088238035302	204	210
1779088238035302	204	225
1779088238035303	204	229
1779088238035304	204	232
1779088238035304	204	235
1779088238035305	204	238
1779088238035305	204	241
1779088238035305	204	244
1779088238035306	204	247
1779088238035306	204	251
1779088238035307	204	254
1779088238044709	204	160
1779088238044710	204	174
1779088238044710	204	177
1779088238044711	204	181
1779088238044711	204	184
1779088238044711	204	187
1779088238044712	204	190
1779088238044712	204	193
1779088238044712	204	201
1779088238055064	204	214
1779088238055064	204	229
1779088238055065	204	234
1779088238055065	204	238
1779088238055066	204	242
1779088238055066	204	245
1779088238055067	204	250
1779088238055067	204	253
1779088238055067	204	257
1779088238055068	204	261
1779088238055074	204	258
1779088238065478	204	188
1779088238065479	204	201
1779088238065479	204	205
1779088238065480	204	209
1779088238065480	204	212
1779088238065480	204	215
1779088238065481	204	218
1779088238065481	204	222
1779088238065481	204	225
1779088238065482	204	229
1779088238074852	204	148
1779088238074853	204	160
1779088238074853	204	164
1779088238074853	204	168
1779088238074853	204	172
1779088238074854	204	176
1779088238074854	204	179
1779088238074854	204	183
1779088238074855	204	186
1779088238085186	204	184
1779088238085187	204	198
1779088238085187	204	203
1779088238085188	204	207
1779088238085188	204	210
1779088238085189	204	214
1779088238085189	204	218
1779088238085189	204	222
1779088238085190	204	225
1779088238085190	204	229
1779088238085190	204	232
1779088238095571	204	258
1779088238095572	204	277
1779088238095573	204	283
1779088238095573	204	289
1779088238095574	204	295
1779088238095574	204	302
1779088238095575	204	308
1779088238095576	204	312
1779088238095576	204	315
1779088238095577	204	318
1779088238104992	204	155
1779088238104992	204	166
1779088238104992	204	169
1779088238104993	204	172
1779088238104993	204	176
1779088238104993	204	180
1779088238104994	204	183
1779088238104994	204	186
1779088238104994	204	189
1779088238115340	204	226
1779088238115341	204	242
1779088238115341	204	246
1779088238115341	204	249
1779088238115342	204	252
1779088238115342	204	256
1779088238115342	204	260
1779088238115343	204	264
1779088238115343	204	267
1779088238115343	204	271
1779088238115344	204	274
1779088238124704	204	173
1779088238124705	204	184
1779088238124705	204	188
1779088238124706	204	192
1779088238124706	204	195
1779088238124706	204	198
1779088238124706	204	202
1779088238124707	204	205
1779088238124707	204	208
1779088238135075	204	214
1779088238135075	204	230
1779088238135075	204	235
1779088238135076	204	239
1779088238135076	204	242
1779088238135076	204	246
1779088238135077	204	250
1779088238135077	204	253
1779088238135077	204	257
1779088238135078	204	261
1779088238135078	204	264
1779088238145500	204	276
1779088238145501	204	294
1779088238145501	204	298
1779088238145502	204	302
1779088238145502	204	305
1779088238145502	204	309
1779088238145503	204	313
1779088238145503	204	316
1779088238145503	204	320
1779088238145504	204	324
1779088238154915	204	166
1779088238154916	204	177
1779088238154916	204	180
1779088238154916	204	183
1779088238154917	204	187
1779088238154917	204	190
1779088238154917	204	193
1779088238154917	204	196
1779088238154918	204	199
1779088238165266	204	207
1779088238165267	204	222
1779088238165267	204	226
1779088238165268	204	229
1779088238165268	204	232
1779088238165269	204	246
1779088238165269	204	250
1779088238165269	204	254
1779088238165270	204	257
1779088238165270	204	261
1779088238165270	204	265
1779088238175697	204	260
1779088238175699	204	279
1779088238175699	204	295
1779088238175700	204	298
1779088238175700	204	302
1779088238175701	204	305
1779088238175702	204	308
1779088238175702	204	312
1779088238175703	204	315
1779088238175704	204	319
1779088238185114	204	180
1779088238185114	204	191
1779088238185114	204	195
1779088238185115	204	198
1779088238185115	204	201
1779088238185115	204	205
1779088238185115	204	208
1779088238185116	204	211
1779088238185116	204	214
1779088238185116	204	217
1779088238195483	204	201
1779088238195483	204	219
1779088238195483	204	223
1779088238195484	204	226
1779088238195484	204	230
1779088238195485	204	233
1779088238195485	204	236
1779088238195485	204	239
1779088238195486	204	242
1779088238195486	204	245
1779088238204819	204	156
1779088238204820	204	181
1779088238204820	204	185
1779088238204820	204	189
1779088238204821	204	192
1779088238204821	204	196
1779088238204821	204	199
1779088238204822	204	203
1779088238204822	204	207
1779088238215182	204	196
1779088238215183	204	214
1779088238215183	204	217
1779088238215184	204	220
1779088238215184	204	223
1779088238215185	204	226
1779088238215185	204	229
1779088238215186	204	232
1779088238215186	204	235
1779088238215186	204	239
1779088238215187	204	242
1779088238225580	204	188
1779088238225580	204	201
1779088238225581	204	205
1779088238225581	204	208
1779088238225581	204	211
1779088238225582	204	214
1779088238225582	204	217
1779088238225582	204	221
1779088238225583	204	224
1779088238225583	204	227
1779088238235023	204	161
1779088238235023	204	173
1779088238235024	204	177
1779088238235024	204	181
1779088238235024	204	184
1779088238235025	204	187
1779088238235025	204	190
1779088238235025	204	194
1779088238235026	204	197
1779088238235026	204	200
1779088238245379	204	206
1779088238245379	204	223
1779088238245380	204	226
1779088238245380	204	229
1779088238245381	204	232
1779088238245381	204	236
1779088238245381	204	239
1779088238245382	204	242
1779088238245382	204	246
1779088238245382	204	249
1779088238254714	204	149
1779088238254714	204	162
1779088238254715	204	173
1779088238254715	204	176
1779088238254715	204	180
1779088238254715	204	184
1779088238254716	204	187
1779088238254716	204	191
1779088238254716	204	194
1779088238265075	204	207
1779088238265075	204	222
1779088238265075	204	226
1779088238265076	204	230
1779088238265076	204	234
1779088238265076	204	237
1779088238265077	204	241
1779088238265077	204	245
1779088238265077	204	249
1779088238265078	204	252
1779088238265078	204	256
1779088238275485	204	198
1779088238275486	204	214
1779088238275486	204	218
1779088238275487	204	221
1779088238275487	204	224
1779088238275487	204	227
1779088238275488	204	230
1779088238275488	204	234
1779088238275488	204	237
1779088238275489	204	240
1779088238284876	204	167
1779088238284877	204	178
1779088238284877	204	181
1779088238284877	204	185
1779088238284877	204	188
1779088238284878	204	191
1779088238284878	204	194
1779088238284878	204	198
1779088238284879	204	202
1779088238295228	204	201
1779088238295229	204	217
1779088238295229	204	221
1779088238295230	204	224
1779088238295230	204	228
1779088238295230	204	231
1779088238295231	204	235
1779088238295231	204	238
1779088238295231	204	242
1779088238295232	204	246
1779088238295232	204	249
1779088238305638	204	205
1779088238305639	204	220
1779088238305639	204	224
1779088238305640	204	227
1779088238305640	204	231
1779088238305641	204	235
1779088238305641	204	238
1779088238305641	204	242
1779088238305642	204	246
1779088238305642	204	250
1779088238314977	204	146
1779088238314978	204	156
1779088238314978	204	159
1779088238314978	204	163
1779088238314979	204	166
1779088238314979	204	170
1779088238314979	204	174
1779088238314979	204	177
1779088238314980	204	181
1779088238325310	204	189
1779088238325310	204	203
1779088238325311	204	207
1779088238325311	204	210
1779088238325311	204	213
1779088238325312	204	216
1779088238325312	204	220
1779088238325312	204	224
1779088238325313	204	227
1779088238325313	204	242
1779088238325313	204	246
1779088238334712	204	146
1779088238334713	204	156
1779088238334713	204	160
1779088238334713	204	163
1779088238334714	204	167
1779088238334714	204	170
1779088238334714	204	173
1779088238334715	204	177
1779088238334715	204	181
1779088238345071	204	215
1779088238345071	204	243
1779088238345072	204	251
1779088238345072	204	258
1779088238345073	204	265
1779088238345073	204	270
1779088238345073	204	274
1779088238345074	204	278
1779088238345074	204	281
1779088238345074	204	284
1779088238345075	204	288
1779088238355457	204	193
1779088238355458	204	214
1779088238355458	204	222
1779088238355459	204	229
1779088238355459	204	235
1779088238355460	204	248
1779088238355460	204	252
1779088238355460	204	255
1779088238355461	204	259
1779088238355461	204	262
1779088238364814	204	151
1779088238364814	204	183
1779088238364815	204	190
1779088238364815	204	197
1779088238364815	204	203
1779088238364816	204	210
1779088238364816	204	214
1779088238364816	204	217
1779088238364817	204	221
1779088238375128	204	210
1779088238375129	204	233
1779088238375129	204	242
1779088238375130	204	249
1779088238375130	204	256
1779088238375130	204	262
1779088238375131	204	268
1779088238375131	204	272
1779088238375131	204	275
1779088238375132	204	279
1779088238375132	204	282
1779088238385508	204	193
1779088238385509	204	212
1779088238385509	204	220
1779088238385509	204	227
1779088238385510	204	233
1779088238385510	204	240
1779088238385510	204	244
1779088238385511	204	247
1779088238385511	204	251
1779088238385511	204	254
1779088238394855	204	152
1779088238394856	204	169
1779088238394856	204	176
1779088238394856	204	183
1779088238394857	204	190
1779088238394857	204	197
1779088238394857	204	203
1779088238394857	204	209
1779088238394858	204	212
1779088238405228	204	187
1779088238405228	204	206
1779088238405229	204	214
1779088238405229	204	221
1779088238405229	204	228
1779088238405230	204	234
1779088238405230	204	242
1779088238405230	204	246
1779088238405231	204	249
1779088238405231	204	253
1779088238405231	204	256
1779088238415640	204	229
1779088238415641	204	245
1779088238415642	204	252
1779088238415642	204	258
1779088238415643	204	264
1779088238415643	204	270
1779088238415644	204	276
1779088238415644	204	281
1779088238415645	204	287
1779088238415645	204	293
1779088238425041	204	220
1779088238425041	204	238
1779088238425042	204	242
1779088238425042	204	246
1779088238425043	204	249
1779088238425043	204	253
1779088238425043	204	257
1779088238425044	204	260
1779088238425044	204	264
1779088238425044	204	267
1779088238435404	204	212
1779088238435404	204	229
1779088238435405	204	233
1779088238435405	204	237
1779088238435405	204	241
1779088238435406	204	245
1779088238435406	204	248
1779088238435406	204	252
1779088238435407	204	255
1779088238435407	204	259
1779088238444753	204	137
1779088238444753	204	148
1779088238444754	204	152
1779088238444754	204	155
1779088238444754	204	158
1779088238444755	204	161
1779088238444755	204	164
1779088238444755	204	168
1779088238444756	204	171
1779088238455078	204	208
1779088238455078	204	223
1779088238455079	204	228
1779088238455079	204	232
1779088238455080	204	235
1779088238455080	204	239
1779088238455080	204	242
1779088238455081	204	246
1779088238455081	204	256
1779088238455081	204	259
1779088238455081	204	263
1779088238465510	204	234
1779088238465511	204	256
1779088238465511	204	260
1779088238465512	204	264
1779088238465512	204	268
1779088238465512	204	272
1779088238465513	204	275
1779088238465513	204	279
1779088238465513	204	283
1779088238465514	204	287
1779088238474890	204	170
1779088238474891	204	183
1779088238474891	204	186
1779088238474891	204	190
1779088238474892	204	193
1779088238474892	204	196
1779088238474892	204	199
1779088238474892	204	203
1779088238474893	204	206
1779088238485248	204	181
1779088238485249	204	200
1779088238485249	204	205
1779088238485249	204	208
1779088238485250	204	212
1779088238485250	204	216
1779088238485250	204	219
1779088238485251	204	223
1779088238485251	204	227
1779088238485251	204	231
1779088238485252	204	235
1779088238495652	204	266
1779088238495654	204	300
1779088238495655	204	305
1779088238495655	204	311
1779088238495656	204	316
1779088238495657	204	320
1779088238495658	204	340
1779088238495658	204	345
1779088238495659	204	350
1779088238495660	204	356
1779088238505131	204	202
1779088238505132	204	216
1779088238505133	204	219
1779088238505133	204	223
1779088238505133	204	226
1779088238505134	204	230
1779088238505135	204	233
1779088238505135	204	237
1779088238505135	204	240
1779088238505136	204	243
1779088238515467	204	205
1779088238515468	204	222
1779088238515468	204	226
1779088238515469	204	230
1779088238515470	204	233
1779088238515470	204	236
1779088238515471	204	239
1779088238515472	204	243
1779088238515472	204	246
1779088238515472	204	250
1779088238524809	204	148
1779088238524809	204	160
1779088238524809	204	164
1779088238524810	204	168
1779088238524810	204	171
1779088238524810	204	185
1779088238524811	204	188
1779088238524811	204	191
1779088238524811	204	195
1779088238535159	204	230
1779088238535161	204	244
1779088238535161	204	248
1779088238535162	204	251
1779088238535162	204	254
1779088238535163	204	257
1779088238535163	204	261
1779088238535164	204	264
1779088238535164	204	268
1779088238535164	204	272
1779088238535165	204	275
1779088238545528	204	252
1779088238545529	204	267
1779088238545529	204	271
1779088238545530	204	275
1779088238545530	204	279
1779088238545531	204	283
1779088238545531	204	286
1779088238545532	204	293
1779088238545532	204	297
1779088238545532	204	300
1779088238554920	204	171
1779088238554920	204	182
1779088238554921	204	185
1779088238554921	204	189
1779088238554921	204	192
1779088238554922	204	195
1779088238554922	204	198
1779088238554922	204	201
1779088238554922	204	205
1779088238565271	204	205
1779088238565271	204	225
1779088238565272	204	229
1779088238565272	204	232
1779088238565272	204	235
1779088238565273	204	238
1779088238565273	204	241
1779088238565273	204	244
1779088238565274	204	247
1779088238565274	204	250
1779088238565274	204	254
1779088238575677	204	239
1779088238575678	204	261
1779088238575678	204	268
1779088238575678	204	274
1779088238575679	204	279
1779088238575679	204	284
1779088238575679	204	289
1779088238575680	204	294
1779088238575680	204	300
1779088238575680	204	316
1779088238585104	204	201
1779088238585105	204	219
1779088238585105	204	223
1779088238585106	204	227
1779088238585106	204	230
1779088238585107	204	234
1779088238585107	204	237
1779088238585107	204	241
1779088238585108	204	244
1779088238585108	204	248
1779088238595446	204	209
1779088238595447	204	223
1779088238595447	204	227
1779088238595447	204	230
1779088238595448	204	233
1779088238595448	204	236
1779088238595449	204	240
1779088238595449	204	244
1779088238595449	204	247
1779088238595450	204	251
1779088238604788	204	169
1779088238604788	204	185
1779088238604789	204	189
1779088238604789	204	192
1779088238604790	204	206
1779088238604790	204	210
1779088238604790	204	213
1779088238604791	204	216
1779088238604791	204	219
1779088238615093	204	177
1779088238615093	204	190
1779088238615094	204	194
1779088238615094	204	198
1779088238615094	204	201
1779088238615095	204	204
1779088238615095	204	207
1779088238615095	204	211
1779088238615095	204	214
1779088238615096	204	217
1779088238615096	204	224
1779088238625463	204	170
1779088238625465	204	181
1779088238625465	204	185
1779088238625466	204	188
1779088238625466	204	192
1779088238625466	204	195
1779088238625467	204	198
1779088238625467	204	201
1779088238625467	204	204
1779088238625468	204	207
1779088238634815	204	150
1779088238634816	204	164
1779088238634816	204	179
1779088238634816	204	184
1779088238634817	204	187
1779088238634817	204	190
1779088238634817	204	194
1779088238634818	204	198
1779088238634818	204	201
1779088238645166	204	191
1779088238645167	204	205
1779088238645167	204	209
1779088238645167	204	212
1779088238645168	204	215
1779088238645168	204	218
1779088238645168	204	221
1779088238645169	204	225
1779088238645169	204	228
1779088238645169	204	261
1779088238645170	204	265
1779088238655600	204	290
1779088238655601	204	311
1779088238655601	204	318
1779088238655602	204	325
1779088238655602	204	331
1779088238655603	204	351
1779088238655604	204	358
1779088238655604	204	364
1779088238655605	204	371
1779088238655605	204	377
1779088238665093	204	202
1779088238665094	204	218
1779088238665094	204	226
1779088238665095	204	230
1779088238665095	204	234
1779088238665096	204	238
1779088238665096	204	241
1779088238665096	204	244
1779088238665097	204	248
1779088238665097	204	251
1779088238675435	204	205
1779088238675436	204	218
1779088238675437	204	222
1779088238675437	204	226
1779088238675438	204	229
1779088238675439	204	232
1779088238675439	204	235
1779088238675440	204	239
1779088238675440	204	243
1779088238675440	204	246
1779088238684771	204	146
1779088238684772	204	158
1779088238684772	204	162
1779088238684772	204	165
1779088238684773	204	168
1779088238684773	204	171
1779088238684773	204	174
1779088238684773	204	178
1779088238684774	204	181
1779088238695098	204	199
1779088238695099	204	212
1779088238695099	204	216
1779088238695100	204	219
1779088238695100	204	222
1779088238695100	204	225
1779088238695101	204	229
1779088238695101	204	233
1779088238695101	204	236
1779088238695102	204	240
1779088238695102	204	243
1779088238705507	204	248
1779088238705507	204	268
1779088238705508	204	275
1779088238705508	204	281
1779088238705508	204	287
1779088238705509	204	294
1779088238705509	204	301
1779088238705509	204	307
1779088238705510	204	314
1779088238705510	204	320
1779088238714931	204	208
1779088238714931	204	226
1779088238714931	204	233
1779088238714932	204	239
1779088238714932	204	245
1779088238714933	204	251
1779088238714933	204	257
1779088238714933	204	264
1779088238714934	204	270
1779088238725306	204	211
1779088238725307	204	231
1779088238725311	204	235
1779088238725311	204	243
1779088238725311	204	250
1779088238725312	204	256
1779088238725312	204	262
1779088238725312	204	269
1779088238725313	204	275
1779088238725313	204	282
1779088238725314	204	288
1779088238734696	204	156
1779088238734696	204	170
1779088238734696	204	175
1779088238734697	204	181
1779088238734697	204	186
1779088238734697	204	192
1779088238734698	204	197
1779088238734698	204	203
1779088238734698	204	208
1779088238745064	204	206
1779088238745064	204	223
1779088238745065	204	230
1779088238745065	204	235
1779088238745065	204	242
1779088238745066	204	248
1779088238745066	204	254
1779088238745066	204	260
1779088238745067	204	267
1779088238745067	204	273
1779088238745067	204	280
1779088238755439	204	184
1779088238755439	204	198
1779088238755439	204	204
1779088238755440	204	209
1779088238755440	204	214
1779088238755440	204	220
1779088238755441	204	226
1779088238755441	204	232
1779088238755441	204	238
1779088238755442	204	244
1779088238764776	204	144
1779088238764777	204	157
1779088238764777	204	163
1779088238764778	204	169
1779088238764778	204	179
1779088238764778	204	184
1779088238764779	204	190
1779088238764779	204	196
1779088238764779	204	201
1779088238775090	204	203
1779088238775090	204	219
1779088238775091	204	226
1779088238775091	204	232
1779088238775091	204	238
1779088238775092	204	244
1779088238775092	204	251
1779088238775093	204	257
1779088238775093	204	263
1779088238775093	204	270
1779088238775094	204	276
1779088238785465	204	245
1779088238785465	204	261
1779088238785466	204	268
1779088238785466	204	274
1779088238785467	204	281
1779088238785467	204	287
1779088238785467	204	294
1779088238785467	204	300
1779088238785468	204	306
1779088238785468	204	312
1779088238794873	204	183
1779088238794874	204	196
1779088238794877	204	200
1779088238794877	204	206
1779088238794877	204	212
1779088238794878	204	218
1779088238794878	204	223
1779088238794878	204	229
1779088238794879	204	235
1779088238805209	204	210
1779088238805210	204	226
1779088238805210	204	232
1779088238805211	204	237
1779088238805211	204	243
1779088238805211	204	249
1779088238805212	204	255
1779088238805212	204	262
1779088238805212	204	268
1779088238805212	204	275
1779088238805213	204	281
1779088238815588	204	187
1779088238815589	204	198
1779088238815589	204	204
1779088238815589	204	211
1779088238815590	204	217
1779088238815590	204	224
1779088238815590	204	229
1779088238815590	204	236
1779088238815591	204	242
1779088238815591	204	262
1779088238824948	204	191
1779088238824949	204	206
1779088238824949	204	213
1779088238824949	204	218
1779088238824950	204	225
1779088238824950	204	231
1779088238824950	204	237
1779088238824951	204	244
1779088238824951	204	250
1779088238835300	204	211
1779088238835301	204	227
1779088238835301	204	234
1779088238835301	204	240
1779088238835302	204	246
1779088238835302	204	253
1779088238835302	204	259
1779088238835303	204	265
1779088238835303	204	271
1779088238835303	204	278
1779088238835304	204	284
1779088238845686	204	173
1779088238845687	204	189
1779088238845687	204	196
1779088238845687	204	202
1779088238845688	204	217
1779088238845688	204	223
1779088238845688	204	229
1779088238845689	204	236
1779088238845689	204	242
1779088238845689	204	248
1779088238855035	204	223
1779088238855035	204	240
1779088238855035	204	247
1779088238855036	204	253
1779088238855036	204	260
1779088238855037	204	266
1779088238855037	204	272
1779088238855037	204	278
1779088238855038	204	285
1779088238855038	204	291
1779088238865426	204	250
1779088238865427	204	267
1779088238865428	204	273
1779088238865429	204	279
1779088238865429	204	286
1779088238865429	204	292
1779088238865430	204	299
1779088238865430	204	310
1779088238865430	204	316
1779088238865431	204	322
1779088238874849	204	173
1779088238874849	204	186
1779088238874849	204	192
1779088238874850	204	197
1779088238874850	204	203
1779088238874850	204	208
1779088238874851	204	214
1779088238874851	204	219
1779088238874851	204	224
1779088238885172	204	209
1779088238885173	204	226
1779088238885173	204	233
1779088238885173	204	238
1779088238885174	204	244
1779088238885174	204	250
1779088238885174	204	256
1779088238885175	204	263
1779088238885175	204	269
1779088238885175	204	275
1779088238885176	204	282
1779088238895553	204	144
1779088238895553	204	157
1779088238895554	204	163
1779088238895554	204	169
1779088238895554	204	174
1779088238895554	204	179
1779088238895555	204	185
1779088238895555	204	190
1779088238895555	204	196
1779088238895556	204	201
1779088238904913	204	196
1779088238904914	204	209
1779088238904914	204	215
1779088238904914	204	219
1779088238904915	204	224
1779088238904915	204	229
1779088238904915	204	235
1779088238904916	204	241
1779088238904916	204	247
1779088238915259	204	202
1779088238915260	204	218
1779088238915260	204	225
1779088238915261	204	231
1779088238915261	204	237
1779088238915261	204	243
1779088238915262	204	249
1779088238915262	204	256
1779088238915262	204	262
1779088238915263	204	268
1779088238915263	204	274
1779088238925631	204	153
1779088238925631	204	165
1779088238925632	204	171
1779088238925632	204	176
1779088238925632	204	182
1779088238925633	204	187
1779088238925633	204	193
1779088238925633	204	198
1779088238925633	204	203
1779088238925634	204	209
1779088238935006	204	195
1779088238935006	204	211
1779088238935007	204	217
1779088238935011	204	218
1779088238935011	204	223
1779088238935012	204	229
1779088238935012	204	237
1779088238935012	204	244
1779088238935013	204	251
1779088238935013	204	257
1779088238945369	204	251
1779088238945369	204	268
1779088238945370	204	274
1779088238945370	204	280
1779088238945370	204	287
1779088238945370	204	293
1779088238945371	204	299
1779088238945371	204	305
1779088238945371	204	312
1779088238945372	204	318
1779088238954784	204	166
1779088238954784	204	180
1779088238954785	204	187
1779088238954785	204	194
1779088238954785	204	211
1779088238954786	204	218
1779088238954786	204	224
1779088238954786	204	230
1779088238954786	204	237
1779088238965119	204	208
1779088238965120	204	233
1779088238965120	204	240
1779088238965121	204	246
1779088238965121	204	253
1779088238965121	204	259
1779088238965122	204	264
1779088238965122	204	271
1779088238965122	204	277
1779088238965123	204	283
1779088238965123	204	293
1779088238975512	204	171
1779088238975513	204	184
1779088238975513	204	190
1779088238975513	204	196
1779088238975514	204	201
1779088238975514	204	207
1779088238975514	204	212
1779088238975515	204	218
1779088238975515	204	224
1779088238975515	204	230
1779088238984914	204	207
1779088238984915	204	227
1779088238984916	204	232
1779088238984916	204	245
1779088238984916	204	249
1779088238984917	204	252
1779088238984917	204	255
1779088238984918	204	259
1779088238984918	204	263
1779088238995269	204	216
1779088238995270	204	233
1779088238995271	204	238
1779088238995271	204	241
1779088238995272	204	245
1779088238995272	204	248
1779088238995272	204	252
1779088238995273	204	255
1779088238995273	204	258
1779088238995274	204	262
1779088238995274	204	265
1779088239005687	204	208
1779088239005688	204	226
1779088239005688	204	230
1779088239005689	204	234
1779088239005692	204	235
1779088239005693	204	238
1779088239005693	204	241
1779088239005694	204	245
1779088239005694	204	249
1779088239005695	204	253
1779088239015037	204	223
1779088239015037	204	241
1779088239015038	204	245
1779088239015039	204	249
1779088239015039	204	253
1779088239015039	204	256
1779088239015040	204	260
1779088239015040	204	263
1779088239015041	204	267
1779088239015041	204	271
1779088239025410	204	212
1779088239025411	204	232
1779088239025412	204	239
1779088239025412	204	245
1779088239025412	204	251
1779088239025413	204	257
1779088239025413	204	263
1779088239025414	204	269
1779088239025414	204	276
1779088239025414	204	283
1779088239034794	204	169
1779088239034794	204	182
1779088239034795	204	188
1779088239034795	204	204
1779088239034795	204	209
1779088239034796	204	214
1779088239034796	204	219
1779088239034796	204	225
1779088239034797	204	230
1779088239045123	204	215
1779088239045124	204	232
1779088239045124	204	238
1779088239045124	204	244
1779088239045125	204	250
1779088239045125	204	256
1779088239045125	204	262
1779088239045126	204	268
1779088239045126	204	275
1779088239045127	204	281
1779088239045127	204	288
1779088239055507	204	179
1779088239055508	204	195
1779088239055508	204	202
1779088239055508	204	208
1779088239055509	204	215
1779088239055509	204	221
1779088239055510	204	227
1779088239055510	204	234
1779088239055510	204	240
1779088239055511	204	247
1779088239064920	204	207
1779088239064920	204	222
1779088239064921	204	228
1779088239064921	204	234
1779088239064922	204	240
1779088239064922	204	246
1779088239064922	204	252
1779088239064923	204	259
1779088239064923	204	265
1779088239075284	204	223
1779088239075285	204	240
1779088239075285	204	246
1779088239075285	204	260
1779088239075286	204	266
1779088239075286	204	272
1779088239075286	204	278
1779088239075290	204	281
1779088239075291	204	287
1779088239075291	204	298
1779088239075292	204	305
1779088239085689	204	147
1779088239085690	204	160
1779088239085690	204	166
1779088239085690	204	172
1779088239085691	204	178
1779088239085691	204	184
1779088239085691	204	189
1779088239085692	204	195
1779088239085692	204	200
1779088239085692	204	206
1779088239095064	204	205
1779088239095064	204	221
1779088239095065	204	226
1779088239095065	204	231
1779088239095066	204	236
1779088239095066	204	242
1779088239095066	204	247
1779088239095067	204	253
1779088239095067	204	258
1779088239095067	204	264
1779088239105429	204	255
1779088239105430	204	273
1779088239105430	204	279
1779088239105430	204	285
1779088239105431	204	290
1779088239105431	204	297
1779088239105432	204	303
1779088239105432	204	309
1779088239105432	204	315
1779088239105433	204	321
1779088239114848	204	178
1779088239114848	204	190
1779088239114849	204	197
1779088239114849	204	204
1779088239114849	204	210
1779088239114850	204	217
1779088239114850	204	223
1779088239114850	204	229
1779088239114850	204	235
1779088239125183	204	213
1779088239125183	204	229
1779088239125183	204	235
1779088239125184	204	240
1779088239125184	204	245
1779088239125184	204	252
1779088239125185	204	258
1779088239125185	204	264
1779088239125186	204	271
1779088239125186	204	277
1779088239125186	204	283
1779088239135565	204	153
1779088239135566	204	165
1779088239135566	204	171
1779088239135566	204	176
1779088239135567	204	182
1779088239135567	204	187
1779088239135567	204	193
1779088239135568	204	198
1779088239135568	204	204
1779088239135568	204	209
1779088239144969	204	197
1779088239144970	204	214
1779088239144970	204	221
1779088239144971	204	227
1779088239144971	204	233
1779088239144971	204	239
1779088239144972	204	244
1779088239144973	204	264
1779088239144974	204	271
1779088239155345	204	231
1779088239155345	204	246
1779088239155345	204	252
1779088239155346	204	257
1779088239155346	204	264
1779088239155347	204	270
1779088239155347	204	276
1779088239155347	204	282
1779088239155348	204	289
1779088239155348	204	295
1779088239155348	204	301
1779088239164743	204	159
1779088239164743	204	173
1779088239164744	204	179
1779088239164744	204	184
1779088239164744	204	190
1779088239164745	204	196
1779088239164745	204	202
1779088239164745	204	207
1779088239164746	204	212
1779088239175061	204	209
1779088239175062	204	228
1779088239175062	204	235
1779088239175063	204	241
1779088239175063	204	247
1779088239175063	204	260
1779088239175064	204	266
1779088239175064	204	273
1779088239175064	204	280
1779088239175065	204	286
1779088239175065	204	292
1779088239185457	204	254
1779088239185457	204	272
1779088239185458	204	278
1779088239185458	204	284
1779088239185458	204	292
1779088239185459	204	298
1779088239185459	204	304
1779088239185459	204	310
1779088239185460	204	317
1779088239185460	204	323
1779088239194879	204	172
1779088239194880	204	185
1779088239194880	204	191
1779088239194880	204	197
1779088239194881	204	202
1779088239194881	204	208
1779088239194881	204	213
1779088239194882	204	218
1779088239194882	204	224
1779088239205214	204	256
1779088239205215	204	282
1779088239205215	204	289
1779088239205216	204	296
1779088239205216	204	302
1779088239205217	204	308
1779088239205217	204	314
1779088239205218	204	320
1779088239205219	204	326
1779088239205219	204	332
1779088239205220	204	338
1779088239215666	204	213
1779088239215667	204	232
1779088239215667	204	237
1779088239215668	204	241
1779088239215668	204	244
1779088239215668	204	248
1779088239215669	204	251
1779088239215669	204	255
1779088239215671	204	257
1779088239215671	204	262
1779088239225025	204	203
1779088239225025	204	219
1779088239225025	204	223
1779088239225026	204	227
1779088239225026	204	231
1779088239225027	204	234
1779088239225027	204	238
1779088239225027	204	241
1779088239225028	204	245
1779088239225028	204	249
1779088239235379	204	209
1779088239235379	204	224
1779088239235380	204	228
1779088239235380	204	231
1779088239235381	204	234
1779088239235381	204	237
1779088239235381	204	240
1779088239235382	204	244
1779088239235382	204	247
1779088239235383	204	251
1779088239244719	204	158
1779088239244720	204	177
1779088239244720	204	183
1779088239244720	204	190
1779088239244720	204	196
1779088239244721	204	201
1779088239244721	204	207
1779088239244721	204	213
1779088239244722	204	220
1779088239255041	204	225
1779088239255042	204	243
1779088239255043	204	247
1779088239255043	204	251
1779088239255043	204	255
1779088239255044	204	259
1779088239255044	204	262
1779088239255044	204	266
1779088239255045	204	270
1779088239255045	204	274
1779088239255046	204	277
1779088239265420	204	214
1779088239265421	204	235
1779088239265421	204	241
1779088239265422	204	247
1779088239265423	204	252
1779088239265423	204	258
1779088239265424	204	263
1779088239265424	204	269
1779088239265425	204	275
1779088239265426	204	281
1779088239274814	204	163
1779088239274814	204	186
1779088239274814	204	190
1779088239274815	204	193
1779088239274815	204	197
1779088239274816	204	200
1779088239274816	204	208
1779088239274816	204	212
1779088239274817	204	215
1779088239285183	204	209
1779088239285184	204	225
1779088239285184	204	229
1779088239285185	204	232
1779088239285185	204	236
1779088239285185	204	239
1779088239285186	204	242
1779088239285186	204	246
1779088239285187	204	250
1779088239285187	204	253
1779088239285187	204	257
1779088239295593	204	155
1779088239295593	204	167
1779088239295594	204	171
1779088239295594	204	175
1779088239295594	204	178
1779088239295595	204	182
1779088239295595	204	186
1779088239295595	204	190
1779088239295595	204	193
1779088239295596	204	197
1779088239304963	204	213
1779088239304963	204	233
1779088239304964	204	237
1779088239304965	204	241
1779088239304965	204	245
1779088239304965	204	248
1779088239304966	204	252
1779088239304966	204	255
1779088239304966	204	260
1779088239315315	204	191
1779088239315315	204	205
1779088239315316	204	220
1779088239315316	204	225
1779088239315316	204	228
1779088239315317	204	232
1779088239315317	204	235
1779088239315317	204	239
1779088239315318	204	243
1779088239315318	204	246
1779088239315318	204	250
1779088239324716	204	145
1779088239324716	204	157
1779088239324717	204	160
1779088239324717	204	164
1779088239324717	204	167
1779088239324717	204	171
1779088239324718	204	174
1779088239324718	204	177
1779088239324718	204	180
1779088239335044	204	202
1779088239335044	204	216
1779088239335045	204	220
1779088239335045	204	223
1779088239335045	204	227
1779088239335046	204	230
1779088239335046	204	234
1779088239335046	204	238
1779088239335046	204	242
1779088239335047	204	245
1779088239335047	204	249
1779088239345461	204	271
1779088239345462	204	303
1779088239345463	204	311
1779088239345464	204	317
1779088239345464	204	323
1779088239345465	204	328
1779088239345465	204	334
1779088239345466	204	339
1779088239345466	204	345
1779088239345467	204	351
1779088239354918	204	191
1779088239354919	204	211
1779088239354919	204	217
1779088239354920	204	223
1779088239354920	204	230
1779088239354920	204	233
1779088239354920	204	236
1779088239354921	204	239
1779088239354921	204	243
1779088239365262	204	213
1779088239365262	204	236
1779088239365263	204	244
1779088239365263	204	251
1779088239365263	204	258
1779088239365264	204	264
1779088239365264	204	270
1779088239365264	204	276
1779088239365264	204	279
1779088239365265	204	283
1779088239365265	204	286
1779088239375643	204	169
1779088239375644	204	186
1779088239375644	204	193
1779088239375644	204	200
1779088239375645	204	206
1779088239375645	204	211
1779088239375645	204	216
1779088239375646	204	219
1779088239375646	204	222
1779088239375646	204	233
1779088239385037	204	188
1779088239385037	204	210
1779088239385038	204	218
1779088239385038	204	226
1779088239385038	204	232
1779088239385038	204	239
1779088239385039	204	243
1779088239385039	204	246
1779088239385039	204	250
1779088239385040	204	253
1779088239395385	204	227
1779088239395385	204	248
1779088239395386	204	254
1779088239395386	204	261
1779088239395386	204	267
1779088239395387	204	273
1779088239395387	204	279
1779088239395387	204	285
1779088239395388	204	291
1779088239395388	204	297
1779088239404789	204	152
1779088239404790	204	167
1779088239404790	204	171
1779088239404790	204	175
1779088239404791	204	179
1779088239404791	204	182
1779088239404791	204	186
1779088239404792	204	189
1779088239404792	204	193
1779088239415152	204	185
1779088239415152	204	199
1779088239415153	204	203
1779088239415153	204	207
1779088239415153	204	211
1779088239415154	204	214
1779088239415154	204	218
1779088239415154	204	222
1779088239415154	204	226
1779088239415155	204	230
1779088239415155	204	233
1779088239425538	204	190
1779088239425538	204	206
1779088239425539	204	211
1779088239425539	204	215
1779088239425539	204	219
1779088239425540	204	222
1779088239425540	204	226
1779088239425540	204	230
1779088239425541	204	233
1779088239425541	204	237
1779088239434927	204	166
1779088239434928	204	180
1779088239434928	204	183
1779088239434929	204	187
1779088239434929	204	190
1779088239434929	204	193
1779088239434930	204	196
1779088239434930	204	199
1779088239434930	204	202
1779088239445283	204	247
1779088239445284	204	262
1779088239445284	204	266
1779088239445284	204	270
1779088239445285	204	273
1779088239445285	204	277
1779088239445285	204	281
1779088239445286	204	285
1779088239445286	204	288
1779088239445286	204	292
1779088239445287	204	295
1779088239455669	204	172
1779088239455669	204	184
1779088239455670	204	188
1779088239455670	204	191
1779088239455670	204	194
1779088239455671	204	197
1779088239455671	204	201
1779088239455671	204	204
1779088239455671	204	207
1779088239455672	204	210
1779088239465033	204	199
1779088239465033	204	213
1779088239465034	204	218
1779088239465034	204	221
1779088239465034	204	225
1779088239465035	204	230
1779088239465035	204	234
1779088239465035	204	238
1779088239465036	204	241
1779088239465036	204	245
1779088239475368	204	215
1779088239475369	204	229
1779088239475369	204	239
1779088239475369	204	243
1779088239475370	204	257
1779088239475370	204	261
1779088239475370	204	265
1779088239475371	204	268
1779088239475371	204	272
1779088239475371	204	275
1779088239484732	204	134
1779088239484733	204	148
1779088239484733	204	151
1779088239484733	204	155
1779088239484733	204	158
1779088239484734	204	161
1779088239484734	204	165
1779088239484734	204	168
1779088239484734	204	171
1779088239495051	204	217
1779088239495051	204	232
1779088239495052	204	236
1779088239495052	204	239
1779088239495052	204	243
1779088239495053	204	247
1779088239495053	204	250
1779088239495053	204	254
1779088239495054	204	258
1779088239495054	204	262
1779088239495054	204	266
1779088239505482	204	245
1779088239505483	204	265
1779088239505483	204	270
1779088239505484	204	273
1779088239505485	204	277
1779088239505485	204	280
1779088239505486	204	284
1779088239505486	204	287
1779088239505487	204	291
1779088239505488	204	294
1779088239514867	204	150
1779088239514868	204	161
1779088239514868	204	165
1779088239514869	204	168
1779088239514869	204	171
1779088239514869	204	174
1779088239514869	204	177
1779088239514870	204	180
1779088239514870	204	183
1779088239525194	204	188
1779088239525195	204	202
1779088239525195	204	207
1779088239525195	204	210
1779088239525196	204	214
1779088239525196	204	217
1779088239525197	204	221
1779088239525197	204	225
1779088239525197	204	228
1779088239525198	204	232
1779088239525198	204	235
1779088239535580	204	168
1779088239535580	204	183
1779088239535581	204	187
1779088239535581	204	191
1779088239535581	204	195
1779088239535582	204	199
1779088239535582	204	203
1779088239535582	204	206
1779088239535583	204	210
1779088239535583	204	213
1779088239544968	204	206
1779088239544969	204	224
1779088239544969	204	228
1779088239544969	204	232
1779088239544970	204	235
1779088239544970	204	239
1779088239544970	204	243
1779088239544971	204	246
1779088239544971	204	250
1779088239555314	204	201
1779088239555315	204	214
1779088239555315	204	218
1779088239555316	204	221
1779088239555316	204	224
1779088239555317	204	227
1779088239555317	204	230
1779088239555318	204	234
1779088239555318	204	237
1779088239555319	204	239
1779088239555319	204	242
1779088239564714	204	146
1779088239564715	204	158
1779088239564715	204	161
1779088239564715	204	165
1779088239564715	204	168
1779088239564716	204	171
1779088239564716	204	175
1779088239564716	204	178
1779088239564717	204	181
1779088239575049	204	210
1779088239575050	204	223
1779088239575050	204	228
1779088239575051	204	234
1779088239575051	204	237
1779088239575052	204	241
1779088239575052	204	245
1779088239575052	204	249
1779088239575053	204	252
1779088239575053	204	256
1779088239575053	204	259
1779088239585472	204	301
1779088239585473	204	320
1779088239585474	204	325
1779088239585475	204	328
1779088239585475	204	338
1779088239585476	204	342
1779088239585477	204	345
1779088239585477	204	348
1779088239585478	204	351
1779088239585478	204	355
1779088239594922	204	163
1779088239594923	204	175
1779088239594923	204	179
1779088239594924	204	183
1779088239594924	204	187
1779088239594924	204	190
1779088239594925	204	194
1779088239594925	204	198
1779088239594925	204	201
1779088239605277	204	221
1779088239605278	204	239
1779088239605278	204	243
1779088239605279	204	247
1779088239605280	204	250
1779088239605280	204	254
1779088239605280	204	257
1779088239605281	204	261
1779088239605281	204	265
1779088239605281	204	268
1779088239605282	204	272
1779088239615644	204	176
1779088239615644	204	189
1779088239615645	204	193
1779088239615645	204	196
1779088239615646	204	199
1779088239615647	204	202
1779088239615647	204	205
1779088239615647	204	208
1779088239615648	204	211
1779088239615648	204	215
1779088239625013	204	187
1779088239625013	204	200
1779088239625014	204	204
1779088239625014	204	207
1779088239625014	204	210
1779088239625015	204	213
1779088239625015	204	216
1779088239625015	204	220
1779088239625016	204	223
1779088239625016	204	226
1779088239635392	204	217
1779088239635392	204	233
1779088239635393	204	237
1779088239635393	204	241
1779088239635393	204	245
1779088239635394	204	248
1779088239635394	204	252
1779088239635395	204	256
1779088239635395	204	388
1779088239635396	204	392
1779088239644885	204	178
1779088239644885	204	194
1779088239644886	204	198
1779088239644886	204	201
1779088239644887	204	207
1779088239644887	204	210
1779088239644887	204	214
1779088239644888	204	217
1779088239644888	204	221
1779088239655199	204	192
1779088239655199	204	206
1779088239655200	204	210
1779088239655200	204	214
1779088239655200	204	218
1779088239655201	204	221
1779088239655201	204	225
1779088239655201	204	229
1779088239655202	204	232
1779088239655202	204	236
1779088239655203	204	239
1779088239665600	204	261
1779088239665602	204	282
1779088239665602	204	287
1779088239665603	204	290
1779088239665604	204	294
1779088239665604	204	297
1779088239665605	204	301
1779088239665606	204	305
1779088239665606	204	308
1779088239665607	204	312
1779088239675011	204	169
1779088239675011	204	179
1779088239675012	204	183
1779088239675012	204	186
1779088239675012	204	190
1779088239675013	204	193
1779088239675013	204	196
1779088239675013	204	199
1779088239675013	204	202
1779088239675014	204	206
1779088239685376	204	215
1779088239685377	204	233
1779088239685377	204	236
1779088239685378	204	240
1779088239685378	204	243
1779088239685379	204	246
1779088239685379	204	257
1779088239685379	204	260
1779088239685380	204	264
1779088239685380	204	268
1779088239694737	204	168
1779088239694737	204	179
1779088239694738	204	183
1779088239694738	204	186
1779088239694738	204	189
1779088239694739	204	192
1779088239694739	204	196
1779088239694739	204	199
1779088239694739	204	202
1779088239705088	204	232
1779088239705088	204	249
1779088239705089	204	254
1779088239705089	204	258
1779088239705090	204	261
1779088239705090	204	265
1779088239705090	204	268
1779088239705091	204	272
1779088239705091	204	276
1779088239705091	204	280
1779088239705092	204	283
1779088239715473	204	296
1779088239715475	204	325
1779088239715475	204	333
1779088239715476	204	339
1779088239715477	204	347
1779088239715478	204	353
1779088239715479	204	358
1779088239715479	204	364
1779088239715480	204	370
1779088239715481	204	375
1779088239724965	204	188
1779088239724966	204	204
1779088239724966	204	209
1779088239724967	204	212
1779088239724967	204	216
1779088239724968	204	219
1779088239724968	204	223
1779088239724968	204	226
1779088239724969	204	230
1779088239735288	204	240
1779088239735289	204	259
1779088239735289	204	263
1779088239735289	204	267
1779088239735290	204	270
1779088239735290	204	274
1779088239735291	204	277
1779088239735291	204	281
1779088239735291	204	284
1779088239735292	204	288
1779088239735293	204	291
1779088239745679	204	306
1779088239745681	204	341
1779088239745681	204	345
1779088239745682	204	351
1779088239745683	204	358
1779088239745683	204	364
1779088239745684	204	369
1779088239745684	204	374
1779088239745685	204	379
1779088239745686	204	409
1779088239755199	204	193
1779088239755200	204	210
1779088239755201	204	214
1779088239755202	204	218
1779088239755202	204	221
1779088239755203	204	224
1779088239755203	204	227
1779088239755204	204	230
1779088239755204	204	233
1779088239755205	204	236
1779088239765601	204	216
1779088239765602	204	232
1779088239765602	204	236
1779088239765603	204	239
1779088239765603	204	243
1779088239765604	204	246
1779088239765604	204	250
1779088239765605	204	253
1779088239765605	204	257
1779088239765606	204	261
1779088239774952	204	153
1779088239774953	204	164
1779088239774953	204	168
1779088239774953	204	171
1779088239774954	204	174
1779088239774954	204	177
1779088239774954	204	181
1779088239774955	204	184
1779088239774955	204	187
1779088239785293	204	213
1779088239785294	204	228
1779088239785296	204	230
1779088239785296	204	233
1779088239785297	204	236
1779088239785297	204	239
1779088239785298	204	242
1779088239785299	204	245
1779088239785299	204	249
1779088239785299	204	258
1779088239785300	204	261
1779088239794719	204	194
1779088239794720	204	212
1779088239794720	204	217
1779088239794721	204	221
1779088239794721	204	225
1779088239794722	204	228
1779088239794722	204	232
1779088239794722	204	235
1779088239794723	204	240
1779088239805052	204	179
1779088239805053	204	190
1779088239805053	204	194
1779088239805053	204	207
1779088239805053	204	211
1779088239805054	204	214
1779088239805054	204	217
1779088239805054	204	220
1779088239805055	204	223
1779088239805055	204	227
1779088239805056	204	230
1779088239815445	204	210
1779088239815446	204	229
1779088239815447	204	233
1779088239815447	204	237
1779088239815447	204	240
1779088239815448	204	244
1779088239815448	204	247
1779088239815449	204	251
1779088239815449	204	254
1779088239815449	204	258
1779088239824796	204	155
1779088239824797	204	172
1779088239824797	204	178
1779088239824797	204	184
1779088239824798	204	189
1779088239824798	204	202
1779088239824798	204	206
1779088239824799	204	209
1779088239824799	204	212
1779088239835173	204	203
1779088239835174	204	218
1779088239835174	204	222
1779088239835175	204	225
1779088239835175	204	229
1779088239835176	204	232
1779088239835176	204	237
1779088239835176	204	240
1779088239835177	204	244
1779088239835177	204	248
1779088239835178	204	251
1779088239845584	204	202
1779088239845584	204	216
1779088239845585	204	220
1779088239845585	204	224
1779088239845585	204	227
1779088239845586	204	231
1779088239845586	204	235
1779088239845586	204	239
1779088239845587	204	243
1779088239845587	204	246
1779088239854921	204	180
1779088239854922	204	193
1779088239854924	204	195
1779088239854924	204	198
1779088239854925	204	201
1779088239854925	204	204
1779088239854925	204	208
1779088239854926	204	211
1779088239854926	204	214
1779088239865293	204	186
1779088239865294	204	200
1779088239865294	204	203
1779088239865294	204	206
1779088239865295	204	210
1779088239865295	204	213
1779088239865295	204	217
1779088239865296	204	220
1779088239865296	204	223
1779088239865296	204	226
1779088239865297	204	229
1779088239875680	204	178
1779088239875680	204	192
1779088239875680	204	196
1779088239875681	204	199
1779088239875681	204	203
1779088239875682	204	206
1779088239875682	204	209
1779088239875682	204	212
1779088239875683	204	215
1779088239875683	204	218
1779088239885052	204	160
1779088239885052	204	173
1779088239885052	204	177
1779088239885052	204	180
1779088239885053	204	184
1779088239885053	204	187
1779088239885053	204	190
1779088239885054	204	194
1779088239885054	204	197
1779088239885054	204	200
1779088239895404	204	198
1779088239895404	204	219
1779088239895404	204	222
1779088239895405	204	225
1779088239895405	204	229
1779088239895405	204	232
1779088239895406	204	235
1779088239895406	204	238
1779088239895406	204	241
1779088239895407	204	244
1779088239904743	204	172
1779088239904743	204	186
1779088239904743	204	189
1779088239904744	204	193
1779088239904744	204	196
1779088239904744	204	199
1779088239904745	204	202
1779088239904745	204	206
1779088239904745	204	209
1779088239915110	204	180
1779088239915110	204	194
1779088239915110	204	198
1779088239915111	204	202
1779088239915111	204	205
1779088239915111	204	209
1779088239915112	204	213
1779088239915112	204	217
1779088239915112	204	220
1779088239915113	204	224
1779088239915113	204	227
1779088239925495	204	213
1779088239925495	204	231
1779088239925496	204	236
1779088239925500	204	236
1779088239925501	204	240
1779088239925501	204	243
1779088239925501	204	247
1779088239925502	204	251
1779088239925502	204	256
1779088239925502	204	260
1779088239934847	204	139
1779088239934848	204	160
1779088239934848	204	164
1779088239934848	204	168
1779088239934849	204	171
1779088239934849	204	174
1779088239934849	204	178
1779088239934849	204	181
1779088239934850	204	184
1779088239945174	204	174
1779088239945174	204	186
1779088239945175	204	189
1779088239945175	204	193
1779088239945175	204	196
1779088239945176	204	199
1779088239945176	204	203
1779088239945176	204	206
1779088239945177	204	210
1779088239945177	204	213
1779088239945177	204	217
1779088239955537	204	184
1779088239955537	204	199
1779088239955537	204	203
1779088239955538	204	207
1779088239955538	204	211
1779088239955539	204	214
1779088239955539	204	218
1779088239955539	204	222
1779088239955540	204	225
1779088239955540	204	229
1779088239964911	204	148
1779088239964912	204	158
1779088239964912	204	162
1779088239964912	204	165
1779088239964912	204	169
1779088239964913	204	173
1779088239964913	204	188
1779088239964913	204	192
1779088239964914	204	196
1779088239975261	204	242
1779088239975262	204	262
1779088239975263	204	267
1779088239975263	204	271
1779088239975263	204	274
1779088239975264	204	278
1779088239975264	204	281
1779088239975264	204	285
1779088239975265	204	288
1779088239975266	204	292
1779088239975267	204	295
1779088239985654	204	257
1779088239985656	204	344
1779088239985657	204	390
1779088239985657	204	451
1779088239985658	204	476
1779088239985658	204	483
1779088239985659	204	489
1779088239985660	204	494
1779088239985660	204	500
1779088239985661	204	505
1779088239995320	204	187
1779088239995321	204	200
1779088239995321	204	204
1779088239995322	204	210
1779088239995325	204	211
1779088239995326	204	214
1779088239995326	204	217
1779088239995326	204	220
1779088239995327	204	224
1779088239995328	204	227
1779088240004707	204	177
1779088240004708	204	192
1779088240004709	204	195
1779088240004709	204	198
1779088240004709	204	201
1779088240004710	204	205
1779088240004710	204	208
1779088240004710	204	211
1779088240004711	204	214
1779088240015072	204	156
1779088240015072	204	167
1779088240015073	204	170
1779088240015073	204	173
1779088240015073	204	177
1779088240015074	204	180
1779088240015074	204	183
1779088240015074	204	187
1779088240015075	204	190
1779088240015075	204	193
1779088240015076	204	196
1779088240025424	204	219
1779088240025425	204	238
1779088240025425	204	243
1779088240025426	204	246
1779088240025426	204	250
1779088240025426	204	253
1779088240025427	204	257
1779088240025427	204	260
1779088240025428	204	264
1779088240025428	204	268
1779088240034788	204	167
1779088240034789	204	180
1779088240034789	204	184
1779088240034790	204	187
1779088240034790	204	190
1779088240034790	204	193
1779088240034791	204	196
1779088240034791	204	212
1779088240034792	204	217
1779088240045094	204	219
1779088240045095	204	239
1779088240045095	204	244
1779088240045096	204	248
1779088240045096	204	251
1779088240045097	204	255
1779088240045097	204	259
1779088240045098	204	262
1779088240045098	204	267
1779088240045098	204	271
1779088240045099	204	274
1779088240055465	204	206
1779088240055466	204	221
1779088240055467	204	224
1779088240055467	204	227
1779088240055468	204	230
1779088240055468	204	233
1779088240055469	204	236
1779088240055469	204	239
1779088240055470	204	242
1779088240055471	204	245
1779088240064805	204	175
1779088240064806	204	200
1779088240064806	204	205
1779088240064807	204	208
1779088240064807	204	212
1779088240064809	204	214
1779088240064809	204	218
1779088240064810	204	221
1779088240064810	204	225
1779088240075123	204	192
1779088240075124	204	206
1779088240075124	204	210
1779088240075125	204	214
1779088240075125	204	217
1779088240075125	204	221
1779088240075126	204	224
1779088240075126	204	228
1779088240075127	204	231
1779088240075127	204	235
1779088240075128	204	238
1779088240085524	204	188
1779088240085524	204	203
1779088240085525	204	207
1779088240085526	204	210
1779088240085526	204	214
1779088240085526	204	217
1779088240085527	204	220
1779088240085527	204	223
1779088240085527	204	227
1779088240085528	204	230
1779088240094905	204	171
1779088240094906	204	185
1779088240094906	204	189
1779088240094907	204	192
1779088240094907	204	195
1779088240094907	204	198
1779088240094908	204	209
1779088240094908	204	211
1779088240094908	204	215
1779088240105268	204	197
1779088240105268	204	211
1779088240105268	204	215
1779088240105269	204	219
1779088240105269	204	223
1779088240105270	204	227
1779088240105270	204	230
1779088240105270	204	234
1779088240105270	204	238
1779088240105271	204	241
1779088240105271	204	245
1779088240115662	204	180
1779088240115663	204	193
1779088240115663	204	197
1779088240115664	204	200
1779088240115664	204	203
1779088240115664	204	206
1779088240115665	204	209
1779088240115665	204	213
1779088240115665	204	217
1779088240115666	204	220
1779088240125033	204	192
1779088240125034	204	207
1779088240125034	204	210
1779088240125035	204	213
1779088240125035	204	216
1779088240125035	204	220
1779088240125036	204	223
1779088240125036	204	227
1779088240125036	204	230
1779088240125037	204	234
1779088240135366	204	177
1779088240135367	204	190
1779088240135367	204	193
1779088240135368	204	196
1779088240135368	204	199
1779088240135371	204	200
1779088240135371	204	203
1779088240135372	204	207
1779088240135372	204	210
1779088240135372	204	212
1779088240144728	204	126
1779088240144729	204	135
1779088240144729	204	139
1779088240144729	204	142
1779088240144730	204	145
1779088240144730	204	149
1779088240144730	204	152
1779088240144731	204	155
1779088240144731	204	158
1779088240155038	204	191
1779088240155039	204	207
1779088240155039	204	212
1779088240155040	204	216
1779088240155040	204	220
1779088240155041	204	224
1779088240155041	204	227
1779088240155041	204	231
1779088240155042	204	234
1779088240155042	204	238
1779088240155042	204	241
1779088240165432	204	179
1779088240165432	204	194
1779088240165433	204	198
1779088240165433	204	201
1779088240165433	204	204
1779088240165434	204	207
1779088240165434	204	210
1779088240165434	204	214
1779088240165435	204	218
1779088240165435	204	222
1779088240174799	204	159
1779088240174799	204	170
1779088240174799	204	174
1779088240174800	204	178
1779088240174800	204	182
1779088240174800	204	185
1779088240174801	204	189
1779088240174801	204	204
1779088240174801	204	208
1779088240185159	204	201
1779088240185160	204	216
1779088240185160	204	219
1779088240185160	204	222
1779088240185161	204	226
1779088240185161	204	230
1779088240185162	204	234
1779088240185162	204	238
1779088240185162	204	241
1779088240185162	204	245
1779088240185163	204	248
1779088240195558	204	188
1779088240195558	204	202
1779088240195559	204	206
1779088240195559	204	209
1779088240195559	204	212
1779088240195560	204	215
1779088240195560	204	218
1779088240195560	204	221
1779088240195561	204	229
1779088240195561	204	232
1779088240204935	204	170
1779088240204935	204	181
1779088240204935	204	185
1779088240204936	204	188
1779088240204936	204	191
1779088240204936	204	194
1779088240204941	204	193
1779088240204942	204	196
1779088240204942	204	199
1779088240215281	204	173
1779088240215282	204	186
1779088240215282	204	189
1779088240215282	204	192
1779088240215283	204	196
1779088240215283	204	200
1779088240215283	204	204
1779088240215284	204	208
1779088240215284	204	211
1779088240215284	204	215
1779088240215285	204	218
1779088240225656	204	281
1779088240225657	204	306
1779088240225657	204	314
1779088240225658	204	320
1779088240225659	204	326
1779088240225659	204	343
1779088240225660	204	350
1779088240225661	204	356
1779088240225661	204	361
1779088240225662	204	368
1779088240235127	204	202
1779088240235128	204	217
1779088240235128	204	222
1779088240235129	204	225
1779088240235129	204	229
1779088240235130	204	232
1779088240235130	204	236
1779088240235130	204	240
1779088240235131	204	243
1779088240235131	204	247
1779088240245465	204	202
1779088240245466	204	216
1779088240245466	204	220
1779088240245466	204	224
1779088240245467	204	228
1779088240245467	204	231
1779088240245467	204	235
1779088240245468	204	239
1779088240245468	204	242
1779088240245468	204	246
1779088240254797	204	140
1779088240254797	204	151
1779088240254797	204	155
1779088240254798	204	158
1779088240254798	204	161
1779088240254798	204	165
1779088240254799	204	168
1779088240254799	204	171
1779088240254799	204	174
1779088240265123	204	212
1779088240265124	204	226
1779088240265124	204	230
1779088240265125	204	234
1779088240265125	204	237
1779088240265125	204	241
1779088240265126	204	244
1779088240265126	204	248
1779088240265127	204	252
1779088240265127	204	255
1779088240265127	204	259
1779088240275541	204	265
1779088240275541	204	279
1779088240275542	204	283
1779088240275542	204	287
1779088240275543	204	290
1779088240275543	204	293
1779088240275544	204	297
1779088240275545	204	300
1779088240275545	204	317
1779088240275546	204	321
1779088240284947	204	153
1779088240284947	204	163
1779088240284948	204	167
1779088240284948	204	170
1779088240284948	204	173
1779088240284948	204	177
1779088240284949	204	180
1779088240284949	204	183
1779088240284949	204	186
1779088240295281	204	217
1779088240295282	204	230
1779088240295282	204	234
1779088240295283	204	238
1779088240295283	204	241
1779088240295283	204	256
1779088240295284	204	260
1779088240295284	204	264
1779088240295284	204	267
1779088240295285	204	271
1779088240295285	204	274
1779088240305658	204	232
1779088240305659	204	258
1779088240305659	204	265
1779088240305660	204	271
1779088240305660	204	277
1779088240305660	204	283
1779088240305661	204	289
1779088240305661	204	296
1779088240305661	204	303
1779088240305662	204	310
1779088240315088	204	210
1779088240315088	204	222
1779088240315088	204	226
1779088240315089	204	230
1779088240315089	204	233
1779088240315089	204	236
1779088240315090	204	239
1779088240315090	204	242
1779088240315090	204	246
1779088240315091	204	249
1779088240325431	204	229
1779088240325432	204	248
1779088240325432	204	252
1779088240325433	204	256
1779088240325433	204	260
1779088240325433	204	263
1779088240325434	204	267
1779088240325434	204	271
1779088240325434	204	274
1779088240325435	204	279
1779088240334801	204	138
1779088240334802	204	148
1779088240334802	204	152
1779088240334802	204	155
1779088240334803	204	158
1779088240334803	204	161
1779088240334803	204	165
1779088240334803	204	168
1779088240334804	204	171
1779088240345131	204	258
1779088240345132	204	280
1779088240345132	204	287
1779088240345133	204	294
1779088240345133	204	300
1779088240345134	204	306
1779088240345134	204	312
1779088240345135	204	317
1779088240345135	204	323
1779088240345136	204	328
1779088240345138	204	332
1779088240355570	204	262
1779088240355570	204	278
1779088240355571	204	282
1779088240355571	204	286
1779088240355572	204	289
1779088240355572	204	293
1779088240355572	204	296
1779088240355573	204	300
1779088240355573	204	303
1779088240355573	204	307
1779088240364966	204	187
1779088240364967	204	199
1779088240364967	204	203
1779088240364968	204	206
1779088240364968	204	209
1779088240364968	204	212
1779088240364968	204	215
1779088240364969	204	219
1779088240364969	204	222
1779088240375288	204	260
1779088240375289	204	282
1779088240375289	204	290
1779088240375290	204	296
1779088240375291	204	302
1779088240375292	204	309
1779088240375292	204	315
1779088240375293	204	321
1779088240375294	204	327
1779088240375295	204	333
1779088240375295	204	339
1779088240384736	204	171
1779088240384737	204	191
1779088240384738	204	197
1779088240384738	204	202
1779088240384739	204	207
1779088240384739	204	212
1779088240384740	204	218
1779088240384741	204	221
1779088240384741	204	225
1779088240395070	204	218
1779088240395071	204	233
1779088240395071	204	237
1779088240395072	204	241
1779088240395072	204	244
1779088240395072	204	248
1779088240395073	204	251
1779088240395073	204	255
1779088240395074	204	258
1779088240395074	204	262
1779088240395075	204	265
1779088240405493	204	218
1779088240405494	204	234
1779088240405494	204	238
1779088240405494	204	249
1779088240405495	204	253
1779088240405495	204	257
1779088240405495	204	260
1779088240405496	204	264
1779088240405496	204	268
1779088240405496	204	271
1779088240414854	204	135
1779088240414854	204	155
1779088240414855	204	158
1779088240414855	204	162
1779088240414855	204	166
1779088240414855	204	169
1779088240414856	204	172
1779088240414856	204	175
1779088240414856	204	178
1779088240425183	204	215
1779088240425184	204	230
1779088240425184	204	235
1779088240425184	204	240
1779088240425185	204	244
1779088240425185	204	247
1779088240425186	204	251
1779088240425186	204	254
1779088240425186	204	259
1779088240425186	204	262
1779088240425187	204	266
1779088240435604	204	250
1779088240435604	204	265
1779088240435605	204	269
1779088240435605	204	273
1779088240435605	204	277
1779088240435606	204	281
1779088240435606	204	284
1779088240435606	204	288
1779088240435607	204	292
1779088240435607	204	295
1779088240444987	204	188
1779088240444988	204	198
1779088240444988	204	202
1779088240444988	204	205
1779088240444989	204	208
1779088240444989	204	212
1779088240444989	204	216
1779088240444989	204	219
1779088240444990	204	223
1779088240444990	204	226
1779088240455366	204	199
1779088240455366	204	214
1779088240455366	204	218
1779088240455367	204	222
1779088240455367	204	226
1779088240455367	204	229
1779088240455368	204	233
1779088240455368	204	249
1779088240455368	204	253
1779088240455369	204	257
1779088240464712	204	163
1779088240464712	204	173
1779088240464713	204	177
1779088240464713	204	180
1779088240464713	204	183
1779088240464713	204	186
1779088240464714	204	190
1779088240464714	204	193
1779088240464714	204	196
1779088240475081	204	222
1779088240475082	204	241
1779088240475082	204	245
1779088240475083	204	248
1779088240475083	204	252
1779088240475084	204	255
1779088240475084	204	259
1779088240475085	204	262
1779088240475085	204	266
1779088240475085	204	270
1779088240475086	204	274
1779088240485451	204	203
1779088240485452	204	217
1779088240485452	204	222
1779088240485452	204	226
1779088240485453	204	229
1779088240485453	204	233
1779088240485453	204	237
1779088240485453	204	241
1779088240485454	204	244
1779088240485454	204	248
1779088240494788	204	133
1779088240494788	204	144
1779088240494788	204	148
1779088240494789	204	153
1779088240494789	204	157
1779088240494789	204	171
1779088240494790	204	175
1779088240494790	204	179
1779088240494790	204	183
1779088240505122	204	215
1779088240505123	204	229
1779088240505123	204	233
1779088240505124	204	237
1779088240505124	204	241
1779088240505124	204	244
1779088240505125	204	252
1779088240505125	204	256
1779088240505125	204	259
1779088240505126	204	263
1779088240505126	204	266
1779088240515546	204	267
1779088240515547	204	283
1779088240515547	204	288
1779088240515547	204	292
1779088240515548	204	295
1779088240515548	204	299
1779088240515548	204	303
1779088240515549	204	307
1779088240515549	204	310
1779088240515549	204	314
1779088240524951	204	191
1779088240524951	204	204
1779088240524952	204	207
1779088240524952	204	210
1779088240524952	204	214
1779088240524953	204	217
1779088240524953	204	220
1779088240524953	204	223
1779088240524953	204	226
1779088240535270	204	218
1779088240535270	204	233
1779088240535270	204	237
1779088240535271	204	240
1779088240535271	204	243
1779088240535272	204	246
1779088240535272	204	249
1779088240535272	204	253
1779088240535273	204	256
1779088240535273	204	259
1779088240535274	204	262
1779088240545685	204	233
1779088240545686	204	248
1779088240545686	204	254
1779088240545687	204	261
1779088240545687	204	268
1779088240545687	204	275
1779088240545687	204	282
1779088240545688	204	288
1779088240545688	204	294
1779088240545688	204	301
1779088240555096	204	191
1779088240555096	204	204
1779088240555097	204	208
1779088240555097	204	211
1779088240555097	204	214
1779088240555098	204	217
1779088240555098	204	220
1779088240555098	204	224
1779088240555099	204	227
1779088240555099	204	230
1779088240565482	204	182
1779088240565482	204	196
1779088240565482	204	200
1779088240565483	204	206
1779088240565483	204	209
1779088240565483	204	212
1779088240565484	204	215
1779088240565484	204	218
1779088240565484	204	222
1779088240565485	204	225
1779088240574855	204	156
1779088240574856	204	168
1779088240574856	204	172
1779088240574857	204	175
1779088240574857	204	178
1779088240574857	204	182
1779088240574857	204	185
1779088240574858	204	188
1779088240574858	204	192
1779088240585200	204	200
1779088240585200	204	214
1779088240585201	204	218
1779088240585201	204	222
1779088240585201	204	226
1779088240585202	204	229
1779088240585202	204	233
1779088240585202	204	237
1779088240585203	204	240
1779088240585203	204	244
1779088240585203	204	247
1779088240595601	204	180
1779088240595602	204	196
1779088240595602	204	200
1779088240595603	204	203
1779088240595603	204	206
1779088240595603	204	209
1779088240595604	204	213
1779088240595604	204	215
1779088240595605	204	219
1779088240595605	204	222
1779088240604970	204	162
1779088240604970	204	172
1779088240604971	204	176
1779088240604971	204	180
1779088240604971	204	183
1779088240604972	204	186
1779088240604972	204	189
1779088240604972	204	193
1779088240604972	204	202
1779088240615317	204	176
1779088240615318	204	189
1779088240615318	204	193
1779088240615318	204	196
1779088240615319	204	199
1779088240615319	204	202
1779088240615319	204	205
1779088240615320	204	209
1779088240615320	204	213
1779088240615320	204	216
1779088240615321	204	219
1779088240625688	204	191
1779088240625688	204	227
1779088240625689	204	235
1779088240625689	204	242
1779088240625690	204	248
1779088240625690	204	255
1779088240625690	204	261
1779088240625691	204	268
1779088240625691	204	272
1779088240625691	204	276
1779088240635067	204	190
1779088240635068	204	204
1779088240635068	204	207
1779088240635068	204	211
1779088240635069	204	214
1779088240635069	204	217
1779088240635070	204	220
1779088240635070	204	224
1779088240635070	204	227
1779088240635070	204	230
1779088240645446	204	176
1779088240645446	204	190
1779088240645447	204	193
1779088240645447	204	197
1779088240645447	204	200
1779088240645448	204	203
1779088240645448	204	206
1779088240645448	204	210
1779088240645449	204	213
1779088240645449	204	216
1779088240654807	204	139
1779088240654808	204	149
1779088240654808	204	153
1779088240654808	204	156
1779088240654809	204	160
1779088240654809	204	163
1779088240654809	204	166
1779088240654809	204	169
1779088240654810	204	172
1779088240665154	204	216
1779088240665155	204	241
1779088240665155	204	249
1779088240665156	204	256
1779088240665156	204	263
1779088240665156	204	268
1779088240665157	204	272
1779088240665157	204	276
1779088240665157	204	280
1779088240665158	204	283
1779088240665158	204	286
1779088240675539	204	204
1779088240675540	204	229
1779088240675541	204	237
1779088240675541	204	244
1779088240675541	204	250
1779088240675542	204	256
1779088240675542	204	260
1779088240675542	204	264
1779088240675543	204	267
1779088240675543	204	271
1779088240684905	204	160
1779088240684906	204	177
1779088240684906	204	184
1779088240684906	204	190
1779088240684907	204	196
1779088240684907	204	202
1779088240684907	204	207
1779088240684907	204	210
1779088240684908	204	213
1779088240695275	204	204
1779088240695275	204	224
1779088240695276	204	231
1779088240695276	204	237
1779088240695276	204	243
1779088240695277	204	250
1779088240695277	204	255
1779088240695277	204	259
1779088240695278	204	263
1779088240695278	204	266
1779088240695278	204	270
1779088240705643	204	183
1779088240705644	204	205
1779088240705644	204	214
1779088240705644	204	221
1779088240705645	204	228
1779088240705645	204	234
1779088240705645	204	240
1779088240705646	204	243
1779088240705646	204	247
1779088240705646	204	251
1779088240715014	204	258
1779088240715015	204	285
1779088240715016	204	293
1779088240715017	204	299
1779088240715017	204	304
1779088240715018	204	310
1779088240715018	204	316
1779088240715019	204	322
1779088240715019	204	327
1779088240715020	204	333
1779088240725458	204	221
1779088240725459	204	241
1779088240725459	204	247
1779088240725460	204	251
1779088240725460	204	254
1779088240725460	204	258
1779088240725461	204	262
1779088240725461	204	266
1779088240725462	204	270
1779088240725462	204	273
1779088240734820	204	142
1779088240734820	204	153
1779088240734821	204	156
1779088240734821	204	159
1779088240734821	204	162
1779088240734822	204	166
1779088240734822	204	169
1779088240734822	204	182
1779088240734823	204	186
1779088240745151	204	197
1779088240745152	204	210
1779088240745152	204	214
1779088240745152	204	217
1779088240745153	204	220
1779088240745153	204	224
1779088240745153	204	227
1779088240745154	204	230
1779088240745154	204	233
1779088240745154	204	236
1779088240745155	204	240
1779088240755543	204	192
1779088240755544	204	206
1779088240755544	204	210
1779088240755545	204	213
1779088240755545	204	217
1779088240755546	204	220
1779088240755546	204	223
1779088240755547	204	226
1779088240755547	204	229
1779088240755547	204	233
1779088240764922	204	153
1779088240764922	204	164
1779088240764923	204	168
1779088240764923	204	171
1779088240764923	204	174
1779088240764924	204	178
1779088240764924	204	181
1779088240764924	204	185
1779088240764924	204	188
1779088240775257	204	194
1779088240775258	204	209
1779088240775258	204	213
1779088240775259	204	216
1779088240775259	204	220
1779088240775260	204	223
1779088240775260	204	226
1779088240775260	204	229
1779088240775261	204	232
1779088240775261	204	236
1779088240775261	204	238
1779088240785645	204	175
1779088240785646	204	188
1779088240785646	204	191
1779088240785646	204	195
1779088240785647	204	198
1779088240785647	204	212
1779088240785647	204	215
1779088240785648	204	218
1779088240785648	204	222
1779088240785648	204	225
1779088240795049	204	242
1779088240795050	204	268
1779088240795051	204	275
1779088240795052	204	281
1779088240795052	204	287
1779088240795053	204	293
1779088240795053	204	299
1779088240795054	204	304
1779088240795054	204	310
1779088240795055	204	315
1779088240805487	204	205
1779088240805488	204	220
1779088240805488	204	225
1779088240805488	204	228
1779088240805489	204	231
1779088240805489	204	234
1779088240805489	204	238
1779088240805490	204	241
1779088240805490	204	245
1779088240805490	204	248
1779088240814828	204	140
1779088240814829	204	150
1779088240814829	204	161
1779088240814829	204	173
1779088240814829	204	177
1779088240814830	204	180
1779088240814830	204	183
1779088240814830	204	186
1779088240814831	204	189
1779088240825186	204	232
1779088240825187	204	252
1779088240825187	204	258
1779088240825188	204	263
1779088240825188	204	269
1779088240825189	204	275
1779088240825189	204	281
1779088240825190	204	287
1779088240825190	204	292
1779088240825191	204	298
1779088240825191	204	304
1779088240835601	204	218
1779088240835601	204	238
1779088240835602	204	244
1779088240835602	204	250
1779088240835603	204	255
1779088240835603	204	261
1779088240835604	204	266
1779088240835604	204	271
1779088240835605	204	277
1779088240835605	204	283
1779088240844992	204	198
1779088240844993	204	214
1779088240845003	204	208
1779088240845004	204	211
1779088240845004	204	214
1779088240845004	204	217
1779088240845005	204	220
1779088240845005	204	224
1779088240845005	204	227
1779088240845006	204	231
1779088240855391	204	189
1779088240855392	204	201
1779088240855392	204	205
1779088240855392	204	209
1779088240855393	204	213
1779088240855393	204	217
1779088240855393	204	220
1779088240855394	204	224
1779088240855394	204	227
1779088240855394	204	231
1779088240864769	204	151
1779088240864770	204	164
1779088240864770	204	169
1779088240864770	204	174
1779088240864771	204	179
1779088240864771	204	184
1779088240864771	204	188
1779088240864771	204	193
1779088240864772	204	199
1779088240875125	204	195
1779088240875125	204	209
1779088240875125	204	213
1779088240875126	204	217
1779088240875126	204	220
1779088240875126	204	224
1779088240875127	204	228
1779088240875127	204	232
1779088240875127	204	236
1779088240875128	204	240
1779088240875128	204	243
1779088240885518	204	178
1779088240885518	204	191
1779088240885519	204	195
1779088240885519	204	198
1779088240885519	204	202
1779088240885520	204	205
1779088240885520	204	208
1779088240885520	204	211
1779088240885520	204	215
1779088240885521	204	219
1779088240894887	204	164
1779088240894887	204	175
1779088240894888	204	178
1779088240894888	204	181
1779088240894888	204	184
1779088240894889	204	188
1779088240894889	204	191
1779088240894889	204	194
1779088240894890	204	197
1779088240905235	204	203
1779088240905236	204	217
1779088240905236	204	221
1779088240905237	204	225
1779088240905237	204	228
1779088240905237	204	232
1779088240905238	204	236
1779088240905238	204	240
1779088240905238	204	243
1779088240905238	204	247
1779088240905239	204	250
1779088240915638	204	177
1779088240915640	204	190
1779088240915640	204	194
1779088240915641	204	198
1779088240915641	204	201
1779088240915641	204	213
1779088240915642	204	216
1779088240915642	204	220
1779088240915642	204	224
1779088240915643	204	227
1779088240925033	204	224
1779088240925034	204	246
1779088240925035	204	253
1779088240925035	204	258
1779088240925036	204	264
1779088240925036	204	270
1779088240925037	204	277
1779088240925038	204	283
1779088240925038	204	288
1779088240925039	204	294
1779088240935441	204	219
1779088240935442	204	240
1779088240935443	204	246
1779088240935443	204	251
1779088240935444	204	258
1779088240935444	204	263
1779088240935445	204	269
1779088240935445	204	275
1779088240935446	204	280
1779088240935446	204	286
1779088240944828	204	162
1779088240944829	204	186
1779088240944829	204	190
1779088240944829	204	193
1779088240944830	204	196
1779088240944830	204	199
1779088240944830	204	202
1779088240944831	204	206
1779088240944831	204	209
1779088240955140	204	191
1779088240955140	204	203
1779088240955140	204	207
1779088240955141	204	210
1779088240955141	204	214
1779088240955141	204	217
1779088240955141	204	220
1779088240955142	204	224
1779088240955142	204	227
1779088240955143	204	230
1779088240955143	204	234
1779088240965528	204	178
1779088240965528	204	192
1779088240965529	204	196
1779088240965529	204	199
1779088240965529	204	203
1779088240965530	204	206
1779088240965530	204	211
1779088240965530	204	214
1779088240965531	204	218
1779088240965531	204	221
1779088240974903	204	149
1779088240974904	204	160
1779088240974904	204	163
1779088240974904	204	166
1779088240974904	204	170
1779088240974905	204	173
1779088240974905	204	176
1779088240974905	204	180
1779088240974906	204	182
1779088240985235	204	177
1779088240985236	204	190
1779088240985236	204	193
1779088240985236	204	197
1779088240985238	204	198
1779088240985238	204	201
1779088240985239	204	205
1779088240985239	204	208
1779088240985239	204	211
1779088240985240	204	214
1779088240985240	204	217
1779088240995609	204	187
1779088240995609	204	201
1779088240995610	204	204
1779088240995610	204	208
1779088240995610	204	211
1779088240995611	204	214
1779088240995611	204	218
1779088240995612	204	222
1779088240995612	204	226
1779088240995612	204	229
1779088241005005	204	157
1779088241005006	204	170
1779088241005006	204	174
1779088241005006	204	177
1779088241005007	204	180
1779088241005007	204	184
1779088241005007	204	187
1779088241005008	204	197
1779088241005008	204	201
1779088241005008	204	204
1779088241015371	204	182
1779088241015372	204	197
1779088241015372	204	201
1779088241015373	204	205
1779088241015373	204	208
1779088241015373	204	212
1779088241015374	204	216
1779088241015374	204	225
1779088241015374	204	228
1779088241015375	204	232
1779088241024761	204	171
1779088241024761	204	183
1779088241024761	204	187
1779088241024762	204	190
1779088241024762	204	193
1779088241024762	204	196
1779088241024762	204	200
1779088241024763	204	203
1779088241024763	204	206
1779088241035120	204	196
1779088241035121	204	209
1779088241035121	204	212
1779088241035121	204	216
1779088241035121	204	219
1779088241035122	204	222
1779088241035122	204	225
1779088241035123	204	228
1779088241035123	204	231
1779088241035123	204	234
1779088241035124	204	237
1779088241045511	204	177
1779088241045511	204	189
1779088241045512	204	192
1779088241045512	204	196
1779088241045512	204	199
1779088241045512	204	202
1779088241045513	204	205
1779088241045513	204	209
1779088241045513	204	212
1779088241045514	204	215
1779088241054875	204	187
1779088241054876	204	199
1779088241054876	204	203
1779088241054876	204	207
1779088241054878	204	209
1779088241054879	204	213
1779088241054879	204	217
1779088241054879	204	220
1779088241054879	204	224
1779088241065195	204	190
1779088241065196	204	203
1779088241065197	204	207
1779088241065197	204	211
1779088241065198	204	214
1779088241065198	204	218
1779088241065199	204	221
1779088241065199	204	225
1779088241065200	204	229
1779088241065200	204	232
1779088241065201	204	235
1779088241075585	204	160
1779088241075586	204	172
1779088241075586	204	175
1779088241075586	204	178
1779088241075587	204	182
1779088241075587	204	185
1779088241075587	204	189
1779088241075588	204	192
1779088241075588	204	195
1779088241075588	204	198
1779088241084930	204	144
1779088241084930	204	154
1779088241084930	204	157
1779088241084931	204	160
1779088241084931	204	164
1779088241084931	204	167
1779088241084931	204	170
1779088241084932	204	173
1779088241084932	204	176
1779088241095253	204	192
1779088241095254	204	205
1779088241095254	204	210
1779088241095254	204	214
1779088241095255	204	217
1779088241095255	204	221
1779088241095255	204	224
1779088241095256	204	228
1779088241095256	204	232
1779088241095256	204	235
1779088241095257	204	239
1779088241105652	204	206
1779088241105653	204	222
1779088241105653	204	226
1779088241105653	204	229
1779088241105654	204	232
1779088241105654	204	236
1779088241105654	204	239
1779088241105655	204	242
1779088241105655	204	246
1779088241105655	204	249
1779088241114993	204	210
1779088241114993	204	226
1779088241114994	204	231
1779088241114994	204	243
1779088241115003	204	238
1779088241115004	204	242
1779088241115004	204	245
1779088241115004	204	249
1779088241115005	204	253
1779088241115005	204	257
1779088241125352	204	225
1779088241125352	204	239
1779088241125353	204	243
1779088241125353	204	246
1779088241125353	204	249
1779088241125355	204	251
1779088241125356	204	255
1779088241125356	204	258
1779088241125356	204	262
1779088241125357	204	265
1779088241134710	204	180
1779088241134711	204	196
1779088241134711	204	200
1779088241134711	204	203
1779088241134712	204	206
1779088241134712	204	209
1779088241134713	204	212
1779088241134713	204	215
1779088241134713	204	219
1779088241145079	204	201
1779088241145079	204	216
1779088241145080	204	220
1779088241145080	204	224
1779088241145080	204	227
1779088241145081	204	231
1779088241145081	204	235
1779088241145081	204	239
1779088241145082	204	242
1779088241145082	204	246
1779088241145083	204	249
1779088241155484	204	203
1779088241155485	204	220
1779088241155485	204	225
1779088241155486	204	229
1779088241155486	204	232
1779088241155487	204	236
1779088241155487	204	240
1779088241155487	204	244
1779088241155488	204	247
1779088241155488	204	251
1779088241164825	204	145
1779088241164825	204	157
1779088241164826	204	160
1779088241164826	204	164
1779088241164826	204	167
1779088241164826	204	181
1779088241164827	204	185
1779088241164827	204	188
1779088241164827	204	191
1779088241175172	204	200
1779088241175172	204	216
1779088241175173	204	220
1779088241175173	204	223
1779088241175173	204	226
1779088241175174	204	229
1779088241175174	204	233
1779088241175175	204	236
1779088241175175	204	239
1779088241175176	204	242
1779088241175176	204	245
1779088241185569	204	164
1779088241185569	204	176
1779088241185569	204	179
1779088241185570	204	182
1779088241185570	204	186
1779088241185570	204	189
1779088241185571	204	192
1779088241185571	204	195
1779088241185571	204	199
1779088241185571	204	202
1779088241194945	204	242
1779088241194946	204	266
1779088241194947	204	273
1779088241194947	204	278
1779088241194948	204	283
1779088241194948	204	289
1779088241194951	204	294
1779088241194951	204	300
1779088241194952	204	307
1779088241205362	204	229
1779088241205363	204	250
1779088241205363	204	257
1779088241205364	204	263
1779088241205364	204	268
1779088241205365	204	274
1779088241205365	204	280
1779088241205365	204	287
1779088241205366	204	293
1779088241205366	204	299
1779088241205367	204	305
1779088241214770	204	149
1779088241214771	204	162
1779088241214771	204	168
1779088241214771	204	173
1779088241214772	204	179
1779088241214772	204	185
1779088241214772	204	190
1779088241214773	204	195
1779088241214773	204	201
1779088241225139	204	236
1779088241225139	204	255
1779088241225140	204	261
1779088241225140	204	275
1779088241225141	204	280
1779088241225141	204	286
1779088241225142	204	293
1779088241225142	204	300
1779088241225142	204	306
1779088241225143	204	312
1779088241225144	204	318
1779088241235563	204	191
1779088241235563	204	208
1779088241235564	204	215
1779088241235564	204	221
1779088241235565	204	226
1779088241235565	204	232
1779088241235566	204	239
1779088241235566	204	246
1779088241235566	204	252
1779088241235567	204	258
1779088241244931	204	202
1779088241244931	204	222
1779088241244932	204	229
1779088241244932	204	235
1779088241244932	204	241
1779088241244933	204	248
1779088241244933	204	254
1779088241244933	204	260
1779088241244934	204	267
1779088241255305	204	216
1779088241255306	204	234
1779088241255306	204	241
1779088241255307	204	246
1779088241255307	204	252
1779088241255307	204	258
1779088241255308	204	265
1779088241255308	204	271
1779088241255308	204	277
1779088241255309	204	283
1779088241255309	204	289
1779088241264698	204	182
1779088241264699	204	198
1779088241264699	204	204
1779088241264700	204	210
1779088241264700	204	216
1779088241264701	204	222
1779088241264701	204	228
1779088241264703	204	233
1779088241264703	204	239
1779088241275042	204	250
1779088241275042	204	266
1779088241275043	204	272
1779088241275043	204	278
1779088241275044	204	284
1779088241275044	204	290
1779088241275045	204	296
1779088241275045	204	301
1779088241275045	204	322
1779088241275046	204	328
1779088241275047	204	334
1779088241285483	204	202
1779088241285484	204	219
1779088241285485	204	225
1779088241285485	204	230
1779088241285486	204	235
1779088241285486	204	240
1779088241285487	204	245
1779088241285487	204	251
1779088241285487	204	257
1779088241285488	204	263
1779088241294844	204	172
1779088241294845	204	186
1779088241294845	204	192
1779088241294846	204	198
1779088241294846	204	204
1779088241294846	204	209
1779088241294847	204	215
1779088241294847	204	221
1779088241294847	204	227
1779088241305169	204	193
1779088241305170	204	207
1779088241305170	204	213
1779088241305171	204	219
1779088241305171	204	226
1779088241305171	204	232
1779088241305172	204	238
1779088241305172	204	245
1779088241305172	204	251
1779088241305173	204	257
1779088241305173	204	263
1779088241315533	204	180
1779088241315533	204	194
1779088241315534	204	200
1779088241315534	204	205
1779088241315535	204	210
1779088241315535	204	216
1779088241315536	204	221
1779088241315536	204	227
1779088241315537	204	233
1779088241315538	204	241
1779088241324876	204	185
1779088241324877	204	200
1779088241324877	204	206
1779088241324877	204	211
1779088241324878	204	224
1779088241324878	204	229
1779088241324878	204	234
1779088241324879	204	240
1779088241324879	204	247
1779088241335225	204	203
1779088241335225	204	219
1779088241335226	204	226
1779088241335226	204	232
1779088241335226	204	237
1779088241335227	204	243
1779088241335227	204	249
1779088241335227	204	255
1779088241335228	204	262
1779088241335228	204	268
1779088241335237	204	265
1779088241345607	204	207
1779088241345608	204	228
1779088241345608	204	236
1779088241345609	204	242
1779088241345609	204	248
1779088241345609	204	254
1779088241345610	204	260
1779088241345610	204	266
1779088241345610	204	272
1779088241345611	204	279
1779088241354991	204	201
1779088241354991	204	217
1779088241354992	204	226
1779088241354992	204	231
1779088241354992	204	237
1779088241354993	204	243
1779088241354993	204	250
1779088241354993	204	255
1779088241354994	204	262
1779088241354994	204	268
1779088241365361	204	226
1779088241365361	204	252
1779088241365362	204	256
1779088241365362	204	259
1779088241365362	204	263
1779088241365363	204	265
1779088241365363	204	268
1779088241365363	204	271
1779088241365364	204	274
1779088241365364	204	278
1779088241374739	204	160
1779088241374740	204	177
1779088241374740	204	184
1779088241374741	204	190
1779088241374741	204	196
1779088241374742	204	202
1779088241374742	204	205
1779088241374742	204	208
1779088241374743	204	211
1779088241385111	204	200
1779088241385112	204	219
1779088241385113	204	226
1779088241385113	204	233
1779088241385113	204	239
1779088241385114	204	245
1779088241385114	204	251
1779088241385115	204	255
1779088241385115	204	258
1779088241385115	204	262
1779088241385116	204	265
1779088241395478	204	262
1779088241395479	204	287
1779088241395480	204	293
1779088241395480	204	298
1779088241395481	204	304
1779088241395482	204	309
1779088241395483	204	314
1779088241395483	204	318
1779088241395484	204	323
1779088241395485	204	329
1779088241404930	204	190
1779088241404931	204	205
1779088241404931	204	211
1779088241404932	204	217
1779088241404932	204	223
1779088241404933	204	229
1779088241404933	204	235
1779088241404933	204	242
1779088241404935	204	247
1779088241415280	204	200
1779088241415281	204	215
1779088241415282	204	220
1779088241415282	204	228
1779088241415283	204	233
1779088241415283	204	240
1779088241415284	204	245
1779088241415284	204	252
1779088241415285	204	257
1779088241415285	204	264
1779088241415286	204	270
1779088241425652	204	162
1779088241425653	204	176
1779088241425653	204	182
1779088241425653	204	187
1779088241425654	204	193
1779088241425654	204	198
1779088241425655	204	204
1779088241425655	204	219
1779088241425655	204	225
1779088241425656	204	231
1779088241435041	204	162
1779088241435041	204	176
1779088241435042	204	182
1779088241435042	204	187
1779088241435043	204	192
1779088241435043	204	197
1779088241435043	204	202
1779088241435044	204	208
1779088241435044	204	215
1779088241435045	204	221
1779088241445377	204	175
1779088241445378	204	190
1779088241445378	204	196
1779088241445379	204	200
1779088241445379	204	206
1779088241445379	204	211
1779088241445380	204	216
1779088241445380	204	222
1779088241445380	204	229
1779088241445381	204	235
1779088241454714	204	150
1779088241454714	204	163
1779088241454714	204	169
1779088241454715	204	175
1779088241454715	204	180
1779088241454715	204	187
1779088241454716	204	193
1779088241454716	204	199
1779088241454716	204	205
1779088241465083	204	186
1779088241465084	204	201
1779088241465084	204	208
1779088241465084	204	212
1779088241465085	204	218
1779088241465085	204	223
1779088241465086	204	228
1779088241465086	204	234
1779088241465086	204	239
1779088241465087	204	245
1779088241465087	204	251
1779088241475498	204	278
1779088241475498	204	303
1779088241475499	204	310
1779088241475500	204	315
1779088241475501	204	320
1779088241475502	204	325
1779088241475502	204	329
1779088241475503	204	334
1779088241475504	204	337
1779088241475508	204	337
1779088241484952	204	163
1779088241484953	204	174
1779088241484953	204	177
1779088241484954	204	180
1779088241484954	204	184
1779088241484955	204	187
1779088241484955	204	190
1779088241484955	204	193
1779088241484956	204	196
1779088241495304	204	207
1779088241495304	204	220
1779088241495305	204	223
1779088241495305	204	226
1779088241495306	204	229
1779088241495307	204	232
1779088241495307	204	236
1779088241495308	204	240
1779088241495308	204	243
1779088241495308	204	247
1779088241495309	204	250
1779088241504713	204	162
1779088241504713	204	177
1779088241504714	204	184
1779088241504714	204	189
1779088241504715	204	195
1779088241504715	204	200
1779088241504715	204	205
1779088241504716	204	211
1779088241504716	204	219
1779088241515034	204	232
1779088241515034	204	248
1779088241515035	204	253
1779088241515036	204	256
1779088241515036	204	260
1779088241515037	204	263
1779088241515037	204	266
1779088241515038	204	270
1779088241515038	204	273
1779088241515038	204	277
1779088241515039	204	286
1779088241525414	204	192
1779088241525415	204	207
1779088241525415	204	211
1779088241525416	204	215
1779088241525416	204	219
1779088241525416	204	222
1779088241525417	204	226
1779088241525417	204	230
1779088241525417	204	234
1779088241525418	204	241
1779088241534801	204	137
1779088241534802	204	149
1779088241534802	204	152
1779088241534802	204	155
1779088241534803	204	158
1779088241534803	204	162
1779088241534803	204	165
1779088241534804	204	168
1779088241534804	204	171
1779088241545117	204	184
1779088241545117	204	197
1779088241545117	204	202
1779088241545118	204	205
1779088241545118	204	209
1779088241545119	204	213
1779088241545119	204	216
1779088241545119	204	220
1779088241545119	204	224
1779088241545120	204	227
1779088241545120	204	231
1779088241555507	204	272
1779088241555507	204	294
1779088241555508	204	300
1779088241555508	204	306
1779088241555509	204	311
1779088241555509	204	317
1779088241555510	204	322
1779088241555510	204	328
1779088241555511	204	333
1779088241555511	204	339
1779088241564959	204	158
1779088241564960	204	170
1779088241564960	204	176
1779088241564961	204	182
1779088241564961	204	188
1779088241564961	204	194
1779088241564962	204	200
1779088241564962	204	207
1779088241564962	204	213
1779088241575273	204	204
1779088241575274	204	220
1779088241575275	204	228
1779088241575275	204	233
1779088241575275	204	239
1779088241575276	204	245
1779088241575276	204	251
1779088241575277	204	258
1779088241575277	204	264
1779088241575277	204	270
1779088241575278	204	277
1779088241585654	204	194
1779088241585654	204	210
1779088241585655	204	217
1779088241585655	204	223
1779088241585655	204	230
1779088241585656	204	236
1779088241585656	204	242
1779088241585657	204	248
1779088241585657	204	254
1779088241585657	204	260
1779088241595034	204	308
1779088241595035	204	390
1779088241595035	204	426
1779088241595036	204	466
1779088241595037	204	499
1779088241595038	204	537
1779088241595038	204	569
1779088241595039	204	613
1779088241595040	204	647
1779088241595040	204	684
1779088241604893	204	233
1779088241604893	204	255
1779088241604894	204	258
1779088241604894	204	262
1779088241604895	204	275
1779088241604896	204	278
1779088241604896	204	281
1779088241604896	204	284
1779088241604897	204	287
1779088241615285	204	172
1779088241615286	204	182
1779088241615287	204	186
1779088241615287	204	189
1779088241615288	204	192
1779088241615288	204	196
1779088241615289	204	198
1779088241615289	204	201
1779088241615290	204	204
1779088241615290	204	207
1779088241615291	204	210
1779088241625653	204	204
1779088241625653	204	219
1779088241625654	204	223
1779088241625655	204	226
1779088241625655	204	229
1779088241625656	204	232
1779088241625657	204	236
1779088241625657	204	239
1779088241625658	204	242
1779088241625658	204	245
1779088241635064	204	246
1779088241635065	204	264
1779088241635066	204	279
1779088241635067	204	286
1779088241635068	204	291
1779088241635069	204	297
1779088241635070	204	303
1779088241635070	204	310
1779088241635071	204	315
1779088241635071	204	321
1779088241645493	204	204
1779088241645493	204	226
1779088241645494	204	232
1779088241645494	204	240
1779088241645495	204	246
1779088241645495	204	252
1779088241645496	204	257
1779088241645496	204	261
1779088241645497	204	264
1779088241645497	204	267
1779088241654860	204	207
1779088241654861	204	233
1779088241654862	204	240
1779088241654862	204	247
1779088241654862	204	252
1779088241654863	204	255
1779088241654863	204	259
1779088241654864	204	263
1779088241654864	204	266
1779088241665220	204	165
1779088241665221	204	184
1779088241665221	204	191
1779088241665221	204	198
1779088241665221	204	204
1779088241665222	204	211
1779088241665222	204	216
1779088241665222	204	221
1779088241665223	204	224
1779088241665223	204	227
1779088241665223	204	230
1779088241675610	204	191
1779088241675611	204	213
1779088241675611	204	220
1779088241675611	204	226
1779088241675612	204	232
1779088241675612	204	239
1779088241675612	204	243
1779088241675613	204	247
1779088241675613	204	250
1779088241675613	204	254
1779088241684962	204	218
1779088241684962	204	241
1779088241684963	204	248
1779088241684963	204	255
1779088241684964	204	262
1779088241684964	204	269
1779088241684965	204	273
1779088241684965	204	277
1779088241684965	204	280
1779088241695334	204	171
1779088241695335	204	189
1779088241695335	204	195
1779088241695336	204	203
1779088241695336	204	210
1779088241695336	204	217
1779088241695337	204	224
1779088241695337	204	231
1779088241695337	204	235
1779088241695337	204	239
1779088241695338	204	242
1779088241704734	204	173
1779088241704735	204	193
1779088241704735	204	199
1779088241704735	204	205
1779088241704736	204	210
1779088241704736	204	215
1779088241704736	204	218
1779088241704737	204	221
1779088241704737	204	224
1779088241715050	204	215
1779088241715050	204	234
1779088241715051	204	240
1779088241715051	204	244
1779088241715051	204	248
1779088241715051	204	251
1779088241715052	204	254
1779088241715052	204	257
1779088241715052	204	261
1779088241715053	204	264
1779088241715053	204	267
1779088241725434	204	475
1779088241725436	204	496
1779088241725437	204	500
1779088241725438	204	504
1779088241725438	204	507
1779088241725439	204	511
1779088241725439	204	515
1779088241725440	204	518
1779088241725440	204	521
1779088241725441	204	524
1779088241735057	204	201
1779088241735057	204	216
1779088241735058	204	220
1779088241735059	204	223
1779088241735059	204	232
1779088241735060	204	235
1779088241735060	204	238
1779088241735060	204	242
1779088241735061	204	245
1779088241735061	204	249
1779088241745394	204	136
1779088241745394	204	147
1779088241745395	204	150
1779088241745395	204	154
1779088241745395	204	157
1779088241745395	204	160
1779088241745396	204	164
1779088241745396	204	167
1779088241745396	204	170
1779088241745396	204	173
1779088241754710	204	173
1779088241754711	204	186
1779088241754711	204	189
1779088241754712	204	193
1779088241754712	204	196
1779088241754712	204	199
1779088241754712	204	202
1779088241754713	204	205
1779088241754713	204	209
1779088241765077	204	181
1779088241765078	204	195
1779088241765078	204	200
1779088241765078	204	203
1779088241765079	204	207
1779088241765079	204	210
1779088241765080	204	214
1779088241765080	204	218
1779088241765080	204	221
1779088241765081	204	236
1779088241765082	204	240
1779088241775470	204	168
1779088241775470	204	183
1779088241775471	204	187
1779088241775471	204	191
1779088241775471	204	194
1779088241775472	204	198
1779088241775472	204	201
1779088241775472	204	205
1779088241775473	204	208
1779088241775473	204	212
1779088241784827	204	164
1779088241784828	204	188
1779088241784828	204	192
1779088241784828	204	195
1779088241784829	204	199
1779088241784829	204	202
1779088241784829	204	205
1779088241784830	204	209
1779088241784830	204	213
1779088241795148	204	160
1779088241795148	204	175
1779088241795149	204	183
1779088241795149	204	200
1779088241795149	204	209
1779088241795149	204	213
1779088241795150	204	216
1779088241795150	204	220
1779088241795150	204	223
1779088241795151	204	227
1779088241795151	204	230
1779088241805533	204	178
1779088241805533	204	193
1779088241805534	204	197
1779088241805534	204	201
1779088241805534	204	204
1779088241805535	204	208
1779088241805535	204	212
1779088241805535	204	216
1779088241805536	204	220
1779088241805536	204	224
1779088241814887	204	198
1779088241814888	204	215
1779088241814889	204	219
1779088241814889	204	223
1779088241814890	204	226
1779088241814890	204	229
1779088241814890	204	232
1779088241814891	204	235
1779088241814891	204	239
1779088241825219	204	179
1779088241825220	204	192
1779088241825220	204	196
1779088241825221	204	200
1779088241825221	204	203
1779088241825221	204	206
1779088241825222	204	210
1779088241825222	204	213
1779088241825222	204	216
1779088241825223	204	219
1779088241825223	204	222
1779088241835599	204	178
1779088241835600	204	193
1779088241835600	204	197
1779088241835600	204	200
1779088241835601	204	203
1779088241835601	204	206
1779088241835601	204	216
1779088241835602	204	219
1779088241835602	204	222
1779088241835602	204	225
1779088241844983	204	183
1779088241844983	204	198
1779088241844983	204	202
1779088241844984	204	205
1779088241844984	204	209
1779088241844984	204	213
1779088241844985	204	216
1779088241844985	204	220
1779088241844985	204	224
1779088241855295	204	190
1779088241855296	204	204
1779088241855296	204	207
1779088241855296	204	210
1779088241855297	204	213
1779088241855297	204	217
1779088241855297	204	220
1779088241855298	204	223
1779088241855298	204	226
1779088241855298	204	229
1779088241855299	204	232
1779088241865678	204	181
1779088241865679	204	195
1779088241865679	204	198
1779088241865680	204	202
1779088241865680	204	205
1779088241865680	204	208
1779088241865681	204	211
1779088241865681	204	215
1779088241865681	204	218
1779088241865682	204	221
1779088241875052	204	157
1779088241875053	204	170
1779088241875053	204	174
1779088241875053	204	177
1779088241875054	204	180
1779088241875054	204	184
1779088241875054	204	187
1779088241875055	204	190
1779088241875055	204	193
1779088241875055	204	196
1779088241885403	204	176
1779088241885403	204	189
1779088241885404	204	193
1779088241885404	204	196
1779088241885405	204	199
1779088241885405	204	202
1779088241885405	204	206
1779088241885406	204	209
1779088241885406	204	212
1779088241885406	204	215
1779088241894768	204	206
1779088241894769	204	228
1779088241894769	204	246
1779088241894769	204	251
1779088241894770	204	257
1779088241894770	204	262
1779088241894771	204	266
1779088241894771	204	273
1779088241894771	204	279
1779088241905153	204	329
1779088241905154	204	351
1779088241905154	204	360
1779088241905156	204	366
1779088241905157	204	372
1779088241905158	204	378
1779088241905158	204	384
1779088241905159	204	390
1779088241905159	204	396
1779088241905160	204	402
1779088241905160	204	408
1779088241915694	204	354
1779088241915695	204	455
1779088241915696	204	499
1779088241915697	204	536
1779088241915698	204	577
1779088241915699	204	610
1779088241915699	204	656
1779088241915700	204	692
1779088241915700	204	735
1779088241915701	204	771
1779088241925660	204	280
1779088241925661	204	512
1779088241925662	204	692
1779088241925663	204	709
1779088241925664	204	717
1779088241925665	204	723
1779088241925666	204	730
1779088241925666	204	736
1779088241925667	204	742
1779088241925668	204	748
1779088241935535	204	257
1779088241935536	204	282
1779088241935537	204	302
1779088241935537	204	311
1779088241935538	204	317
1779088241935539	204	323
1779088241935539	204	330
1779088241935540	204	337
1779088241935540	204	343
1779088241935541	204	354
1779088241945015	204	243
1779088241945015	204	266
1779088241945016	204	273
1779088241945016	204	279
1779088241945016	204	286
1779088241945017	204	291
1779088241945017	204	298
1779088241945017	204	304
1779088241945018	204	311
1779088241945018	204	317
1779088241955442	204	272
1779088241955443	204	291
1779088241955444	204	296
1779088241955444	204	300
1779088241955444	204	304
1779088241955445	204	308
1779088241955445	204	311
1779088241955445	204	315
1779088241955446	204	319
1779088241955446	204	323
1779088241964861	204	191
1779088241964862	204	206
1779088241964863	204	209
1779088241964863	204	212
1779088241964863	204	216
1779088241964864	204	219
1779088241964864	204	222
1779088241964864	204	226
1779088241964865	204	230
1779088241975190	204	267
1779088241975191	204	288
1779088241975191	204	295
1779088241975192	204	301
1779088241975194	204	305
1779088241975195	204	310
1779088241975196	204	316
1779088241975196	204	322
1779088241975197	204	328
1779088241975197	204	335
1779088241975198	204	341
1779088241985644	204	229
1779088241985644	204	247
1779088241985645	204	252
1779088241985645	204	256
1779088241985645	204	259
1779088241985646	204	263
1779088241985646	204	266
1779088241985647	204	270
1779088241985647	204	274
1779088241985647	204	278
1779088241995044	204	343
1779088241995045	204	370
1779088241995046	204	378
1779088241995047	204	384
1779088241995048	204	391
1779088241995048	204	397
1779088241995049	204	403
1779088241995050	204	409
1779088241995051	204	416
1779088241995051	204	422
1779088242005586	204	233
1779088242005587	204	253
1779088242005587	204	257
1779088242005588	204	261
1779088242005588	204	264
1779088242005589	204	267
1779088242005589	204	270
1779088242005589	204	273
1779088242005590	204	277
1779088242005590	204	280
1779088242014973	204	171
1779088242014973	204	183
1779088242014974	204	187
1779088242014974	204	190
1779088242014975	204	193
1779088242014975	204	196
1779088242014976	204	200
1779088242014976	204	204
1779088242014977	204	208
1779088242025339	204	207
1779088242025339	204	224
1779088242025340	204	228
1779088242025340	204	231
1779088242025341	204	234
1779088242025341	204	238
1779088242025342	204	241
1779088242025342	204	244
1779088242025342	204	247
1779088242025343	204	256
1779088242025344	204	259
1779088242034752	204	133
1779088242034753	204	144
1779088242034753	204	149
1779088242034753	204	152
1779088242034754	204	156
1779088242034754	204	160
1779088242034754	204	163
1779088242034754	204	167
1779088242034755	204	171
1779088242045097	204	206
1779088242045097	204	232
1779088242045098	204	247
1779088242045099	204	255
1779088242045101	204	261
1779088242045101	204	265
1779088242045101	204	268
1779088242045102	204	272
1779088242045102	204	275
1779088242045102	204	279
1779088242045103	204	282
1779088242055480	204	196
1779088242055480	204	216
1779088242055481	204	223
1779088242055481	204	229
1779088242055482	204	236
1779088242055482	204	241
1779088242055482	204	244
1779088242055483	204	248
1779088242055483	204	251
1779088242055483	204	254
1779088242064829	204	183
1779088242064830	204	203
1779088242064830	204	209
1779088242064831	204	215
1779088242064831	204	220
1779088242064831	204	226
1779088242064832	204	229
1779088242064832	204	233
1779088242064832	204	236
1779088242075170	204	263
1779088242075171	204	291
1779088242075172	204	299
1779088242075172	204	307
1779088242075173	204	314
1779088242075173	204	321
1779088242075174	204	327
1779088242075175	204	334
1779088242075175	204	341
1779088242075176	204	348
1779088242075176	204	355
1779088242085649	204	241
1779088242085650	204	265
1779088242085650	204	272
1779088242085651	204	279
1779088242085652	204	285
1779088242085653	204	292
1779088242085653	204	298
1779088242085654	204	305
1779088242085655	204	311
1779088242085655	204	318
1779088242095095	204	197
1779088242095096	204	217
1779088242095096	204	224
1779088242095097	204	231
1779088242095098	204	237
1779088242095098	204	244
1779088242095099	204	264
1779088242095099	204	270
1779088242095100	204	277
1779088242095100	204	284
1779088242105494	204	274
1779088242105495	204	298
1779088242105496	204	305
1779088242105496	204	312
1779088242105497	204	318
1779088242105497	204	324
1779088242105498	204	331
1779088242105499	204	337
1779088242105499	204	344
1779088242105500	204	351
1779088242114978	204	246
1779088242114978	204	270
1779088242114979	204	277
1779088242114980	204	285
1779088242114982	204	290
1779088242114982	204	296
1779088242114983	204	302
1779088242114984	204	308
1779088242114984	204	315
1779088242125423	204	250
1779088242125423	204	273
1779088242125424	204	280
1779088242125425	204	287
1779088242125425	204	294
1779088242125426	204	300
1779088242125426	204	306
1779088242125427	204	312
1779088242125428	204	319
1779088242125428	204	325
1779088242125429	204	331
1779088242134882	204	223
1779088242134883	204	244
1779088242134883	204	251
1779088242134884	204	258
1779088242134885	204	265
1779088242134885	204	271
1779088242134886	204	277
1779088242134886	204	283
1779088242134887	204	289
1779088242145295	204	243
1779088242145296	204	268
1779088242145297	204	275
1779088242145297	204	283
1779088242145298	204	289
1779088242145299	204	302
1779088242145299	204	309
1779088242145300	204	316
1779088242145300	204	322
1779088242145301	204	328
1779088242145302	204	334
1779088242154756	204	220
1779088242154756	204	253
1779088242154757	204	260
1779088242154758	204	268
1779088242154758	204	274
1779088242154759	204	280
1779088242154760	204	287
1779088242154760	204	293
1779088242154761	204	299
1779088242165173	204	237
1779088242165174	204	260
1779088242165175	204	266
1779088242165175	204	274
1779088242165176	204	281
1779088242165177	204	287
1779088242165177	204	293
1779088242165178	204	299
1779088242165178	204	305
1779088242165179	204	311
1779088242165180	204	317
1779088242175617	204	196
1779088242175618	204	218
1779088242175618	204	225
1779088242175619	204	232
1779088242175620	204	239
1779088242175620	204	246
1779088242175621	204	252
1779088242175621	204	259
1779088242175622	204	266
1779088242175623	204	272
1779088242185018	204	238
1779088242185019	204	261
1779088242185020	204	268
1779088242185020	204	274
1779088242185021	204	281
1779088242185024	204	285
1779088242185024	204	291
1779088242185025	204	297
1779088242185025	204	303
1779088242185026	204	309
1779088242195453	204	214
1779088242195454	204	235
1779088242195455	204	242
1779088242195455	204	250
1779088242195456	204	256
1779088242195457	204	262
1779088242195457	204	268
1779088242195458	204	274
1779088242195459	204	280
1779088242195459	204	287
1779088242204868	204	247
1779088242204869	204	272
1779088242204870	204	279
1779088242204870	204	285
1779088242204871	204	293
1779088242204872	204	299
1779088242204872	204	306
1779088242204873	204	312
1779088242204874	204	318
1779088242215315	204	289
1779088242215316	204	310
1779088242215317	204	317
1779088242215317	204	323
1779088242215318	204	328
1779088242215319	204	334
1779088242215319	204	339
1779088242215320	204	344
1779088242215321	204	350
1779088242215322	204	355
1779088242215322	204	361
1779088242224804	204	232
1779088242224805	204	255
1779088242224806	204	262
1779088242224806	204	269
1779088242224807	204	276
1779088242224807	204	282
1779088242224808	204	289
1779088242224809	204	295
1779088242224809	204	301
1779088242235235	204	251
1779088242235236	204	276
1779088242235236	204	284
1779088242235237	204	291
1779088242235238	204	298
1779088242235238	204	304
1779088242235239	204	310
1779088242235239	204	316
1779088242235240	204	323
1779088242235241	204	329
1779088242235241	204	336
1779088242245695	204	206
1779088242245696	204	224
1779088242245697	204	228
1779088242245697	204	232
1779088242245697	204	236
1779088242245698	204	239
1779088242245698	204	248
1779088242245698	204	252
1779088242245699	204	256
1779088242245699	204	260
1779088242255050	204	189
1779088242255050	204	203
1779088242255051	204	207
1779088242255051	204	211
1779088242255051	204	215
1779088242255052	204	219
1779088242255053	204	221
1779088242255054	204	225
1779088242255054	204	229
1779088242255054	204	233
1779088242265390	204	207
1779088242265391	204	226
1779088242265391	204	231
1779088242265391	204	234
1779088242265392	204	238
1779088242265392	204	241
1779088242265392	204	245
1779088242265393	204	249
1779088242265393	204	252
1779088242265394	204	256
1779088242274737	204	150
1779088242274737	204	163
1779088242274737	204	167
1779088242274738	204	171
1779088242274738	204	175
1779088242274738	204	179
1779088242274739	204	182
1779088242274739	204	186
1779088242274739	204	190
1779088242285122	204	252
1779088242285123	204	278
1779088242285123	204	285
1779088242285124	204	293
1779088242285124	204	299
1779088242285125	204	305
1779088242285126	204	311
1779088242285126	204	317
1779088242285127	204	324
1779088242285128	204	330
1779088242285128	204	337
1779088242295590	204	248
1779088242295591	204	272
1779088242295591	204	280
1779088242295592	204	286
1779088242295592	204	293
1779088242295593	204	299
1779088242295594	204	305
1779088242295594	204	311
1779088242295595	204	317
1779088242295596	204	324
1779088242305040	204	201
1779088242305041	204	222
1779088242305041	204	229
1779088242305042	204	236
1779088242305042	204	242
1779088242305043	204	248
1779088242305044	204	254
1779088242305044	204	260
1779088242305045	204	266
1779088242305045	204	273
1779088242315441	204	237
1779088242315442	204	259
1779088242315443	204	266
1779088242315443	204	273
1779088242315444	204	279
1779088242315444	204	286
1779088242315445	204	292
1779088242315445	204	298
1779088242315446	204	304
1779088242315446	204	311
1779088242324872	204	238
1779088242324873	204	268
1779088242324873	204	276
1779088242324874	204	282
1779088242324874	204	288
1779088242324875	204	294
1779088242324876	204	299
1779088242324878	204	304
1779088242324878	204	309
1779088242335288	204	209
1779088242335288	204	233
1779088242335289	204	242
1779088242335289	204	251
1779088242335290	204	258
1779088242335290	204	264
1779088242335290	204	270
1779088242335291	204	274
1779088242335291	204	278
1779088242335291	204	281
1779088242335292	204	285
1779088242345673	204	222
1779088242345674	204	248
1779088242345675	204	256
1779088242345675	204	263
1779088242345675	204	269
1779088242345676	204	275
1779088242345676	204	282
1779088242345676	204	286
1779088242345677	204	295
1779088242345677	204	299
1779088242355080	204	194
1779088242355080	204	218
1779088242355081	204	226
1779088242355081	204	234
1779088242355081	204	240
1779088242355082	204	246
1779088242355082	204	249
1779088242355082	204	253
1779088242355083	204	256
1779088242355083	204	260
1779088242365434	204	181
1779088242365434	204	204
1779088242365435	204	212
1779088242365435	204	220
1779088242365436	204	227
1779088242365436	204	233
1779088242365436	204	239
1779088242365436	204	242
1779088242365437	204	246
1779088242365437	204	250
1779088242374778	204	181
1779088242374779	204	202
1779088242374779	204	209
1779088242374780	204	214
1779088242374780	204	230
1779088242374780	204	235
1779088242374781	204	239
1779088242374781	204	242
1779088242374781	204	246
1779088242385115	204	178
1779088242385116	204	197
1779088242385116	204	204
1779088242385117	204	211
1779088242385117	204	218
1779088242385117	204	225
1779088242385118	204	232
1779088242385118	204	238
1779088242385118	204	244
1779088242385119	204	247
1779088242385119	204	251
1779088242395526	204	211
1779088242395526	204	233
1779088242395527	204	241
1779088242395527	204	247
1779088242395527	204	254
1779088242395528	204	259
1779088242395528	204	263
1779088242395528	204	268
1779088242395530	204	270
1779088242395531	204	274
1779088242404902	204	277
1779088242404902	204	300
1779088242404903	204	307
1779088242404903	204	314
1779088242404904	204	321
1779088242404905	204	327
1779088242404905	204	333
1779088242404906	204	338
1779088242404906	204	345
1779088242415349	204	198
1779088242415349	204	219
1779088242415349	204	226
1779088242415350	204	233
1779088242415350	204	240
1779088242415350	204	246
1779088242415351	204	251
1779088242415351	204	255
1779088242415351	204	258
1779088242415352	204	262
1779088242415352	204	265
1779088242424717	204	196
1779088242424717	204	218
1779088242424718	204	225
1779088242424718	204	231
1779088242424718	204	246
1779088242424719	204	249
1779088242424719	204	252
1779088242424719	204	255
1779088242424720	204	259
1779088242435076	204	184
1779088242435076	204	204
1779088242435077	204	210
1779088242435077	204	218
1779088242435078	204	225
1779088242435078	204	232
1779088242435078	204	238
1779088242435079	204	244
1779088242435079	204	248
1779088242435079	204	251
1779088242435080	204	254
1779088242445508	204	223
1779088242445509	204	242
1779088242445509	204	246
1779088242445510	204	249
1779088242445510	204	252
1779088242445511	204	255
1779088242445511	204	259
1779088242445511	204	262
1779088242445512	204	266
1779088242445512	204	270
1779088242454878	204	227
1779088242454879	204	248
1779088242454879	204	253
1779088242454880	204	256
1779088242454880	204	261
1779088242454880	204	264
1779088242454881	204	268
1779088242454881	204	272
1779088242454881	204	276
1779088242465247	204	170
1779088242465247	204	182
1779088242465247	204	185
1779088242465248	204	189
1779088242465248	204	192
1779088242465248	204	195
1779088242465249	204	198
1779088242465249	204	201
1779088242465249	204	205
1779088242465249	204	208
1779088242465250	204	211
1779088242475615	204	218
1779088242475615	204	235
1779088242475616	204	239
1779088242475616	204	243
1779088242475617	204	247
1779088242475617	204	251
1779088242475617	204	255
1779088242475617	204	259
1779088242475618	204	263
1779088242475618	204	266
1779088242484979	204	292
1779088242484980	204	374
1779088242484981	204	400
1779088242484981	204	408
1779088242484982	204	415
1779088242484982	204	421
1779088242484983	204	427
1779088242484984	204	433
1779088242484984	204	440
1779088242495544	204	244
1779088242495545	204	269
1779088242495546	204	276
1779088242495546	204	282
1779088242495547	204	290
1779088242495548	204	296
1779088242495548	204	301
1779088242495549	204	307
1779088242495549	204	313
1779088242495550	204	318
1779088242495551	204	323
1779088242504997	204	267
1779088242504998	204	291
1779088242504999	204	298
1779088242505000	204	305
1779088242505010	204	301
1779088242505011	204	307
1779088242505012	204	313
1779088242505013	204	319
1779088242505013	204	325
1779088242505014	204	332
1779088242515463	204	235
1779088242515463	204	260
1779088242515464	204	281
1779088242515465	204	289
1779088242515466	204	295
1779088242515466	204	302
1779088242515467	204	308
1779088242515467	204	314
1779088242515468	204	320
1779088242515469	204	327
1779088242524917	204	229
1779088242524918	204	254
1779088242524919	204	261
1779088242524919	204	268
1779088242524920	204	275
1779088242524920	204	281
1779088242524921	204	288
1779088242524922	204	293
1779088242524922	204	300
1779088242535343	204	247
1779088242535344	204	270
1779088242535345	204	277
1779088242535345	204	284
1779088242535346	204	291
1779088242535347	204	297
1779088242535347	204	304
1779088242535348	204	312
1779088242535348	204	318
1779088242535349	204	323
1779088242535350	204	330
1779088242544799	204	214
1779088242544800	204	236
1779088242544801	204	243
1779088242544802	204	249
1779088242544802	204	256
1779088242544803	204	262
1779088242544803	204	268
1779088242544804	204	276
1779088242544804	204	282
1779088242555208	204	246
1779088242555209	204	270
1779088242555209	204	277
1779088242555210	204	285
1779088242555210	204	298
1779088242555211	204	304
1779088242555212	204	310
1779088242555212	204	316
1779088242555213	204	322
1779088242555213	204	328
1779088242555214	204	334
1779088242565663	204	222
1779088242565664	204	243
1779088242565665	204	250
1779088242565665	204	256
1779088242565666	204	262
1779088242565666	204	268
1779088242565667	204	274
1779088242565668	204	280
1779088242565668	204	286
1779088242565669	204	293
1779088242575079	204	218
1779088242575079	204	248
1779088242575080	204	2236
1779088242575081	204	2245
1779088242575081	204	2252
1779088242575082	204	2257
1779088242575082	204	2262
1779088242575083	204	2268
1779088242575084	204	2273
1779088242575084	204	2279
1779088242585476	204	231
1779088242585477	204	254
1779088242585478	204	262
1779088242585478	204	268
1779088242585479	204	274
1779088242585480	204	280
1779088242585480	204	286
1779088242585481	204	305
1779088242585481	204	311
1779088242585482	204	317
1779088242594920	204	197
1779088242594921	204	217
1779088242594922	204	223
1779088242594922	204	230
1779088242594923	204	236
1779088242594923	204	242
1779088242594924	204	248
1779088242594925	204	254
1779088242594925	204	260
1779088242605320	204	237
1779088242605321	204	258
1779088242605322	204	265
1779088242605322	204	272
1779088242605323	204	278
1779088242605324	204	284
1779088242605324	204	290
1779088242605325	204	296
1779088242605326	204	302
1779088242605326	204	308
1779088242605327	204	314
1779088242614758	204	272
1779088242614759	204	295
1779088242614760	204	303
1779088242614761	204	309
1779088242614761	204	316
1779088242614762	204	322
1779088242614762	204	328
1779088242614763	204	334
1779088242614764	204	342
1779088242625228	204	221
1779088242625229	204	243
1779088242625230	204	250
1779088242625230	204	257
1779088242625231	204	263
1779088242625232	204	269
1779088242625232	204	276
1779088242625233	204	282
1779088242625233	204	288
1779088242625234	204	294
1779088242625235	204	300
1779088242635655	204	242
1779088242635656	204	264
1779088242635656	204	271
1779088242635657	204	277
1779088242635658	204	284
1779088242635658	204	290
1779088242635659	204	296
1779088242635659	204	302
1779088242635660	204	308
1779088242635661	204	315
1779088242645099	204	238
1779088242645100	204	337
1779088242645100	204	356
1779088242645100	204	363
1779088242645101	204	369
1779088242645101	204	375
1779088242645101	204	380
1779088242645102	204	386
1779088242645102	204	391
1779088242645103	204	397
1779088242655617	204	198
1779088242655618	204	215
1779088242655618	204	222
1779088242655619	204	228
1779088242655620	204	234
1779088242655620	204	240
1779088242655620	204	254
1779088242655621	204	261
1779088242655621	204	267
1779088242655622	204	273
1779088242664996	204	205
1779088242664996	204	222
1779088242664997	204	227
1779088242664998	204	231
1779088242664998	204	237
1779088242664998	204	243
1779088242664999	204	249
1779088242664999	204	255
1779088242665000	204	262
1779088242665000	204	268
1779088242675364	204	153
1779088242675365	204	166
1779088242675365	204	173
1779088242675366	204	178
1779088242675366	204	184
1779088242675366	204	189
1779088242675367	204	194
1779088242675367	204	199
1779088242675367	204	205
1779088242675368	204	211
1779088242684756	204	213
1779088242684757	204	232
1779088242684758	204	236
1779088242684758	204	240
1779088242684759	204	256
1779088242684759	204	260
1779088242684759	204	263
1779088242684760	204	267
1779088242684760	204	271
1779088242695123	204	234
1779088242695123	204	249
1779088242695124	204	253
1779088242695124	204	257
1779088242695125	204	261
1779088242695125	204	264
1779088242695125	204	268
1779088242695126	204	272
1779088242695126	204	276
1779088242695127	204	279
1779088242695127	204	283
1779088242705504	204	207
1779088242705504	204	225
1779088242705505	204	228
1779088242705506	204	231
1779088242705506	204	234
1779088242705506	204	237
1779088242705507	204	240
1779088242705507	204	243
1779088242705507	204	247
1779088242705508	204	250
1779088242714848	204	203
1779088242714849	204	218
1779088242714849	204	222
1779088242714849	204	226
1779088242714850	204	229
1779088242714850	204	232
1779088242714850	204	235
1779088242714851	204	238
1779088242714851	204	242
1779088242725188	204	291
1779088242725189	204	314
1779088242725190	204	322
1779088242725190	204	327
1779088242725191	204	333
1779088242725191	204	339
1779088242725192	204	345
1779088242725192	204	351
1779088242725193	204	357
1779088242725193	204	363
1779088242725194	204	369
1779088242735665	204	220
1779088242735665	204	239
1779088242735666	204	245
1779088242735666	204	249
1779088242735667	204	255
1779088242735667	204	260
1779088242735667	204	266
1779088242735668	204	272
1779088242735668	204	280
1779088242735668	204	287
1779088242745053	204	227
1779088242745054	204	243
1779088242745054	204	248
1779088242745054	204	253
1779088242745055	204	259
1779088242745055	204	265
1779088242745055	204	271
1779088242745056	204	277
1779088242745056	204	283
1779088242745056	204	290
1779088242755443	204	183
1779088242755444	204	210
1779088242755444	204	215
1779088242755444	204	220
1779088242755445	204	225
1779088242755445	204	231
1779088242755445	204	237
1779088242755446	204	242
1779088242755446	204	253
1779088242755446	204	260
1779088242764804	204	208
1779088242764804	204	227
1779088242764805	204	233
1779088242764805	204	239
1779088242764806	204	245
1779088242764806	204	252
1779088242764806	204	258
1779088242764807	204	265
1779088242764807	204	271
1779088242775187	204	293
1779088242775188	204	464
1779088242775189	204	596
1779088242775190	204	720
1779088242775190	204	863
1779088242775191	204	987
1779088242775191	204	1106
1779088242775192	204	1226
1779088242775192	204	1372
1779088242775193	204	1492
1779088242775194	204	1616
1779088242785127	204	284
1779088242785128	204	312
1779088242785129	204	320
1779088242785129	204	327
1779088242785130	204	333
1779088242785131	204	339
1779088242785131	204	344
1779088242785132	204	350
1779088242785133	204	355
1779088242785134	204	360
1779088242795595	204	277
1779088242795596	204	304
1779088242795597	204	312
1779088242795597	204	319
1779088242795598	204	325
1779088242795599	204	331
1779088242795600	204	337
1779088242795600	204	343
1779088242795601	204	350
1779088242795602	204	355
1779088242805056	204	194
1779088242805057	204	214
1779088242805057	204	220
1779088242805058	204	227
1779088242805058	204	232
1779088242805059	204	237
1779088242805059	204	241
1779088242805060	204	245
1779088242805060	204	248
1779088242805060	204	252
1779088242815407	204	222
1779088242815407	204	245
1779088242815408	204	254
1779088242815408	204	261
1779088242815409	204	264
1779088242815409	204	268
1779088242815410	204	271
1779088242815410	204	275
1779088242815411	204	279
1779088242815411	204	282
1779088242824787	204	188
1779088242824788	204	210
1779088242824788	204	230
1779088242824788	204	238
1779088242824789	204	243
1779088242824789	204	247
1779088242824790	204	251
1779088242824790	204	254
1779088242824791	204	258
1779088242835138	204	187
1779088242835138	204	206
1779088242835139	204	212
1779088242835139	204	219
1779088242835139	204	224
1779088242835140	204	231
1779088242835140	204	238
1779088242835141	204	242
1779088242835141	204	245
1779088242835141	204	248
1779088242835142	204	251
1779088242845547	204	220
1779088242845547	204	241
1779088242845547	204	249
1779088242845548	204	256
1779088242845548	204	263
1779088242845549	204	270
1779088242845549	204	273
1779088242845549	204	277
1779088242845550	204	280
1779088242845550	204	284
1779088242854930	204	242
1779088242854931	204	423
1779088242854932	204	437
1779088242854932	204	444
1779088242854933	204	451
1779088242854934	204	458
1779088242854934	204	463
1779088242854935	204	469
1779088242854935	204	475
1779088242865556	204	194
1779088242865557	204	220
1779088242865557	204	227
1779088242865558	204	235
1779088242865558	204	241
1779088242865558	204	248
1779088242865559	204	252
1779088242865559	204	256
1779088242865559	204	260
1779088242865560	204	263
1779088242865560	204	267
1779088242874920	204	190
1779088242874921	204	209
1779088242874921	204	216
1779088242874921	204	223
1779088242874922	204	229
1779088242874922	204	232
1779088242874922	204	236
1779088242874923	204	239
1779088242874923	204	243
1779088242885257	204	181
1779088242885257	204	200
1779088242885258	204	207
1779088242885258	204	215
1779088242885258	204	224
1779088242885259	204	231
1779088242885259	204	237
1779088242885259	204	242
1779088242885260	204	245
1779088242885260	204	249
1779088242885261	204	252
1779088242895676	204	207
1779088242895677	204	221
1779088242895678	204	226
1779088242895678	204	230
1779088242895678	204	234
1779088242895679	204	237
1779088242895679	204	241
1779088242895679	204	245
1779088242895680	204	249
1779088242895680	204	252
1779088242905021	204	192
1779088242905022	204	205
1779088242905022	204	210
1779088242905022	204	213
1779088242905023	204	217
1779088242905023	204	221
1779088242905023	204	224
1779088242905024	204	228
1779088242905024	204	231
1779088242905024	204	235
1779088242915410	204	158
1779088242915410	204	170
1779088242915411	204	174
1779088242915411	204	177
1779088242915411	204	180
1779088242915412	204	193
1779088242915412	204	197
1779088242915412	204	200
1779088242915412	204	203
1779088242915413	204	207
1779088242924771	204	193
1779088242924771	204	210
1779088242924772	204	214
1779088242924772	204	217
1779088242924772	204	220
1779088242924773	204	223
1779088242924773	204	227
1779088242924773	204	243
1779088242924774	204	247
1779088242935108	204	279
1779088242935108	204	305
1779088242935109	204	311
1779088242935109	204	316
1779088242935110	204	321
1779088242935111	204	326
1779088242935111	204	331
1779088242935112	204	336
1779088242935112	204	342
1779088242935113	204	345
1779088242935113	204	348
1779088242945573	204	179
1779088242945573	204	197
1779088242945574	204	201
1779088242945574	204	205
1779088242945574	204	209
1779088242945575	204	212
1779088242945575	204	216
1779088242945576	204	219
1779088242945576	204	223
1779088242945576	204	227
1779088242954947	204	172
1779088242954948	204	185
1779088242954948	204	189
1779088242954949	204	193
1779088242954949	204	196
1779088242954949	204	200
1779088242954949	204	204
1779088242954950	204	207
1779088242954950	204	210
1779088242965305	204	163
1779088242965306	204	174
1779088242965306	204	178
1779088242965306	204	181
1779088242965307	204	188
1779088242965307	204	192
1779088242965308	204	195
1779088242965308	204	198
1779088242965308	204	201
1779088242965309	204	204
1779088242965309	204	207
1779088242975676	204	202
1779088242975677	204	219
1779088242975677	204	223
1779088242975678	204	227
1779088242975678	204	231
1779088242975678	204	234
1779088242975679	204	238
1779088242975679	204	241
1779088242975679	204	245
1779088242975680	204	249
1779088242985026	204	192
1779088242985027	204	209
1779088242985027	204	214
1779088242985027	204	217
1779088242985028	204	221
1779088242985028	204	225
1779088242985028	204	229
1779088242985029	204	233
1779088242985029	204	237
1779088242985029	204	241
1779088242995422	204	148
1779088242995423	204	159
1779088242995423	204	163
1779088242995423	204	166
1779088242995423	204	169
1779088242995424	204	172
1779088242995424	204	176
1779088242995424	204	179
1779088242995425	204	182
1779088242995425	204	185
1779088243004756	204	161
1779088243004757	204	173
1779088243004757	204	177
1779088243004758	204	180
1779088243004758	204	184
1779088243004758	204	187
1779088243004759	204	190
1779088243004759	204	193
1779088243004759	204	196
1779088243015111	204	266
1779088243015112	204	288
1779088243015113	204	295
1779088243015113	204	301
1779088243015114	204	307
1779088243015114	204	312
1779088243015115	204	318
1779088243015115	204	324
1779088243015116	204	329
1779088243015117	204	335
1779088243015117	204	342
1779088243025555	204	180
1779088243025555	204	193
1779088243025555	204	198
1779088243025556	204	201
1779088243025556	204	205
1779088243025556	204	212
1779088243025557	204	216
1779088243025557	204	220
1779088243025557	204	223
1779088243025557	204	227
1779088243034932	204	190
1779088243034933	204	204
1779088243034933	204	208
1779088243034933	204	211
1779088243034934	204	213
1779088243034935	204	216
1779088243034935	204	220
1779088243034936	204	223
1779088243034936	204	226
1779088243045248	204	171
1779088243045248	204	187
1779088243045249	204	191
1779088243045249	204	195
1779088243045249	204	199
1779088243045250	204	202
1779088243045250	204	206
1779088243045250	204	209
1779088243045251	204	213
1779088243045251	204	217
1779088243045252	204	220
1779088243055614	204	198
1779088243055614	204	212
1779088243055615	204	216
1779088243055615	204	220
1779088243055616	204	224
1779088243055616	204	227
1779088243055616	204	231
1779088243055617	204	234
1779088243055617	204	238
1779088243055617	204	242
1779088243065016	204	182
1779088243065016	204	196
1779088243065016	204	200
1779088243065017	204	203
1779088243065017	204	207
1779088243065017	204	214
1779088243065018	204	218
1779088243065018	204	221
1779088243065018	204	224
1779088243065019	204	227
1779088243075391	204	142
1779088243075391	204	152
1779088243075392	204	156
1779088243075392	204	159
1779088243075392	204	163
1779088243075393	204	166
1779088243075393	204	169
1779088243075393	204	173
1779088243075393	204	186
1779088243075394	204	189
1779088243084730	204	183
1779088243084730	204	200
1779088243084731	204	204
1779088243084731	204	207
1779088243084731	204	210
1779088243084732	204	214
1779088243084732	204	217
1779088243084732	204	221
1779088243084733	204	225
1779088243095047	204	249
1779088243095048	204	273
1779088243095048	204	281
1779088243095049	204	288
1779088243095049	204	295
1779088243095050	204	301
1779088243095050	204	308
1779088243095051	204	314
1779088243095051	204	320
1779088243095052	204	325
1779088243095053	204	331
1779088243105482	204	185
1779088243105482	204	198
1779088243105482	204	203
1779088243105483	204	207
1779088243105483	204	211
1779088243105484	204	214
1779088243105484	204	218
1779088243105484	204	222
1779088243105485	204	226
1779088243105485	204	229
1779088243114868	204	210
1779088243114869	204	234
1779088243114869	204	242
1779088243114869	204	248
1779088243114870	204	254
1779088243114870	204	257
1779088243114870	204	261
1779088243114871	204	265
1779088243114871	204	268
1779088243125230	204	170
1779088243125230	204	188
1779088243125230	204	194
1779088243125231	204	201
1779088243125231	204	207
1779088243125231	204	213
1779088243125232	204	218
1779088243125232	204	224
1779088243125232	204	230
1779088243125233	204	234
1779088243125233	204	237
1779088243135627	204	180
1779088243135627	204	200
1779088243135627	204	206
1779088243135628	204	212
1779088243135628	204	218
1779088243135628	204	224
1779088243135629	204	228
1779088243135629	204	231
1779088243135629	204	235
1779088243135630	204	238
1779088243144964	204	219
1779088243144965	204	244
1779088243144965	204	252
1779088243144966	204	258
1779088243144966	204	266
1779088243144967	204	272
1779088243144967	204	278
1779088243144967	204	281
1779088243144968	204	285
1779088243155350	204	215
1779088243155350	204	239
1779088243155351	204	247
1779088243155351	204	254
1779088243155352	204	261
1779088243155352	204	267
1779088243155352	204	273
1779088243155353	204	280
1779088243155353	204	286
1779088243155353	204	291
1779088243155354	204	297
1779088243164745	204	185
1779088243164745	204	208
1779088243164746	204	216
1779088243164746	204	223
1779088243164746	204	230
1779088243164747	204	234
1779088243164747	204	237
1779088243164747	204	241
1779088243164748	204	249
1779088243175111	204	277
1779088243175112	204	292
1779088243175113	204	298
1779088243175114	204	303
1779088243175115	204	308
1779088243175116	204	313
1779088243175117	204	317
1779088243175118	204	323
1779088243175119	204	328
1779088243175119	204	334
1779088243175120	204	338
1779088243185554	204	196
1779088243185555	204	212
1779088243185555	204	216
1779088243185556	204	220
1779088243185556	204	224
1779088243185557	204	228
1779088243185557	204	231
1779088243185558	204	235
1779088243185558	204	239
1779088243185558	204	242
1779088243194948	204	179
1779088243194948	204	194
1779088243194949	204	198
1779088243194949	204	202
1779088243194949	204	205
1779088243194950	204	209
1779088243194950	204	212
1779088243194951	204	216
1779088243194951	204	220
1779088243205256	204	154
1779088243205256	204	165
1779088243205257	204	169
1779088243205257	204	172
1779088243205257	204	175
1779088243205258	204	178
1779088243205258	204	181
1779088243205258	204	185
1779088243205258	204	188
1779088243205259	204	191
1779088243205259	204	194
1779088243215602	204	205
1779088243215603	204	222
1779088243215603	204	226
1779088243215604	204	230
1779088243215604	204	234
1779088243215604	204	237
1779088243215604	204	241
1779088243215605	204	246
1779088243215605	204	250
1779088243215606	204	253
1779088243224944	204	179
1779088243224944	204	191
1779088243224944	204	195
1779088243224945	204	198
1779088243224945	204	201
1779088243224945	204	204
1779088243224946	204	207
1779088243224946	204	211
1779088243224946	204	214
1779088243235299	204	153
1779088243235299	204	164
1779088243235299	204	167
1779088243235300	204	171
1779088243235300	204	174
1779088243235300	204	177
1779088243235301	204	180
1779088243235301	204	184
1779088243235301	204	187
1779088243235301	204	190
1779088243235302	204	193
1779088243245641	204	190
1779088243245642	204	206
1779088243245642	204	219
1779088243245643	204	223
1779088243245643	204	226
1779088243245644	204	229
1779088243245645	204	232
1779088243245645	204	236
1779088243245645	204	240
1779088243245646	204	244
1779088243254964	204	220
1779088243254964	204	242
1779088243254965	204	249
1779088243254965	204	255
1779088243254966	204	262
1779088243254966	204	268
1779088243254967	204	274
1779088243254967	204	280
1779088243254968	204	287
1779088243265360	204	196
1779088243265360	204	211
1779088243265361	204	215
1779088243265361	204	219
1779088243265362	204	222
1779088243265362	204	226
1779088243265363	204	229
1779088243265363	204	232
1779088243265364	204	236
1779088243265364	204	239
1779088243265365	204	243
1779088243274768	204	191
1779088243274769	204	205
1779088243274769	204	209
1779088243274770	204	213
1779088243274770	204	216
1779088243274770	204	220
1779088243274771	204	223
1779088243274771	204	227
1779088243274771	204	231
1779088243285104	204	174
1779088243285104	204	189
1779088243285104	204	193
1779088243285105	204	196
1779088243285105	204	200
1779088243285106	204	202
1779088243285106	204	206
1779088243285106	204	209
1779088243285107	204	212
1779088243285107	204	215
1779088243285108	204	218
1779088243295467	204	195
1779088243295468	204	208
1779088243295468	204	212
1779088243295468	204	215
1779088243295469	204	219
1779088243295469	204	222
1779088243295469	204	225
1779088243295470	204	228
1779088243295470	204	231
1779088243295470	204	235
1779088243304854	204	202
1779088243304854	204	217
1779088243304855	204	221
1779088243304855	204	225
1779088243304855	204	229
1779088243304856	204	232
1779088243304856	204	236
1779088243304856	204	239
1779088243304857	204	243
1779088243315185	204	190
1779088243315186	204	204
1779088243315186	204	208
1779088243315187	204	212
1779088243315187	204	216
1779088243315187	204	219
1779088243315188	204	223
1779088243315188	204	226
1779088243315188	204	230
1779088243315190	204	232
1779088243315191	204	236
1779088243325571	204	197
1779088243325571	204	212
1779088243325572	204	216
1779088243325572	204	220
1779088243325572	204	223
1779088243325573	204	227
1779088243325573	204	230
1779088243325573	204	234
1779088243325574	204	238
1779088243325574	204	241
1779088243334962	204	223
1779088243334962	204	237
1779088243334962	204	241
1779088243334963	204	245
1779088243334963	204	250
1779088243334963	204	254
1779088243334963	204	257
1779088243334964	204	261
1779088243334964	204	265
1779088243345321	204	217
1779088243345321	204	235
1779088243345322	204	240
1779088243345322	204	244
1779088243345322	204	247
1779088243345323	204	251
1779088243345323	204	255
1779088243345323	204	258
1779088243345324	204	262
1779088243345324	204	266
1779088243345325	204	269
1779088243355685	204	195
1779088243355685	204	210
1779088243355686	204	215
1779088243355686	204	218
1779088243355687	204	222
1779088243355687	204	226
1779088243355688	204	230
1779088243355688	204	234
1779088243355689	204	237
1779088243355689	204	240
1779088243365078	204	156
1779088243365079	204	167
1779088243365079	204	171
1779088243365080	204	175
1779088243365080	204	179
1779088243365080	204	183
1779088243365080	204	187
1779088243365081	204	190
1779088243365081	204	194
1779088243365081	204	197
1779088243375427	204	167
1779088243375427	204	179
1779088243375428	204	188
1779088243375428	204	191
1779088243375428	204	194
1779088243375429	204	198
1779088243375429	204	201
1779088243375429	204	204
1779088243375429	204	207
1779088243375430	204	210
1779088243384832	204	224
1779088243384833	204	243
1779088243384834	204	248
1779088243384835	204	252
1779088243384835	204	256
1779088243384836	204	259
1779088243384836	204	263
1779088243384837	204	266
1779088243384838	204	269
1779088243395198	204	158
1779088243395198	204	170
1779088243395199	204	174
1779088243395199	204	177
1779088243395199	204	181
1779088243395200	204	184
1779088243395200	204	188
1779088243395200	204	191
1779088243395200	204	194
1779088243395201	204	197
1779088243395201	204	200
1779088243405558	204	200
1779088243405558	204	216
1779088243405559	204	221
1779088243405559	204	225
1779088243405559	204	229
1779088243405560	204	232
1779088243405560	204	246
1779088243405560	204	250
1779088243405561	204	254
1779088243405561	204	258
1779088243414908	204	169
1779088243414908	204	189
1779088243414909	204	196
1779088243414909	204	202
1779088243414909	204	207
1779088243414910	204	212
1779088243414910	204	217
1779088243414910	204	222
1779088243414911	204	228
1779088243425245	204	206
1779088243425245	204	220
1779088243425246	204	224
1779088243425246	204	227
1779088243425246	204	230
1779088243425247	204	233
1779088243425247	204	236
1779088243425247	204	240
1779088243425248	204	244
1779088243425248	204	247
1779088243425249	204	251
1779088243435657	204	191
1779088243435658	204	208
1779088243435658	204	212
1779088243435658	204	216
1779088243435659	204	219
1779088243435659	204	222
1779088243435659	204	225
1779088243435660	204	229
1779088243435660	204	233
1779088243435660	204	236
1779088243445046	204	149
1779088243445046	204	160
1779088243445046	204	163
1779088243445047	204	166
1779088243445047	204	170
1779088243445047	204	173
1779088243445047	204	176
1779088243445048	204	179
1779088243445048	204	182
1779088243445048	204	185
1779088243455389	204	186
1779088243455389	204	202
1779088243455390	204	206
1779088243455390	204	210
1779088243455390	204	213
1779088243455391	204	217
1779088243455391	204	220
1779088243455392	204	224
1779088243455392	204	228
1779088243455392	204	232
1779088243464795	204	204
1779088243464796	204	240
1779088243464796	204	246
1779088243464797	204	252
1779088243464798	204	258
1779088243464798	204	264
1779088243464799	204	269
1779088243464799	204	275
1779088243464800	204	280
1779088243475199	204	190
1779088243475199	204	206
1779088243475200	204	212
1779088243475200	204	216
1779088243475200	204	219
1779088243475201	204	224
1779088243475201	204	233
1779088243475202	204	237
1779088243475202	204	240
1779088243475202	204	244
1779088243475203	204	247
1779088243485599	204	188
1779088243485599	204	202
1779088243485600	204	206
1779088243485600	204	209
1779088243485600	204	212
1779088243485601	204	216
1779088243485601	204	219
1779088243485601	204	223
1779088243485602	204	227
1779088243485602	204	230
1779088243494978	204	187
1779088243494978	204	204
1779088243494979	204	210
1779088243494979	204	216
1779088243494979	204	221
1779088243494980	204	228
1779088243494980	204	234
1779088243494980	204	241
1779088243494980	204	248
1779088243505325	204	193
1779088243505326	204	207
1779088243505326	204	211
1779088243505327	204	214
1779088243505327	204	217
1779088243505327	204	220
1779088243505328	204	224
1779088243505328	204	228
1779088243505328	204	231
1779088243505329	204	235
1779088243505329	204	238
1779088243514718	204	162
1779088243514719	204	176
1779088243514719	204	180
1779088243514720	204	183
1779088243514720	204	186
1779088243514720	204	189
1779088243514721	204	192
1779088243514721	204	196
1779088243514721	204	199
1779088243525065	204	158
1779088243525066	204	169
1779088243525066	204	173
1779088243525066	204	176
1779088243525067	204	179
1779088243525067	204	183
1779088243525067	204	186
1779088243525067	204	191
1779088243525068	204	194
1779088243525068	204	198
1779088243525068	204	201
1779088243535420	204	186
1779088243535421	204	201
1779088243535421	204	204
1779088243535421	204	208
1779088243535422	204	212
1779088243535422	204	215
1779088243535422	204	219
1779088243535423	204	228
1779088243535423	204	232
1779088243535423	204	236
1779088243544813	204	185
1779088243544813	204	212
1779088243544814	204	216
1779088243544814	204	219
1779088243544815	204	223
1779088243544815	204	226
1779088243544816	204	230
1779088243544816	204	234
1779088243544817	204	238
1779088243555144	204	151
1779088243555145	204	161
1779088243555145	204	166
1779088243555145	204	170
1779088243555145	204	173
1779088243555146	204	177
1779088243555146	204	181
1779088243555146	204	184
1779088243555147	204	188
1779088243555147	204	192
1779088243555147	204	195
1779088243565490	204	186
1779088243565490	204	200
1779088243565491	204	204
1779088243565491	204	207
1779088243565491	204	210
1779088243565492	204	213
1779088243565492	204	216
1779088243565492	204	220
1779088243565493	204	223
1779088243565493	204	225
1779088243574880	204	194
1779088243574881	204	208
1779088243574881	204	212
1779088243574881	204	216
1779088243574882	204	219
1779088243574882	204	223
1779088243574882	204	227
1779088243574883	204	237
1779088243574883	204	243
1779088243585230	204	230
1779088243585230	204	245
1779088243585231	204	249
1779088243585231	204	261
1779088243585232	204	264
1779088243585232	204	268
1779088243585232	204	271
1779088243585233	204	274
1779088243585233	204	277
1779088243585233	204	280
1779088243585234	204	283
1779088243595609	204	210
1779088243595610	204	225
1779088243595610	204	229
1779088243595611	204	233
1779088243595612	204	237
1779088243595612	204	240
1779088243595613	204	243
1779088243595613	204	247
1779088243595614	204	251
1779088243595614	204	254
1779088243604956	204	151
1779088243604957	204	163
1779088243604957	204	167
1779088243604958	204	170
1779088243604958	204	173
1779088243604959	204	176
1779088243604959	204	179
1779088243604960	204	182
1779088243604960	204	186
1779088243615297	204	216
1779088243615298	204	230
1779088243615298	204	233
1779088243615299	204	237
1779088243615299	204	240
1779088243615300	204	243
1779088243615300	204	247
1779088243615301	204	251
1779088243615301	204	255
1779088243615302	204	258
1779088243615302	204	261
1779088243624717	204	203
1779088243624717	204	218
1779088243624718	204	221
1779088243624719	204	224
1779088243624719	204	227
1779088243624719	204	230
1779088243624720	204	234
1779088243624720	204	238
1779088243624720	204	241
1779088243635050	204	170
1779088243635050	204	180
1779088243635050	204	184
1779088243635051	204	187
1779088243635051	204	191
1779088243635051	204	194
1779088243635052	204	197
1779088243635052	204	200
1779088243635052	204	203
1779088243635053	204	206
1779088243635053	204	209
1779088243645415	204	229
1779088243645416	204	254
1779088243645417	204	258
1779088243645417	204	262
1779088243645417	204	266
1779088243645418	204	269
1779088243645418	204	272
1779088243645419	204	275
1779088243645419	204	281
1779088243645419	204	285
1779088243654819	204	209
1779088243654820	204	224
1779088243654821	204	228
1779088243654821	204	232
1779088243654821	204	236
1779088243654822	204	239
1779088243654822	204	243
1779088243654823	204	247
1779088243654823	204	251
1779088243665167	204	206
1779088243665167	204	221
1779088243665168	204	226
1779088243665168	204	230
1779088243665169	204	234
1779088243665169	204	237
1779088243665169	204	241
1779088243665170	204	245
1779088243665170	204	248
1779088243665170	204	252
1779088243665171	204	255
1779088243675581	204	196
1779088243675581	204	210
1779088243675582	204	214
1779088243675582	204	217
1779088243675583	204	220
1779088243675583	204	224
1779088243675583	204	227
1779088243675584	204	231
1779088243675584	204	235
1779088243675585	204	238
1779088243684914	204	145
1779088243684914	204	156
1779088243684915	204	160
1779088243684915	204	163
1779088243684915	204	167
1779088243684915	204	170
1779088243684916	204	174
1779088243684916	204	177
1779088243684916	204	180
1779088243695242	204	187
1779088243695243	204	200
1779088243695243	204	203
1779088243695244	204	207
1779088243695244	204	210
1779088243695244	204	213
1779088243695245	204	216
1779088243695245	204	220
1779088243695245	204	223
1779088243695246	204	226
1779088243695246	204	229
1779088243705623	204	192
1779088243705624	204	206
1779088243705624	204	211
1779088243705625	204	214
1779088243705625	204	218
1779088243705625	204	222
1779088243705626	204	225
1779088243705626	204	229
1779088243705626	204	232
1779088243705627	204	236
1779088243715019	204	186
1779088243715020	204	199
1779088243715020	204	203
1779088243715020	204	206
1779088243715021	204	209
1779088243715021	204	212
1779088243715021	204	215
1779088243715022	204	219
1779088243715022	204	223
1779088243715022	204	226
1779088243725396	204	202
1779088243725397	204	218
1779088243725397	204	222
1779088243725398	204	226
1779088243725398	204	229
1779088243725399	204	232
1779088243725399	204	235
1779088243725399	204	238
1779088243725399	204	242
1779088243725400	204	245
1779088243734735	204	199
1779088243734736	204	217
1779088243734737	204	224
1779088243734737	204	231
1779088243734738	204	250
1779088243734739	204	256
1779088243734739	204	261
1779088243734740	204	279
1779088243734740	204	286
1779088243745130	204	218
1779088243745131	204	234
1779088243745131	204	240
1779088243745131	204	245
1779088243745132	204	252
1779088243745132	204	258
1779088243745133	204	264
1779088243745133	204	271
1779088243745133	204	277
1779088243745134	204	283
1779088243745134	204	289
1779088243755526	204	225
1779088243755526	204	244
1779088243755527	204	251
1779088243755527	204	256
1779088243755527	204	262
1779088243755528	204	269
1779088243755528	204	275
1779088243755528	204	281
1779088243755529	204	287
1779088243755529	204	294
1779088243764921	204	185
1779088243764922	204	202
1779088243764922	204	207
1779088243764923	204	213
1779088243764923	204	219
1779088243764923	204	225
1779088243764924	204	231
1779088243764924	204	237
1779088243764924	204	244
1779088243775270	204	210
1779088243775271	204	226
1779088243775271	204	233
1779088243775271	204	239
1779088243775272	204	245
1779088243775272	204	251
1779088243775272	204	258
1779088243775273	204	264
1779088243775273	204	270
1779088243775273	204	276
1779088243775274	204	283
1779088243785665	204	199
1779088243785666	204	218
1779088243785667	204	232
1779088243785667	204	238
1779088243785668	204	245
1779088243785668	204	251
1779088243785668	204	257
1779088243785669	204	263
1779088243785669	204	270
1779088243785670	204	276
1779088243795042	204	152
1779088243795042	204	165
1779088243795042	204	172
1779088243795043	204	178
1779088243795043	204	184
1779088243795043	204	191
1779088243795044	204	197
1779088243795044	204	203
1779088243795044	204	209
1779088243795045	204	215
1779088243805420	204	182
1779088243805420	204	198
1779088243805421	204	205
1779088243805421	204	210
1779088243805421	204	216
1779088243805422	204	221
1779088243805422	204	227
1779088243805422	204	233
1779088243805423	204	240
1779088243805423	204	246
1779088243814769	204	175
1779088243814770	204	191
1779088243814770	204	197
1779088243814770	204	203
1779088243814771	204	209
1779088243814771	204	216
1779088243814771	204	222
1779088243814772	204	228
1779088243814772	204	246
1779088243825120	204	194
1779088243825121	204	209
1779088243825121	204	215
1779088243825122	204	221
1779088243825122	204	227
1779088243825122	204	233
1779088243825123	204	239
1779088243825123	204	245
1779088243825123	204	251
1779088243825124	204	258
1779088243825124	204	264
1779088243835491	204	186
1779088243835492	204	202
1779088243835492	204	208
1779088243835492	204	215
1779088243835493	204	220
1779088243835493	204	226
1779088243835493	204	232
1779088243835494	204	239
1779088243835494	204	245
1779088243835494	204	252
1779088243844847	204	150
1779088243844848	204	174
1779088243844848	204	179
1779088243844849	204	185
1779088243844849	204	191
1779088243844849	204	196
1779088243844850	204	201
1779088243844850	204	206
1779088243844850	204	213
1779088243855165	204	208
1779088243855166	204	225
1779088243855166	204	233
1779088243855166	204	239
1779088243855167	204	245
1779088243855167	204	251
1779088243855167	204	257
1779088243855168	204	263
1779088243855168	204	269
1779088243855169	204	275
1779088243855169	204	281
1779088243865557	204	214
1779088243865558	204	234
1779088243865559	204	239
1779088243865559	204	243
1779088243865559	204	246
1779088243865560	204	250
1779088243865560	204	254
1779088243865560	204	257
1779088243865561	204	261
1779088243865561	204	265
1779088243874915	204	167
1779088243874915	204	179
1779088243874916	204	182
1779088243874916	204	186
1779088243874916	204	189
1779088243874917	204	192
1779088243874917	204	197
1779088243874917	204	201
1779088243874918	204	204
1779088243885269	204	186
1779088243885270	204	199
1779088243885270	204	204
1779088243885271	204	208
1779088243885271	204	212
1779088243885271	204	223
1779088243885272	204	226
1779088243885272	204	230
1779088243885272	204	234
1779088243885273	204	237
1779088243885273	204	241
1779088243895680	204	240
1779088243895681	204	257
1779088243895682	204	262
1779088243895682	204	267
1779088243895683	204	272
1779088243895684	204	278
1779088243895685	204	283
1779088243895686	204	288
1779088243895686	204	307
1779088243895687	204	313
1779088243905111	204	194
1779088243905111	204	208
1779088243905112	204	211
1779088243905113	204	214
1779088243905113	204	217
1779088243905113	204	220
1779088243905114	204	224
1779088243905114	204	228
1779088243905115	204	231
1779088243905116	204	234
1779088243915503	204	205
1779088243915503	204	219
1779088243915504	204	223
1779088243915504	204	226
1779088243915505	204	229
1779088243915505	204	232
1779088243915505	204	235
1779088243915506	204	239
1779088243915506	204	243
1779088243915507	204	246
1779088243924839	204	148
1779088243924840	204	162
1779088243924840	204	176
1779088243924840	204	181
1779088243924841	204	184
1779088243924841	204	188
1779088243924841	204	192
1779088243924841	204	195
1779088243924842	204	199
1779088243935191	204	201
1779088243935191	204	214
1779088243935192	204	218
1779088243935192	204	221
1779088243935192	204	225
1779088243935193	204	229
1779088243935193	204	232
1779088243935193	204	236
1779088243935194	204	239
1779088243935194	204	243
1779088243935194	204	246
1779088243945588	204	207
1779088243945589	204	222
1779088243945589	204	226
1779088243945590	204	230
1779088243945590	204	234
1779088243945590	204	237
1779088243945591	204	242
1779088243945591	204	245
1779088243945591	204	249
1779088243945592	204	253
1779088243954933	204	142
1779088243954934	204	153
1779088243954934	204	156
1779088243954934	204	159
1779088243954935	204	162
1779088243954935	204	166
1779088243954935	204	169
1779088243954936	204	172
1779088243954936	204	175
1779088243965257	204	185
1779088243965257	204	198
1779088243965258	204	202
1779088243965258	204	206
1779088243965258	204	209
1779088243965259	204	213
1779088243965259	204	216
1779088243965259	204	220
1779088243965260	204	224
1779088243965260	204	227
1779088243965261	204	231
1779088243975645	204	211
1779088243975645	204	236
1779088243975646	204	243
1779088243975646	204	250
1779088243975646	204	257
1779088243975647	204	263
1779088243975647	204	270
1779088243975647	204	276
1779088243975648	204	280
1779088243975648	204	283
1779088243985034	204	226
1779088243985035	204	247
1779088243985035	204	252
1779088243985035	204	256
1779088243985036	204	259
1779088243985036	204	263
1779088243985036	204	267
1779088243985037	204	274
1779088243985037	204	277
1779088243985038	204	281
1779088243995410	204	199
1779088243995410	204	213
1779088243995411	204	217
1779088243995411	204	220
1779088243995411	204	223
1779088243995412	204	226
1779088243995412	204	229
1779088243995412	204	233
1779088243995413	204	237
1779088243995413	204	241
1779088244004743	204	133
1779088244004744	204	143
1779088244004744	204	147
1779088244004744	204	150
1779088244004744	204	154
1779088244004745	204	157
1779088244004745	204	160
1779088244004745	204	163
1779088244004746	204	166
1779088244015058	204	199
1779088244015058	204	214
1779088244015059	204	217
1779088244015059	204	221
1779088244015059	204	224
1779088244015060	204	227
1779088244015060	204	230
1779088244015061	204	233
1779088244015061	204	238
1779088244015061	204	241
1779088244015062	204	244
1779088244025463	204	195
1779088244025464	204	211
1779088244025465	204	214
1779088244025465	204	217
1779088244025466	204	221
1779088244025466	204	224
1779088244025466	204	227
1779088244025467	204	230
1779088244025467	204	234
1779088244025467	204	238
1779088244034852	204	130
1779088244034852	204	142
1779088244034853	204	146
1779088244034853	204	150
1779088244034853	204	165
1779088244034854	204	170
1779088244034854	204	173
1779088244034854	204	177
1779088244034855	204	180
1779088244045185	204	190
1779088244045185	204	206
1779088244045186	204	210
1779088244045186	204	214
1779088244045186	204	218
1779088244045187	204	221
1779088244045187	204	225
1779088244045187	204	228
1779088244045188	204	232
1779088244045188	204	235
1779088244045188	204	244
1779088244055583	204	148
1779088244055583	204	160
1779088244055583	204	164
1779088244055584	204	167
1779088244055584	204	170
1779088244055584	204	173
1779088244055585	204	177
1779088244055585	204	180
1779088244055585	204	183
1779088244055586	204	186
1779088244064920	204	168
1779088244064921	204	192
1779088244064921	204	197
1779088244064921	204	201
1779088244064922	204	204
1779088244064922	204	208
1779088244064922	204	211
1779088244064923	204	215
1779088244064923	204	219
1779088244075228	204	193
1779088244075229	204	210
1779088244075229	204	214
1779088244075229	204	218
1779088244075230	204	221
1779088244075230	204	225
1779088244075230	204	228
1779088244075231	204	232
1779088244075231	204	235
1779088244075231	204	239
1779088244075232	204	243
1779088244085615	204	141
1779088244085616	204	153
1779088244085616	204	156
1779088244085616	204	159
1779088244085617	204	163
1779088244085617	204	166
1779088244085617	204	169
1779088244085617	204	172
1779088244085618	204	176
1779088244085618	204	183
1779088244094946	204	185
1779088244094947	204	198
1779088244094947	204	202
1779088244094949	204	204
1779088244094949	204	208
1779088244094949	204	211
1779088244094950	204	214
1779088244094950	204	218
1779088244094950	204	221
1779088244105261	204	239
1779088244105261	204	259
1779088244105262	204	266
1779088244105262	204	272
1779088244105262	204	278
1779088244105263	204	284
1779088244105263	204	291
1779088244105263	204	297
1779088244105264	204	303
1779088244105264	204	310
1779088244105264	204	316
1779088244115683	204	194
1779088244115684	204	207
1779088244115684	204	214
1779088244115684	204	220
1779088244115685	204	225
1779088244115685	204	230
1779088244115685	204	236
1779088244115685	204	241
1779088244115686	204	247
1779088244115686	204	252
1779088244125035	204	206
1779088244125035	204	221
1779088244125036	204	227
1779088244125036	204	232
1779088244125036	204	239
1779088244125037	204	245
1779088244125037	204	252
1779088244125037	204	258
1779088244125038	204	265
1779088244125038	204	271
1779088244135405	204	145
1779088244135405	204	157
1779088244135406	204	163
1779088244135406	204	168
1779088244135406	204	174
1779088244135407	204	179
1779088244135407	204	185
1779088244135407	204	190
1779088244135408	204	197
1779088244135408	204	203
1779088244144792	204	204
1779088244144793	204	235
1779088244144794	204	240
1779088244144794	204	244
1779088244144794	204	247
1779088244144795	204	251
1779088244144795	204	254
1779088244144795	204	258
1779088244144796	204	262
1779088244155157	204	205
1779088244155158	204	220
1779088244155159	204	225
1779088244155159	204	228
1779088244155159	204	231
1779088244155160	204	234
1779088244155160	204	238
1779088244155160	204	241
1779088244155161	204	244
1779088244155161	204	247
1779088244155161	204	251
1779088244165565	204	185
1779088244165565	204	199
1779088244165566	204	203
1779088244165566	204	206
1779088244165567	204	209
1779088244165568	204	212
1779088244165568	204	215
1779088244165568	204	219
1779088244165569	204	223
1779088244165569	204	227
1779088244174950	204	188
1779088244174950	204	203
1779088244174951	204	207
1779088244174951	204	210
1779088244174952	204	213
1779088244174952	204	217
1779088244174952	204	221
1779088244174953	204	224
1779088244174953	204	228
1779088244185284	204	231
1779088244185284	204	253
1779088244185285	204	260
1779088244185285	204	266
1779088244185286	204	272
1779088244185287	204	277
1779088244185287	204	283
1779088244185288	204	289
1779088244185288	204	295
1779088244185289	204	301
1779088244185289	204	307
1779088244194707	204	161
1779088244194707	204	175
1779088244194708	204	184
1779088244194708	204	187
1779088244194708	204	190
1779088244194709	204	193
1779088244194709	204	196
1779088244194709	204	199
1779088244194710	204	202
1779088244205067	204	196
1779088244205068	204	210
1779088244205068	204	215
1779088244205069	204	218
1779088244205069	204	222
1779088244205069	204	226
1779088244205070	204	229
1779088244205070	204	234
1779088244205070	204	237
1779088244205071	204	241
1779088244205071	204	244
1779088244215466	204	194
1779088244215466	204	209
1779088244215467	204	213
1779088244215467	204	216
1779088244215468	204	219
1779088244215468	204	222
1779088244215468	204	225
1779088244215468	204	228
1779088244215469	204	231
1779088244215469	204	234
1779088244224871	204	220
1779088244224871	204	240
1779088244224872	204	245
1779088244224873	204	248
1779088244224873	204	252
1779088244224873	204	267
1779088244224874	204	270
1779088244224874	204	274
1779088244224874	204	278
1779088244235247	204	211
1779088244235247	204	229
1779088244235248	204	235
1779088244235248	204	239
1779088244235249	204	242
1779088244235249	204	246
1779088244235249	204	250
1779088244235251	204	252
1779088244235251	204	256
1779088244235251	204	259
1779088244235252	204	263
1779088244245661	204	152
1779088244245662	204	164
1779088244245662	204	167
1779088244245662	204	171
1779088244245663	204	174
1779088244245663	204	177
1779088244245663	204	180
1779088244245663	204	183
1779088244245664	204	186
1779088244245664	204	189
1779088244255005	204	215
1779088244255005	204	231
1779088244255006	204	235
1779088244255006	204	238
1779088244255007	204	241
1779088244255007	204	244
1779088244255007	204	247
1779088244255008	204	250
1779088244255017	204	244
1779088244255018	204	248
1779088244265371	204	213
1779088244265372	204	233
1779088244265372	204	239
1779088244265373	204	244
1779088244265373	204	250
1779088244265374	204	256
1779088244265375	204	262
1779088244265375	204	267
1779088244265376	204	273
1779088244265376	204	280
1779088244274771	204	170
1779088244274771	204	187
1779088244274772	204	191
1779088244274772	204	195
1779088244274773	204	199
1779088244274773	204	202
1779088244274773	204	206
1779088244274774	204	210
1779088244274774	204	214
1779088244285162	204	211
1779088244285163	204	227
1779088244285163	204	232
1779088244285163	204	235
1779088244285164	204	238
1779088244285164	204	241
1779088244285164	204	245
1779088244285165	204	249
1779088244285165	204	252
1779088244285166	204	256
1779088244285166	204	259
1779088244295575	204	151
1779088244295576	204	161
1779088244295576	204	165
1779088244295576	204	168
1779088244295577	204	178
1779088244295577	204	182
1779088244295577	204	185
1779088244295577	204	188
1779088244295578	204	191
1779088244295578	204	194
1779088244304942	204	216
1779088244304943	204	234
1779088244304943	204	239
1779088244304943	204	243
1779088244304944	204	246
1779088244304944	204	250
1779088244304945	204	254
1779088244304946	204	256
1779088244304947	204	260
1779088244315303	204	213
1779088244315304	204	229
1779088244315305	204	234
1779088244315305	204	238
1779088244315305	204	242
1779088244315306	204	245
1779088244315306	204	249
1779088244315307	204	253
1779088244315307	204	257
1779088244315307	204	261
1779088244315308	204	264
1779088244324722	204	144
1779088244324722	204	157
1779088244324722	204	160
1779088244324723	204	164
1779088244324723	204	167
1779088244324723	204	170
1779088244324723	204	173
1779088244324724	204	176
1779088244324724	204	180
1779088244335060	204	208
1779088244335061	204	224
1779088244335061	204	229
1779088244335062	204	233
1779088244335062	204	237
1779088244335062	204	240
1779088244335063	204	244
1779088244335063	204	247
1779088244335063	204	251
1779088244335064	204	254
1779088244335064	204	258
1779088244345486	204	221
1779088244345487	204	249
1779088244345487	204	257
1779088244345487	204	265
1779088244345488	204	271
1779088244345488	204	277
1779088244345488	204	283
1779088244345489	204	290
1779088244345489	204	296
1779088244345489	204	302
1779088244354888	204	211
1779088244354888	204	232
1779088244354889	204	240
1779088244354889	204	246
1779088244354889	204	249
1779088244354890	204	253
1779088244354890	204	257
1779088244354890	204	261
1779088244354891	204	265
1779088244365252	204	238
1779088244365252	204	265
1779088244365253	204	274
1779088244365253	204	281
1779088244365253	204	288
1779088244365254	204	294
1779088244365254	204	301
1779088244365254	204	305
1779088244365255	204	309
1779088244365255	204	313
1779088244365256	204	316
1779088244375665	204	188
1779088244375665	204	211
1779088244375666	204	219
1779088244375666	204	226
1779088244375666	204	233
1779088244375667	204	239
1779088244375667	204	245
1779088244375667	204	249
1779088244375669	204	251
1779088244375669	204	254
1779088244385024	204	203
1779088244385024	204	223
1779088244385024	204	231
1779088244385025	204	238
1779088244385025	204	245
1779088244385025	204	251
1779088244385026	204	257
1779088244385026	204	262
1779088244385026	204	265
1779088244385027	204	278
1779088244395399	204	182
1779088244395400	204	201
1779088244395400	204	208
1779088244395400	204	215
1779088244395401	204	232
1779088244395401	204	237
1779088244395401	204	243
1779088244395402	204	246
1779088244395402	204	250
1779088244395402	204	253
1779088244404745	204	160
1779088244404745	204	178
1779088244404745	204	187
1779088244404746	204	194
1779088244404746	204	200
1779088244404746	204	206
1779088244404747	204	209
1779088244404747	204	213
1779088244404747	204	216
1779088244415062	204	260
1779088244415063	204	281
1779088244415063	204	286
1779088244415063	204	290
1779088244415064	204	294
1779088244415064	204	298
1779088244415064	204	302
1779088244415065	204	306
1779088244415065	204	309
1779088244415065	204	313
1779088244415066	204	317
1779088244425487	204	257
1779088244425488	204	282
1779088244425488	204	290
1779088244425488	204	297
1779088244425489	204	304
1779088244425489	204	310
1779088244425490	204	317
1779088244425490	204	322
1779088244425490	204	328
1779088244425491	204	334
1779088244434916	204	166
1779088244434917	204	186
1779088244434917	204	193
1779088244434917	204	202
1779088244434918	204	209
1779088244434918	204	215
1779088244434918	204	219
1779088244434918	204	223
1779088244434919	204	226
1779088244445236	204	194
1779088244445236	204	213
1779088244445237	204	220
1779088244445237	204	227
1779088244445238	204	234
1779088244445238	204	241
1779088244445238	204	248
1779088244445239	204	252
1779088244445239	204	255
1779088244445240	204	258
1779088244445241	204	261
1779088244455653	204	166
1779088244455654	204	184
1779088244455654	204	190
1779088244455655	204	197
1779088244455655	204	202
1779088244455655	204	208
1779088244455656	204	213
1779088244455656	204	217
1779088244455656	204	220
1779088244455657	204	224
1779088244465033	204	175
1779088244465034	204	194
1779088244465034	204	201
1779088244465034	204	207
1779088244465035	204	212
1779088244465035	204	218
1779088244465035	204	223
1779088244465035	204	227
1779088244465036	204	231
1779088244465036	204	234
1779088244475424	204	190
1779088244475424	204	210
1779088244475424	204	217
1779088244475425	204	223
1779088244475425	204	229
1779088244475425	204	234
1779088244475426	204	238
1779088244475426	204	241
1779088244475426	204	244
1779088244475427	204	247
1779088244484762	204	147
1779088244484762	204	165
1779088244484763	204	172
1779088244484763	204	178
1779088244484763	204	183
1779088244484764	204	190
1779088244484764	204	193
1779088244484764	204	197
1779088244484765	204	200
1779088244495127	204	239
1779088244495128	204	257
1779088244495128	204	262
1779088244495128	204	266
1779088244495129	204	271
1779088244495129	204	274
1779088244495129	204	278
1779088244495130	204	282
1779088244495130	204	285
1779088244495131	204	290
1779088244495131	204	298
1779088244505529	204	221
1779088244505530	204	244
1779088244505530	204	251
1779088244505531	204	257
1779088244505532	204	263
1779088244505532	204	270
1779088244505533	204	276
1779088244505533	204	282
1779088244505534	204	288
1779088244505534	204	294
1779088244514937	204	178
1779088244514938	204	194
1779088244514938	204	198
1779088244514939	204	201
1779088244514939	204	205
1779088244514939	204	209
1779088244514940	204	212
1779088244514940	204	216
1779088244514940	204	220
1779088244525258	204	196
1779088244525259	204	212
1779088244525259	204	217
1779088244525260	204	221
1779088244525260	204	224
1779088244525261	204	228
1779088244525261	204	231
1779088244525261	204	235
1779088244525261	204	238
1779088244525262	204	242
1779088244525262	204	245
1779088244535655	204	155
1779088244535656	204	165
1779088244535656	204	170
1779088244535656	204	174
1779088244535656	204	178
1779088244535657	204	182
1779088244535657	204	185
1779088244535657	204	189
1779088244535657	204	193
1779088244535658	204	196
1779088244545022	204	189
1779088244545023	204	215
1779088244545023	204	223
1779088244545023	204	231
1779088244545024	204	238
1779088244545024	204	244
1779088244545024	204	247
1779088244545025	204	251
1779088244545025	204	255
1779088244545025	204	259
